symbol,timestamp,price,quantity,is_maker
B-STX_USDT,1789556038170,0.2371,667,true
B-STX_USDT,1789556042617,0.237,29,true
B-STX_USDT,1789556044768,0.237,24,true
B-STX_USDT,1789556086390,0.237,1027,true
B-STX_USDT,1789556096980,0.2369,23,true
B-STX_USDT,1789556102477,0.237,814,false
B-STX_USDT,1789556117617,0.237,27,true
B-STX_USDT,1789556140653,0.237,278,true
B-STX_USDT,1789556153271,0.2369,408,true
B-STX_USDT,1789556155945,0.2369,967,true
B-STX_USDT,1789556160083,0.2369,4756,true
B-STX_USDT,1789556162433,0.2369,93,false
B-STX_USDT,1789556165481,0.2368,6357,true
B-STX_USDT,1789556191414,0.2367,397,true
B-STX_USDT,1789556198462,0.2367,208,true
B-STX_USDT,1789556202990,0.2367,77,true
B-STX_USDT,1789556216592,0.2367,145,true
B-STX_USDT,1789556217787,0.2367,857,true
B-STX_USDT,1789556218723,0.2367,82,true
B-STX_USDT,1789556222953,0.2367,32,true
B-STX_USDT,1789556224076,0.2367,34,true
B-STX_USDT,1789556238208,0.2367,161,true
B-STX_USDT,1789556255712,0.2367,122,true
B-STX_USDT,1789556261050,0.2367,116,true
B-STX_USDT,1789556266346,0.2367,4109,true
B-STX_USDT,1789556266699,0.2366,6257,true
B-STX_USDT,1789556267828,0.2366,6934,true
B-STX_USDT,1789556268932,0.2365,2658,true
B-STX_USDT,1789556270410,0.2365,26,true
B-STX_USDT,1789556275306,0.2366,2809,false
B-STX_USDT,1789556278851,0.2366,28,true
B-STX_USDT,1789556297915,0.2366,47,true
B-STX_USDT,1789556304256,0.2367,2975,false
B-STX_USDT,1789556319136,0.2367,113,true
B-STX_USDT,1789556328448,0.2367,209,false
B-STX_USDT,1789556328539,0.2368,12710,false
B-STX_USDT,1789556328563,0.2369,705,false
B-STX_USDT,1789556357687,0.237,123,false
B-STX_USDT,1789556368925,0.2369,55,true
B-STX_USDT,1789556373483,0.237,24,false
B-STX_USDT,1789556378713,0.2369,2570,true
B-STX_USDT,1789556378717,0.2369,9913,false
B-STX_USDT,1789556380476,0.237,385,false
B-STX_USDT,1789556394299,0.2371,1507,false
B-STX_USDT,1789556399749,0.2372,656,false
B-STX_USDT,1789556400282,0.2373,6053,false
B-STX_USDT,1789556400538,0.2373,274,true
B-STX_USDT,1789556401588,0.2374,2303,false
B-STX_USDT,1789556401595,0.2375,3397,false
B-STX_USDT,1789556401717,0.2375,8784,true
B-STX_USDT,1789556401797,0.2374,2134,true
B-STX_USDT,1789556401804,0.2374,2348,false
B-STX_USDT,1789556401806,0.2375,7359,false
B-STX_USDT,1789556402082,0.2374,5687,true
B-STX_USDT,1789556402086,0.2376,6257,false
B-STX_USDT,1789556403015,0.2375,586,true
B-STX_USDT,1789556403136,0.2375,24,false
B-STX_USDT,1789556403207,0.2374,2747,true
B-STX_USDT,1789556403566,0.2372,1259,true
B-STX_USDT,1789556403805,0.2372,626,true
B-STX_USDT,1789556404251,0.2372,29,true
B-STX_USDT,1789556408253,0.2373,423,false
B-STX_USDT,1789556409842,0.2372,1647,true
B-STX_USDT,1789556413474,0.2373,13064,false
B-STX_USDT,1789556413980,0.2373,331,true
B-STX_USDT,1789556419497,0.2373,128,false
B-STX_USDT,1789556426008,0.2373,110,true
B-STX_USDT,1789556433430,0.2374,1345,false
B-STX_USDT,1789556434556,0.2375,889,false
B-STX_USDT,1789556436598,0.2375,372,true
B-STX_USDT,1789556440069,0.2377,8811,false
B-STX_USDT,1789556440268,0.2376,139,true
B-STX_USDT,1789556441222,0.2375,33,true
B-STX_USDT,1789556442563,0.2376,2629,false
B-STX_USDT,1789556454703,0.2377,2105,false
B-STX_USDT,1789556454717,0.2378,82,false
B-STX_USDT,1789556461371,0.2377,689,true
B-STX_USDT,1789556464283,0.2375,5636,true
B-STX_USDT,1789556465825,0.2375,514,true
B-STX_USDT,1789556466665,0.2374,22,true
B-STX_USDT,1789556467243,0.2374,406,true
B-STX_USDT,1789556471864,0.2373,332,true
B-STX_USDT,1789556473622,0.2373,3029,true
B-STX_USDT,1789556473949,0.2372,4100,true
B-STX_USDT,1789556474905,0.2373,34,false
B-STX_USDT,1789556475261,0.2372,89,true
B-STX_USDT,1789556479421,0.2372,38,true
B-STX_USDT,1789556481830,0.2372,136,true
B-STX_USDT,1789556489111,0.2371,119,true
B-STX_USDT,1789556490860,0.2371,99,true
B-STX_USDT,1789556492298,0.237,597,true
B-STX_USDT,1789556492750,0.2371,49,false
B-STX_USDT,1789556497216,0.2371,86,false
B-STX_USDT,1789556498064,0.237,58,true
B-STX_USDT,1789556500455,0.237,37,true
B-STX_USDT,1789556502675,0.2371,367,false
B-STX_USDT,1789556508578,0.2372,135,false
B-STX_USDT,1789556518644,0.2371,26,true
B-STX_USDT,1789556519269,0.2371,2769,true
B-STX_USDT,1789556526492,0.2371,3126,false
B-STX_USDT,1789556527150,0.2371,22,true
B-STX_USDT,1789556532883,0.2371,46,true
B-STX_USDT,1789556539989,0.2371,41,true
B-STX_USDT,1789556542500,0.2372,541,false
B-STX_USDT,1789556544723,0.2373,77,false
B-STX_USDT,1789556545622,0.2372,24,true
B-STX_USDT,1789556546402,0.2372,22,true
B-STX_USDT,1789556558858,0.2372,215,true
B-STX_USDT,1789556559038,0.2372,22,true
B-STX_USDT,1789556560722,0.2372,253,true
B-STX_USDT,1789556563396,0.2373,132,false
B-STX_USDT,1789556563782,0.2372,558,true
B-STX_USDT,1789556565901,0.2373,74,false
B-STX_USDT,1789556570056,0.2372,22,true
B-STX_USDT,1789556571920,0.2372,139,true
B-STX_USDT,1789556572993,0.2372,46,true
B-STX_USDT,1789556576990,0.2372,22,true
B-STX_USDT,1789556577960,0.2372,64,true
B-STX_USDT,1789556586058,0.2372,22,true
B-STX_USDT,1789556586916,0.2372,118,true
B-STX_USDT,1789556596453,0.2373,3,false
B-STX_USDT,1789556598272,0.2372,87,true
B-STX_USDT,1789556599987,0.2373,38,false
B-STX_USDT,1789556600806,0.2373,32,false
B-STX_USDT,1789556602311,0.2372,2119,true
B-STX_USDT,1789556614812,0.2372,45,true
B-STX_USDT,1789556628411,0.2373,5574,false
B-STX_USDT,1789556628584,0.2373,2743,true
B-STX_USDT,1789556629067,0.2372,4110,true
B-STX_USDT,1789556630227,0.2372,2743,true
B-STX_USDT,1789556630721,0.2372,2743,true
B-STX_USDT,1789556632401,0.2372,2743,true
B-STX_USDT,1789556633507,0.2373,22,true
B-STX_USDT,1789556634362,0.2374,882,false
B-STX_USDT,1789556634711,0.2374,6211,true
B-STX_USDT,1789556636599,0.2374,54,true
B-STX_USDT,1789556636599,0.2373,6157,true
B-STX_USDT,1789556640247,0.2373,22,true
B-STX_USDT,1789556643790,0.2374,302,false
B-STX_USDT,1789556649060,0.2374,636,false
B-STX_USDT,1789556649561,0.2373,516,true
B-STX_USDT,1789556649679,0.2373,101,false
B-STX_USDT,1789556657167,0.2374,148,false
B-STX_USDT,1789556657478,0.2374,30,false
B-STX_USDT,1789556657486,0.2375,4108,false
B-STX_USDT,1789556657495,0.2376,3302,false
B-STX_USDT,1789556657694,0.2376,30,false
B-STX_USDT,1789556664434,0.2375,567,true
B-STX_USDT,1789556664849,0.2375,45,false
B-STX_USDT,1789556669758,0.2374,35,true
B-STX_USDT,1789556671940,0.2375,152,false
B-STX_USDT,1789556672969,0.2374,383,true
B-STX_USDT,1789556684511,0.2373,123,true
B-STX_USDT,1789556691757,0.2374,116,false
B-STX_USDT,1789556691758,0.2375,1003,false
B-STX_USDT,1789556692495,0.2374,27,true
B-STX_USDT,1789556693927,0.2374,28,true
B-STX_USDT,1789556698826,0.2374,63,true
B-STX_USDT,1789556706397,0.2375,354,false
B-STX_USDT,1789556710365,0.2376,80,false
B-STX_USDT,1789556710819,0.2375,600,true
B-STX_USDT,1789556714822,0.2375,103,false
B-STX_USDT,1789556719908,0.2374,42,true
B-STX_USDT,1789556722676,0.2374,848,true
B-STX_USDT,1789556725625,0.2373,260,true
B-STX_USDT,1789556726309,0.2374,257,false
B-STX_USDT,1789556728607,0.2374,37,false
B-STX_USDT,1789556739780,0.2373,1780,true
B-STX_USDT,1789556740269,0.2372,22,true
B-STX_USDT,1789556741792,0.2373,22,true
B-STX_USDT,1789556743232,0.2373,601,true
B-STX_USDT,1789556753518,0.2372,7340,true
B-STX_USDT,1789556757885,0.2372,2571,true
B-STX_USDT,1789556760276,0.2372,28,true
B-STX_USDT,1789556760824,0.2373,42,false
B-STX_USDT,1789556764384,0.2372,359,true
B-STX_USDT,1789556765973,0.2371,29,true
B-STX_USDT,1789556773462,0.2371,29,true
B-STX_USDT,1789556784733,0.2372,526,false
B-STX_USDT,1789556792195,0.2373,433,false
B-STX_USDT,1789556799829,0.2373,699,false
B-STX_USDT,1789556799831,0.2374,524,false
B-STX_USDT,1789556799833,0.2373,1093,true
B-STX_USDT,1789556803733,0.2373,25,false
B-STX_USDT,1789556804809,0.2372,32,true
B-STX_USDT,1789556811698,0.2372,29,true
B-STX_USDT,1789556812247,0.2373,25,false
B-STX_USDT,1789556825694,0.2373,316,false
B-STX_USDT,1789556826094,0.2373,1683,true
B-STX_USDT,1789556828892,0.2372,27,true
B-STX_USDT,1789556832773,0.2372,2527,true
B-STX_USDT,1789556836006,0.2371,126,true
B-STX_USDT,1789556851372,0.2371,111,true
B-STX_USDT,1789556865606,0.2371,31,true
B-STX_USDT,1789556878358,0.2371,39,true
B-STX_USDT,1789556878921,0.2371,23,true
B-STX_USDT,1789556882212,0.2371,12179,true
B-STX_USDT,1789556907241,0.2371,330,false
B-STX_USDT,1789556912625,0.237,29,true
B-STX_USDT,1789556915270,0.237,15803,true
B-STX_USDT,1789556916937,0.237,1245,false
B-STX_USDT,1789556940386,0.237,498,true
B-STX_USDT,1789556953854,0.2369,33,true
B-STX_USDT,1789556957985,0.2369,41,true
B-STX_USDT,1789556958097,0.2369,22,true
B-STX_USDT,1789556959952,0.2369,37,true
B-STX_USDT,1789556968126,0.2369,503,true
B-STX_USDT,1789556971837,0.2369,71,false
B-STX_USDT,1789556972913,0.237,30,false
B-STX_USDT,1789556978919,0.237,872,false
B-STX_USDT,1789556982960,0.2371,40,false
B-STX_USDT,1789556990365,0.2371,4383,false
B-STX_USDT,1789556990532,0.2371,10544,true
B-STX_USDT,1789556990656,0.2372,8319,false
B-STX_USDT,1789556991357,0.2371,524,false
B-STX_USDT,1789556992177,0.2371,65,true
B-STX_USDT,1789556993126,0.2372,33,false
B-STX_USDT,1789556995170,0.237,29,true
B-STX_USDT,1789557011292,0.237,922,true
B-STX_USDT,1789557015415,0.2371,210,false
B-STX_USDT,1789557065943,0.237,1928,true
B-STX_USDT,1789557068316,0.237,100,true
B-STX_USDT,1789557068632,0.237,78,true
B-STX_USDT,1789557069286,0.237,294,true
B-STX_USDT,1789557088641,0.237,631,true
B-STX_USDT,1789557093785,0.237,79,true
B-STX_USDT,1789557101556,0.237,45,true
B-STX_USDT,1789557101668,0.2371,380,false
B-STX_USDT,1789557114338,0.2371,29,false
B-STX_USDT,1789557116221,0.237,149,true
B-STX_USDT,1789557120520,0.2371,1091,false
B-STX_USDT,1789557121297,0.2371,162,true
B-STX_USDT,1789557122196,0.2372,3,false
B-STX_USDT,1789557124112,0.2371,24,true
B-STX_USDT,1789557127040,0.2372,30,false
B-STX_USDT,1789557132839,0.2371,27,true
B-STX_USDT,1789557133542,0.2372,216,false
B-STX_USDT,1789557149519,0.2371,31,true
B-STX_USDT,1789557156402,0.2372,25,false
B-STX_USDT,1789557157214,0.2372,639,false
B-STX_USDT,1789557159973,0.2371,67,true
B-STX_USDT,1789557171913,0.2372,1,false
B-STX_USDT,1789557173842,0.2371,990,true
B-STX_USDT,1789557180675,0.2371,25,true
B-STX_USDT,1789557187848,0.2371,1845,true
B-STX_USDT,1789557206830,0.237,27,true
B-STX_USDT,1789557222092,0.237,50,true
B-STX_USDT,1789557227318,0.2372,1433,false
B-STX_USDT,1789557233844,0.237,221,true
B-STX_USDT,1789557235469,0.2371,183,false
B-STX_USDT,1789557237846,0.237,47,true
B-STX_USDT,1789557249214,0.237,1395,true
B-STX_USDT,1789557251346,0.2369,36,true
B-STX_USDT,1789557259335,0.2369,336,true
B-STX_USDT,1789557267450,0.2369,88,true
B-STX_USDT,1789557279205,0.237,63,false
B-STX_USDT,1789557284956,0.2369,285,true
B-STX_USDT,1789557291568,0.2369,238,true
B-STX_USDT,1789557291752,0.237,126,false
B-STX_USDT,1789557294383,0.2369,22,true
B-STX_USDT,1789557310017,0.2369,161,true
B-STX_USDT,1789557312878,0.237,26,false
B-STX_USDT,1789557316067,0.2369,1076,true
B-STX_USDT,1789557316958,0.2369,43,false
B-STX_USDT,1789557322093,0.2368,134,true
B-STX_USDT,1789557322363,0.2368,54,true
B-STX_USDT,1789557330996,0.2368,32,true
B-STX_USDT,1789557335205,0.2369,22,false
B-STX_USDT,1789557337873,0.2368,84,true
B-STX_USDT,1789557340323,0.2368,58,true
B-STX_USDT,1789557343938,0.2368,42,true
B-STX_USDT,1789557346963,0.237,760,false
B-STX_USDT,1789557348199,0.237,211,false
B-STX_USDT,1789557353364,0.2367,1614,true
B-STX_USDT,1789557359446,0.2369,23,true
B-STX_USDT,1789557373529,0.2369,231,true
B-STX_USDT,1789557377027,0.237,70,false
B-STX_USDT,1789557379297,0.2371,131,false
B-STX_USDT,1789557388231,0.2372,8086,false
B-STX_USDT,1789557388252,0.2373,16722,false
B-STX_USDT,1789557388383,0.2372,3,true
B-STX_USDT,1789557388385,0.2373,536,false
B-STX_USDT,1789557389285,0.2373,849,false
B-STX_USDT,1789557400812,0.2372,1298,true
B-STX_USDT,1789557403340,0.2372,277,false
B-STX_USDT,1789557405269,0.2372,43,false
B-STX_USDT,1789557409329,0.2372,61,false
B-STX_USDT,1789557416415,0.2371,82,true
B-STX_USDT,1789557427251,0.2371,768,true
B-STX_USDT,1789557432677,0.237,80,true
B-STX_USDT,1789557438493,0.237,279,true
B-STX_USDT,1789557440233,0.2371,524,false
B-STX_USDT,1789557449639,0.2371,397,true
B-STX_USDT,1789557451125,0.2372,144,false
B-STX_USDT,1789557462971,0.2371,255,true
B-STX_USDT,1789557463400,0.2371,1494,true
B-STX_USDT,1789557464104,0.237,30,true
B-STX_USDT,1789557465337,0.237,116,true
B-STX_USDT,1789557468231,0.237,186,true
B-STX_USDT,1789557472706,0.237,24,true
B-STX_USDT,1789557491411,0.2372,592,false
B-STX_USDT,1789557493315,0.2371,98,true
B-STX_USDT,1789557496648,0.2371,318,true
B-STX_USDT,1789557497477,0.2372,750,false
B-STX_USDT,1789557498761,0.2372,38,true
B-STX_USDT,1789557503339,0.2372,31,true
B-STX_USDT,1789557504370,0.2372,22,true
B-STX_USDT,1789557517954,0.2372,208,true
B-STX_USDT,1789557524192,0.2372,45,true
B-STX_USDT,1789557540201,0.2373,149,false
B-STX_USDT,1789557540201,0.2374,694,false
B-STX_USDT,1789557546152,0.2374,3487,false
B-STX_USDT,1789557552384,0.2373,24,true
B-STX_USDT,1789557559762,0.2374,43,false
B-STX_USDT,1789557563366,0.2374,292,false
B-STX_USDT,1789557565267,0.2375,26,false
B-STX_USDT,1789557566994,0.2375,2180,false
B-STX_USDT,1789557572944,0.2374,23,true
B-STX_USDT,1789557614151,0.2375,56,false
B-STX_USDT,1789557619388,0.2375,298,false
B-STX_USDT,1789557623972,0.2375,91,true
B-STX_USDT,1789557627579,0.2376,84,false
B-STX_USDT,1789557649643,0.2375,2471,true
B-STX_USDT,1789557651401,0.2375,48,false
B-STX_USDT,1789557660237,0.2375,22,true
B-STX_USDT,1789557661413,0.2375,433,true
B-STX_USDT,1789557665725,0.2375,23,true
B-STX_USDT,1789557668414,0.2376,445,false
B-STX_USDT,1789557672143,0.2375,385,true
B-STX_USDT,1789557674822,0.2375,27,true
B-STX_USDT,1789557675964,0.2376,55,false
B-STX_USDT,1789557679210,0.2375,299,true
B-STX_USDT,1789557679803,0.2376,29,false
B-STX_USDT,1789557687913,0.2375,108,true
B-STX_USDT,1789557694601,0.2374,199,true
B-STX_USDT,1789557699381,0.2375,70,false
B-STX_USDT,1789557707170,0.2375,36,false
B-STX_USDT,1789557715844,0.2376,2445,false
B-STX_USDT,1789557716359,0.2376,70,true
B-STX_USDT,1789557716362,0.2375,5944,true
B-STX_USDT,1789557716618,0.2376,23,false
B-STX_USDT,1789557723343,0.2374,8978,true
B-STX_USDT,1789557723358,0.2373,9650,true
B-STX_USDT,1789557723430,0.2374,26,false
B-STX_USDT,1789557723441,0.2373,2792,true
B-STX_USDT,1789557733169,0.2373,27,false
B-STX_USDT,1789557733543,0.2373,113,false
B-STX_USDT,1789557739778,0.2373,1048,false
B-STX_USDT,1789557739784,0.2374,6183,false
B-STX_USDT,1789557739791,0.2375,191,false
B-STX_USDT,1789557739981,0.2374,103,true
B-STX_USDT,1789557755576,0.2375,4306,false
B-STX_USDT,1789557755949,0.2376,1007,false
B-STX_USDT,1789557756402,0.2375,122,true
B-STX_USDT,1789557756620,0.2375,70,true
B-STX_USDT,1789557763369,0.2375,31,false
B-STX_USDT,1789557799604,0.2374,362,true
B-STX_USDT,1789557799745,0.2374,1997,false
B-STX_USDT,1789557808533,0.2373,42,true
B-STX_USDT,1789557816951,0.2374,2334,false
B-STX_USDT,1789557818991,0.2375,25,false
B-STX_USDT,1789557823925,0.2374,22,true
B-STX_USDT,1789557824728,0.2374,31,true
B-STX_USDT,1789557825011,0.2374,311,true
B-STX_USDT,1789557826792,0.2373,26,true
B-STX_USDT,1789557831809,0.2374,24,true
B-STX_USDT,1789557837982,0.2375,89,false
B-STX_USDT,1789557841904,0.2374,55,true
B-STX_USDT,1789557847238,0.2373,46,true
B-STX_USDT,1789557850708,0.2373,38,true
B-STX_USDT,1789557852608,0.2374,82,false
B-STX_USDT,1789557856268,0.2374,33,false
B-STX_USDT,1789557868138,0.2374,52,false
B-STX_USDT,1789557883057,0.2374,46,false
B-STX_USDT,1789557883374,0.2375,92,false
B-STX_USDT,1789557884934,0.2374,34,true
B-STX_USDT,1789557885039,0.2375,421,false
B-STX_USDT,1789557893247,0.2374,22,true
B-STX_USDT,1789557900386,0.2375,34,false
B-STX_USDT,1789557900552,0.2374,1066,true
B-STX_USDT,1789557903695,0.2374,256,false
B-STX_USDT,1789557904046,0.2374,27,false
B-STX_USDT,1789557911988,0.2374,2937,false
B-STX_USDT,1789557920494,0.2374,61,true
B-STX_USDT,1789557928228,0.2375,58,false
B-STX_USDT,1789557932676,0.2375,69,false
B-STX_USDT,1789557940241,0.2374,308,true
B-STX_USDT,1789557945820,0.2374,31,true
B-STX_USDT,1789557954217,0.2374,210,true
B-STX_USDT,1789557960580,0.2374,1552,true
B-STX_USDT,1789557967444,0.2374,54,false
B-STX_USDT,1789557974497,0.2374,580,false
B-STX_USDT,1789557977087,0.2374,205,true
B-STX_USDT,1789557989607,0.2373,69,true
B-STX_USDT,1789557992696,0.2374,968,false
B-STX_USDT,1789557994388,0.2375,15040,false
B-STX_USDT,1789557994403,0.2376,11437,false
B-STX_USDT,1789557994489,0.2377,4055,false
B-STX_USDT,1789557994611,0.2377,3089,false
B-STX_USDT,1789558001459,0.2376,22,true
B-STX_USDT,1789558015814,0.2377,536,false
B-STX_USDT,1789558016031,0.2377,2094,true
B-STX_USDT,1789558029775,0.2377,25,true
B-STX_USDT,1789558036284,0.2378,52,false
B-STX_USDT,1789558037861,0.2378,26,false
B-STX_USDT,1789558043045,0.2378,1051,false
B-STX_USDT,1789558048724,0.2378,59,false
B-STX_USDT,1789558049257,0.2378,59,false
B-STX_USDT,1789558053674,0.2377,43,true
B-STX_USDT,1789558061079,0.2377,110,true
B-STX_USDT,1789558063786,0.2377,41,true
B-STX_USDT,1789558066768,0.2378,86,false
B-STX_USDT,1789558067425,0.2377,162,true
B-STX_USDT,1789558070256,0.2377,88,true
B-STX_USDT,1789558076614,0.2378,2849,false
B-STX_USDT,1789558078008,0.2378,516,true
B-STX_USDT,1789558080472,0.2378,70,true
B-STX_USDT,1789558084228,0.2378,1008,true
B-STX_USDT,1789558099024,0.2377,2042,true
B-STX_USDT,1789558101687,0.2376,91,true
B-STX_USDT,1789558110450,0.2376,24,true
B-STX_USDT,1789558110701,0.2376,110,true
B-STX_USDT,1789558127677,0.2376,4283,true
B-STX_USDT,1789558127920,0.2376,500,false
B-STX_USDT,1789558127922,0.2377,1038,false
B-STX_USDT,1789558131950,0.2376,24,true
B-STX_USDT,1789558133444,0.2376,5,true
B-STX_USDT,1789558149990,0.2377,310,false
B-STX_USDT,1789558166923,0.2376,74,true
B-STX_USDT,1789558172642,0.2377,3550,false
B-STX_USDT,1789558179894,0.2379,1620,false
B-STX_USDT,1789558194527,0.2378,36,true
B-STX_USDT,1789558200125,0.2378,206,true
B-STX_USDT,1789558200133,0.2377,31,true
B-STX_USDT,1789558204295,0.2377,31,true
B-STX_USDT,1789558208967,0.2379,72,false
B-STX_USDT,1789558212230,0.2377,4524,true
B-STX_USDT,1789558212237,0.2376,8083,true
B-STX_USDT,1789558212244,0.2375,22,true
B-STX_USDT,1789558217509,0.2375,626,true
B-STX_USDT,1789558217525,0.2375,1841,false
B-STX_USDT,1789558226857,0.2376,180,false
B-STX_USDT,1789558229360,0.2375,26,true
B-STX_USDT,1789558231402,0.2376,377,false
B-STX_USDT,1789558249069,0.2377,688,false
B-STX_USDT,1789558255944,0.2377,161,true
B-STX_USDT,1789558263597,0.2376,735,true
B-STX_USDT,1789558263743,0.2376,31,true
B-STX_USDT,1789558264182,0.2376,31,true
B-STX_USDT,1789558265972,0.2376,576,true
B-STX_USDT,1789558269942,0.2376,426,false
B-STX_USDT,1789558270614,0.2375,33,true
B-STX_USDT,1789558275161,0.2376,37,true
B-STX_USDT,1789558276519,0.2377,28,false
B-STX_USDT,1789558280462,0.2376,28,false
B-STX_USDT,1789558282021,0.2375,19,true
B-STX_USDT,1789558284400,0.2376,28,false
B-STX_USDT,1789558285310,0.2376,311,false
B-STX_USDT,1789558287062,0.2376,31,true
B-STX_USDT,1789558291310,0.2377,3658,false
B-STX_USDT,1789558295308,0.2378,408,true
B-STX_USDT,1789558299086,0.2378,699,true
B-STX_USDT,1789558300295,0.2379,73,false
B-STX_USDT,1789558302441,0.2378,381,true
B-STX_USDT,1789558304025,0.2379,465,false
B-STX_USDT,1789558313051,0.2378,39,true
B-STX_USDT,1789558321055,0.2379,4842,false
B-STX_USDT,1789558325131,0.238,1304,false
B-STX_USDT,1789558326173,0.2381,107,false
B-STX_USDT,1789558327116,0.2381,4807,false
B-STX_USDT,1789558327132,0.2382,524,false
B-STX_USDT,1789558327446,0.2381,73,true
B-STX_USDT,1789558330618,0.2382,121,false
B-STX_USDT,1789558330843,0.2381,41,true
B-STX_USDT,1789558335990,0.2381,167,true
B-STX_USDT,1789558339465,0.2381,90,true
B-STX_USDT,1789558341278,0.2381,8606,true
B-STX_USDT,1789558341805,0.238,264,true
B-STX_USDT,1789558348029,0.238,8033,true
B-STX_USDT,1789558350275,0.2379,956,true
B-STX_USDT,1789558350357,0.2379,26,false
B-STX_USDT,1789558354110,0.2377,17174,true
B-STX_USDT,1789558354420,0.2378,24,true
B-STX_USDT,1789558355270,0.2379,1903,false
B-STX_USDT,1789558358505,0.2379,561,false
B-STX_USDT,1789558366241,0.2378,25,false
B-STX_USDT,1789558367393,0.2378,1,false
B-STX_USDT,1789558367397,0.2379,2587,false
B-STX_USDT,1789558367564,0.238,103,false
B-STX_USDT,1789558367771,0.238,60,false
B-STX_USDT,1789558379485,0.2378,66,true
B-STX_USDT,1789558380075,0.2379,126,true
B-STX_USDT,1789558384478,0.2379,210,true
B-STX_USDT,1789558385740,0.2378,24,true
B-STX_USDT,1789558398336,0.238,3357,false
B-STX_USDT,1789558408149,0.238,90,true
B-STX_USDT,1789558411618,0.2381,208,false
B-STX_USDT,1789558412670,0.2381,61,false
B-STX_USDT,1789558416215,0.2381,22,true
B-STX_USDT,1789558429853,0.2381,32,true
B-STX_USDT,1789558433008,0.2381,304,true
B-STX_USDT,1789558433958,0.238,51,true
B-STX_USDT,1789558436616,0.238,53,true
B-STX_USDT,1789558446743,0.2381,1734,false
B-STX_USDT,1789558454746,0.2381,45,false
B-STX_USDT,1789558463316,0.2381,3159,false
B-STX_USDT,1789558464010,0.2382,213,false
B-STX_USDT,1789558472596,0.2381,241,true
B-STX_USDT,1789558472604,0.238,4368,true
B-STX_USDT,1789558474464,0.238,134,false
B-STX_USDT,1789558480392,0.2379,1426,true
B-STX_USDT,1789558482014,0.2379,1407,false
B-STX_USDT,1789558482403,0.2378,24,true
B-STX_USDT,1789558482627,0.238,6513,false
B-STX_USDT,1789558502730,0.238,93,true
B-STX_USDT,1789558503057,0.238,1497,true
B-STX_USDT,1789558505211,0.238,23,false
B-STX_USDT,1789558511976,0.238,28,true
B-STX_USDT,1789558523396,0.2381,86,false
B-STX_USDT,1789558524793,0.2381,55,false
B-STX_USDT,1789558541111,0.238,254,true
B-STX_USDT,1789558547602,0.238,29,true
B-STX_USDT,1789558550351,0.2381,52,false
B-STX_USDT,1789558553231,0.238,536,true
B-STX_USDT,1789558557327,0.238,891,true
B-STX_USDT,1789558557332,0.2379,4460,true
B-STX_USDT,1789558558873,0.2379,2627,true
B-STX_USDT,1789558559941,0.2378,31,true
B-STX_USDT,1789558563918,0.2379,856,false
B-STX_USDT,1789558564077,0.2379,931,true
B-STX_USDT,1789558569739,0.238,7123,false
B-STX_USDT,1789558569741,0.238,10933,true
B-STX_USDT,1789558570195,0.2379,234,true
B-STX_USDT,1789558573707,0.2378,61,true
B-STX_USDT,1789558582098,0.2378,2190,true
B-STX_USDT,1789558582558,0.2378,73,true
B-STX_USDT,1789558583235,0.2378,701,true
B-STX_USDT,1789558585033,0.2378,31,true
B-STX_USDT,1789558585033,0.2377,272,true
B-STX_USDT,1789558586798,0.2378,24,true
B-STX_USDT,1789558590719,0.2378,1089,false
B-STX_USDT,1789558592901,0.2377,1621,true
B-STX_USDT,1789558597972,0.2377,56,true
B-STX_USDT,1789558604446,0.2378,42,false
B-STX_USDT,1789558608613,0.2377,202,true
B-STX_USDT,1789558609609,0.2377,24,true
B-STX_USDT,1789558611235,0.2377,40,true
B-STX_USDT,1789558612942,0.2378,473,false
B-STX_USDT,1789558612971,0.2378,446,true
B-STX_USDT,1789558613231,0.2378,845,true
B-STX_USDT,1789558625981,0.2379,12400,false
B-STX_USDT,1789558626303,0.238,1490,false
B-STX_USDT,1789558626394,0.2382,8653,false
B-STX_USDT,1789558627731,0.2381,883,false
B-STX_USDT,1789558644890,0.2381,83,true
B-STX_USDT,1789558648231,0.2381,1185,true
B-STX_USDT,1789558650653,0.2382,65,false
B-STX_USDT,1789558655988,0.2381,257,true
B-STX_USDT,1789558655993,0.238,4837,true
B-STX_USDT,1789558655996,0.2379,5004,true
B-STX_USDT,1789558656019,0.2378,344,true
B-STX_USDT,1789558659422,0.2379,2064,false
B-STX_USDT,1789558660163,0.2378,736,true
B-STX_USDT,1789558660174,0.2377,5880,true
B-STX_USDT,1789558661020,0.2378,621,false
B-STX_USDT,1789558668784,0.2376,78,true
B-STX_USDT,1789558671893,0.2376,162,true
B-STX_USDT,1789558673231,0.2377,364,true
B-STX_USDT,1789558676483,0.2378,243,false
B-STX_USDT,1789558679374,0.2377,91,true
B-STX_USDT,1789558679735,0.2377,2,false
B-STX_USDT,1789558682955,0.2376,633,true
B-STX_USDT,1789558684111,0.2377,6306,false
B-STX_USDT,1789558685499,0.2377,353,false
B-STX_USDT,1789558690392,0.2377,113,false
B-STX_USDT,1789558692469,0.2376,40,true
B-STX_USDT,1789558697296,0.2377,739,false
B-STX_USDT,1789558698808,0.2378,27,false
B-STX_USDT,1789558711706,0.2377,22,true
B-STX_USDT,1789558712560,0.2377,9801,true
B-STX_USDT,1789558713110,0.2376,204,true
B-STX_USDT,1789558719924,0.2376,52,true
B-STX_USDT,1789558731368,0.2377,485,false
B-STX_USDT,1789558740580,0.2377,616,true
B-STX_USDT,1789558745382,0.2376,22,true
B-STX_USDT,1789558760221,0.2377,128,false
B-STX_USDT,1789558761808,0.2377,32,true
B-STX_USDT,1789558762500,0.2377,75,true
B-STX_USDT,1789558778010,0.2377,69,true
B-STX_USDT,1789558779278,0.2378,34,false
B-STX_USDT,1789558781824,0.2377,37,true
B-STX_USDT,1789558782492,0.2378,59,false
B-STX_USDT,1789558793726,0.2377,26,true
B-STX_USDT,1789558805756,0.2377,980,true
B-STX_USDT,1789558807204,0.2376,605,true
B-STX_USDT,1789558811135,0.2377,1773,false
B-STX_USDT,1789558811146,0.2378,5899,false
B-STX_USDT,1789558813611,0.2378,38,true
B-STX_USDT,1789558819324,0.2377,386,true
B-STX_USDT,1789558836572,0.2376,101,true
B-STX_USDT,1789558841118,0.2377,1767,false
B-STX_USDT,1789558842844,0.2378,113,false
B-STX_USDT,1789558847201,0.2378,24,true
B-STX_USDT,1789558851014,0.2377,158,true
B-STX_USDT,1789558851164,0.2378,132,false
B-STX_USDT,1789558854098,0.2378,182,true
B-STX_USDT,1789558860854,0.2379,137,false
B-STX_USDT,1789558861129,0.2379,1741,false
B-STX_USDT,1789558861195,0.2379,22,true
B-STX_USDT,1789558862682,0.238,314,false
B-STX_USDT,1789558870372,0.2381,1967,false
B-STX_USDT,1789558871152,0.2381,612,false
B-STX_USDT,1789558889848,0.2382,111,false
B-STX_USDT,1789558901752,0.2382,1799,false
B-STX_USDT,1789558903042,0.2381,161,true
B-STX_USDT,1789558903244,0.2381,44,true
B-STX_USDT,1789558903512,0.2381,294,true
B-STX_USDT,1789558904057,0.2381,1048,true
B-STX_USDT,1789558911136,0.2381,4022,true
B-STX_USDT,1789558914338,0.238,2066,true
B-STX_USDT,1789558921541,0.2381,1000,false
B-STX_USDT,1789558924087,0.238,303,true
B-STX_USDT,1789558924291,0.2379,210,true
B-STX_USDT,1789558931964,0.238,1699,false
B-STX_USDT,1789558938544,0.2381,116,false
B-STX_USDT,1789558942562,0.238,210,true
B-STX_USDT,1789558943144,0.2381,3675,false
B-STX_USDT,1789558945418,0.2382,469,false
B-STX_USDT,1789558945570,0.2382,24,true
B-STX_USDT,1789558947321,0.2383,736,false
B-STX_USDT,1789558947676,0.2383,322,true
B-STX_USDT,1789558949988,0.2383,60,false
B-STX_USDT,1789558950273,0.2383,2795,true
B-STX_USDT,1789558950736,0.2384,1778,false
B-STX_USDT,1789558950737,0.2385,904,false
B-STX_USDT,1789558951116,0.2385,37,false
B-STX_USDT,1789558951129,0.2384,93,true
B-STX_USDT,1789558951984,0.2385,210,false
B-STX_USDT,1789558951993,0.2384,554,false
B-STX_USDT,1789558952168,0.2384,33,false
B-STX_USDT,1789558955783,0.2384,185,true
B-STX_USDT,1789558957382,0.2383,656,true
B-STX_USDT,1789558957622,0.2383,764,false
B-STX_USDT,1789558964214,0.2383,590,true
B-STX_USDT,1789558969956,0.2383,414,false
B-STX_USDT,1789558970953,0.2383,513,false
B-STX_USDT,1789558971943,0.2384,92,false
B-STX_USDT,1789558977162,0.2385,170,false
B-STX_USDT,1789558980634,0.2385,398,false
B-STX_USDT,1789558981883,0.2387,6378,false
B-STX_USDT,1789558981884,0.2385,269,true
B-STX_USDT,1789558984031,0.2386,23,true
B-STX_USDT,1789558985061,0.2386,31,false
B-STX_USDT,1789558985131,0.2384,5870,true
B-STX_USDT,1789558985137,0.2385,2535,false
B-STX_USDT,1789558985401,0.2386,1064,false
B-STX_USDT,1789558987114,0.2386,24,true
B-STX_USDT,1789558989110,0.2387,59,false
B-STX_USDT,1789558992801,0.2387,1249,false
B-STX_USDT,1789558995840,0.2388,42,false
B-STX_USDT,1789558997313,0.2388,1016,false
B-STX_USDT,1789558997458,0.2388,524,true
B-STX_USDT,1789558999009,0.2387,2156,true
B-STX_USDT,1789558999325,0.2386,42,true
B-STX_USDT,1789559000322,0.2386,70,true
B-STX_USDT,1789559004277,0.2386,86,true
B-STX_USDT,1789559005804,0.2387,249,false
B-STX_USDT,1789559019152,0.2386,60,true
B-STX_USDT,1789559021324,0.2387,91,false
B-STX_USDT,1789559021585,0.2388,434,false
B-STX_USDT,1789559023932,0.2389,481,false
B-STX_USDT,1789559027108,0.239,24,false
B-STX_USDT,1789559031089,0.2389,255,true
B-STX_USDT,1789559031294,0.2388,22,true
B-STX_USDT,1789559031805,0.239,194,false
B-STX_USDT,1789559031819,0.2391,5199,false
B-STX_USDT,1789559031820,0.2392,8054,false
B-STX_USDT,1789559031957,0.2391,1960,true
B-STX_USDT,1789559032298,0.2391,24,false
B-STX_USDT,1789559032639,0.2391,70,false
B-STX_USDT,1789559032751,0.2391,743,true
B-STX_USDT,1789559032889,0.2391,36,false
B-STX_USDT,1789559033943,0.2391,70,false
B-STX_USDT,1789559033944,0.2392,7259,false
B-STX_USDT,1789559034373,0.239,5501,true
B-STX_USDT,1789559034606,0.2391,209,true
B-STX_USDT,1789559035737,0.2391,34,true
B-STX_USDT,1789559037216,0.2389,1945,true
B-STX_USDT,1789559037223,0.2391,1450,false
B-STX_USDT,1789559041911,0.2392,3800,false
B-STX_USDT,1789559043354,0.2392,524,false
B-STX_USDT,1789559047086,0.2391,524,true
B-STX_USDT,1789559047838,0.2391,550,false
B-STX_USDT,1789559050498,0.2391,49,true
B-STX_USDT,1789559054558,0.239,539,true
B-STX_USDT,1789559060030,0.239,50,false
B-STX_USDT,1789559063925,0.239,79,true
B-STX_USDT,1789559082243,0.2391,2573,false
B-STX_USDT,1789559085358,0.2391,301,false
B-STX_USDT,1789559091585,0.2391,26,true
B-STX_USDT,1789559093605,0.2392,65,false
B-STX_USDT,1789559100012,0.2392,63,true
B-STX_USDT,1789559103608,0.2392,390,true
B-STX_USDT,1789559103869,0.2392,413,true
B-STX_USDT,1789559114602,0.2391,347,true
B-STX_USDT,1789559116304,0.239,33,true
B-STX_USDT,1789559119304,0.2391,4,false
B-STX_USDT,1789559122826,0.239,216,true
B-STX_USDT,1789559123412,0.239,27,true
B-STX_USDT,1789559124407,0.2391,41,false
B-STX_USDT,1789559124660,0.2392,952,false
B-STX_USDT,1789559125006,0.2391,125,true
B-STX_USDT,1789559125420,0.2392,1236,false
B-STX_USDT,1789559126646,0.239,280,true
B-STX_USDT,1789559132409,0.2389,2868,true
B-STX_USDT,1789559142726,0.2389,366,true
B-STX_USDT,1789559142727,0.2388,9047,true
B-STX_USDT,1789559150273,0.2388,554,false
B-STX_USDT,1789559150275,0.2387,6760,true
B-STX_USDT,1789559150280,0.2386,1855,true
B-STX_USDT,1789559151462,0.2386,1118,true
B-STX_USDT,1789559161436,0.2386,955,false
B-STX_USDT,1789559161436,0.2387,3866,false
B-STX_USDT,1789559162866,0.2386,26,true
B-STX_USDT,1789559163041,0.2386,31,true
B-STX_USDT,1789559171323,0.2386,3299,true
B-STX_USDT,1789559171336,0.2386,21,false
B-STX_USDT,1789559174859,0.2385,891,true
B-STX_USDT,1789559174998,0.2385,1562,false
B-STX_USDT,1789559175272,0.2386,332,false
B-STX_USDT,1789559181505,0.2386,1886,false
B-STX_USDT,1789559189418,0.2386,788,false
B-STX_USDT,1789559197810,0.2384,3347,true
B-STX_USDT,1789559197927,0.2385,42,false
B-STX_USDT,1789559200581,0.2385,3226,true
B-STX_USDT,1789559200643,0.2385,356,false
B-STX_USDT,1789559202660,0.2384,28,true
B-STX_USDT,1789559204671,0.2385,282,false
B-STX_USDT,1789559211181,0.2384,605,true
B-STX_USDT,1789559211688,0.2384,372,true
B-STX_USDT,1789559216859,0.2384,232,true
B-STX_USDT,1789559218133,0.2385,1050,false
B-STX_USDT,1789559219670,0.2385,263,true
B-STX_USDT,1789559224259,0.2385,31,true
B-STX_USDT,1789559224757,0.2386,943,false
B-STX_USDT,1789559239063,0.2386,2108,true
B-STX_USDT,1789559243754,0.2385,54,true
B-STX_USDT,1789559243811,0.2386,103,false
B-STX_USDT,1789559247110,0.2386,102,true
B-STX_USDT,1789559248122,0.2386,23,true
B-STX_USDT,1789559250006,0.2386,23,true
B-STX_USDT,1789559257059,0.2386,48,true
B-STX_USDT,1789559258782,0.2386,4545,true
B-STX_USDT,1789559258787,0.2385,3309,true
B-STX_USDT,1789559263122,0.2386,146,true
B-STX_USDT,1789559263764,0.2386,170,true
B-STX_USDT,1789559269205,0.2387,943,false
B-STX_USDT,1789559269266,0.2386,165,true
B-STX_USDT,1789559277974,0.2387,108,false
B-STX_USDT,1789559282011,0.2386,560,true
B-STX_USDT,1789559293572,0.2385,130,true
B-STX_USDT,1789559300155,0.2385,31,true
B-STX_USDT,1789559301494,0.2385,36,true
B-STX_USDT,1789559301653,0.2385,32,true
B-STX_USDT,1789559308837,0.2385,52,true
B-STX_USDT,1789559315694,0.2386,22,false
B-STX_USDT,1789559319217,0.2385,24,true
B-STX_USDT,1789559323696,0.2385,18954,true
B-STX_USDT,1789559323775,0.2383,85,true
B-STX_USDT,1789559323904,0.2384,16,false
B-STX_USDT,1789559329269,0.2383,394,true
B-STX_USDT,1789559335180,0.2383,33,true
B-STX_USDT,1789559337983,0.2383,322,true
B-STX_USDT,1789559338130,0.2384,98,false
B-STX_USDT,1789559342936,0.2384,24,false
B-STX_USDT,1789559344757,0.2383,142,true
B-STX_USDT,1789559359637,0.2384,42,false
B-STX_USDT,1789559375526,0.2383,108,true
B-STX_USDT,1789559381173,0.2383,25,true
B-STX_USDT,1789559383502,0.2384,125,false
B-STX_USDT,1789559384711,0.2383,2308,true
B-STX_USDT,1789559384909,0.2382,420,true
B-STX_USDT,1789559394304,0.2382,91,true
B-STX_USDT,1789559394830,0.2382,31,true
B-STX_USDT,1789559399457,0.2383,33016,false
B-STX_USDT,1789559399458,0.2384,2317,false
B-STX_USDT,1789559407247,0.2384,1959,true
B-STX_USDT,1789559408895,0.2384,506,false
B-STX_USDT,1789559411572,0.2384,24,false
B-STX_USDT,1789559413886,0.2384,81,false
B-STX_USDT,1789559414313,0.2383,108,true
B-STX_USDT,1789559415414,0.2384,298,false
B-STX_USDT,1789559423391,0.2383,56,true
B-STX_USDT,1789559426446,0.2384,17849,false
B-STX_USDT,1789559429443,0.2385,89,false
B-STX_USDT,1789559430697,0.2385,17371,false
B-STX_USDT,1789559430698,0.2386,524,false
B-STX_USDT,1789559430988,0.2386,298,false
B-STX_USDT,1789559432538,0.2387,24,false
B-STX_USDT,1789559432868,0.2387,24,false
B-STX_USDT,1789559434520,0.2387,1207,false
B-STX_USDT,1789559434521,0.2386,359,true
B-STX_USDT,1789559437083,0.2387,24,false
B-STX_USDT,1789559439587,0.2387,658,true
B-STX_USDT,1789559442977,0.2386,125,true
B-STX_USDT,1789559444850,0.2386,158,true
B-STX_USDT,1789559449507,0.2388,1096,false
B-STX_USDT,1789559452982,0.2388,24,false
B-STX_USDT,1789559457495,0.2388,61,false
B-STX_USDT,1789559464670,0.2389,728,true
B-STX_USDT,1789559468953,0.2388,1132,true
B-STX_USDT,1789559472138,0.2389,48,false
B-STX_USDT,1789559479258,0.2388,42,true
B-STX_USDT,1789559481255,0.2387,28,true
B-STX_USDT,1789559483561,0.2387,489,true
B-STX_USDT,1789559484514,0.2386,301,true
B-STX_USDT,1789559487950,0.2386,332,true
B-STX_USDT,1789559489372,0.2385,1,true
B-STX_USDT,1789559496791,0.2386,787,false
B-STX_USDT,1789559498398,0.2386,371,true
B-STX_USDT,1789559502134,0.2385,341,true
B-STX_USDT,1789559510037,0.2385,45,true
B-STX_USDT,1789559518846,0.2385,305,true
B-STX_USDT,1789559522348,0.2385,101,true
B-STX_USDT,1789559528083,0.2385,35,false
B-STX_USDT,1789559529141,0.2386,24,false
B-STX_USDT,1789559531669,0.2384,2326,true
B-STX_USDT,1789559534331,0.2384,811,true
B-STX_USDT,1789559535176,0.2384,24,false
B-STX_USDT,1789559541646,0.2384,658,true
B-STX_USDT,1789559550109,0.2384,49,false
B-STX_USDT,1789559559274,0.2384,87,false
B-STX_USDT,1789559562069,0.2383,449,true
B-STX_USDT,1789559563911,0.2383,48,true
B-STX_USDT,1789559572473,0.2383,681,true
B-STX_USDT,1789559576931,0.2383,298,false
B-STX_USDT,1789559580572,0.2383,318,true
B-STX_USDT,1789559584454,0.2384,4,false
B-STX_USDT,1789559585697,0.2384,1761,false
B-STX_USDT,1789559587742,0.2384,2440,true
B-STX_USDT,1789559597184,0.2383,21,true
B-STX_USDT,1789559628547,0.2383,49,true
B-STX_USDT,1789559628730,0.2383,133,true
B-STX_USDT,1789559629668,0.2383,350,true
B-STX_USDT,1789559636219,0.2382,48,true
B-STX_USDT,1789559641309,0.2382,1346,true
B-STX_USDT,1789559647454,0.2381,114,true
B-STX_USDT,1789559649580,0.2381,1180,true
B-STX_USDT,1789559649923,0.2381,305,false
B-STX_USDT,1789559654238,0.2381,37,true
B-STX_USDT,1789559656581,0.2381,42,false
B-STX_USDT,1789559659606,0.238,511,true
B-STX_USDT,1789559671965,0.238,26,true
B-STX_USDT,1789559677748,0.238,28,true
B-STX_USDT,1789559678472,0.238,735,true
B-STX_USDT,1789559689605,0.238,25,true
B-STX_USDT,1789559698602,0.2381,2431,false
B-STX_USDT,1789559700365,0.2381,185,true
B-STX_USDT,1789559700597,0.2381,444,true
B-STX_USDT,1789559710668,0.2381,479,false
B-STX_USDT,1789559717255,0.2381,21,true
B-STX_USDT,1789559717257,0.238,983,true
B-STX_USDT,1789559717259,0.2379,8152,true
B-STX_USDT,1789559717313,0.2378,242,true
B-STX_USDT,1789559739198,0.2378,44,true
B-STX_USDT,1789559739210,0.2377,8344,true
B-STX_USDT,1789559739227,0.2376,421,true
B-STX_USDT,1789559761911,0.2376,261,true
B-STX_USDT,1789559762629,0.2377,711,false
B-STX_USDT,1789559797958,0.2376,415,true
B-STX_USDT,1789559800617,0.2377,125,false
B-STX_USDT,1789559808531,0.2376,330,true
B-STX_USDT,1789559809208,0.2376,27,true
B-STX_USDT,1789559813986,0.2375,30,true
B-STX_USDT,1789559819544,0.2375,22,true
B-STX_USDT,1789559820220,0.2375,30,true
B-STX_USDT,1789559826220,0.2375,28,true
B-STX_USDT,1789559828106,0.2376,335,false
B-STX_USDT,1789559828708,0.2376,1521,false
B-STX_USDT,1789559829453,0.2381,23010,false
B-STX_USDT,1789559829455,0.238,24,false
B-STX_USDT,1789559829456,0.2379,1320,false
B-STX_USDT,1789559829465,0.238,672,false
B-STX_USDT,1789559829587,0.238,984,false
B-STX_USDT,1789559830222,0.2379,147,true
B-STX_USDT,1789559831831,0.2379,116,true
B-STX_USDT,1789559839061,0.2379,1925,true
B-STX_USDT,1789559839067,0.2378,2226,true
B-STX_USDT,1789559839241,0.2378,3012,false
B-STX_USDT,1789559841750,0.2378,64,true
B-STX_USDT,1789559850889,0.2378,54,true
B-STX_USDT,1789559859205,0.2378,4955,true
B-STX_USDT,1789559861732,0.2378,58,true
B-STX_USDT,1789559865723,0.2378,1709,true
B-STX_USDT,1789559870531,0.2378,49,true
B-TIA_USDT,1789556179434,0.3274,17,true
B-TIA_USDT,1789556182822,0.3275,3,false
B-TIA_USDT,1789556185240,0.3274,129,true
B-TIA_USDT,1789556186320,0.3274,47,true
B-TIA_USDT,1789556187234,0.3275,20,false
B-TIA_USDT,1789556192186,0.3275,18,false
B-TIA_USDT,1789556201127,0.3274,90,true
B-TIA_USDT,1789556201968,0.3274,323,true
B-TIA_USDT,1789556202697,0.3274,21,true
B-TIA_USDT,1789556208958,0.3275,65,false
B-TIA_USDT,1789556214623,0.3275,28,false
B-TIA_USDT,1789556215463,0.3275,39,false
B-TIA_USDT,1789556216314,0.3275,25,false
B-TIA_USDT,1789556217094,0.3274,24,true
B-TIA_USDT,1789556220634,0.3274,2371,true
B-TIA_USDT,1789556220640,0.3274,3097,false
B-TIA_USDT,1789556223161,0.3274,68,true
B-TIA_USDT,1789556223826,0.3274,159,true
B-TIA_USDT,1789556224589,0.3274,195,true
B-TIA_USDT,1789556230190,0.3274,22,true
B-TIA_USDT,1789556236130,0.3274,69,true
B-TIA_USDT,1789556238271,0.3275,241,false
B-TIA_USDT,1789556248195,0.3274,23,true
B-TIA_USDT,1789556262035,0.3275,17,false
B-TIA_USDT,1789556264695,0.3275,121,false
B-TIA_USDT,1789556266097,0.3275,38,false
B-TIA_USDT,1789556270097,0.3275,38,false
B-TIA_USDT,1789556271096,0.3275,2141,false
B-TIA_USDT,1789556271695,0.3276,976,false
B-TIA_USDT,1789556276096,0.3276,38,false
B-TIA_USDT,1789556276939,0.3275,3871,true
B-TIA_USDT,1789556277458,0.3275,269,false
B-TIA_USDT,1789556277598,0.3274,206,true
B-TIA_USDT,1789556278855,0.3274,16,true
B-TIA_USDT,1789556282011,0.3275,23,false
B-TIA_USDT,1789556291815,0.3275,57,false
B-TIA_USDT,1789556293540,0.3276,23,false
B-TIA_USDT,1789556294442,0.3276,31,false
B-TIA_USDT,1789556299160,0.3276,4722,false
B-TIA_USDT,1789556299763,0.3276,233,true
B-TIA_USDT,1789556299941,0.3277,183,false
B-TIA_USDT,1789556301613,0.3276,549,true
B-TIA_USDT,1789556301616,0.3277,807,false
B-TIA_USDT,1789556303690,0.3276,517,true
B-TIA_USDT,1789556307329,0.3278,29,false
B-TIA_USDT,1789556309958,0.3277,428,true
B-TIA_USDT,1789556310173,0.3277,471,true
B-TIA_USDT,1789556312385,0.3276,5902,true
B-TIA_USDT,1789556312574,0.3276,3088,false
B-TIA_USDT,1789556313225,0.3277,671,false
B-TIA_USDT,1789556316700,0.3277,16,false
B-TIA_USDT,1789556319284,0.3276,358,true
B-TIA_USDT,1789556319369,0.3277,7982,false
B-TIA_USDT,1789556323548,0.3277,17,false
B-TIA_USDT,1789556328429,0.3277,1095,false
B-TIA_USDT,1789556328432,0.3278,9379,false
B-TIA_USDT,1789556331512,0.3278,334,false
B-TIA_USDT,1789556331954,0.3277,16,true
B-TIA_USDT,1789556337212,0.3278,26,false
B-TIA_USDT,1789556341749,0.3278,18,false
B-TIA_USDT,1789556342796,0.3277,22,true
B-TIA_USDT,1789556347486,0.3278,41,false
B-TIA_USDT,1789556361536,0.3277,210,true
B-TIA_USDT,1789556365603,0.3277,4,true
B-TIA_USDT,1789556372262,0.3277,185,true
B-TIA_USDT,1789556377470,0.3277,143,true
B-TIA_USDT,1789556381330,0.3277,28,true
B-TIA_USDT,1789556388517,0.3278,1,false
B-TIA_USDT,1789556389732,0.3278,1,false
B-TIA_USDT,1789556391233,0.3278,1,false
B-TIA_USDT,1789556392594,0.3278,1,false
B-TIA_USDT,1789556393897,0.3278,1,false
B-TIA_USDT,1789556394278,0.3278,735,false
B-TIA_USDT,1789556394289,0.3279,7913,false
B-TIA_USDT,1789556394485,0.328,220,false
B-TIA_USDT,1789556395165,0.328,62,false
B-TIA_USDT,1789556396181,0.328,1,false
B-TIA_USDT,1789556397323,0.328,1,false
B-TIA_USDT,1789556398283,0.328,1,false
B-TIA_USDT,1789556399512,0.328,1,false
B-TIA_USDT,1789556399753,0.328,2383,false
B-TIA_USDT,1789556399778,0.3281,948,false
B-TIA_USDT,1789556399816,0.3282,4638,false
B-TIA_USDT,1789556399956,0.3283,17,false
B-TIA_USDT,1789556400012,0.3282,692,true
B-TIA_USDT,1789556400283,0.3282,2223,false
B-TIA_USDT,1789556400581,0.3282,1,false
B-TIA_USDT,1789556400609,0.3281,4654,true
B-TIA_USDT,1789556401097,0.3282,38,false
B-TIA_USDT,1789556401438,0.3282,121,false
B-TIA_USDT,1789556401530,0.3283,1,false
B-TIA_USDT,1789556401682,0.3282,1744,true
B-TIA_USDT,1789556401925,0.3282,149,false
B-TIA_USDT,1789556402101,0.3283,1919,false
B-TIA_USDT,1789556402552,0.3284,1,false
B-TIA_USDT,1789556403096,0.3284,38,false
B-TIA_USDT,1789556403160,0.3283,889,true
B-TIA_USDT,1789556403492,0.3282,1367,true
B-TIA_USDT,1789556403702,0.3282,1,false
B-TIA_USDT,1789556403734,0.3281,1526,true
B-TIA_USDT,1789556404025,0.3281,88,false
B-TIA_USDT,1789556404164,0.3282,712,false
B-TIA_USDT,1789556404993,0.3282,255,false
B-TIA_USDT,1789556406090,0.3282,1,false
B-TIA_USDT,1789556407264,0.3281,652,true
B-TIA_USDT,1789556407307,0.3281,1,false
B-TIA_USDT,1789556408139,0.3281,51,false
B-TIA_USDT,1789556408307,0.3282,1,false
B-TIA_USDT,1789556408804,0.3282,3021,false
B-TIA_USDT,1789556409565,0.3283,1,false
B-TIA_USDT,1789556409834,0.3282,383,true
B-TIA_USDT,1789556410563,0.3282,1608,false
B-TIA_USDT,1789556411550,0.3282,303,true
B-TIA_USDT,1789556411583,0.3282,1,false
B-TIA_USDT,1789556412446,0.3282,52,false
B-TIA_USDT,1789556412682,0.3283,1,false
B-TIA_USDT,1789556413093,0.3283,16,false
B-TIA_USDT,1789556413472,0.3284,3442,false
B-TIA_USDT,1789556414061,0.3284,1,false
B-TIA_USDT,1789556414874,0.3283,394,true
B-TIA_USDT,1789556415115,0.3284,1,false
B-TIA_USDT,1789556416210,0.3283,323,true
B-TIA_USDT,1789556416244,0.3283,1,false
B-TIA_USDT,1789556417263,0.3283,1,false
B-TIA_USDT,1789556417894,0.3283,63,false
B-TIA_USDT,1789556418589,0.3284,1,false
B-TIA_USDT,1789556419795,0.3284,1,false
B-TIA_USDT,1789556421116,0.3284,1,false
B-TIA_USDT,1789556422239,0.3284,2,false
B-TIA_USDT,1789556423397,0.3284,405,false
B-TIA_USDT,1789556423434,0.3285,16666,false
B-TIA_USDT,1789556423435,0.3286,1743,false
B-TIA_USDT,1789556423491,0.3285,21,false
B-TIA_USDT,1789556424613,0.3285,2,false
B-TIA_USDT,1789556424878,0.3285,12,false
B-TIA_USDT,1789556425649,0.3286,2,false
B-TIA_USDT,1789556426923,0.3286,2,false
B-TIA_USDT,1789556427300,0.3286,58,false
B-TIA_USDT,1789556427599,0.3285,21,true
B-TIA_USDT,1789556428159,0.3286,2,false
B-TIA_USDT,1789556429177,0.3286,1,false
B-TIA_USDT,1789556430322,0.3286,1,false
B-TIA_USDT,1789556431027,0.3287,6642,false
B-TIA_USDT,1789556431363,0.3287,3,false
B-TIA_USDT,1789556431999,0.3287,9,false
B-TIA_USDT,1789556432385,0.3287,3,false
B-TIA_USDT,1789556433076,0.3287,69,false
B-TIA_USDT,1789556433329,0.3287,339,false
B-TIA_USDT,1789556433379,0.3288,2,false
B-TIA_USDT,1789556433381,0.3287,119,true
B-TIA_USDT,1789556434365,0.3288,1117,false
B-TIA_USDT,1789556434442,0.3289,9,false
B-TIA_USDT,1789556434586,0.3289,833,false
B-TIA_USDT,1789556435551,0.3289,2202,true
B-TIA_USDT,1789556435652,0.3289,36,true
B-TIA_USDT,1789556435741,0.329,33,false
B-TIA_USDT,1789556436595,0.329,3,false
B-TIA_USDT,1789556437641,0.329,4,false
B-TIA_USDT,1789556438038,0.3289,1355,true
B-TIA_USDT,1789556438885,0.3289,4,false
B-TIA_USDT,1789556440059,0.3289,4,false
B-TIA_USDT,1789556441189,0.3289,4,false
B-TIA_USDT,1789556442115,0.3288,9,true
B-TIA_USDT,1789556442302,0.3289,786,false
B-TIA_USDT,1789556442357,0.329,2,false
B-TIA_USDT,1789556442583,0.329,1247,false
B-TIA_USDT,1789556443394,0.3291,967,false
B-TIA_USDT,1789556443530,0.3291,982,false
B-TIA_USDT,1789556444731,0.3292,657,false
B-TIA_USDT,1789556445841,0.3292,2,false
B-TIA_USDT,1789556446796,0.3291,330,true
B-TIA_USDT,1789556446853,0.3291,6,false
B-TIA_USDT,1789556447943,0.3291,4,false
B-TIA_USDT,1789556448044,0.3291,105,false
B-TIA_USDT,1789556448249,0.3292,44,false
B-TIA_USDT,1789556449131,0.3292,3,false
B-TIA_USDT,1789556450363,0.3292,3,false
B-TIA_USDT,1789556451351,0.3292,3,false
B-TIA_USDT,1789556452472,0.3291,565,true
B-TIA_USDT,1789556452527,0.3291,4,false
B-TIA_USDT,1789556453139,0.3291,92,false
B-TIA_USDT,1789556453561,0.3292,4,false
B-TIA_USDT,1789556454294,0.3292,1390,false
B-TIA_USDT,1789556454687,0.3293,5,false
B-TIA_USDT,1789556455747,0.3293,4,false
B-TIA_USDT,1789556456070,0.3293,745,false
B-TIA_USDT,1789556456615,0.3293,96,false
B-TIA_USDT,1789556458061,0.3293,96,false
B-TIA_USDT,1789556459097,0.3293,3,false
B-TIA_USDT,1789556459563,0.3293,199,false
B-TIA_USDT,1789556459680,0.3292,16,true
B-TIA_USDT,1789556460217,0.3293,5,false
B-TIA_USDT,1789556461146,0.3293,16,false
B-TIA_USDT,1789556461386,0.3293,5,false
B-TIA_USDT,1789556461516,0.3293,19,false
B-TIA_USDT,1789556462509,0.3293,77,false
B-TIA_USDT,1789556462962,0.3293,456,false
B-TIA_USDT,1789556463706,0.3293,21,false
B-TIA_USDT,1789556463829,0.3293,5,false
B-TIA_USDT,1789556464558,0.3293,18,false
B-TIA_USDT,1789556464831,0.3293,5,false
B-TIA_USDT,1789556465749,0.3293,74,false
B-TIA_USDT,1789556465856,0.3293,5,false
B-TIA_USDT,1789556465863,0.3292,96,true
B-TIA_USDT,1789556465878,0.3294,6736,false
B-TIA_USDT,1789556465955,0.3292,21,true
B-TIA_USDT,1789556466913,0.3292,6638,true
B-TIA_USDT,1789556467151,0.3292,5,false
B-TIA_USDT,1789556467300,0.3292,16,false
B-TIA_USDT,1789556467537,0.3292,20,false
B-TIA_USDT,1789556467764,0.3292,2,false
B-TIA_USDT,1789556468227,0.3292,6,false
B-TIA_USDT,1789556469392,0.3292,32,false
B-TIA_USDT,1789556469811,0.3292,6,false
B-TIA_USDT,1789556469943,0.3292,6,false
B-TIA_USDT,1789556470867,0.3292,6,false
B-TIA_USDT,1789556471114,0.3291,366,true
B-TIA_USDT,1789556471830,0.329,2368,true
B-TIA_USDT,1789556471907,0.329,5,false
B-TIA_USDT,1789556472161,0.3289,36,true
B-TIA_USDT,1789556472303,0.3289,75,true
B-TIA_USDT,1789556472669,0.329,53,false
B-TIA_USDT,1789556473103,0.329,3,false
B-TIA_USDT,1789556473599,0.3289,1726,true
B-TIA_USDT,1789556473685,0.3288,4114,true
B-TIA_USDT,1789556473958,0.3287,170,true
B-TIA_USDT,1789556474157,0.3287,7,false
B-TIA_USDT,1789556474636,0.3287,569,false
B-TIA_USDT,1789556474856,0.3288,10,false
B-TIA_USDT,1789556475153,0.3288,3,false
B-TIA_USDT,1789556475533,0.3287,44,true
B-TIA_USDT,1789556476221,0.3288,6,false
B-TIA_USDT,1789556477437,0.3288,6,false
B-TIA_USDT,1789556478897,0.3288,6,false
B-TIA_USDT,1789556479625,0.3288,16,false
B-TIA_USDT,1789556480029,0.3288,3,false
B-TIA_USDT,1789556480410,0.3287,54,true
B-TIA_USDT,1789556481197,0.3288,4,false
B-TIA_USDT,1789556482459,0.3288,3,false
B-TIA_USDT,1789556482521,0.3287,21,true
B-TIA_USDT,1789556483560,0.3288,305,false
B-TIA_USDT,1789556483693,0.3288,40,false
B-TIA_USDT,1789556484705,0.3288,154,false
B-TIA_USDT,1789556485351,0.3288,22,false
B-TIA_USDT,1789556485837,0.3288,7,false
B-TIA_USDT,1789556486372,0.3288,283,false
B-TIA_USDT,1789556487026,0.3288,223,false
B-TIA_USDT,1789556487201,0.3287,25,true
B-TIA_USDT,1789556488085,0.3288,5,false
B-TIA_USDT,1789556489395,0.3288,6,false
B-TIA_USDT,1789556489562,0.3288,44,false
B-TIA_USDT,1789556490232,0.3289,83,false
B-TIA_USDT,1789556490545,0.3289,3,false
B-TIA_USDT,1789556491799,0.3289,34,false
B-TIA_USDT,1789556492221,0.3289,403,false
B-TIA_USDT,1789556492784,0.3288,267,true
B-TIA_USDT,1789556492809,0.3289,20,false
B-TIA_USDT,1789556492945,0.3288,5,false
B-TIA_USDT,1789556493113,0.3288,262,false
B-TIA_USDT,1789556493290,0.3287,32,true
B-TIA_USDT,1789556494061,0.3288,4,false
B-TIA_USDT,1789556494204,0.3288,17,false
B-TIA_USDT,1789556495035,0.3287,2322,true
B-TIA_USDT,1789556495205,0.3287,5,false
B-TIA_USDT,1789556496206,0.3287,169,false
B-TIA_USDT,1789556496405,0.3287,6,false
B-TIA_USDT,1789556497898,0.3287,6,false
B-TIA_USDT,1789556498025,0.3287,117,false
B-TIA_USDT,1789556499055,0.3287,5,false
B-TIA_USDT,1789556499929,0.3287,258,false
B-TIA_USDT,1789556500327,0.3287,3,false
B-TIA_USDT,1789556500953,0.3288,234,false
B-TIA_USDT,1789556501435,0.3288,68,false
B-TIA_USDT,1789556501582,0.3288,6,false
B-TIA_USDT,1789556501761,0.3287,73,true
B-TIA_USDT,1789556502530,0.3288,7,false
B-TIA_USDT,1789556503760,0.3288,4,false
B-TIA_USDT,1789556503904,0.3287,37,true
B-TIA_USDT,1789556504373,0.3287,134,true
B-TIA_USDT,1789556505239,0.3288,977,false
B-TIA_USDT,1789556506403,0.3289,7,false
B-TIA_USDT,1789556507347,0.3288,108,true
B-TIA_USDT,1789556507589,0.3289,5,false
B-TIA_USDT,1789556508639,0.3289,4,false
B-TIA_USDT,1789556509752,0.3289,5,false
B-TIA_USDT,1789556510063,0.3289,26,false
B-TIA_USDT,1789556510553,0.3288,207,true
B-TIA_USDT,1789556510819,0.3288,5,false
B-TIA_USDT,1789556510989,0.3288,82,false
B-TIA_USDT,1789556511841,0.3287,845,true
B-TIA_USDT,1789556511863,0.3287,6,false
B-TIA_USDT,1789556513121,0.3287,23,false
B-TIA_USDT,1789556513916,0.3287,31,false
B-TIA_USDT,1789556514230,0.3286,12,true
B-TIA_USDT,1789556514569,0.3287,3,false
B-TIA_USDT,1789556515152,0.3286,315,true
B-TIA_USDT,1789556515561,0.3287,7,false
B-TIA_USDT,1789556516163,0.3287,24,false
B-TIA_USDT,1789556516896,0.3286,61,true
B-TIA_USDT,1789556517169,0.3287,5,false
B-TIA_USDT,1789556517504,0.3287,19,false
B-TIA_USDT,1789556518266,0.3287,106,false
B-TIA_USDT,1789556518665,0.3287,58,false
B-TIA_USDT,1789556519787,0.3287,3,false
B-TIA_USDT,1789556519899,0.3287,18,false
B-TIA_USDT,1789556520392,0.3286,450,true
B-TIA_USDT,1789556520751,0.3287,16,false
B-TIA_USDT,1789556520969,0.3287,7,false
B-TIA_USDT,1789556522159,0.3287,4,false
B-TIA_USDT,1789556523253,0.3287,6,false
B-TIA_USDT,1789556524309,0.3287,7,false
B-TIA_USDT,1789556525357,0.3287,4,false
B-TIA_USDT,1789556526451,0.3287,231,false
B-TIA_USDT,1789556526488,0.3288,4426,false
B-TIA_USDT,1789556527551,0.3289,7,false
B-TIA_USDT,1789556528465,0.3289,27,false
B-TIA_USDT,1789556528765,0.3289,3,false
B-TIA_USDT,1789556530155,0.3289,4,false
B-TIA_USDT,1789556531258,0.3289,5,false
B-TIA_USDT,1789556532323,0.3289,7,false
B-TIA_USDT,1789556533353,0.3289,3,false
B-TIA_USDT,1789556534899,0.3289,6,false
B-TIA_USDT,1789556536027,0.3289,6,false
B-TIA_USDT,1789556537353,0.3289,3,false
B-TIA_USDT,1789556538633,0.3289,5,false
B-TIA_USDT,1789556539226,0.3288,18,true
B-TIA_USDT,1789556539693,0.3289,6,false
B-TIA_USDT,1789556540913,0.3289,4,false
B-TIA_USDT,1789556542127,0.3289,6,false
B-TIA_USDT,1789556543218,0.3289,6,false
B-TIA_USDT,1789556544377,0.3289,6,false
B-TIA_USDT,1789556544860,0.3289,99,false
B-TIA_USDT,1789556545659,0.3289,4,false
B-TIA_USDT,1789556546927,0.3289,7,false
B-TIA_USDT,1789556548099,0.3289,6,false
B-TIA_USDT,1789556548823,0.3289,1223,false
B-TIA_USDT,1789556548954,0.329,257,false
B-TIA_USDT,1789556549391,0.329,3,false
B-TIA_USDT,1789556550363,0.329,4,false
B-TIA_USDT,1789556551569,0.329,4,false
B-TIA_USDT,1789556552487,0.329,5,false
B-TIA_USDT,1789556553689,0.329,3,false
B-TIA_USDT,1789556554695,0.329,5,false
B-TIA_USDT,1789556555124,0.329,16,false
B-TIA_USDT,1789556556061,0.329,5,false
B-TIA_USDT,1789556557069,0.329,4,false
B-TIA_USDT,1789556557306,0.329,17,false
B-TIA_USDT,1789556557794,0.329,30,false
B-TIA_USDT,1789556558125,0.329,4,false
B-TIA_USDT,1789556558384,0.329,124,false
B-TIA_USDT,1789556558731,0.329,83,false
B-TIA_USDT,1789556559403,0.329,5,false
B-TIA_USDT,1789556559653,0.329,58,false
B-TIA_USDT,1789556560772,0.329,3242,false
B-TIA_USDT,1789556561676,0.3291,1,false
B-TIA_USDT,1789556561867,0.3291,6,false
B-TIA_USDT,1789556562198,0.3291,28,false
B-TIA_USDT,1789556562977,0.3291,2,false
B-TIA_USDT,1789556563135,0.3291,21,false
B-TIA_USDT,1789556563501,0.329,4269,true
B-TIA_USDT,1789556563938,0.329,8,false
B-TIA_USDT,1789556564151,0.329,57,false
B-TIA_USDT,1789556564602,0.3291,108,false
B-TIA_USDT,1789556564769,0.329,277,true
B-TIA_USDT,1789556564994,0.329,5,false
B-TIA_USDT,1789556566079,0.329,538,true
B-TIA_USDT,1789556566085,0.329,4,false
B-TIA_USDT,1789556566318,0.3289,46,true
B-TIA_USDT,1789556566793,0.329,307,false
B-TIA_USDT,1789556567235,0.329,4,false
B-TIA_USDT,1789556568205,0.329,16,false
B-TIA_USDT,1789556568313,0.329,2,false
B-TIA_USDT,1789556569469,0.329,3,false
B-TIA_USDT,1789556569834,0.3289,244,true
B-TIA_USDT,1789556570633,0.329,5,false
B-TIA_USDT,1789556571731,0.329,4,false
B-TIA_USDT,1789556572676,0.329,75,false
B-TIA_USDT,1789556572887,0.329,4,false
B-TIA_USDT,1789556572935,0.3289,480,true
B-TIA_USDT,1789556573207,0.329,197,false
B-TIA_USDT,1789556573953,0.329,6,false
B-TIA_USDT,1789556575163,0.329,5,false
B-TIA_USDT,1789556575561,0.329,49,false
B-TIA_USDT,1789556576211,0.329,4,false
B-TIA_USDT,1789556577379,0.329,4,false
B-TIA_USDT,1789556578468,0.3289,28,true
B-TIA_USDT,1789556578559,0.329,5,false
B-TIA_USDT,1789556579535,0.3289,16,true
B-TIA_USDT,1789556579549,0.329,56,false
B-TIA_USDT,1789556579837,0.329,65,false
B-TIA_USDT,1789556580377,0.3289,1509,true
B-TIA_USDT,1789556580406,0.329,70,false
B-TIA_USDT,1789556581091,0.329,2,false
B-TIA_USDT,1789556582199,0.329,5,false
B-TIA_USDT,1789556583381,0.329,3,false
B-TIA_USDT,1789556583688,0.329,53,false
B-TIA_USDT,1789556584817,0.329,2,false
B-TIA_USDT,1789556585989,0.329,3,false
B-TIA_USDT,1789556586416,0.3289,16,true
B-TIA_USDT,1789556587131,0.329,2,false
B-TIA_USDT,1789556588521,0.329,4,false
B-TIA_USDT,1789556589401,0.329,26,false
B-TIA_USDT,1789556589829,0.329,5,false
B-TIA_USDT,1789556590216,0.3289,20,true
B-TIA_USDT,1789556590945,0.329,6,false
B-TIA_USDT,1789556592061,0.329,3,false
B-TIA_USDT,1789556592815,0.3289,37,true
B-TIA_USDT,1789556593323,0.329,2,false
B-TIA_USDT,1789556594528,0.329,2,false
B-TIA_USDT,1789556595365,0.329,76,false
B-TIA_USDT,1789556595641,0.329,3,false
B-TIA_USDT,1789556596973,0.329,4,false
B-TIA_USDT,1789556598127,0.329,5,false
B-TIA_USDT,1789556598540,0.3289,87,true
B-TIA_USDT,1789556598852,0.329,35,false
B-TIA_USDT,1789556599407,0.329,5,false
B-TIA_USDT,1789556600638,0.329,3,false
B-TIA_USDT,1789556601607,0.329,5,false
B-TIA_USDT,1789556602735,0.329,5,false
B-TIA_USDT,1789556603909,0.329,4,false
B-TIA_USDT,1789556605061,0.329,2,false
B-TIA_USDT,1789556606215,0.329,4,false
B-TIA_USDT,1789556607137,0.329,3,false
B-TIA_USDT,1789556608429,0.329,2,false
B-TIA_USDT,1789556609731,0.329,3,false
B-TIA_USDT,1789556611087,0.329,4,false
B-TIA_USDT,1789556611726,0.329,71,false
B-TIA_USDT,1789556612429,0.329,2,false
B-TIA_USDT,1789556613378,0.329,4,false
B-TIA_USDT,1789556614260,0.329,20,false
B-TIA_USDT,1789556614509,0.329,2,false
B-TIA_USDT,1789556614529,0.3289,111,true
B-TIA_USDT,1789556615743,0.329,5,false
B-TIA_USDT,1789556615866,0.329,70,false
B-TIA_USDT,1789556616921,0.329,53,false
B-TIA_USDT,1789556618155,0.329,3,false
B-TIA_USDT,1789556618804,0.329,5660,false
B-TIA_USDT,1789556619385,0.3291,2,false
B-TIA_USDT,1789556620093,0.329,534,true
B-TIA_USDT,1789556620666,0.3291,2,false
B-TIA_USDT,1789556621810,0.3291,5,false
B-TIA_USDT,1789556622030,0.329,325,true
B-TIA_USDT,1789556623099,0.3291,5,false
B-TIA_USDT,1789556624459,0.3291,40,false
B-TIA_USDT,1789556625185,0.3291,45,false
B-TIA_USDT,1789556625548,0.3291,22,false
B-TIA_USDT,1789556626079,0.3291,3648,false
B-TIA_USDT,1789556626759,0.3292,2,false
B-TIA_USDT,1789556627711,0.3292,2,false
B-TIA_USDT,1789556628161,0.3291,172,true
B-TIA_USDT,1789556628400,0.3292,2404,false
B-TIA_USDT,1789556628615,0.3293,280,false
B-TIA_USDT,1789556628749,0.3294,5,false
B-TIA_USDT,1789556628971,0.3294,17,false
B-TIA_USDT,1789556629189,0.3294,1062,false
B-TIA_USDT,1789556630035,0.3294,2,false
B-TIA_USDT,1789556630302,0.3293,19,true
B-TIA_USDT,1789556631327,0.3295,4,false
B-TIA_USDT,1789556631328,0.3295,358,false
B-TIA_USDT,1789556632283,0.3295,4,false
B-TIA_USDT,1789556633340,0.3295,4,false
B-TIA_USDT,1789556634368,0.3295,17,false
B-TIA_USDT,1789556634369,0.3296,2915,false
B-TIA_USDT,1789556634375,0.3297,17,false
B-TIA_USDT,1789556634383,0.3296,35,true
B-TIA_USDT,1789556634489,0.3297,2,false
B-TIA_USDT,1789556635060,0.3297,151,false
B-TIA_USDT,1789556635483,0.3297,4,false
B-TIA_USDT,1789556636527,0.3297,4,false
B-TIA_USDT,1789556636732,0.3297,45,false
B-TIA_USDT,1789556637615,0.3297,2,false
B-TIA_USDT,1789556637983,0.3296,21,true
B-TIA_USDT,1789556638512,0.3297,18,false
B-TIA_USDT,1789556638707,0.3297,2,false
B-TIA_USDT,1789556639598,0.3297,54,false
B-TIA_USDT,1789556639745,0.3297,3,false
B-TIA_USDT,1789556640389,0.3296,1577,true
B-TIA_USDT,1789556640919,0.3297,2,false
B-TIA_USDT,1789556641829,0.3297,17,false
B-TIA_USDT,1789556642065,0.3297,2,false
B-TIA_USDT,1789556643105,0.3297,3,false
B-TIA_USDT,1789556644359,0.3297,3,false
B-TIA_USDT,1789556645521,0.3297,3,false
B-TIA_USDT,1789556646650,0.3297,4446,false
B-TIA_USDT,1789556646703,0.3298,1312,false
B-TIA_USDT,1789556647329,0.3298,1212,false
B-TIA_USDT,1789556647768,0.3298,3,false
B-TIA_USDT,1789556648814,0.3298,3,false
B-TIA_USDT,1789556649781,0.3298,787,false
B-TIA_USDT,1789556650023,0.3299,3,false
B-TIA_USDT,1789556650530,0.3297,2205,true
B-TIA_USDT,1789556651095,0.3298,35,false
B-TIA_USDT,1789556651275,0.3298,2,false
B-TIA_USDT,1789556652095,0.3298,39,false
B-TIA_USDT,1789556652401,0.3298,3,false
B-TIA_USDT,1789556653096,0.3298,39,false
B-TIA_USDT,1789556653755,0.3298,3,false
B-TIA_USDT,1789556654897,0.3298,3,false
B-TIA_USDT,1789556655888,0.3298,17,false
B-TIA_USDT,1789556656123,0.3298,3,false
B-TIA_USDT,1789556657157,0.3298,3,false
B-TIA_USDT,1789556657479,0.3298,758,false
B-TIA_USDT,1789556658262,0.3299,3,false
B-TIA_USDT,1789556659267,0.3299,3,false
B-TIA_USDT,1789556660119,0.3299,564,false
B-TIA_USDT,1789556660190,0.33,1545,false
B-TIA_USDT,1789556660405,0.33,3,false
B-TIA_USDT,1789556661078,0.33,611,false
B-TIA_USDT,1789556661421,0.33,3,false
B-TIA_USDT,1789556661990,0.33,30,false
B-TIA_USDT,1789556662527,0.33,3,false
B-TIA_USDT,1789556663515,0.33,3,false
B-TIA_USDT,1789556664516,0.33,5,false
B-TIA_USDT,1789556665433,0.33,4,false
B-TIA_USDT,1789556665603,0.3299,6,true
B-TIA_USDT,1789556666655,0.33,2,false
B-TIA_USDT,1789556667707,0.33,2,false
B-TIA_USDT,1789556668317,0.33,18,false
B-TIA_USDT,1789556668941,0.33,4,false
B-TIA_USDT,1789556669944,0.33,4,false
B-TIA_USDT,1789556670778,0.3299,63,true
B-TIA_USDT,1789556671067,0.33,3,false
B-TIA_USDT,1789556672235,0.33,5,false
B-TIA_USDT,1789556672663,0.3299,11745,true
B-TIA_USDT,1789556673599,0.3298,6562,true
B-TIA_USDT,1789556673620,0.3298,4,false
B-TIA_USDT,1789556674629,0.3298,2,false
B-TIA_USDT,1789556676857,0.3298,2,false
B-TIA_USDT,1789556678161,0.3297,23,true
B-TIA_USDT,1789556678190,0.3298,2,false
B-TIA_USDT,1789556679831,0.3298,4,false
B-TIA_USDT,1789556681125,0.3298,5,false
B-TIA_USDT,1789556682063,0.3298,3,false
B-TIA_USDT,1789556683233,0.3298,2,false
B-TIA_USDT,1789556684302,0.3298,2,false
B-TIA_USDT,1789556685503,0.3298,5,false
B-TIA_USDT,1789556686765,0.3298,2,false
B-TIA_USDT,1789556687146,0.3298,73,false
B-TIA_USDT,1789556687361,0.3297,3640,true
B-TIA_USDT,1789556687917,0.3297,4,false
B-TIA_USDT,1789556688044,0.3296,11096,true
B-TIA_USDT,1789556688995,0.3296,2,false
B-TIA_USDT,1789556690429,0.3296,4,false
B-TIA_USDT,1789556690817,0.3295,34,true
B-TIA_USDT,1789556691551,0.3296,4,false
B-TIA_USDT,1789556692529,0.3296,4,false
B-TIA_USDT,1789556694265,0.3296,2,false
B-TIA_USDT,1789556695329,0.3296,4,false
B-TIA_USDT,1789556696651,0.3296,3,false
B-TIA_USDT,1789556697877,0.3296,2,false
B-TIA_USDT,1789556698979,0.3296,5,false
B-TIA_USDT,1789556699988,0.3296,128,false
B-TIA_USDT,1789556700390,0.3295,1605,true
B-TIA_USDT,1789556700994,0.3296,4,false
B-TIA_USDT,1789556701570,0.3295,567,true
B-TIA_USDT,1789556701836,0.3294,2526,true
B-TIA_USDT,1789556701992,0.3294,73,true
B-TIA_USDT,1789556702046,0.3295,4,false
B-TIA_USDT,1789556702513,0.3294,2526,true
B-TIA_USDT,1789556702840,0.3294,26,true
B-TIA_USDT,1789556703236,0.3295,3,false
B-TIA_USDT,1789556703748,0.3294,2528,true
B-TIA_USDT,1789556704205,0.3295,4,false
B-TIA_USDT,1789556704430,0.3294,775,true
B-TIA_USDT,1789556704785,0.3293,340,true
B-TIA_USDT,1789556705105,0.3293,2528,true
B-TIA_USDT,1789556705415,0.3294,3,false
B-TIA_USDT,1789556706359,0.3294,5131,false
B-TIA_USDT,1789556706488,0.3295,2,false
B-TIA_USDT,1789556707667,0.3295,3,false
B-TIA_USDT,1789556708027,0.3295,135,false
B-TIA_USDT,1789556708759,0.3295,102,false
B-TIA_USDT,1789556708924,0.3295,2,false
B-TIA_USDT,1789556710141,0.3295,2,false
B-TIA_USDT,1789556710810,0.3294,362,true
B-TIA_USDT,1789556711115,0.3294,5,false
B-TIA_USDT,1789556712309,0.3294,3,false
B-TIA_USDT,1789556713042,0.3293,1702,true
B-TIA_USDT,1789556713627,0.3294,2,false
B-TIA_USDT,1789556714098,0.3294,245,false
B-TIA_USDT,1789556714661,0.3294,3,false
B-TIA_USDT,1789556715815,0.3294,2,false
B-TIA_USDT,1789556716776,0.3294,3,false
B-TIA_USDT,1789556717831,0.3294,3,false
B-TIA_USDT,1789556718835,0.3294,4,false
B-TIA_USDT,1789556719913,0.3294,3,false
B-TIA_USDT,1789556720568,0.3293,3133,true
B-TIA_USDT,1789556721001,0.3293,2,false
B-TIA_USDT,1789556721963,0.3293,5,false
B-TIA_USDT,1789556722997,0.3293,5,false
B-TIA_USDT,1789556724277,0.3293,5,false
B-TIA_USDT,1789556725272,0.3293,3,false
B-TIA_USDT,1789556725613,0.3293,223,false
B-TIA_USDT,1789556726400,0.3293,3,false
B-TIA_USDT,1789556727605,0.3293,6,false
B-TIA_USDT,1789556728847,0.3293,3,false
B-TIA_USDT,1789556730563,0.3293,3,false
B-TIA_USDT,1789556731114,0.3292,68,true
B-TIA_USDT,1789556731725,0.3293,5,false
B-TIA_USDT,1789556732737,0.3293,3,false
B-TIA_USDT,1789556733769,0.3293,6,false
B-TIA_USDT,1789556734528,0.3292,111,true
B-TIA_USDT,1789556734773,0.3293,3,false
B-TIA_USDT,1789556735961,0.3293,5,false
B-TIA_USDT,1789556737390,0.3293,4,false
B-TIA_USDT,1789556737412,0.3292,216,true
B-TIA_USDT,1789556738545,0.3293,3,false
B-TIA_USDT,1789556739490,0.3292,1708,true
B-TIA_USDT,1789556739491,0.3291,36,true
B-TIA_USDT,1789556739718,0.3292,3,false
B-TIA_USDT,1789556739992,0.3292,99,false
B-TIA_USDT,1789556740803,0.3292,2,false
B-TIA_USDT,1789556741929,0.3292,3,false
B-TIA_USDT,1789556743095,0.3292,2,false
B-TIA_USDT,1789556743267,0.3292,407,false
B-TIA_USDT,1789556744237,0.3292,6,false
B-TIA_USDT,1789556745288,0.3292,3,false
B-TIA_USDT,1789556746517,0.3292,4,false
B-TIA_USDT,1789556747575,0.3292,4,false
B-TIA_USDT,1789556747714,0.3292,114,false
B-TIA_USDT,1789556749005,0.3292,3,false
B-TIA_USDT,1789556750077,0.3292,5,false
B-TIA_USDT,1789556751277,0.3292,3,false
B-TIA_USDT,1789556751787,0.3291,16,true
B-TIA_USDT,1789556752219,0.3292,2,false
B-TIA_USDT,1789556753099,0.3292,16,false
B-TIA_USDT,1789556753625,0.3292,5,false
B-TIA_USDT,1789556754831,0.3292,2,false
B-TIA_USDT,1789556756017,0.3292,4,false
B-TIA_USDT,1789556757092,0.3291,24,true
B-TIA_USDT,1789556757319,0.3292,2,false
B-TIA_USDT,1789556758429,0.3292,3,false
B-TIA_USDT,1789556759605,0.3292,3,false
B-TIA_USDT,1789556759801,0.3292,30,false
B-TIA_USDT,1789556760377,0.3291,1876,true
B-TIA_USDT,1789556760675,0.3291,5,false
B-TIA_USDT,1789556760994,0.3291,121,false
B-TIA_USDT,1789556761197,0.3291,37,false
B-TIA_USDT,1789556761379,0.3291,24,false
B-TIA_USDT,1789556761845,0.3291,4,false
B-TIA_USDT,1789556763073,0.3291,2,false
B-TIA_USDT,1789556764264,0.3291,4,false
B-TIA_USDT,1789556765533,0.3291,4,false
B-TIA_USDT,1789556766718,0.3291,4,false
B-TIA_USDT,1789556767873,0.3291,5,false
B-TIA_USDT,1789556768002,0.3291,9,false
B-TIA_USDT,1789556769107,0.3291,5,false
B-TIA_USDT,1789556769358,0.3291,18,false
B-TIA_USDT,1789556770147,0.3291,4,false
B-TIA_USDT,1789556771032,0.329,4354,true
B-TIA_USDT,1789556771141,0.329,4,false
B-TIA_USDT,1789556772165,0.329,5,false
B-TIA_USDT,1789556772295,0.329,35,false
B-TIA_USDT,1789556773449,0.329,3,false
B-TIA_USDT,1789556774923,0.329,5,false
B-TIA_USDT,1789556776143,0.329,112,false
B-TIA_USDT,1789556777507,0.329,3,false
B-TIA_USDT,1789556778461,0.329,2,false
B-TIA_USDT,1789556779529,0.329,4,false
B-TIA_USDT,1789556780735,0.329,3,false
B-TIA_USDT,1789556781742,0.329,5,false
B-TIA_USDT,1789556783109,0.329,4,false
B-TIA_USDT,1789556784158,0.329,26,false
B-TIA_USDT,1789556784354,0.329,3,false
B-TIA_USDT,1789556785699,0.329,5,false
B-TIA_USDT,1789556786815,0.329,2,false
B-TIA_USDT,1789556787041,0.3289,108,true
B-TIA_USDT,1789556787997,0.329,4,false
B-TIA_USDT,1789556789074,0.329,4,false
B-TIA_USDT,1789556790389,0.329,2,false
B-TIA_USDT,1789556791829,0.329,4,false
B-TIA_USDT,1789556791994,0.329,126,false
B-TIA_USDT,1789556792567,0.329,3286,false
B-TIA_USDT,1789556792594,0.3291,397,false
B-TIA_USDT,1789556792953,0.3291,4,false
B-TIA_USDT,1789556793918,0.3291,4,false
B-TIA_USDT,1789556794108,0.3291,21,false
B-TIA_USDT,1789556794953,0.3291,4,false
B-TIA_USDT,1789556796539,0.3291,4,false
B-TIA_USDT,1789556797317,0.329,53,true
B-TIA_USDT,1789556797503,0.3291,2,false
B-TIA_USDT,1789556798813,0.3291,5,false
B-TIA_USDT,1789556800399,0.3291,3,false
B-TIA_USDT,1789556801955,0.3291,3,false
B-TIA_USDT,1789556802095,0.329,34,true
B-TIA_USDT,1789556803165,0.3291,4,false
B-TIA_USDT,1789556804595,0.3291,2,false
B-TIA_USDT,1789556805291,0.3291,19,false
B-TIA_USDT,1789556805781,0.3291,24,false
B-TIA_USDT,1789556805949,0.3291,4,false
B-TIA_USDT,1789556807207,0.3291,2,false
B-TIA_USDT,1789556807421,0.3291,30,false
B-TIA_USDT,1789556808283,0.3291,3,false
B-TIA_USDT,1789556809681,0.3291,2,false
B-TIA_USDT,1789556810890,0.3291,2,false
B-TIA_USDT,1789556812052,0.3291,3,false
B-TIA_USDT,1789556813359,0.3291,4,false
B-TIA_USDT,1789556814851,0.3291,2,false
B-TIA_USDT,1789556816123,0.3291,2,false
B-TIA_USDT,1789556817687,0.3291,2,false
B-TIA_USDT,1789556818605,0.3291,3,false
B-TIA_USDT,1789556819857,0.3291,3,false
B-TIA_USDT,1789556820385,0.329,1657,true
B-TIA_USDT,1789556821085,0.3291,4,false
B-TIA_USDT,1789556822219,0.3291,2,false
B-TIA_USDT,1789556823647,0.3291,4,false
B-TIA_USDT,1789556825057,0.3291,3,false
B-TIA_USDT,1789556826029,0.329,5176,true
B-TIA_USDT,1789556826077,0.3289,9897,true
B-TIA_USDT,1789556826108,0.3289,3,false
B-TIA_USDT,1789556826145,0.3288,3187,true
B-TIA_USDT,1789556826200,0.3287,3455,true
B-TIA_USDT,1789556826929,0.3287,20,false
B-TIA_USDT,1789556827040,0.3286,1204,true
B-TIA_USDT,1789556827221,0.3286,2,false
B-TIA_USDT,1789556828329,0.3286,2,false
B-TIA_USDT,1789556829005,0.3286,53,false
B-TIA_USDT,1789556829507,0.3286,2,false
B-TIA_USDT,1789556829530,0.3285,3997,true
B-TIA_USDT,1789556830029,0.3285,1377,false
B-TIA_USDT,1789556830607,0.3286,2,false
B-TIA_USDT,1789556831069,0.3286,325,false
B-TIA_USDT,1789556831549,0.3286,4,false
B-TIA_USDT,1789556831887,0.3285,23,true
B-TIA_USDT,1789556832599,0.3286,4,false
B-TIA_USDT,1789556833195,0.3286,17,false
B-TIA_USDT,1789556833731,0.3286,3,false
B-TIA_USDT,1789556834723,0.3285,100,true
B-TIA_USDT,1789556834829,0.3286,2,false
B-TIA_USDT,1789556836168,0.3286,35,false
B-TIA_USDT,1789556837325,0.3286,2,false
B-TIA_USDT,1789556838929,0.3286,2,false
B-TIA_USDT,1789556840078,0.3286,3,false
B-TIA_USDT,1789556841115,0.3286,2,false
B-TIA_USDT,1789556841138,0.3285,111,true
B-TIA_USDT,1789556842191,0.3286,4,false
B-TIA_USDT,1789556843168,0.3286,4,false
B-TIA_USDT,1789556843574,0.3286,15,false
B-TIA_USDT,1789556844273,0.3286,4,false
B-TIA_USDT,1789556845380,0.3286,18,false
B-TIA_USDT,1789556845894,0.3286,4,false
B-TIA_USDT,1789556846248,0.3286,23,false
B-TIA_USDT,1789556847057,0.3286,3,false
B-TIA_USDT,1789556848430,0.3286,20,false
B-TIA_USDT,1789556848575,0.3286,132,false
B-TIA_USDT,1789556849783,0.3286,3,false
B-TIA_USDT,1789556850735,0.3286,2,false
B-TIA_USDT,1789556851523,0.3286,56,false
B-TIA_USDT,1789556852009,0.3286,2,false
B-TIA_USDT,1789556853319,0.3286,2,false
B-TIA_USDT,1789556854521,0.3286,4,false
B-TIA_USDT,1789556854527,0.3285,111,true
B-TIA_USDT,1789556854754,0.3285,16,true
B-TIA_USDT,1789556855448,0.3285,2742,true
B-TIA_USDT,1789556855793,0.3285,3,false
B-TIA_USDT,1789556856245,0.3284,708,true
B-TIA_USDT,1789556856893,0.3285,2,false
B-TIA_USDT,1789556858334,0.3285,3,false
B-TIA_USDT,1789556859459,0.3285,3,false
B-TIA_USDT,1789556861425,0.3285,4,false
B-TIA_USDT,1789556862601,0.3285,3,false
B-TIA_USDT,1789556863537,0.3285,3,false
B-TIA_USDT,1789556864321,0.3285,1631,false
B-TIA_USDT,1789556864659,0.3285,45,true
B-TIA_USDT,1789556864857,0.3286,2,false
B-TIA_USDT,1789556866317,0.3286,2,false
B-TIA_USDT,1789556867563,0.3286,3,false
B-TIA_USDT,1789556868897,0.3286,3,false
B-TIA_USDT,1789556870089,0.3286,3,false
B-TIA_USDT,1789556871349,0.3286,3,false
B-TIA_USDT,1789556871985,0.3285,27,true
B-TIA_USDT,1789556872629,0.3286,3,false
B-TIA_USDT,1789556874179,0.3286,4,false
B-TIA_USDT,1789556875299,0.3286,2,false
B-TIA_USDT,1789556875565,0.3285,34,true
B-TIA_USDT,1789556875978,0.3286,38,false
B-TIA_USDT,1789556876249,0.3286,4,false
B-TIA_USDT,1789556877573,0.3286,2,false
B-TIA_USDT,1789556877586,0.3285,71,true
B-TIA_USDT,1789556878827,0.3286,3,false
B-TIA_USDT,1789556880073,0.3286,4,false
B-TIA_USDT,1789556880382,0.3285,343,true
B-TIA_USDT,1789556881163,0.3285,2,false
B-TIA_USDT,1789556882227,0.3285,3,false
B-TIA_USDT,1789556883613,0.3285,3,false
B-TIA_USDT,1789556884110,0.3284,1131,true
B-TIA_USDT,1789556884997,0.3285,4,false
B-TIA_USDT,1789556885668,0.3284,419,true
B-TIA_USDT,1789556886181,0.3285,2,false
B-TIA_USDT,1789556887220,0.3285,4,false
B-TIA_USDT,1789556888249,0.3285,3,false
B-TIA_USDT,1789556889283,0.3285,4,false
B-TIA_USDT,1789556890718,0.3285,4,false
B-TIA_USDT,1789556891744,0.3285,3,false
B-TIA_USDT,1789556893329,0.3285,2,false
B-TIA_USDT,1789556894399,0.3285,2,false
B-TIA_USDT,1789556895695,0.3285,4,false
B-TIA_USDT,1789556896957,0.3285,4,false
B-TIA_USDT,1789556898083,0.3285,2,false
B-TIA_USDT,1789556899207,0.3285,2,false
B-TIA_USDT,1789556900195,0.3285,3,false
B-TIA_USDT,1789556901383,0.3285,3,false
B-TIA_USDT,1789556901640,0.3284,48,true
B-TIA_USDT,1789556901747,0.3284,32,true
B-TIA_USDT,1789556902627,0.3285,128,false
B-TIA_USDT,1789556903829,0.3285,4,false
B-TIA_USDT,1789556905117,0.3285,2,false
B-TIA_USDT,1789556906203,0.3285,3,false
B-TIA_USDT,1789556907199,0.3285,2,false
B-TIA_USDT,1789556907582,0.3285,46,false
B-TIA_USDT,1789556907781,0.3284,16,true
B-TIA_USDT,1789556908225,0.3285,3,false
B-TIA_USDT,1789556909267,0.3285,3,false
B-TIA_USDT,1789556910321,0.3285,2,false
B-TIA_USDT,1789556911147,0.3285,40,false
B-TIA_USDT,1789556911570,0.3285,3,false
B-TIA_USDT,1789556912629,0.3285,3,false
B-TIA_USDT,1789556913919,0.3285,1,false
B-TIA_USDT,1789556915173,0.3285,3,false
B-TIA_USDT,1789556915266,0.3284,12189,true
B-TIA_USDT,1789556915279,0.3283,8028,true
B-TIA_USDT,1789556915363,0.3282,6592,true
B-TIA_USDT,1789556915377,0.3281,6193,true
B-TIA_USDT,1789556915454,0.3282,630,true
B-TIA_USDT,1789556916139,0.3283,18,false
B-TIA_USDT,1789556916351,0.3283,3,false
B-TIA_USDT,1789556917389,0.3283,2,false
B-TIA_USDT,1789556918425,0.3283,3,false
B-TIA_USDT,1789556919161,0.3283,16,false
B-TIA_USDT,1789556919389,0.3283,2,false
B-TIA_USDT,1789556919664,0.3282,23,true
B-TIA_USDT,1789556920157,0.3283,81,false
B-TIA_USDT,1789556920647,0.3283,4,false
B-TIA_USDT,1789556921390,0.3283,1531,false
B-TIA_USDT,1789556921715,0.3284,3,false
B-TIA_USDT,1789556922805,0.3284,2,false
B-TIA_USDT,1789556923275,0.3283,29,true
B-TIA_USDT,1789556924119,0.3284,2,false
B-TIA_USDT,1789556924139,0.3283,9,true
B-TIA_USDT,1789556924169,0.3284,40,false
B-TIA_USDT,1789556925467,0.3284,4,false
B-TIA_USDT,1789556926549,0.3284,4,false
B-TIA_USDT,1789556927311,0.3284,25,false
B-TIA_USDT,1789556927799,0.3284,3,false
B-TIA_USDT,1789556928939,0.3284,3,false
B-TIA_USDT,1789556930133,0.3284,3,false
B-TIA_USDT,1789556931349,0.3284,2,false
B-TIA_USDT,1789556932575,0.3284,4,false
B-TIA_USDT,1789556932767,0.3284,409,false
B-TIA_USDT,1789556933727,0.3284,3,false
B-TIA_USDT,1789556934761,0.3284,3,false
B-TIA_USDT,1789556936008,0.3284,3,false
B-TIA_USDT,1789556936231,0.3284,27,false
B-TIA_USDT,1789556937193,0.3284,2,false
B-TIA_USDT,1789556938253,0.3284,3,false
B-TIA_USDT,1789556939731,0.3284,2,false
B-TIA_USDT,1789556940839,0.3284,4,false
B-TIA_USDT,1789556941904,0.3284,4,false
B-TIA_USDT,1789556942649,0.3284,18,false
B-TIA_USDT,1789556943103,0.3284,2,false
B-TIA_USDT,1789556943448,0.3283,18,true
B-TIA_USDT,1789556944165,0.3284,1,false
B-TIA_USDT,1789556945126,0.3283,18,true
B-TIA_USDT,1789556945304,0.3284,3,false
B-TIA_USDT,1789556946331,0.3284,2,false
B-TIA_USDT,1789556947469,0.3284,4,false
B-TIA_USDT,1789556948519,0.3284,3,false
B-TIA_USDT,1789556949971,0.3284,4,false
B-TIA_USDT,1789556951311,0.3284,3,false
B-TIA_USDT,1789556952529,0.3284,4,false
B-TIA_USDT,1789556953619,0.3284,3,false
B-TIA_USDT,1789556953960,0.3283,16,true
B-TIA_USDT,1789556954878,0.3284,2,false
B-TIA_USDT,1789556955810,0.3284,2,false
B-TIA_USDT,1789556957001,0.3284,2,false
B-TIA_USDT,1789556957239,0.3284,20,false
B-TIA_USDT,1789556958217,0.3284,3,false
B-TIA_USDT,1789556958380,0.3283,33,true
B-TIA_USDT,1789556959380,0.3283,33,true
B-TIA_USDT,1789556959408,0.3284,2,false
B-TIA_USDT,1789556960809,0.3284,2,false
B-TIA_USDT,1789556961935,0.3284,3,false
B-TIA_USDT,1789556963715,0.3284,3,false
B-TIA_USDT,1789556964967,0.3284,3,false
B-TIA_USDT,1789556965106,0.3284,19,false
B-TIA_USDT,1789556965732,0.3283,4,true
B-TIA_USDT,1789556966031,0.3284,2,false
B-TIA_USDT,1789556967032,0.3284,22,false
B-TIA_USDT,1789556968153,0.3284,2,false
B-TIA_USDT,1789556969220,0.3284,2,false
B-TIA_USDT,1789556970443,0.3284,4,false
B-TIA_USDT,1789556971615,0.3284,4,false
B-TIA_USDT,1789556972613,0.3284,1,false
B-TIA_USDT,1789556973665,0.3284,4,false
B-TIA_USDT,1789556974870,0.3284,79,false
B-TIA_USDT,1789556975911,0.3284,1,false
B-TIA_USDT,1789556976959,0.3284,3,false
B-TIA_USDT,1789556977881,0.3284,4,false
B-TIA_USDT,1789556978052,0.3284,46,false
B-TIA_USDT,1789556978994,0.3284,2,false
B-TIA_USDT,1789556980245,0.3284,3,false
B-TIA_USDT,1789556981429,0.3284,2,false
B-TIA_USDT,1789556982993,0.3283,97,true
B-TIA_USDT,1789556983021,0.3284,2,false
B-TIA_USDT,1789556984168,0.3284,3,false
B-TIA_USDT,1789556985423,0.3284,3,false
B-TIA_USDT,1789556985721,0.3283,29,true
B-TIA_USDT,1789556986343,0.3284,2,false
B-TIA_USDT,1789556987475,0.3284,2358,false
B-TIA_USDT,1789556988631,0.3284,3,false
B-TIA_USDT,1789556989727,0.3284,3,false
B-TIA_USDT,1789556990937,0.3284,1794,false
B-TIA_USDT,1789556991562,0.3285,939,false
B-TIA_USDT,1789556991914,0.3286,1,false
B-TIA_USDT,1789556992869,0.3286,2,false
B-TIA_USDT,1789556993106,0.3286,3007,false
B-TIA_USDT,1789556993999,0.3287,2,false
B-TIA_USDT,1789556994149,0.3286,2821,true
B-TIA_USDT,1789556995193,0.3286,1,false
B-TIA_USDT,1789556995426,0.3286,17,false
B-TIA_USDT,1789556996249,0.3286,1,false
B-TIA_USDT,1789556997477,0.3286,2,false
B-TIA_USDT,1789556998573,0.3286,2,false
B-TIA_USDT,1789556999927,0.3286,2,false
B-TIA_USDT,1789557000054,0.3285,5697,true
B-TIA_USDT,1789557001187,0.3285,3,false
B-TIA_USDT,1789557002368,0.3285,3,false
B-TIA_USDT,1789557003566,0.3285,1,false
B-TIA_USDT,1789557004709,0.3285,2,false
B-TIA_USDT,1789557005805,0.3285,3,false
B-TIA_USDT,1789557006781,0.3285,2,false
B-TIA_USDT,1789557007854,0.3285,2,false
B-TIA_USDT,1789557009041,0.3285,3,false
B-TIA_USDT,1789557009975,0.3285,1,false
B-TIA_USDT,1789557010971,0.3285,2,false
B-TIA_USDT,1789557011974,0.3285,3,false
B-TIA_USDT,1789557013307,0.3285,3,false
B-TIA_USDT,1789557014299,0.3285,1,false
B-TIA_USDT,1789557015861,0.3285,2,false
B-TIA_USDT,1789557016973,0.3284,31,true
B-TIA_USDT,1789557017003,0.3285,3,false
B-TIA_USDT,1789557018163,0.3285,2,false
B-TIA_USDT,1789557018809,0.3285,211,false
B-TIA_USDT,1789557019139,0.3285,2,false
B-TIA_USDT,1789557020317,0.3285,3,false
B-TIA_USDT,1789557021339,0.3285,3,false
B-TIA_USDT,1789557022389,0.3285,2,false
B-TIA_USDT,1789557022912,0.3285,2324,false
B-TIA_USDT,1789557022918,0.3285,1508,true
B-TIA_USDT,1789557023597,0.3286,3,false
B-TIA_USDT,1789557024084,0.3286,44,false
B-TIA_USDT,1789557024795,0.3286,2,false
B-TIA_USDT,1789557025654,0.3286,27,false
B-TIA_USDT,1789557025866,0.3286,2,false
B-TIA_USDT,1789557026295,0.3285,1337,true
B-TIA_USDT,1789557027243,0.3285,3,false
B-TIA_USDT,1789557028419,0.3285,2,false
B-TIA_USDT,1789557029695,0.3285,2,false
B-TIA_USDT,1789557030703,0.3285,3,false
B-TIA_USDT,1789557031511,0.3286,408,false
B-TIA_USDT,1789557031741,0.3285,3,false
B-TIA_USDT,1789557033071,0.3285,2,false
B-TIA_USDT,1789557034399,0.3285,2,false
B-TIA_USDT,1789557034750,0.3285,77,false
B-TIA_USDT,1789557035328,0.3284,19,true
B-TIA_USDT,1789557036058,0.3285,2,false
B-TIA_USDT,1789557037071,0.3285,3,false
B-TIA_USDT,1789557038076,0.3285,764,false
B-TIA_USDT,1789557038097,0.3286,3,false
B-TIA_USDT,1789557039171,0.3286,2,false
B-TIA_USDT,1789557040839,0.3286,2,false
B-TIA_USDT,1789557041373,0.3286,32,false
B-TIA_USDT,1789557042117,0.3286,3,false
B-TIA_USDT,1789557042918,0.3286,19,false
B-TIA_USDT,1789557043093,0.3286,1,false
B-TIA_USDT,1789557044475,0.3286,1,false
B-TIA_USDT,1789557045907,0.3286,2,false
B-TIA_USDT,1789557046935,0.3286,1,false
B-TIA_USDT,1789557047909,0.3286,1,false
B-TIA_USDT,1789557049029,0.3286,2,false
B-TIA_USDT,1789557050140,0.3286,23,false
B-TIA_USDT,1789557050603,0.3286,1840,false
B-TIA_USDT,1789557051521,0.3287,2,false
B-TIA_USDT,1789557052703,0.3287,2,false
B-TIA_USDT,1789557054015,0.3287,2,false
B-TIA_USDT,1789557054689,0.3286,32,true
B-TIA_USDT,1789557055135,0.3287,27,false
B-TIA_USDT,1789557055339,0.3287,3,false
B-TIA_USDT,1789557056829,0.3287,2,false
B-TIA_USDT,1789557058129,0.3287,2,false
B-TIA_USDT,1789557059723,0.3287,1,false
B-TIA_USDT,1789557060897,0.3287,1,false
B-TIA_USDT,1789557062060,0.3287,3,false
B-TIA_USDT,1789557063441,0.3287,2,false
B-TIA_USDT,1789557064769,0.3287,2,false
B-TIA_USDT,1789557066057,0.3287,2,false
B-TIA_USDT,1789557067655,0.3287,1,false
B-TIA_USDT,1789557068443,0.3287,41,false
B-TIA_USDT,1789557068575,0.3287,2,false
B-TIA_USDT,1789557069771,0.3287,2,false
B-TIA_USDT,1789557070793,0.3286,8283,true
B-TIA_USDT,1789557070797,0.3285,522,true
B-TIA_USDT,1789557070836,0.3285,2,false
B-TIA_USDT,1789557072048,0.3285,1,false
B-TIA_USDT,1789557073059,0.3285,2,false
B-TIA_USDT,1789557073587,0.3284,16,true
B-TIA_USDT,1789557074193,0.3285,2,false
B-TIA_USDT,1789557074633,0.3284,17,true
B-TIA_USDT,1789557075434,0.3285,348,false
B-TIA_USDT,1789557075437,0.3286,1370,false
B-TIA_USDT,1789557075445,0.3287,2,false
B-TIA_USDT,1789557076522,0.3287,2,false
B-TIA_USDT,1789557077481,0.3287,2,false
B-TIA_USDT,1789557078717,0.3287,2,false
B-TIA_USDT,1789557079556,0.3287,10,false
B-TIA_USDT,1789557079965,0.3287,2,false
B-TIA_USDT,1789557081113,0.3287,1,false
B-TIA_USDT,1789557082533,0.3287,2,false
B-TIA_USDT,1789557083661,0.3287,2,false
B-TIA_USDT,1789557084335,0.3287,28,false
B-TIA_USDT,1789557084596,0.3287,43,false
B-TIA_USDT,1789557085596,0.3287,1,false
B-TIA_USDT,1789557087001,0.3287,2,false
B-TIA_USDT,1789557088137,0.3287,2,false
B-TIA_USDT,1789557088924,0.3287,2,false
B-TIA_USDT,1789557089429,0.3287,2,false
B-TIA_USDT,1789557090914,0.3287,2,false
B-TIA_USDT,1789557091272,0.3287,15,false
B-TIA_USDT,1789557092063,0.3287,21,false
B-TIA_USDT,1789557093181,0.3287,2,false
B-TIA_USDT,1789557094305,0.3287,1,false
B-TIA_USDT,1789557095440,0.3287,1,false
B-TIA_USDT,1789557096058,0.3287,67,false
B-TIA_USDT,1789557096070,0.3286,121,true
B-TIA_USDT,1789557096731,0.3287,1,false
B-TIA_USDT,1789557097737,0.3287,263,false
B-TIA_USDT,1789557099012,0.3287,1,false
B-TIA_USDT,1789557100195,0.3287,1,false
B-TIA_USDT,1789557101648,0.3287,1,false
B-TIA_USDT,1789557102138,0.3287,19,false
B-TIA_USDT,1789557102889,0.3287,2,false
B-TIA_USDT,1789557104605,0.3287,1,false
B-TIA_USDT,1789557105645,0.3286,304,true
B-TIA_USDT,1789557105744,0.3287,2,false
B-TIA_USDT,1789557106823,0.3287,2,false
B-TIA_USDT,1789557107310,0.3287,224,false
B-TIA_USDT,1789557107627,0.3287,23,false
B-TIA_USDT,1789557108029,0.3287,2,false
B-TIA_USDT,1789557109149,0.3287,2,false
B-TIA_USDT,1789557109380,0.3286,19,true
B-TIA_USDT,1789557110046,0.3287,77,false
B-TIA_USDT,1789557110669,0.3287,2,false
B-TIA_USDT,1789557111526,0.3287,41,false
B-TIA_USDT,1789557112089,0.3287,1,false
B-TIA_USDT,1789557113303,0.3287,1,false
B-TIA_USDT,1789557114367,0.3287,1,false
B-TIA_USDT,1789557115962,0.3287,21,false
B-TIA_USDT,1789557117005,0.3287,38,false
B-TIA_USDT,1789557117812,0.3286,46,true
B-TIA_USDT,1789557118025,0.3287,2,false
B-TIA_USDT,1789557119501,0.3287,2,false
B-TIA_USDT,1789557121089,0.3287,2,false
B-TIA_USDT,1789557121260,0.3286,3554,true
B-TIA_USDT,1789557121264,0.3286,19,false
B-TIA_USDT,1789557122123,0.3286,2,false
B-TIA_USDT,1789557123380,0.3285,18,true
B-TIA_USDT,1789557123407,0.3286,2,false
B-TIA_USDT,1789557124527,0.3286,1,false
B-TIA_USDT,1789557125915,0.3286,25,false
B-TIA_USDT,1789557127211,0.3286,2,false
B-TIA_USDT,1789557128565,0.3286,2,false
B-TIA_USDT,1789557129927,0.3286,2,false
B-TIA_USDT,1789557131037,0.3286,1,false
B-TIA_USDT,1789557132256,0.3286,36,false
B-TIA_USDT,1789557132577,0.3286,2,false
B-TIA_USDT,1789557132798,0.3286,1151,false
B-TIA_USDT,1789557132834,0.3286,620,true
B-TIA_USDT,1789557133621,0.3286,2,false
B-TIA_USDT,1789557134731,0.3286,2,false
B-TIA_USDT,1789557135640,0.3285,980,true
B-TIA_USDT,1789557135683,0.3285,1,false
B-TIA_USDT,1789557136611,0.3285,1,false
B-TIA_USDT,1789557137381,0.3284,18,true
B-TIA_USDT,1789557137889,0.3285,2,false
B-TIA_USDT,1789557139059,0.3285,1,false
B-TIA_USDT,1789557140323,0.3285,2,false
B-TIA_USDT,1789557141589,0.3285,1,false
B-TIA_USDT,1789557142717,0.3285,2,false
B-TIA_USDT,1789557143009,0.3285,60,false
B-TIA_USDT,1789557143929,0.3285,2,false
B-TIA_USDT,1789557145273,0.3285,2,false
B-TIA_USDT,1789557146267,0.3285,2,false
B-TIA_USDT,1789557147665,0.3285,1,false
B-TIA_USDT,1789557148721,0.3284,64,true
B-TIA_USDT,1789557148749,0.3285,1,false
B-TIA_USDT,1789557149729,0.3285,1,false
B-TIA_USDT,1789557150069,0.3285,60,false
B-TIA_USDT,1789557151637,0.3285,1,false
B-TIA_USDT,1789557152974,0.3285,1,false
B-TIA_USDT,1789557154429,0.3285,1,false
B-TIA_USDT,1789557155597,0.3285,1,false
B-TIA_USDT,1789557156766,0.3285,1,false
B-TIA_USDT,1789557157535,0.3285,440,false
B-TIA_USDT,1789557157811,0.3284,84,true
B-TIA_USDT,1789557157839,0.3285,1,false
B-TIA_USDT,1789557158849,0.3285,35,false
B-TIA_USDT,1789557160087,0.3285,1,false
B-TIA_USDT,1789557161265,0.3285,1,false
B-TIA_USDT,1789557162265,0.3285,1,false
B-TIA_USDT,1789557163677,0.3285,1,false
B-TIA_USDT,1789557164927,0.3285,1,false
B-TIA_USDT,1789557165124,0.3285,111,false
B-TIA_USDT,1789557166027,0.3285,20,false
B-TIA_USDT,1789557167083,0.3285,1,false
B-TIA_USDT,1789557169027,0.3285,2,false
B-TIA_USDT,1789557170087,0.3285,1,false
B-TIA_USDT,1789557172232,0.3285,21,false
B-TIA_USDT,1789557172738,0.3284,16,true
B-TIA_USDT,1789557173557,0.3285,1,false
B-TIA_USDT,1789557174431,0.3284,168,true
B-TIA_USDT,1789557174673,0.3285,1,false
B-TIA_USDT,1789557176013,0.3285,2,false
B-TIA_USDT,1789557176130,0.3285,111,false
B-TIA_USDT,1789557177429,0.3285,2,false
B-TIA_USDT,1789557178707,0.3285,2,false
B-TIA_USDT,1789557179757,0.3285,1,false
B-TIA_USDT,1789557181059,0.3285,2,false
B-TIA_USDT,1789557182016,0.3285,1217,false
B-TIA_USDT,1789557183061,0.3285,1,false
B-TIA_USDT,1789557184467,0.3285,1,false
B-TIA_USDT,1789557184819,0.3285,32,false
B-TIA_USDT,1789557185493,0.3285,344,false
B-TIA_USDT,1789557185511,0.3286,2,false
B-TIA_USDT,1789557186493,0.3286,1575,false
B-TIA_USDT,1789557186553,0.3287,1,false
B-TIA_USDT,1789557187785,0.3287,1,false
B-TIA_USDT,1789557188953,0.3287,1,false
B-TIA_USDT,1789557190533,0.3287,1,false
B-TIA_USDT,1789557190680,0.3286,17,true
B-TIA_USDT,1789557191759,0.3287,1,false
B-TIA_USDT,1789557193059,0.3287,1,false
B-TIA_USDT,1789557194301,0.3287,1,false
B-TIA_USDT,1789557195543,0.3287,1,false
B-TIA_USDT,1789557196796,0.3287,1,false
B-TIA_USDT,1789557198169,0.3287,1,false
B-TIA_USDT,1789557198470,0.3286,2551,true
B-TIA_USDT,1789557198545,0.3287,24,false
B-TIA_USDT,1789557199117,0.3287,31,false
B-TIA_USDT,1789557199351,0.3287,1,false
B-TIA_USDT,1789557200577,0.3287,1,false
B-TIA_USDT,1789557201345,0.3286,206,true
B-TIA_USDT,1789557201701,0.3286,2,false
B-TIA_USDT,1789557202957,0.3286,1,false
B-TIA_USDT,1789557204237,0.3286,1,false
B-TIA_USDT,1789557205741,0.3286,1,false
B-TIA_USDT,1789557207509,0.3286,1,false
B-TIA_USDT,1789557208710,0.3286,1,false
B-TIA_USDT,1789557209984,0.3286,1,false
B-TIA_USDT,1789557211269,0.3286,2,false
B-TIA_USDT,1789557212811,0.3286,1,false
B-TIA_USDT,1789557213797,0.3286,165,false
B-TIA_USDT,1789557213825,0.3287,1,false
B-TIA_USDT,1789557214971,0.3287,46,false
B-TIA_USDT,1789557215239,0.3287,1,false
B-TIA_USDT,1789557216499,0.3287,1,false
B-TIA_USDT,1789557217617,0.3287,1,false
B-TIA_USDT,1789557218787,0.3287,1,false
B-TIA_USDT,1789557220085,0.3287,1,false
B-TIA_USDT,1789557221381,0.3287,1,false
B-TIA_USDT,1789557222627,0.3287,1,false
B-TIA_USDT,1789557223721,0.3287,1,false
B-TIA_USDT,1789557224903,0.3287,1,false
B-TIA_USDT,1789557225923,0.3286,383,true
B-TIA_USDT,1789557225977,0.3286,1,false
B-TIA_USDT,1789557226903,0.3286,1,false
B-TIA_USDT,1789557228051,0.3286,1,false
B-TIA_USDT,1789557229285,0.3286,1,false
B-TIA_USDT,1789557230670,0.3286,1,false
B-TIA_USDT,1789557231785,0.3286,1,false
B-TIA_USDT,1789557232845,0.3286,1,false
B-TIA_USDT,1789557233945,0.3286,1,false
B-TIA_USDT,1789557234883,0.3286,1,false
B-TIA_USDT,1789557234895,0.3284,581,true
B-TIA_USDT,1789557236194,0.3285,1,false
B-TIA_USDT,1789557237541,0.3285,57,false
B-TIA_USDT,1789557238653,0.3285,1,false
B-TIA_USDT,1789557239912,0.3285,1,false
B-TIA_USDT,1789557240989,0.3285,1,false
B-TIA_USDT,1789557242157,0.3285,1,false
B-TIA_USDT,1789557243539,0.3285,1,false
B-TIA_USDT,1789557244937,0.3285,1,false
B-TIA_USDT,1789557245876,0.3284,9,true
B-TIA_USDT,1789557246077,0.3285,1,false
B-TIA_USDT,1789557246715,0.3285,17,false
B-TIA_USDT,1789557247191,0.3285,1,false
B-TIA_USDT,1789557247664,0.3284,227,true
B-TIA_USDT,1789557248275,0.3285,21,false
B-TIA_USDT,1789557249409,0.3285,1,false
B-TIA_USDT,1789557250907,0.3285,1,false
B-TIA_USDT,1789557251658,0.3285,257,false
B-TIA_USDT,1789557252039,0.3285,1,false
B-TIA_USDT,1789557253429,0.3285,1,false
B-TIA_USDT,1789557253433,0.3284,386,true
B-TIA_USDT,1789557254177,0.3285,116,false
B-TIA_USDT,1789557255031,0.3285,1,false
B-TIA_USDT,1789557256245,0.3285,1,false
B-TIA_USDT,1789557257385,0.3285,1,false
B-TIA_USDT,1789557258647,0.3285,1,false
B-TIA_USDT,1789557259501,0.3285,60,false
B-TIA_USDT,1789557259787,0.3285,1,false
B-TIA_USDT,1789557260795,0.3285,1,false
B-TIA_USDT,1789557262367,0.3285,1,false
B-TIA_USDT,1789557263429,0.3285,1,false
B-TIA_USDT,1789557264501,0.3285,1,false
B-TIA_USDT,1789557265499,0.3285,1,false
B-TIA_USDT,1789557265700,0.3284,4,true
B-TIA_USDT,1789557267007,0.3285,81,false
B-TIA_USDT,1789557268193,0.3285,1,false
B-TIA_USDT,1789557269181,0.3285,1,false
B-TIA_USDT,1789557270281,0.3285,1,false
B-TIA_USDT,1789557271609,0.3285,1,false
B-TIA_USDT,1789557272672,0.3285,1,false
B-TIA_USDT,1789557273812,0.3285,665,false
B-TIA_USDT,1789557273841,0.3286,1,false
B-TIA_USDT,1789557275579,0.3286,1,false
B-TIA_USDT,1789557277213,0.3286,1,false
B-TIA_USDT,1789557277853,0.3286,44,false
B-TIA_USDT,1789557278559,0.3286,1,false
B-TIA_USDT,1789557279291,0.3286,41,false
B-TIA_USDT,1789557279597,0.3286,1,false
B-TIA_USDT,1789557281035,0.3286,1,false
B-TIA_USDT,1789557282029,0.3286,1,false
B-TIA_USDT,1789557282688,0.3286,42,false
B-TIA_USDT,1789557282732,0.3285,154,true
B-TIA_USDT,1789557283197,0.3286,19,false
B-TIA_USDT,1789557283411,0.3286,1,false
B-TIA_USDT,1789557284527,0.3286,1,false
B-TIA_USDT,1789557285567,0.3286,1,false
B-TIA_USDT,1789557286279,0.3285,914,true
B-TIA_USDT,1789557286627,0.3285,1,false
B-TIA_USDT,1789557287726,0.3285,22,false
B-TIA_USDT,1789557288731,0.3285,1,false
B-TIA_USDT,1789557290137,0.3285,1,false
B-TIA_USDT,1789557291245,0.3285,1,false
B-TIA_USDT,1789557292316,0.3284,58,true
B-TIA_USDT,1789557292379,0.3285,1,false
B-TIA_USDT,1789557293523,0.3285,1,false
B-TIA_USDT,1789557294597,0.3285,1,false
B-TIA_USDT,1789557295884,0.3285,1,false
B-TIA_USDT,1789557296422,0.3284,41,true
B-TIA_USDT,1789557297057,0.3285,1,false
B-TIA_USDT,1789557298135,0.3285,1,false
B-TIA_USDT,1789557298694,0.3285,94,false
B-TIA_USDT,1789557299937,0.3285,1,false
B-TIA_USDT,1789557300574,0.3285,1652,false
B-TIA_USDT,1789557301258,0.3286,1,false
B-TIA_USDT,1789557301591,0.3286,146,false
B-TIA_USDT,1789557302299,0.3286,1,false
B-TIA_USDT,1789557303315,0.3286,1,false
B-TIA_USDT,1789557303852,0.3285,30,true
B-TIA_USDT,1789557304723,0.3286,1,false
B-TIA_USDT,1789557305937,0.3286,1,false
B-TIA_USDT,1789557306838,0.3286,204,false
B-TIA_USDT,1789557307863,0.3286,1,false
B-TIA_USDT,1789557308118,0.3285,1158,true
B-TIA_USDT,1789557308945,0.3285,1,false
B-TIA_USDT,1789557310394,0.3285,1,false
B-TIA_USDT,1789557311743,0.3285,1,false
B-TIA_USDT,1789557311910,0.3284,243,true
B-TIA_USDT,1789557313029,0.3285,1,false
B-TIA_USDT,1789557314743,0.3285,1,false
B-TIA_USDT,1789557316059,0.3285,1,false
B-TIA_USDT,1789557317184,0.3285,1,false
B-TIA_USDT,1789557318207,0.3285,1,false
B-TIA_USDT,1789557319072,0.3285,87,false
B-TIA_USDT,1789557319253,0.3285,1,false
B-TIA_USDT,1789557319926,0.3284,1567,true
B-TIA_USDT,1789557320351,0.3284,1,false
B-TIA_USDT,1789557321431,0.3284,1,false
B-TIA_USDT,1789557322575,0.3284,1,false
B-TIA_USDT,1789557324144,0.3284,1,false
B-TIA_USDT,1789557325505,0.3284,1,false
B-TIA_USDT,1789557326519,0.3284,1,false
B-TIA_USDT,1789557327188,0.3283,30,true
B-TIA_USDT,1789557327735,0.3284,1,false
B-TIA_USDT,1789557328771,0.3284,1,false
B-TIA_USDT,1789557330027,0.3284,1,false
B-TIA_USDT,1789557331213,0.3284,1,false
B-TIA_USDT,1789557331513,0.3283,365,true
B-TIA_USDT,1789557332254,0.3283,1211,false
B-TIA_USDT,1789557332435,0.3283,1,false
B-TIA_USDT,1789557333438,0.3283,27,false
B-TIA_USDT,1789557334499,0.3284,1,false
B-TIA_USDT,1789557335589,0.3284,1,false
B-TIA_USDT,1789557337103,0.3284,1,false
B-TIA_USDT,1789557338387,0.3284,1,false
B-TIA_USDT,1789557339827,0.3284,1,false
B-TIA_USDT,1789557340015,0.3283,323,true
B-TIA_USDT,1789557341165,0.3284,1,false
B-TIA_USDT,1789557342221,0.3284,1,false
B-TIA_USDT,1789557343186,0.3284,21,false
B-TIA_USDT,1789557344582,0.3284,1,false
B-TIA_USDT,1789557344958,0.3284,40,false
B-TIA_USDT,1789557345905,0.3284,1,false
B-TIA_USDT,1789557346831,0.3284,1,false
B-TIA_USDT,1789557348128,0.3284,1,false
B-TIA_USDT,1789557349677,0.3284,1,false
B-TIA_USDT,1789557350993,0.3284,1,false
B-TIA_USDT,1789557352265,0.3284,1,false
B-TIA_USDT,1789557353863,0.3284,1,false
B-TIA_USDT,1789557356229,0.3284,1,false
B-TIA_USDT,1789557358317,0.3284,1,false
B-TIA_USDT,1789557358353,0.3283,78,true
B-TIA_USDT,1789557358460,0.3284,20,false
B-TIA_USDT,1789557359124,0.3283,389,true
B-TIA_USDT,1789557359323,0.3283,1,false
B-TIA_USDT,1789557360653,0.3283,1,false
B-TIA_USDT,1789557361855,0.3283,1,false
B-TIA_USDT,1789557362826,0.3283,22,false
B-TIA_USDT,1789557363279,0.3283,1,false
B-TIA_USDT,1789557364247,0.3283,1,false
B-TIA_USDT,1789557364485,0.3282,17,true
B-TIA_USDT,1789557365141,0.3282,1000,true
B-TIA_USDT,1789557365191,0.3283,1,false
B-TIA_USDT,1789557365591,0.3283,1,false
B-TIA_USDT,1789557365897,0.3283,17,false
B-TIA_USDT,1789557366527,0.3283,1,false
B-TIA_USDT,1789557367863,0.3283,1,false
B-TIA_USDT,1789557369061,0.3283,1,false
B-TIA_USDT,1789557370095,0.3283,1,false
B-TIA_USDT,1789557370415,0.3283,2418,false
B-TIA_USDT,1789557371201,0.3284,1,false
B-TIA_USDT,1789557372345,0.3284,1,false
B-TIA_USDT,1789557373368,0.3284,1,false
B-TIA_USDT,1789557375083,0.3284,1,false
B-TIA_USDT,1789557376117,0.3284,1,false
B-TIA_USDT,1789557377072,0.3284,62,false
B-TIA_USDT,1789557378227,0.3284,1,false
B-TIA_USDT,1789557379686,0.3284,1,false
B-TIA_USDT,1789557379813,0.3284,37,false
B-TIA_USDT,1789557380987,0.3284,1,false
B-TIA_USDT,1789557381149,0.3284,36,false
B-TIA_USDT,1789557381448,0.3283,44,true
B-TIA_USDT,1789557381692,0.3283,58,true
B-TIA_USDT,1789557382009,0.3284,852,false
B-TIA_USDT,1789557382215,0.3285,1,false
B-TIA_USDT,1789557383461,0.3285,1,false
B-TIA_USDT,1789557384525,0.3285,1,false
B-TIA_USDT,1789557385817,0.3285,1,false
B-TIA_USDT,1789557386851,0.3285,243,false
B-TIA_USDT,1789557388113,0.3286,1,false
B-TIA_USDT,1789557388233,0.3286,2153,false
B-TIA_USDT,1789557388234,0.3287,11054,false
B-TIA_USDT,1789557388275,0.3288,12284,false
B-TIA_USDT,1789557388324,0.3287,39,true
B-TIA_USDT,1789557388444,0.3288,1391,true
B-TIA_USDT,1789557388558,0.3288,954,true
B-TIA_USDT,1789557389139,0.3289,1,false
B-TIA_USDT,1789557389318,0.3289,366,false
B-TIA_USDT,1789557390005,0.3288,92,true
B-TIA_USDT,1789557390259,0.3289,1,false
B-TIA_USDT,1789557391251,0.3289,1,false
B-TIA_USDT,1789557392509,0.3289,1,false
B-TIA_USDT,1789557393240,0.3289,17,false
B-TIA_USDT,1789557393539,0.3289,1,false
B-TIA_USDT,1789557394046,0.3289,30,false
B-TIA_USDT,1789557394731,0.3289,1,false
B-TIA_USDT,1789557395607,0.3289,22,false
B-TIA_USDT,1789557396431,0.3289,1,false
B-TIA_USDT,1789557397709,0.3289,1,false
B-TIA_USDT,1789557399116,0.3289,1,false
B-TIA_USDT,1789557400183,0.3289,1,false
B-TIA_USDT,1789557400937,0.3289,284,false
B-TIA_USDT,1789557401337,0.3289,1,false
B-TIA_USDT,1789557401688,0.3287,130,true
B-TIA_USDT,1789557401863,0.3288,55,false
B-TIA_USDT,1789557402087,0.3287,3884,true
B-TIA_USDT,1789557402345,0.3288,1,false
B-TIA_USDT,1789557403216,0.3288,79,true
B-TIA_USDT,1789557403657,0.3289,1,false
B-TIA_USDT,1789557403970,0.3289,262,false
B-TIA_USDT,1789557404038,0.3288,18,true
B-TIA_USDT,1789557404957,0.3289,1,false
B-TIA_USDT,1789557405554,0.3288,20,true
B-TIA_USDT,1789557406165,0.3289,1,false
B-TIA_USDT,1789557406508,0.3289,137,false
B-TIA_USDT,1789557407129,0.3289,1,false
B-TIA_USDT,1789557408230,0.3289,1,false
B-TIA_USDT,1789557409277,0.3289,18,false
B-TIA_USDT,1789557409819,0.3288,4556,true
B-TIA_USDT,1789557410731,0.3288,1,false
B-TIA_USDT,1789557411520,0.3287,7689,true
B-TIA_USDT,1789557411854,0.3287,1,false
B-TIA_USDT,1789557413229,0.3287,1,false
B-TIA_USDT,1789557414373,0.3287,1,false
B-TIA_USDT,1789557415219,0.3287,19,false
B-TIA_USDT,1789557415219,0.3288,157,false
B-TIA_USDT,1789557415447,0.3288,1,false
B-TIA_USDT,1789557416731,0.3288,1,false
B-TIA_USDT,1789557418481,0.3288,1,false
B-TIA_USDT,1789557419425,0.3288,1,false
B-TIA_USDT,1789557420305,0.3287,65,true
B-TIA_USDT,1789557420509,0.3288,1,false
B-TIA_USDT,1789557421417,0.3288,16,false
B-TIA_USDT,1789557421523,0.3287,641,true
B-TIA_USDT,1789557421523,0.3286,7046,true
B-TIA_USDT,1789557421584,0.3287,1,false
B-TIA_USDT,1789557423217,0.3287,1,false
B-TIA_USDT,1789557423527,0.3287,53,false
B-TIA_USDT,1789557424265,0.3287,1,false
B-TIA_USDT,1789557425493,0.3287,1,false
B-TIA_USDT,1789557425871,0.3286,20,true
B-TIA_USDT,1789557426657,0.3287,1,false
B-TIA_USDT,1789557427258,0.3286,2708,true
B-TIA_USDT,1789557427732,0.3286,1,false
B-TIA_USDT,1789557428217,0.3286,178,false
B-TIA_USDT,1789557428847,0.3286,1,false
B-TIA_USDT,1789557430204,0.3286,1,false
B-TIA_USDT,1789557431629,0.3286,2,false
B-TIA_USDT,1789557432963,0.3286,1,false
B-TIA_USDT,1789557434520,0.3286,1,false
B-TIA_USDT,1789557435561,0.3286,208,false
B-TIA_USDT,1789557435719,0.3286,1,false
B-TIA_USDT,1789557436292,0.3285,31,true
B-TIA_USDT,1789557436929,0.3286,1,false
B-TIA_USDT,1789557438047,0.3286,278,false
B-TIA_USDT,1789557439235,0.3286,114,false
B-TIA_USDT,1789557439457,0.3286,2,false
B-TIA_USDT,1789557439669,0.3286,22,false
B-TIA_USDT,1789557440907,0.3286,1,false
B-TIA_USDT,1789557441031,0.3285,21,true
B-TIA_USDT,1789557441954,0.3286,1,false
B-TIA_USDT,1789557442191,0.3286,260,false
B-TIA_USDT,1789557442724,0.3286,16,false
B-TIA_USDT,1789557443087,0.3286,1,false
B-TIA_USDT,1789557444171,0.3286,1,false
B-TIA_USDT,1789557445143,0.3286,1,false
B-TIA_USDT,1789557446255,0.3286,252,false
B-TIA_USDT,1789557446322,0.3286,16,true
B-TIA_USDT,1789557447619,0.3286,2,false
B-TIA_USDT,1789557447913,0.3286,16,false
B-TIA_USDT,1789557448733,0.3286,389,false
B-TIA_USDT,1789557448733,0.3287,827,false
B-TIA_USDT,1789557448914,0.3287,18,false
B-TIA_USDT,1789557449708,0.3287,2,false
B-TIA_USDT,1789557450785,0.3287,1,false
B-TIA_USDT,1789557450881,0.3286,305,true
B-TIA_USDT,1789557451217,0.3286,45,false
B-TIA_USDT,1789557452279,0.3286,1,false
B-TIA_USDT,1789557452772,0.3286,44,false
B-TIA_USDT,1789557453333,0.3286,1,false
B-TIA_USDT,1789557454403,0.3286,1,false
B-TIA_USDT,1789557455911,0.3286,1,false
B-TIA_USDT,1789557457285,0.3286,1,false
B-TIA_USDT,1789557458369,0.3286,1,false
B-TIA_USDT,1789557458479,0.3286,25,false
B-TIA_USDT,1789557458688,0.3286,211,false
B-TIA_USDT,1789557460214,0.3284,1380,true
B-TIA_USDT,1789557460241,0.3285,1,false
B-TIA_USDT,1789557460750,0.3285,208,false
B-TIA_USDT,1789557461549,0.3285,1,false
B-TIA_USDT,1789557461695,0.3284,464,true
B-TIA_USDT,1789557462070,0.3284,24,true
B-TIA_USDT,1789557462597,0.3285,2,false
B-TIA_USDT,1789557463405,0.3284,176,true
B-TIA_USDT,1789557463627,0.3284,2,false
B-TIA_USDT,1789557463936,0.3284,24,false
B-TIA_USDT,1789557464893,0.3284,1,false
B-TIA_USDT,1789557465919,0.3284,1,false
B-TIA_USDT,1789557467027,0.3284,1,false
B-TIA_USDT,1789557468251,0.3284,1,false
B-TIA_USDT,1789557469355,0.3284,2,false
B-TIA_USDT,1789557469457,0.3283,3967,true
B-TIA_USDT,1789557469681,0.3284,50,false
B-TIA_USDT,1789557470515,0.3284,1,false
B-TIA_USDT,1789557470665,0.3282,1660,true
B-TIA_USDT,1789557471024,0.3283,502,false
B-TIA_USDT,1789557471497,0.3283,50,false
B-TIA_USDT,1789557472531,0.3283,1,false
B-TIA_USDT,1789557473565,0.3283,1,false
B-TIA_USDT,1789557474681,0.3283,2,false
B-TIA_USDT,1789557475629,0.3283,1,false
B-TIA_USDT,1789557476320,0.3283,20,false
B-TIA_USDT,1789557476847,0.3283,2,false
B-TIA_USDT,1789557478043,0.3283,2,false
B-TIA_USDT,1789557478325,0.3283,579,false
B-TIA_USDT,1789557479261,0.3284,1,false
B-TIA_USDT,1789557480247,0.3284,2,false
B-TIA_USDT,1789557480825,0.3283,178,true
B-TIA_USDT,1789557481543,0.3284,278,false
B-TIA_USDT,1789557482571,0.3284,2,false
B-TIA_USDT,1789557483805,0.3284,2,false
B-TIA_USDT,1789557484967,0.3284,2,false
B-TIA_USDT,1789557486117,0.3284,1,false
B-TIA_USDT,1789557486931,0.3283,842,true
B-TIA_USDT,1789557487565,0.3284,1,false
B-TIA_USDT,1789557488817,0.3284,1,false
B-TIA_USDT,1789557490013,0.3284,1,false
B-TIA_USDT,1789557491178,0.3284,1151,false
B-TIA_USDT,1789557491756,0.3285,19,false
B-TIA_USDT,1789557492663,0.3285,1,false
B-TIA_USDT,1789557493231,0.3285,77,false
B-TIA_USDT,1789557493787,0.3285,2,false
B-TIA_USDT,1789557494989,0.3285,1,false
B-TIA_USDT,1789557495992,0.3285,2,false
B-TIA_USDT,1789557496498,0.3285,176,false
B-TIA_USDT,1789557497360,0.3286,1,false
B-TIA_USDT,1789557498393,0.3286,1,false
B-TIA_USDT,1789557498607,0.3286,32,false
B-TIA_USDT,1789557499797,0.3287,1,false
B-TIA_USDT,1789557500947,0.3287,1,false
B-TIA_USDT,1789557502005,0.3287,2,false
B-TIA_USDT,1789557503429,0.3287,1,false
B-TIA_USDT,1789557504549,0.3287,1,false
B-TIA_USDT,1789557505630,0.3287,1,false
B-TIA_USDT,1789557505879,0.3286,978,true
B-TIA_USDT,1789557506713,0.3286,2,false
B-TIA_USDT,1789557508229,0.3287,1,false
B-TIA_USDT,1789557509729,0.3287,1,false
B-TIA_USDT,1789557511481,0.3287,1,false
B-TIA_USDT,1789557511776,0.3286,317,true
B-TIA_USDT,1789557512731,0.3286,1,false
B-TIA_USDT,1789557513709,0.3286,1,false
B-TIA_USDT,1789557515555,0.3285,1238,true
B-TIA_USDT,1789557515583,0.3285,2,false
B-TIA_USDT,1789557517105,0.3285,1,false
B-TIA_USDT,1789557518107,0.3285,1,false
B-TIA_USDT,1789557519165,0.3285,1,false
B-TIA_USDT,1789557519206,0.3283,3048,true
B-TIA_USDT,1789557520093,0.3283,19,true
B-TIA_USDT,1789557520149,0.3284,1,false
B-TIA_USDT,1789557521169,0.3284,2,false
B-TIA_USDT,1789557522239,0.3284,1,false
B-TIA_USDT,1789557523711,0.3284,2,false
B-TIA_USDT,1789557525061,0.3284,1,false
B-TIA_USDT,1789557526275,0.3284,1,false
B-TIA_USDT,1789557527395,0.3284,1,false
B-TIA_USDT,1789557528052,0.3284,3051,false
B-TIA_USDT,1789557528559,0.3285,1,false
B-TIA_USDT,1789557529451,0.3283,3001,true
B-TIA_USDT,1789557529454,0.3285,9989,false
B-TIA_USDT,1789557529535,0.3286,1,false
B-TIA_USDT,1789557530665,0.3286,2,false
B-TIA_USDT,1789557531051,0.3285,380,true
B-TIA_USDT,1789557531312,0.3285,277,true
B-TIA_USDT,1789557531731,0.3286,2,false
B-TIA_USDT,1789557532343,0.3286,69,false
B-TIA_USDT,1789557533225,0.3286,4867,false
B-TIA_USDT,1789557534278,0.3287,4184,false
B-TIA_USDT,1789557535429,0.3287,1,false
B-TIA_USDT,1789557535635,0.3286,46,true
B-TIA_USDT,1789557536427,0.3287,1,false
B-TIA_USDT,1789557537051,0.3287,499,false
B-TIA_USDT,1789557537052,0.3288,1322,false
B-TIA_USDT,1789557537565,0.3288,1,false
B-TIA_USDT,1789557538757,0.3288,1,false
B-TIA_USDT,1789557540229,0.3288,1,false
B-TIA_USDT,1789557540476,0.3287,958,true
B-TIA_USDT,1789557541711,0.3288,2,false
B-TIA_USDT,1789557543267,0.3288,1,false
B-TIA_USDT,1789557543523,0.3288,17,false
B-TIA_USDT,1789557544429,0.3288,2,false
B-TIA_USDT,1789557544816,0.3288,3019,false
B-TIA_USDT,1789557546083,0.3288,2,false
B-TIA_USDT,1789557547219,0.3288,1,false
B-TIA_USDT,1789557548046,0.3288,28,false
B-TIA_USDT,1789557548529,0.3288,1,false
B-TIA_USDT,1789557550279,0.3288,1,false
B-TIA_USDT,1789557551421,0.3288,1,false
B-TIA_USDT,1789557551818,0.3287,20,true
B-TIA_USDT,1789557552569,0.3288,2,false
B-TIA_USDT,1789557553037,0.3288,23,false
B-TIA_USDT,1789557553549,0.3288,1,false
B-TIA_USDT,1789557554627,0.3288,1,false
B-TIA_USDT,1789557556173,0.3288,1,false
B-TIA_USDT,1789557557464,0.3288,1292,false
B-TIA_USDT,1789557557479,0.3289,1,false
B-TIA_USDT,1789557558721,0.3289,1,false
B-TIA_USDT,1789557559622,0.3289,1000,false
B-TIA_USDT,1789557560007,0.3289,1,false
B-TIA_USDT,1789557561511,0.3289,1,false
B-TIA_USDT,1789557562681,0.3289,1,false
B-TIA_USDT,1789557563372,0.3289,2186,false
B-TIA_USDT,1789557563731,0.329,2,false
B-TIA_USDT,1789557564913,0.329,2,false
B-TIA_USDT,1789557565622,0.3289,2,true
B-TIA_USDT,1789557566073,0.329,1,false
B-TIA_USDT,1789557566228,0.3289,118,true
B-TIA_USDT,1789557567312,0.329,1,false
B-TIA_USDT,1789557568587,0.329,1,false
B-TIA_USDT,1789557570169,0.3291,151,false
B-TIA_USDT,1789557570198,0.329,1,false
B-TIA_USDT,1789557571208,0.329,1,false
B-TIA_USDT,1789557572363,0.329,2,false
B-TIA_USDT,1789557573517,0.329,1,false
B-TIA_USDT,1789557574649,0.329,1,false
B-TIA_USDT,1789557575984,0.329,2,false
B-TIA_USDT,1789557577457,0.329,2,false
B-TIA_USDT,1789557578205,0.3289,4235,true
B-TIA_USDT,1789557578439,0.329,2,false
B-TIA_USDT,1789557579529,0.329,1,false
B-TIA_USDT,1789557579632,0.329,19,false
B-TIA_USDT,1789557580861,0.329,1,false
B-TIA_USDT,1789557581561,0.3289,45,true
B-TIA_USDT,1789557582017,0.329,1,false
B-TIA_USDT,1789557583107,0.329,1,false
B-TIA_USDT,1789557584146,0.329,1,false
B-TIA_USDT,1789557585261,0.329,2,false
B-TIA_USDT,1789557586573,0.329,1,false
B-TIA_USDT,1789557587829,0.329,2,false
B-TIA_USDT,1789557589061,0.329,2,false
B-TIA_USDT,1789557590400,0.329,1,false
B-TIA_USDT,1789557591527,0.329,1,false
B-TIA_USDT,1789557592699,0.329,1,false
B-TIA_USDT,1789557593645,0.329,1,false
B-TIA_USDT,1789557594629,0.329,1,false
B-TIA_USDT,1789557595806,0.329,1,false
B-TIA_USDT,1789557596007,0.329,16,false
B-TIA_USDT,1789557597546,0.329,2,false
B-TIA_USDT,1789557598857,0.329,1,false
B-TIA_USDT,1789557599849,0.329,2,false
B-TIA_USDT,1789557601094,0.329,2,false
B-TIA_USDT,1789557601915,0.329,19,false
B-TIA_USDT,1789557602225,0.329,1,false
B-TIA_USDT,1789557603370,0.329,2,false
B-TIA_USDT,1789557604827,0.329,1,false
B-TIA_USDT,1789557606481,0.329,1,false
B-TIA_USDT,1789557607983,0.329,2,false
B-TIA_USDT,1789557609219,0.329,1,false
B-TIA_USDT,1789557610249,0.329,1,false
B-TIA_USDT,1789557611349,0.329,2,false
B-TIA_USDT,1789557612677,0.329,1,false
B-TIA_USDT,1789557613727,0.329,561,false
B-TIA_USDT,1789557614133,0.3291,38,false
B-TIA_USDT,1789557614757,0.3291,2,false
B-TIA_USDT,1789557616227,0.3291,1,false
B-TIA_USDT,1789557617665,0.3291,1,false
B-TIA_USDT,1789557618838,0.3291,1,false
B-TIA_USDT,1789557620181,0.3291,1,false
B-TIA_USDT,1789557621269,0.3291,2,false
B-TIA_USDT,1789557621664,0.329,904,true
B-TIA_USDT,1789557622531,0.3291,1,false
B-TIA_USDT,1789557623929,0.3291,1,false
B-TIA_USDT,1789557625320,0.3291,1,false
B-TIA_USDT,1789557626383,0.3291,1,false
B-TIA_USDT,1789557627413,0.3291,2,false
B-TIA_USDT,1789557628473,0.3291,23,false
B-TIA_USDT,1789557629243,0.3291,1,false
B-TIA_USDT,1789557630417,0.3291,2657,false
B-TIA_USDT,1789557630421,0.3292,30,false
B-TIA_USDT,1789557631507,0.3292,2,false
B-TIA_USDT,1789557632003,0.3292,60,false
B-TIA_USDT,1789557632499,0.3292,1,false
B-TIA_USDT,1789557634099,0.3292,1,false
B-TIA_USDT,1789557634287,0.3291,20,true
B-TIA_USDT,1789557635107,0.3292,1,false
B-TIA_USDT,1789557636247,0.3292,1,false
B-TIA_USDT,1789557637209,0.3291,4234,true
B-TIA_USDT,1789557637409,0.3292,1,false
B-TIA_USDT,1789557638505,0.3292,1,false
B-TIA_USDT,1789557638837,0.3291,60,true
B-TIA_USDT,1789557640089,0.3292,2,false
B-TIA_USDT,1789557640632,0.3292,20,false
B-TIA_USDT,1789557641129,0.3292,1,false
B-TIA_USDT,1789557641723,0.3292,3,false
B-TIA_USDT,1789557642363,0.3292,1,false
B-TIA_USDT,1789557643545,0.3292,1,false
B-TIA_USDT,1789557644729,0.3292,2,false
B-TIA_USDT,1789557645781,0.3292,2,false
B-TIA_USDT,1789557646827,0.3292,1,false
B-TIA_USDT,1789557648059,0.3292,1,false
B-TIA_USDT,1789557649672,0.3292,2,false
B-TIA_USDT,1789557650529,0.3291,1634,true
B-TIA_USDT,1789557650775,0.3292,1,false
B-TIA_USDT,1789557651945,0.3292,1,false
B-TIA_USDT,1789557653029,0.3292,1,false
B-TIA_USDT,1789557654627,0.3292,2,false
B-TIA_USDT,1789557656129,0.3292,1,false
B-TIA_USDT,1789557657185,0.3292,2,false
B-TIA_USDT,1789557658170,0.3292,77,false
B-TIA_USDT,1789557659255,0.3292,2,false
B-TIA_USDT,1789557659548,0.3291,31,true
B-TIA_USDT,1789557660361,0.3292,1,false
B-TIA_USDT,1789557661543,0.3292,1,false
B-TIA_USDT,1789557662709,0.3292,1,false
B-TIA_USDT,1789557663651,0.3292,2,false
B-TIA_USDT,1789557664677,0.3292,1,false
B-TIA_USDT,1789557664861,0.3291,17,true
B-TIA_USDT,1789557665905,0.3292,1,false
B-TIA_USDT,1789557667007,0.3292,1,false
B-TIA_USDT,1789557667684,0.3291,354,true
B-TIA_USDT,1789557667937,0.3292,1,false
B-TIA_USDT,1789557669425,0.3292,1,false
B-TIA_USDT,1789557670721,0.3292,1,false
B-TIA_USDT,1789557671873,0.3292,1,false
B-TIA_USDT,1789557673061,0.3292,1,false
B-TIA_USDT,1789557673826,0.3292,37,false
B-TIA_USDT,1789557674285,0.3292,1,false
B-TIA_USDT,1789557675729,0.3292,1,false
B-TIA_USDT,1789557676090,0.3292,133,false
B-TIA_USDT,1789557676846,0.3292,1,false
B-TIA_USDT,1789557677744,0.3291,16,true
B-TIA_USDT,1789557677829,0.3292,1,false
B-TIA_USDT,1789557679227,0.3292,1,false
B-TIA_USDT,1789557680815,0.3292,1,false
B-TIA_USDT,1789557681826,0.3292,831,false
B-TIA_USDT,1789557681853,0.3293,1,false
B-TIA_USDT,1789557683065,0.3293,1,false
B-TIA_USDT,1789557683512,0.3293,532,false
B-TIA_USDT,1789557683790,0.3293,19,false
B-TIA_USDT,1789557684025,0.3293,1,false
B-TIA_USDT,1789557685339,0.3293,1,false
B-TIA_USDT,1789557686554,0.3293,1,false
B-TIA_USDT,1789557686650,0.3292,23,true
B-TIA_USDT,1789557687867,0.3293,1,false
B-TIA_USDT,1789557689085,0.3293,1,false
B-TIA_USDT,1789557690097,0.3293,1,false
B-TIA_USDT,1789557691575,0.3293,1,false
B-TIA_USDT,1789557691758,0.3293,22,false
B-TIA_USDT,1789557693903,0.3293,1,false
B-TIA_USDT,1789557694277,0.3293,975,false
B-TIA_USDT,1789557694423,0.3294,29,false
B-TIA_USDT,1789557695393,0.3294,1,false
B-TIA_USDT,1789557696589,0.3294,1,false
B-TIA_USDT,1789557697783,0.3294,1,false
B-TIA_USDT,1789557699061,0.3294,1,false
B-TIA_USDT,1789557700145,0.3294,1,false
B-TIA_USDT,1789557701335,0.3294,1,false
B-TIA_USDT,1789557702727,0.3294,1,false
B-TIA_USDT,1789557704029,0.3294,1,false
B-TIA_USDT,1789557705489,0.3294,1,false
B-TIA_USDT,1789557706927,0.3294,1,false
B-TIA_USDT,1789557708181,0.3294,1,false
B-TIA_USDT,1789557709263,0.3294,1,false
B-TIA_USDT,1789557709875,0.3294,27,false
B-TIA_USDT,1789557710262,0.3293,33,true
B-TIA_USDT,1789557710449,0.3294,1,false
B-TIA_USDT,1789557711559,0.3294,20,false
B-TIA_USDT,1789557712231,0.3294,305,false
B-TIA_USDT,1789557712661,0.3294,1,false
B-TIA_USDT,1789557713219,0.3294,77,false
B-TIA_USDT,1789557713715,0.3295,1,false
B-TIA_USDT,1789557714813,0.3295,77,false
B-TIA_USDT,1789557715898,0.3295,302,false
B-TIA_USDT,1789557715926,0.3296,1,false
B-TIA_USDT,1789557716355,0.3295,3204,true
B-TIA_USDT,1789557716358,0.3294,9525,true
B-TIA_USDT,1789557716361,0.3293,11947,true
B-TIA_USDT,1789557716435,0.3294,1454,false
B-TIA_USDT,1789557716571,0.3294,151,false
B-TIA_USDT,1789557716985,0.3295,1,false
B-TIA_USDT,1789557717359,0.3294,42,true
B-TIA_USDT,1789557717975,0.3295,17,false
B-TIA_USDT,1789557719311,0.3295,1,false
B-TIA_USDT,1789557720461,0.3295,1,false
B-TIA_USDT,1789557720583,0.3294,269,true
B-TIA_USDT,1789557721665,0.3294,1,false
B-TIA_USDT,1789557722653,0.3294,1,false
B-TIA_USDT,1789557723342,0.3293,1060,true
B-TIA_USDT,1789557723344,0.3292,16695,true
B-TIA_USDT,1789557723385,0.3291,17459,true
B-TIA_USDT,1789557723451,0.3292,43,false
B-TIA_USDT,1789557723460,0.3291,1018,true
B-TIA_USDT,1789557723723,0.3291,1,false
B-TIA_USDT,1789557723895,0.329,304,true
B-TIA_USDT,1789557724851,0.3291,1,false
B-TIA_USDT,1789557725549,0.329,37,true
B-TIA_USDT,1789557726149,0.3291,1,false
B-TIA_USDT,1789557727413,0.3291,75,false
B-TIA_USDT,1789557728383,0.3291,1,false
B-TIA_USDT,1789557728859,0.3291,34,false
B-TIA_USDT,1789557729559,0.3291,2,false
B-TIA_USDT,1789557730789,0.3291,1,false
B-TIA_USDT,1789557731998,0.3291,2,false
B-TIA_USDT,1789557733433,0.3291,1,false
B-TIA_USDT,1789557733750,0.3291,59,false
B-TIA_USDT,1789557734685,0.3291,1,false
B-TIA_USDT,1789557736006,0.3291,1,false
B-TIA_USDT,1789557737129,0.3291,1,false
B-TIA_USDT,1789557738380,0.3291,2191,false
B-TIA_USDT,1789557738399,0.3292,1,false
B-TIA_USDT,1789557739593,0.3292,1,false
B-TIA_USDT,1789557741047,0.3292,83,false
B-TIA_USDT,1789557742289,0.3292,2,false
B-TIA_USDT,1789557743385,0.3292,2,false
B-TIA_USDT,1789557744481,0.3292,1,false
B-TIA_USDT,1789557745602,0.3292,1,false
B-TIA_USDT,1789557746607,0.3292,1,false
B-TIA_USDT,1789557747837,0.3292,1,false
B-TIA_USDT,1789557748949,0.3292,1,false
B-TIA_USDT,1789557750337,0.3292,1,false
B-TIA_USDT,1789557751517,0.3292,2,false
B-TIA_USDT,1789557752209,0.3292,37,false
B-TIA_USDT,1789557752655,0.329,3997,true
B-TIA_USDT,1789557752662,0.3291,1438,false
B-TIA_USDT,1789557752793,0.3292,1,false
B-TIA_USDT,1789557753427,0.3292,283,false
B-TIA_USDT,1789557754031,0.3292,1,false
B-TIA_USDT,1789557755173,0.3292,425,false
B-TIA_USDT,1789557756585,0.3292,1,false
B-TIA_USDT,1789557756601,0.3291,61,true
B-TIA_USDT,1789557757503,0.3292,1,false
B-TIA_USDT,1789557758873,0.3292,2,false
B-TIA_USDT,1789557758919,0.3291,29,true
B-TIA_USDT,1789557758942,0.3292,17,false
B-TIA_USDT,1789557760108,0.3292,1,false
B-TIA_USDT,1789557761648,0.3292,1,false
B-TIA_USDT,1789557763163,0.3292,1,false
B-TIA_USDT,1789557764423,0.3292,28,false
B-TIA_USDT,1789557765929,0.3292,1,false
B-TIA_USDT,1789557767749,0.3292,2,false
B-TIA_USDT,1789557768261,0.3292,52,false
B-TIA_USDT,1789557769119,0.3292,2,false
B-TIA_USDT,1789557770773,0.3292,1,false
B-TIA_USDT,1789557771106,0.3291,440,true
B-TIA_USDT,1789557772019,0.3291,2,false
B-TIA_USDT,1789557773569,0.3291,1,false
B-TIA_USDT,1789557774585,0.3291,2,false
B-TIA_USDT,1789557775689,0.3291,1,false
B-TIA_USDT,1789557777017,0.3291,2445,false
B-TIA_USDT,1789557777910,0.3292,19,false
B-TIA_USDT,1789557778189,0.3292,1,false
B-TIA_USDT,1789557779829,0.3292,2,false
B-TIA_USDT,1789557781283,0.3292,2,false
B-TIA_USDT,1789557782327,0.3292,1,false
B-TIA_USDT,1789557783295,0.3292,1,false
B-TIA_USDT,1789557784328,0.3292,2,false
B-TIA_USDT,1789557784793,0.3292,32,false
B-TIA_USDT,1789557785351,0.3292,2,false
B-TIA_USDT,1789557787067,0.3292,1,false
B-TIA_USDT,1789557787296,0.3293,4788,false
B-TIA_USDT,1789557787340,0.3292,120,true
B-TIA_USDT,1789557788279,0.3292,2,false
B-TIA_USDT,1789557789451,0.3291,681,true
B-TIA_USDT,1789557789507,0.3292,2,false
B-TIA_USDT,1789557789761,0.3291,234,true
B-TIA_USDT,1789557790565,0.3292,1,false
B-TIA_USDT,1789557791699,0.3292,2,false
B-TIA_USDT,1789557792090,0.3291,68,true
B-TIA_USDT,1789557793149,0.3292,2,false
B-TIA_USDT,1789557794163,0.3292,1,false
B-TIA_USDT,1789557795131,0.3292,2,false
B-TIA_USDT,1789557795562,0.3291,31,true
B-TIA_USDT,1789557796421,0.3292,1,false
B-TIA_USDT,1789557797623,0.3292,2,false
B-TIA_USDT,1789557798653,0.3292,16,false
B-TIA_USDT,1789557798837,0.3292,1,false
B-TIA_USDT,1789557799179,0.3292,2020,false
B-TIA_USDT,1789557799869,0.3292,1,false
B-TIA_USDT,1789557800353,0.3291,45,true
B-TIA_USDT,1789557801163,0.3292,2,false
B-TIA_USDT,1789557801444,0.3291,50,true
B-TIA_USDT,1789557802257,0.3291,2,false
B-TIA_USDT,1789557802582,0.329,28,true
B-TIA_USDT,1789557803281,0.3291,2,false
B-TIA_USDT,1789557804673,0.3291,1,false
B-TIA_USDT,1789557805997,0.3291,2,false
B-TIA_USDT,1789557807869,0.3291,1,false
B-TIA_USDT,1789557809305,0.3291,2,false
B-TIA_USDT,1789557810535,0.3291,1,false
B-TIA_USDT,1789557811646,0.3291,16,false
B-TIA_USDT,1789557811791,0.3291,1,false
B-TIA_USDT,1789557812763,0.3291,2,false
B-TIA_USDT,1789557813835,0.3291,2,false
B-TIA_USDT,1789557814877,0.3291,2,false
B-TIA_USDT,1789557816070,0.3291,1,false
B-TIA_USDT,1789557816481,0.329,712,true
B-TIA_USDT,1789557817188,0.3291,1,false
B-TIA_USDT,1789557818219,0.3291,1,false
B-TIA_USDT,1789557819203,0.3291,2,false
B-TIA_USDT,1789557820673,0.3291,1,false
B-TIA_USDT,1789557822020,0.329,826,true
B-TIA_USDT,1789557822065,0.329,1,false
B-TIA_USDT,1789557822913,0.329,37,false
B-TIA_USDT,1789557823583,0.329,1,false
B-TIA_USDT,1789557824889,0.329,1,false
B-TIA_USDT,1789557826717,0.329,2,false
B-TIA_USDT,1789557827989,0.329,1,false
B-TIA_USDT,1789557830029,0.329,2,false
B-TIA_USDT,1789557831351,0.329,2,false
B-TIA_USDT,1789557832258,0.329,549,false
B-TIA_USDT,1789557832395,0.3291,2,false
B-TIA_USDT,1789557833797,0.3291,1,false
B-TIA_USDT,1789557834302,0.329,940,true
B-TIA_USDT,1789557835011,0.3291,1,false
B-TIA_USDT,1789557836165,0.3291,2,false
B-TIA_USDT,1789557837500,0.3291,17,false
B-TIA_USDT,1789557837764,0.3291,119,false
B-TIA_USDT,1789557839439,0.3291,1,false
B-TIA_USDT,1789557840469,0.3291,2,false
B-TIA_USDT,1789557841085,0.329,605,true
B-TIA_USDT,1789557841624,0.329,20,false
B-TIA_USDT,1789557842646,0.329,2,false
B-TIA_USDT,1789557843175,0.329,24,false
B-TIA_USDT,1789557844115,0.329,2,false
B-TIA_USDT,1789557845681,0.329,2,false
B-TIA_USDT,1789557846939,0.329,2,false
B-TIA_USDT,1789557847579,0.3289,32,true
B-TIA_USDT,1789557848193,0.329,1,false
B-TIA_USDT,1789557849221,0.329,1,false
B-TIA_USDT,1789557850081,0.329,49,false
B-TIA_USDT,1789557850591,0.329,441,false
B-TIA_USDT,1789557851978,0.329,20,false
B-TIA_USDT,1789557853233,0.329,135,false
B-TIA_USDT,1789557854343,0.329,2,false
B-TIA_USDT,1789557855701,0.329,2,false
B-TIA_USDT,1789557857063,0.329,1,false
B-TIA_USDT,1789557858369,0.329,1,false
B-TIA_USDT,1789557859645,0.329,1,false
B-TIA_USDT,1789557860927,0.329,2,false
B-TIA_USDT,1789557862383,0.329,1,false
B-TIA_USDT,1789557863833,0.329,2,false
B-TIA_USDT,1789557865077,0.329,1,false
B-TIA_USDT,1789557865687,0.3289,4,true
B-TIA_USDT,1789557866221,0.329,1,false
B-TIA_USDT,1789557867181,0.329,2,false
B-TIA_USDT,1789557868357,0.329,1,false
B-TIA_USDT,1789557869695,0.329,2,false
B-TIA_USDT,1789557871061,0.329,2,false
B-TIA_USDT,1789557873033,0.329,1,false
B-TIA_USDT,1789557874274,0.329,1,false
B-TIA_USDT,1789557875007,0.329,134,false
B-TIA_USDT,1789557875429,0.329,1,false
B-TIA_USDT,1789557876628,0.329,30,false
B-TIA_USDT,1789557876985,0.329,1,false
B-TIA_USDT,1789557878289,0.329,1,false
B-TIA_USDT,1789557878641,0.329,32,false
B-TIA_USDT,1789557879315,0.329,1,false
B-TIA_USDT,1789557879700,0.329,366,false
B-TIA_USDT,1789557880667,0.3291,1,false
B-TIA_USDT,1789557881268,0.3291,102,false
B-TIA_USDT,1789557881627,0.3291,1,false
B-TIA_USDT,1789557881783,0.329,898,true
B-TIA_USDT,1789557881785,0.329,12222,false
B-TIA_USDT,1789557881789,0.3291,6204,false
B-TIA_USDT,1789557882691,0.3292,1,false
B-TIA_USDT,1789557884052,0.3292,1,false
B-TIA_USDT,1789557885107,0.3292,2,false
B-TIA_USDT,1789557886313,0.3292,2,false
B-TIA_USDT,1789557887295,0.3292,2,false
B-TIA_USDT,1789557888491,0.3292,1,false
B-TIA_USDT,1789557889616,0.3292,2,false
B-TIA_USDT,1789557890699,0.3292,183,false
B-TIA_USDT,1789557891714,0.3292,1,false
B-TIA_USDT,1789557892708,0.3292,1,false
B-TIA_USDT,1789557893014,0.3291,18,true
B-TIA_USDT,1789557893859,0.3292,1,false
B-TIA_USDT,1789557895343,0.3292,1,false
B-TIA_USDT,1789557896930,0.3292,2,false
B-TIA_USDT,1789557898329,0.3292,1,false
B-TIA_USDT,1789557899371,0.3292,1,false
B-TIA_USDT,1789557899490,0.3292,37,false
B-TIA_USDT,1789557900531,0.3292,1,false
B-TIA_USDT,1789557901543,0.3292,2,false
B-TIA_USDT,1789557902923,0.3292,1,false
B-TIA_USDT,1789557904035,0.3292,1,false
B-TIA_USDT,1789557905585,0.3292,2,false
B-TIA_USDT,1789557906947,0.3292,1,false
B-TIA_USDT,1789557908535,0.3292,2,false
B-TIA_USDT,1789557909633,0.3292,2,false
B-TIA_USDT,1789557910929,0.3292,1,false
B-TIA_USDT,1789557912187,0.3292,1,false
B-TIA_USDT,1789557913554,0.3292,20,false
B-TIA_USDT,1789557914989,0.3292,1,false
B-TIA_USDT,1789557916099,0.3292,1,false
B-TIA_USDT,1789557917599,0.3292,1,false
B-TIA_USDT,1789557918665,0.3292,1,false
B-TIA_USDT,1789557919739,0.3292,1,false
B-TIA_USDT,1789557920977,0.3292,1600,false
B-TIA_USDT,1789557922021,0.3293,121,false
B-TIA_USDT,1789557922472,0.3292,22,true
B-TIA_USDT,1789557922499,0.3293,1,false
B-TIA_USDT,1789557923583,0.3293,1,false
B-TIA_USDT,1789557924987,0.3293,1,false
B-TIA_USDT,1789557925577,0.3293,7184,false
B-TIA_USDT,1789557925577,0.3294,1765,false
B-TIA_USDT,1789557927329,0.3293,1,false
B-TIA_USDT,1789557928199,0.3293,47,false
B-TIA_USDT,1789557928469,0.3293,2,false
B-TIA_USDT,1789557929429,0.3293,1,false
B-TIA_USDT,1789557930751,0.3293,2,false
B-TIA_USDT,1789557931989,0.3293,69,false
B-TIA_USDT,1789557932880,0.3292,27,true
B-TIA_USDT,1789557933121,0.3293,1,false
B-TIA_USDT,1789557934191,0.3293,1,false
B-TIA_USDT,1789557935311,0.3293,1,false
B-TIA_USDT,1789557936405,0.3293,1,false
B-TIA_USDT,1789557937653,0.3293,1,false
B-TIA_USDT,1789557938939,0.3293,2,false
B-TIA_USDT,1789557940033,0.3293,1,false
B-TIA_USDT,1789557941571,0.3293,2,false
B-TIA_USDT,1789557943002,0.3293,1,false
B-TIA_USDT,1789557943983,0.3293,2,false
B-TIA_USDT,1789557944568,0.3293,637,false
B-TIA_USDT,1789557945151,0.3294,1,false
B-TIA_USDT,1789557946341,0.3294,2,false
B-TIA_USDT,1789557947928,0.3294,1,false
B-TIA_USDT,1789557949329,0.3294,1,false
B-TIA_USDT,1789557950729,0.3294,1,false
B-TIA_USDT,1789557951927,0.3294,1,false
B-TIA_USDT,1789557953415,0.3294,2,false
B-TIA_USDT,1789557953652,0.3293,977,true
B-TIA_USDT,1789557954573,0.3293,1,false
B-TIA_USDT,1789557956127,0.3293,1,false
B-TIA_USDT,1789557956697,0.3292,18,true
B-TIA_USDT,1789557957603,0.3293,1,false
B-TIA_USDT,1789557958715,0.3293,2,false
B-TIA_USDT,1789557960147,0.3293,2,false
B-TIA_USDT,1789557960686,0.3293,13,false
B-TIA_USDT,1789557961062,0.3293,36,false
B-TIA_USDT,1789557961233,0.3293,1,false
B-TIA_USDT,1789557962430,0.3293,2,false
B-TIA_USDT,1789557963667,0.3293,1,false
B-TIA_USDT,1789557964877,0.3293,2,false
B-TIA_USDT,1789557965853,0.3293,2,false
B-TIA_USDT,1789557967062,0.3293,1,false
B-TIA_USDT,1789557968234,0.3293,2,false
B-TIA_USDT,1789557969668,0.3293,1,false
B-TIA_USDT,1789557970253,0.3293,87,false
B-TIA_USDT,1789557971995,0.3293,1,false
B-TIA_USDT,1789557972308,0.3292,16,true
B-TIA_USDT,1789557973139,0.3293,1,false
B-TIA_USDT,1789557974407,0.3293,1,false
B-TIA_USDT,1789557974604,0.3293,30,false
B-TIA_USDT,1789557975133,0.3293,448,false
B-TIA_USDT,1789557975163,0.3289,1067,true
B-TIA_USDT,1789557975165,0.329,17,true
B-TIA_USDT,1789557975755,0.3292,1,false
B-TIA_USDT,1789557976979,0.3292,1,false
B-TIA_USDT,1789557978227,0.3292,1,false
B-TIA_USDT,1789557978899,0.3292,19,false
B-TIA_USDT,1789557979451,0.3292,1,false
B-TIA_USDT,1789557980497,0.3292,2,false
B-TIA_USDT,1789557981563,0.3292,2,false
B-TIA_USDT,1789557983227,0.3292,1115,false
B-TIA_USDT,1789557984365,0.3293,1,false
B-TIA_USDT,1789557985633,0.3293,1,false
B-TIA_USDT,1789557986185,0.3293,1822,false
B-TIA_USDT,1789557987197,0.3293,2,false
B-TIA_USDT,1789557988595,0.3293,2,false
B-TIA_USDT,1789557989727,0.3293,1,false
B-TIA_USDT,1789557990759,0.3293,2,false
B-TIA_USDT,1789557991981,0.3293,1,false
B-TIA_USDT,1789557992763,0.3293,771,false
B-TIA_USDT,1789557993531,0.3293,1,false
B-TIA_USDT,1789557993885,0.3293,74,false
B-TIA_USDT,1789557994385,0.3294,15258,false
B-TIA_USDT,1789557994399,0.3295,17476,false
B-TIA_USDT,1789557994427,0.3296,2151,false
B-TIA_USDT,1789557994535,0.3295,18,false
B-TIA_USDT,1789557994629,0.3294,3892,true
B-TIA_USDT,1789557995554,0.3295,1209,false
B-TIA_USDT,1789557996757,0.3295,2,false
B-TIA_USDT,1789557997789,0.3295,2,false
B-TIA_USDT,1789557998865,0.3295,2,false
B-TIA_USDT,1789557999975,0.3295,2,false
B-TIA_USDT,1789558001220,0.3295,19,false
B-TIA_USDT,1789558001355,0.3295,2,false
B-TIA_USDT,1789558002515,0.3295,2,false
B-TIA_USDT,1789558003895,0.3295,1,false
B-TIA_USDT,1789558004949,0.3295,2,false
B-TIA_USDT,1789558006221,0.3295,1,false
B-TIA_USDT,1789558007395,0.3294,20,true
B-TIA_USDT,1789558007615,0.3295,2,false
B-TIA_USDT,1789558008929,0.3295,1,false
B-TIA_USDT,1789558010337,0.3295,2,false
B-TIA_USDT,1789558011421,0.3295,2,false
B-TIA_USDT,1789558012453,0.3295,2,false
B-TIA_USDT,1789558012583,0.3295,27,false
B-TIA_USDT,1789558013978,0.3295,1,false
B-TIA_USDT,1789558015029,0.3295,2,false
B-TIA_USDT,1789558015817,0.3295,2840,false
B-TIA_USDT,1789558016005,0.3296,2,false
B-TIA_USDT,1789558016334,0.3296,1810,false
B-TIA_USDT,1789558016978,0.3297,204,false
B-TIA_USDT,1789558017117,0.3297,2,false
B-TIA_USDT,1789558017817,0.3297,355,false
B-TIA_USDT,1789558018075,0.3296,1197,true
B-TIA_USDT,1789558018169,0.3296,2,false
B-TIA_USDT,1789558019219,0.3297,2,false
B-TIA_USDT,1789558019384,0.3297,70,false
B-TIA_USDT,1789558020084,0.3297,18,false
B-TIA_USDT,1789558020464,0.3296,1622,true
B-TIA_USDT,1789558021389,0.3296,1,false
B-TIA_USDT,1789558021880,0.3296,21,false
B-TIA_USDT,1789558022600,0.3297,2,false
B-TIA_USDT,1789558023307,0.3296,22,true
B-TIA_USDT,1789558023625,0.3297,1,false
B-TIA_USDT,1789558024625,0.3297,2,false
B-TIA_USDT,1789558025957,0.3297,2,false
B-TIA_USDT,1789558026787,0.3297,18,false
B-TIA_USDT,1789558027001,0.3297,1,false
B-TIA_USDT,1789558028035,0.3297,3,false
B-TIA_USDT,1789558028771,0.3296,44,true
B-TIA_USDT,1789558029193,0.3297,2,false
B-TIA_USDT,1789558030429,0.3297,2,false
B-TIA_USDT,1789558031693,0.3297,1,false
B-TIA_USDT,1789558032993,0.3297,2,false
B-TIA_USDT,1789558034163,0.3297,2,false
B-TIA_USDT,1789558035403,0.3297,3,false
B-TIA_USDT,1789558036447,0.3297,2,false
B-TIA_USDT,1789558036616,0.3297,71,false
B-TIA_USDT,1789558037765,0.3297,2,false
B-TIA_USDT,1789558038870,0.3296,2965,true
B-TIA_USDT,1789558038925,0.3296,1,false
B-TIA_USDT,1789558040217,0.3296,2,false
B-TIA_USDT,1789558041691,0.3296,3,false
B-TIA_USDT,1789558042779,0.3296,2,false
B-TIA_USDT,1789558044153,0.3296,2,false
B-TIA_USDT,1789558045708,0.3296,3,false
B-TIA_USDT,1789558046929,0.3296,2,false
B-TIA_USDT,1789558047508,0.3296,47,false
B-TIA_USDT,1789558047895,0.3296,1,false
B-TIA_USDT,1789558048657,0.3296,35,false
B-TIA_USDT,1789558049029,0.3296,2,false
B-TIA_USDT,1789558049558,0.3296,123,false
B-TIA_USDT,1789558050240,0.3296,2,false
B-TIA_USDT,1789558050384,0.3295,112,true
B-TIA_USDT,1789558051401,0.3296,3,false
B-TIA_USDT,1789558052379,0.3295,24,true
B-TIA_USDT,1789558052433,0.3296,2,false
B-TIA_USDT,1789558052995,0.3296,238,false
B-TIA_USDT,1789558053849,0.3296,2,false
B-TIA_USDT,1789558055230,0.3296,3,false
B-TIA_USDT,1789558057237,0.3296,1,false
B-TIA_USDT,1789558058292,0.3296,1,false
B-TIA_USDT,1789558058755,0.3296,55,false
B-TIA_USDT,1789558058999,0.3296,910,false
B-TIA_USDT,1789558059527,0.3296,2,false
B-TIA_USDT,1789558060935,0.3295,181,true
B-TIA_USDT,1789558060963,0.3296,2,false
B-TIA_USDT,1789558062053,0.3296,3,false
B-TIA_USDT,1789558063025,0.3296,3,false
B-TIA_USDT,1789558064229,0.3296,3,false
B-TIA_USDT,1789558064898,0.3296,71,false
B-TIA_USDT,1789558065455,0.3296,2,false
B-TIA_USDT,1789558066827,0.3296,3,false
B-TIA_USDT,1789558067827,0.3296,1,false
B-TIA_USDT,1789558069167,0.3296,3,false
B-TIA_USDT,1789558070413,0.3296,2,false
B-TIA_USDT,1789558071437,0.3296,3,false
B-TIA_USDT,1789558072531,0.3296,2,false
B-TIA_USDT,1789558073539,0.3296,2,false
B-TIA_USDT,1789558074677,0.3296,3,false
B-TIA_USDT,1789558075809,0.3296,2,false
B-TIA_USDT,1789558076612,0.3296,1826,false
B-TIA_USDT,1789558077039,0.3297,3,false
B-TIA_USDT,1789558077424,0.3296,18,true
B-TIA_USDT,1789558077892,0.3296,27,true
B-TIA_USDT,1789558078113,0.3297,3,false
B-TIA_USDT,1789558079191,0.3297,1,false
B-TIA_USDT,1789558080449,0.3296,847,true
B-TIA_USDT,1789558080560,0.3296,2,false
B-TIA_USDT,1789558081596,0.3296,19,false
B-TIA_USDT,1789558082065,0.3296,2,false
B-TIA_USDT,1789558083168,0.3296,2,false
B-TIA_USDT,1789558083593,0.3295,248,true
B-TIA_USDT,1789558084255,0.3296,3,false
B-TIA_USDT,1789558085582,0.3295,4798,true
B-TIA_USDT,1789558085589,0.3295,2,false
B-TIA_USDT,1789558086112,0.3295,30,false
B-TIA_USDT,1789558086641,0.3295,1,false
B-TIA_USDT,1789558086673,0.3294,16,true
B-TIA_USDT,1789558087953,0.3295,3,false
B-TIA_USDT,1789558089559,0.3295,21,false
B-TIA_USDT,1789558090697,0.3295,2,false
B-TIA_USDT,1789558092315,0.3295,3,false
B-TIA_USDT,1789558093423,0.3295,2,false
B-TIA_USDT,1789558094582,0.3295,2,false
B-TIA_USDT,1789558095783,0.3295,2,false
B-TIA_USDT,1789558096071,0.3294,303,true
B-TIA_USDT,1789558096967,0.3295,2,false
B-TIA_USDT,1789558098415,0.3295,1,false
B-TIA_USDT,1789558098655,0.3294,529,true
B-TIA_USDT,1789558099350,0.3294,70,false
B-TIA_USDT,1789558099523,0.3294,3,false
B-TIA_USDT,1789558100243,0.3294,116,false
B-TIA_USDT,1789558100609,0.3294,2,false
B-TIA_USDT,1789558100781,0.3294,119,false
B-TIA_USDT,1789558101483,0.3294,30,false
B-TIA_USDT,1789558101861,0.3294,32,false
B-TIA_USDT,1789558102783,0.3294,33,false
B-TIA_USDT,1789558103825,0.3294,2,false
B-TIA_USDT,1789558104883,0.3294,3,false
B-TIA_USDT,1789558105944,0.3294,2,false
B-TIA_USDT,1789558107141,0.3294,1,false
B-TIA_USDT,1789558107146,0.3293,2165,true
B-TIA_USDT,1789558107664,0.3293,102,false
B-TIA_USDT,1789558108285,0.3293,2,false
B-TIA_USDT,1789558108494,0.3293,284,false
B-TIA_USDT,1789558109021,0.3293,253,false
B-TIA_USDT,1789558109333,0.3293,3,false
B-TIA_USDT,1789558110132,0.3293,33,false
B-TIA_USDT,1789558110262,0.3293,160,false
B-TIA_USDT,1789558110900,0.3293,1,false
B-TIA_USDT,1789558112569,0.3293,2,false
B-TIA_USDT,1789558113036,0.3292,33,true
B-TIA_USDT,1789558113929,0.3293,2,false
B-TIA_USDT,1789558115165,0.3293,2,false
B-TIA_USDT,1789558116398,0.3293,3,false
B-TIA_USDT,1789558116618,0.3293,144,false
B-TIA_USDT,1789558117633,0.3293,2,false
B-TIA_USDT,1789558118825,0.3293,3,false
B-TIA_USDT,1789558120327,0.3293,3,false
B-TIA_USDT,1789558121331,0.3293,2,false
B-TIA_USDT,1789558122677,0.3293,1,false
B-TIA_USDT,1789558124175,0.3293,2,false
B-TIA_USDT,1789558125529,0.3293,3,false
B-TIA_USDT,1789558126820,0.3293,2,false
B-TIA_USDT,1789558127939,0.3293,2,false
B-TIA_USDT,1789558129427,0.3293,2,false
B-TIA_USDT,1789558130597,0.3293,3,false
B-TIA_USDT,1789558132039,0.3293,2,false
B-TIA_USDT,1789558132186,0.3293,7758,false
B-TIA_USDT,1789558132607,0.3293,18,false
B-TIA_USDT,1789558133175,0.3293,2,false
B-TIA_USDT,1789558134311,0.3293,1,false
B-TIA_USDT,1789558134388,0.3292,29,true
B-TIA_USDT,1789558135373,0.3293,2,false
B-TIA_USDT,1789558136827,0.3293,2,false
B-TIA_USDT,1789558137209,0.3293,7,false
B-TIA_USDT,1789558138235,0.3293,3,false
B-TIA_USDT,1789558139377,0.3293,2,false
B-TIA_USDT,1789558140381,0.3293,248,false
B-TIA_USDT,1789558140409,0.3294,2,false
B-TIA_USDT,1789558141651,0.3294,2,false
B-TIA_USDT,1789558142959,0.3294,2,false
B-TIA_USDT,1789558144081,0.3294,2,false
B-TIA_USDT,1789558145499,0.3294,1,false
B-TIA_USDT,1789558146554,0.3294,17,false
B-TIA_USDT,1789558146751,0.3294,2,false
B-TIA_USDT,1789558147727,0.3294,1,false
B-TIA_USDT,1789558149067,0.3294,2,false
B-TIA_USDT,1789558150057,0.3294,2,false
B-TIA_USDT,1789558151107,0.3294,2,false
B-TIA_USDT,1789558152257,0.3294,2,false
B-TIA_USDT,1789558153659,0.3294,2,false
B-TIA_USDT,1789558155854,0.3294,1,false
B-TIA_USDT,1789558157379,0.3294,1,false
B-TIA_USDT,1789558158473,0.3294,2,false
B-TIA_USDT,1789558158972,0.3293,99,true
B-TIA_USDT,1789558159516,0.3294,67,false
B-TIA_USDT,1789558159813,0.3293,18,true
B-TIA_USDT,1789558159891,0.3294,3,false
B-TIA_USDT,1789558161246,0.3294,2,false
B-TIA_USDT,1789558162509,0.3294,1,false
B-TIA_USDT,1789558164527,0.3294,2,false
B-TIA_USDT,1789558165585,0.3294,2,false
B-TIA_USDT,1789558165706,0.3293,6,true
B-TIA_USDT,1789558166629,0.3294,2,false
B-TIA_USDT,1789558168004,0.3294,2,false
B-TIA_USDT,1789558169665,0.3294,1,false
B-TIA_USDT,1789558171103,0.3294,2,false
B-TIA_USDT,1789558172091,0.3294,2,false
B-TIA_USDT,1789558173358,0.3294,1,false
B-TIA_USDT,1789558174537,0.3294,2,false
B-TIA_USDT,1789558175542,0.3294,2,false
B-TIA_USDT,1789558176280,0.3294,252,false
B-TIA_USDT,1789558176927,0.3294,1,false
B-TIA_USDT,1789558177867,0.3294,714,false
B-TIA_USDT,1789558177970,0.3294,454,false
B-TIA_USDT,1789558179123,0.3295,2,false
B-TIA_USDT,1789558179788,0.3294,116,true
B-TIA_USDT,1789558180719,0.3295,2,false
B-TIA_USDT,1789558182673,0.3295,2,false
B-TIA_USDT,1789558184039,0.3295,1,false
B-TIA_USDT,1789558184669,0.3295,3319,false
B-TIA_USDT,1789558185090,0.3296,1,false
B-TIA_USDT,1789558185758,0.3296,123,false
B-TIA_USDT,1789558186307,0.3296,1,false
B-TIA_USDT,1789558186899,0.3296,50,false
B-TIA_USDT,1789558187361,0.3296,2,false
B-TIA_USDT,1789558187423,0.3295,358,true
B-TIA_USDT,1789558189329,0.3295,2,false
B-TIA_USDT,1789558190401,0.3295,2,false
B-TIA_USDT,1789558191400,0.3295,1,false
B-TIA_USDT,1789558192581,0.3295,1,false
B-TIA_USDT,1789558193997,0.3295,2,false
B-TIA_USDT,1789558194551,0.3294,85,true
B-TIA_USDT,1789558195165,0.3295,1,false
B-TIA_USDT,1789558197155,0.3295,2,false
B-TIA_USDT,1789558198347,0.3295,1,false
B-TIA_USDT,1789558199267,0.3295,2,false
B-TIA_USDT,1789558200591,0.3295,2,false
B-TIA_USDT,1789558201123,0.3295,302,false
B-TIA_USDT,1789558201381,0.3295,83,false
B-TIA_USDT,1789558201482,0.3296,3,false
B-TIA_USDT,1789558201732,0.3296,2,false
B-TIA_USDT,1789558201902,0.3296,364,false
B-TIA_USDT,1789558201938,0.3295,19,true
B-TIA_USDT,1789558202249,0.3296,121,false
B-TIA_USDT,1789558203011,0.3296,1,false
B-TIA_USDT,1789558204147,0.3296,972,false
B-TIA_USDT,1789558204604,0.3296,364,false
B-TIA_USDT,1789558205284,0.3296,249,false
B-TIA_USDT,1789558205497,0.3296,2,false
B-TIA_USDT,1789558206557,0.3296,1,false
B-TIA_USDT,1789558207505,0.3296,1,false
B-TIA_USDT,1789558208569,0.3296,2,false
B-TIA_USDT,1789558209585,0.3296,1,false
B-TIA_USDT,1789558210753,0.3296,1,false
B-TIA_USDT,1789558212009,0.3296,1,false
B-TIA_USDT,1789558213059,0.3296,1,false
B-TIA_USDT,1789558214113,0.3296,1,false
B-TIA_USDT,1789558214230,0.3296,19,false
B-TIA_USDT,1789558215319,0.3296,1,false
B-TIA_USDT,1789558216416,0.3296,1,false
B-TIA_USDT,1789558217545,0.3296,304,false
B-TIA_USDT,1789558218843,0.3296,1,false
B-TIA_USDT,1789558219284,0.3296,225,false
B-TIA_USDT,1789558220081,0.3296,1,false
B-TIA_USDT,1789558221209,0.3296,1,false
B-TIA_USDT,1789558222531,0.3296,1,false
B-TIA_USDT,1789558223725,0.3296,1,false
B-TIA_USDT,1789558224078,0.3295,379,true
B-TIA_USDT,1789558224348,0.3295,379,true
B-TIA_USDT,1789558224765,0.3295,379,true
B-TIA_USDT,1789558224793,0.3296,1,false
B-TIA_USDT,1789558226115,0.3296,1,false
B-TIA_USDT,1789558227558,0.3296,1,false
B-TIA_USDT,1789558228757,0.3296,426,false
B-TIA_USDT,1789558228813,0.3297,1,false
B-TIA_USDT,1789558228961,0.3296,74,true
B-TIA_USDT,1789558229735,0.3297,1,false
B-TIA_USDT,1789558230765,0.3297,1,false
B-TIA_USDT,1789558231873,0.3297,1,false
B-TIA_USDT,1789558232997,0.3297,1,false
B-TIA_USDT,1789558234273,0.3297,1,false
B-TIA_USDT,1789558236197,0.3297,55,false
B-TIA_USDT,1789558237371,0.3297,1,false
B-TIA_USDT,1789558238397,0.3296,303,true
B-TIA_USDT,1789558238425,0.3297,1,false
B-TIA_USDT,1789558238886,0.3296,581,true
B-TIA_USDT,1789558239283,0.3296,18,false
B-TIA_USDT,1789558239481,0.3296,1,false
B-TIA_USDT,1789558239866,0.3295,2622,true
B-TIA_USDT,1789558240102,0.3294,379,true
B-TIA_USDT,1789558240651,0.3295,1,false
B-TIA_USDT,1789558241639,0.3296,1,false
B-TIA_USDT,1789558241695,0.3294,379,true
B-TIA_USDT,1789558242953,0.3295,1,false
B-TIA_USDT,1789558244263,0.3295,1,false
B-TIA_USDT,1789558245755,0.3295,1,false
B-TIA_USDT,1789558247025,0.3296,1,false
B-TIA_USDT,1789558248165,0.3296,1,false
B-TIA_USDT,1789558249209,0.3296,1,false
B-TIA_USDT,1789558250285,0.3296,2,false
B-TIA_USDT,1789558251229,0.3296,1,false
B-TIA_USDT,1789558252254,0.3296,1,false
B-TIA_USDT,1789558252789,0.3296,28,false
B-TIA_USDT,1789558253367,0.3296,1,false
B-TIA_USDT,1789558254237,0.3295,379,true
B-TIA_USDT,1789558254431,0.3296,1,false
B-TIA_USDT,1789558255213,0.3295,379,true
B-TIA_USDT,1789558255429,0.3296,1,false
B-TIA_USDT,1789558256791,0.3296,2,false
B-TIA_USDT,1789558258067,0.3296,2,false
B-TIA_USDT,1789558258104,0.3295,379,true
B-TIA_USDT,1789558259429,0.3296,1,false
B-TIA_USDT,1789558260469,0.3296,1,false
B-TIA_USDT,1789558261628,0.3296,22,false
B-TIA_USDT,1789558262987,0.3296,2,false
B-TIA_USDT,1789558264323,0.3296,2,false
B-TIA_USDT,1789558265829,0.3296,2,false
B-TIA_USDT,1789558265898,0.3295,1129,true
B-TIA_USDT,1789558266773,0.3295,1,false
B-TIA_USDT,1789558267031,0.3295,15,false
B-TIA_USDT,1789558268000,0.3295,2,false
B-TIA_USDT,1789558269201,0.3295,2,false
B-TIA_USDT,1789558269619,0.3294,296,true
B-TIA_USDT,1789558270395,0.3295,1,false
B-TIA_USDT,1789558270846,0.3294,379,true
B-TIA_USDT,1789558271273,0.3294,379,true
B-TIA_USDT,1789558271699,0.3295,2,false
B-TIA_USDT,1789558272775,0.3295,2,false
B-TIA_USDT,1789558273883,0.3295,1,false
B-TIA_USDT,1789558274752,0.3294,379,true
B-TIA_USDT,1789558274977,0.3295,2,false
B-TIA_USDT,1789558277239,0.3295,1,false
B-TIA_USDT,1789558278369,0.3295,2,false
B-TIA_USDT,1789558279675,0.3295,2,false
B-TIA_USDT,1789558280811,0.3295,1,false
B-TIA_USDT,1789558281303,0.3294,43,true
B-TIA_USDT,1789558281499,0.3294,21,true
B-TIA_USDT,1789558281678,0.3294,93,true
B-TIA_USDT,1789558282099,0.3295,2,false
B-TIA_USDT,1789558283037,0.3295,2,false
B-TIA_USDT,1789558284083,0.3295,1,false
B-TIA_USDT,1789558285477,0.3295,1,false
B-TIA_USDT,1789558286204,0.3294,379,true
B-TIA_USDT,1789558287052,0.3294,379,true
B-TIA_USDT,1789558287082,0.3295,2,false
B-TIA_USDT,1789558288153,0.3295,1,false
B-TIA_USDT,1789558289267,0.3295,1,false
B-TIA_USDT,1789558289567,0.3294,379,true
B-TIA_USDT,1789558290401,0.3295,1448,false
B-TIA_USDT,1789558290564,0.3296,2,false
B-TIA_USDT,1789558291211,0.3296,755,false
B-TIA_USDT,1789558291669,0.3297,1,false
B-TIA_USDT,1789558292745,0.3297,2,false
B-TIA_USDT,1789558293761,0.3297,1,false
B-TIA_USDT,1789558295061,0.3297,2,false
B-TIA_USDT,1789558296529,0.3297,1,false
B-TIA_USDT,1789558297811,0.3297,2,false
B-TIA_USDT,1789558298849,0.3297,2,false
B-TIA_USDT,1789558299050,0.3296,23,true
B-TIA_USDT,1789558300055,0.3297,60,false
B-TIA_USDT,1789558300264,0.3296,379,true
B-TIA_USDT,1789558301087,0.3297,1,false
B-TIA_USDT,1789558301396,0.3296,379,true
B-TIA_USDT,1789558301813,0.3296,24,true
B-TIA_USDT,1789558303273,0.3297,58,false
B-TIA_USDT,1789558304598,0.3297,348,false
B-TIA_USDT,1789558304700,0.3298,3938,false
B-TIA_USDT,1789558304812,0.3297,379,true
B-TIA_USDT,1789558304819,0.3298,21,false
B-TIA_USDT,1789558310857,0.3297,500,true
B-TIA_USDT,1789558311057,0.3297,413,true
B-TIA_USDT,1789558314139,0.3297,17,false
B-TIA_USDT,1789558315759,0.3297,47,false
B-TIA_USDT,1789558316088,0.3297,379,true
B-TIA_USDT,1789558316232,0.3297,571,true
B-TIA_USDT,1789558316232,0.3296,2903,true
B-TIA_USDT,1789558317849,0.3297,379,true
B-TIA_USDT,1789558319917,0.3297,379,true
B-TIA_USDT,1789558320376,0.3296,1442,true
B-TIA_USDT,1789558324874,0.3297,387,false
B-TIA_USDT,1789558325131,0.3298,67,false
B-TIA_USDT,1789558325168,0.3299,21,false
B-TIA_USDT,1789558326652,0.3299,4434,false
B-TIA_USDT,1789558327105,0.33,1137,false
B-TIA_USDT,1789558327229,0.33,2864,true
B-TIA_USDT,1789558327308,0.3299,58,true
B-TIA_USDT,1789558327552,0.33,18,false
B-TIA_USDT,1789558327867,0.33,954,false
B-TIA_USDT,1789558329221,0.3301,93,false
B-TIA_USDT,1789558331634,0.3299,7,true
B-TIA_USDT,1789558332549,0.3299,379,true
B-TIA_USDT,1789558333230,0.33,19,false
B-TIA_USDT,1789558335504,0.3301,18,false
B-TIA_USDT,1789558335880,0.33,379,true
B-TIA_USDT,1789558336069,0.33,2146,true
B-TIA_USDT,1789558336838,0.33,2,false
B-TIA_USDT,1789558337326,0.3299,4505,true
B-TIA_USDT,1789558338197,0.3299,17,false
B-TIA_USDT,1789558338366,0.3298,1007,true
B-TIA_USDT,1789558338811,0.3298,16,false
B-TIA_USDT,1789558341276,0.3297,3303,true
B-TIA_USDT,1789558341280,0.3296,11369,true
B-TIA_USDT,1789558342639,0.3296,26,false
B-TIA_USDT,1789558345787,0.3296,3114,false
B-TIA_USDT,1789558347500,0.3295,379,true
B-TIA_USDT,1789558347991,0.3295,3622,true
B-TIA_USDT,1789558348382,0.3294,30,true
B-TIA_USDT,1789558349380,0.3294,1172,true
B-TIA_USDT,1789558349703,0.3293,304,true
B-TIA_USDT,1789558350270,0.3293,2459,true
B-TIA_USDT,1789558350288,0.3292,6568,true
B-TIA_USDT,1789558350367,0.3292,1059,false
B-TIA_USDT,1789558350971,0.3293,30,false
B-TIA_USDT,1789558351193,0.3292,380,true
B-TIA_USDT,1789558351534,0.3293,30,false
B-TIA_USDT,1789558352419,0.3293,16,false
B-TIA_USDT,1789558353040,0.3293,19,false
B-TIA_USDT,1789558353823,0.3293,11931,false
B-TIA_USDT,1789558357326,0.3293,253,false
B-TIA_USDT,1789558358936,0.3293,2060,false
B-TIA_USDT,1789558358939,0.3294,373,false
B-TIA_USDT,1789558358985,0.3295,291,false
B-TIA_USDT,1789558359472,0.3294,1153,false
B-TIA_USDT,1789558362930,0.3293,380,true
B-TIA_USDT,1789558364048,0.3293,380,true
B-TIA_USDT,1789558365231,0.3294,35,false
B-TIA_USDT,1789558366182,0.3294,232,true
B-TIA_USDT,1789558366931,0.3294,379,true
B-TIA_USDT,1789558367067,0.3293,21,true
B-TIA_USDT,1789558367172,0.3294,26,false
B-TIA_USDT,1789558367391,0.3294,51,false
B-TIA_USDT,1789558367396,0.3295,7246,false
B-TIA_USDT,1789558368347,0.3296,1299,false
B-TIA_USDT,1789558368473,0.3296,959,false
B-TIA_USDT,1789558369182,0.3296,101,false
B-TIA_USDT,1789558369323,0.3296,19,false
B-TIA_USDT,1789558378337,0.3297,20,false
B-TIA_USDT,1789558378755,0.3297,36,false
B-TIA_USDT,1789558379700,0.3296,379,true
B-TIA_USDT,1789558380442,0.3296,1356,true
B-TIA_USDT,1789558380653,0.3296,379,true
B-TIA_USDT,1789558381354,0.3296,379,true
B-TIA_USDT,1789558382276,0.3297,49,false
B-TIA_USDT,1789558383527,0.3296,163,true
B-TIA_USDT,1789558385169,0.3296,410,true
B-TIA_USDT,1789558388595,0.3297,49,false
B-TIA_USDT,1789558392369,0.3297,584,false
B-TIA_USDT,1789558394258,0.3297,37,true
B-TIA_USDT,1789558394651,0.3297,379,true
B-TIA_USDT,1789558395699,0.3297,379,true
B-TIA_USDT,1789558396180,0.3297,379,true
B-TIA_USDT,1789558398332,0.3298,42,false
B-TIA_USDT,1789558399355,0.3299,598,false
B-TIA_USDT,1789558399951,0.3299,18,true
B-TIA_USDT,1789558402340,0.33,88,false
B-TIA_USDT,1789558405099,0.3299,396,true
B-TIA_USDT,1789558410278,0.3298,724,true
B-TIA_USDT,1789558410758,0.3298,739,true
B-TIA_USDT,1789558410916,0.3298,462,true
B-TIA_USDT,1789558412674,0.3299,1759,false
B-TIA_USDT,1789558414417,0.33,39,false
B-TIA_USDT,1789558414981,0.3299,407,true
B-TIA_USDT,1789558417323,0.3301,302,false
B-TIA_USDT,1789558418025,0.33,16,false
B-TIA_USDT,1789558420607,0.33,46,false
B-TIA_USDT,1789558423560,0.33,100,false
B-TIA_USDT,1789558428960,0.33,190,false
B-TIA_USDT,1789558433010,0.3299,406,true
B-TIA_USDT,1789558433029,0.3299,72,false
B-TIA_USDT,1789558433257,0.3299,1238,false
B-TIA_USDT,1789558433652,0.33,28,false
B-TIA_USDT,1789558433851,0.33,284,false
B-TIA_USDT,1789558435471,0.33,77,false
B-TIA_USDT,1789558436803,0.33,54,false
B-TIA_USDT,1789558441349,0.33,19,false
B-TIA_USDT,1789558442190,0.3299,52,true
B-TIA_USDT,1789558444495,0.3299,878,true
B-TIA_USDT,1789558453400,0.3298,391,true
B-TIA_USDT,1789558454393,0.3298,37,true
B-TIA_USDT,1789558461631,0.3298,60,true
B-TIA_USDT,1789558461746,0.3298,15,true
B-TIA_USDT,1789558462865,0.3299,1478,false
B-TIA_USDT,1789558462888,0.33,449,false
B-TIA_USDT,1789558462889,0.3301,435,false
B-TIA_USDT,1789558464210,0.3301,845,false
B-TIA_USDT,1789558465625,0.33,6,true
B-TIA_USDT,1789558466274,0.33,216,true
B-TIA_USDT,1789558466464,0.33,228,false
B-TIA_USDT,1789558473816,0.33,116,false
B-TIA_USDT,1789558476164,0.33,116,false
B-TIA_USDT,1789558481980,0.33,88,false
B-TIA_USDT,1789558489095,0.3299,53,true
B-TIA_USDT,1789558490081,0.33,1590,false
B-TIA_USDT,1789558490083,0.3301,6297,false
B-TIA_USDT,1789558496164,0.3301,364,false
B-TIA_USDT,1789558497595,0.3301,141,false
B-TIA_USDT,1789558499824,0.3301,29,false
B-TIA_USDT,1789558504931,0.33,4880,true
B-TIA_USDT,1789558505208,0.33,28,false
B-TIA_USDT,1789558505274,0.3301,17,false
B-TIA_USDT,1789558516336,0.3301,1477,false
B-TIA_USDT,1789558516387,0.3301,2519,true
B-TIA_USDT,1789558520869,0.3301,45,false
B-TIA_USDT,1789558522527,0.3301,16,false
B-TIA_USDT,1789558522837,0.3301,231,false
B-TIA_USDT,1789558524203,0.33,643,true
B-TIA_USDT,1789558524327,0.33,19,false
B-TIA_USDT,1789558526168,0.33,11182,false
B-TIA_USDT,1789558526172,0.3301,632,false
B-TIA_USDT,1789558526193,0.3302,285,false
B-TIA_USDT,1789558526194,0.33,858,true
B-TIA_USDT,1789558526664,0.3302,9508,false
B-TIA_USDT,1789558526666,0.3303,4220,false
B-TIA_USDT,1789558526706,0.3304,676,false
B-TIA_USDT,1789558531257,0.3304,3025,false
B-TIA_USDT,1789558531266,0.3304,2051,true
B-TIA_USDT,1789558531663,0.3304,542,true
B-TIA_USDT,1789558531772,0.3304,25,false
B-TIA_USDT,1789558532752,0.3304,30,false
B-TIA_USDT,1789558535329,0.3303,114,true
B-TIA_USDT,1789558535553,0.3303,750,true
B-TIA_USDT,1789558535827,0.3304,159,false
B-TIA_USDT,1789558535829,0.3307,104,false
B-TIA_USDT,1789558537192,0.3307,1135,false
B-TIA_USDT,1789558537953,0.3307,104,true
B-TIA_USDT,1789558538237,0.3307,942,true
B-TIA_USDT,1789558538829,0.3307,319,true
B-TIA_USDT,1789558539845,0.3307,3718,true
B-TIA_USDT,1789558539846,0.3306,6191,true
B-TIA_USDT,1789558546492,0.3305,83,true
B-TIA_USDT,1789558547486,0.3307,4458,false
B-TIA_USDT,1789558549929,0.3306,600,false
B-TIA_USDT,1789558550461,0.3307,93,false
B-TIA_USDT,1789558550859,0.3306,317,true
B-TIA_USDT,1789558552645,0.3307,300,false
B-TIA_USDT,1789558552967,0.3306,921,true
B-TIA_USDT,1789558556921,0.3307,335,false
B-TIA_USDT,1789558556925,0.3306,356,true
B-TIA_USDT,1789558557407,0.3305,1188,true
B-TIA_USDT,1789558561185,0.3307,24,false
B-TIA_USDT,1789558561394,0.3307,16,false
B-TIA_USDT,1789558566661,0.3306,17,true
B-TIA_USDT,1789558569953,0.3307,41,false
B-TIA_USDT,1789558572541,0.3307,2,false
B-TIA_USDT,1789558572733,0.3306,6861,true
B-TIA_USDT,1789558572734,0.3305,1927,true
B-TIA_USDT,1789558572764,0.3305,129,false
B-TIA_USDT,1789558573932,0.3304,1168,true
B-TIA_USDT,1789558582032,0.3304,248,false
B-TIA_USDT,1789558590854,0.3304,502,false
B-TIA_USDT,1789558591881,0.3303,38,true
B-TIA_USDT,1789558594521,0.3304,67,false
B-TIA_USDT,1789558596948,0.3304,84,false
B-TIA_USDT,1789558598281,0.3304,22,false
B-TIA_USDT,1789558599869,0.3304,310,false
B-TIA_USDT,1789558601457,0.3304,27,false
B-TIA_USDT,1789558601946,0.3304,294,false
B-TIA_USDT,1789558603827,0.3304,3467,false
B-TIA_USDT,1789558608707,0.3304,20,true
B-TIA_USDT,1789558610067,0.3303,4181,true
B-TIA_USDT,1789558610139,0.3305,285,false
B-TIA_USDT,1789558610923,0.3305,29,false
B-TIA_USDT,1789558614058,0.3305,2222,false
B-TIA_USDT,1789558614463,0.3306,37,false
B-TIA_USDT,1789558615803,0.3306,18,false
B-TIA_USDT,1789558618572,0.3306,261,false
B-TIA_USDT,1789558618944,0.3305,16,true
B-TIA_USDT,1789558620507,0.3305,34,true
B-TIA_USDT,1789558625973,0.3306,752,false
B-TIA_USDT,1789558626274,0.3307,8580,false
B-TIA_USDT,1789558626285,0.3308,6279,false
B-TIA_USDT,1789558626295,0.3309,29,false
B-TIA_USDT,1789558626307,0.3306,8514,true
B-TIA_USDT,1789558626325,0.3308,356,false
B-TIA_USDT,1789558626333,0.3309,3508,false
B-TIA_USDT,1789558626371,0.3308,289,false
B-TIA_USDT,1789558627051,0.3308,254,false
B-TIA_USDT,1789558627446,0.3307,16,true
B-TIA_USDT,1789558631045,0.3307,680,true
B-TIA_USDT,1789558633144,0.3308,116,false
B-TIA_USDT,1789558633999,0.3309,19,false
B-TIA_USDT,1789558635508,0.3308,221,true
B-TIA_USDT,1789558636637,0.3307,31,true
B-TIA_USDT,1789558636989,0.3307,32,true
B-TIA_USDT,1789558639935,0.3307,4067,true
B-TIA_USDT,1789558641967,0.3306,17,true
B-TIA_USDT,1789558643171,0.3307,21,false
B-TIA_USDT,1789558645330,0.3307,245,false
B-TIA_USDT,1789558645541,0.3307,26,true
B-TIA_USDT,1789558649451,0.3308,58,false
B-TIA_USDT,1789558650802,0.3308,130,false
B-TIA_USDT,1789558652548,0.3308,19,false
B-TIA_USDT,1789558652749,0.3307,18,true
B-TIA_USDT,1789558654002,0.3308,204,false
B-TIA_USDT,1789558654743,0.3307,2219,true
B-TIA_USDT,1789558656847,0.3306,16,true
B-TIA_USDT,1789558659372,0.3306,433,true
B-TIA_USDT,1789558660133,0.3305,1655,true
B-TIA_USDT,1789558660160,0.3304,1600,true
B-TIA_USDT,1789558660245,0.3304,1255,false
B-TIA_USDT,1789558661980,0.3304,741,false
B-TIA_USDT,1789558662412,0.3304,181,false
B-TIA_USDT,1789558662778,0.3304,28,false
B-TIA_USDT,1789558663459,0.3304,20,false
B-TIA_USDT,1789558664300,0.3303,4550,true
B-TIA_USDT,1789558665573,0.3304,73,false
B-TIA_USDT,1789558667986,0.3304,177,false
B-TIA_USDT,1789558672532,0.3303,40,true
B-TIA_USDT,1789558672573,0.3304,18,false
B-TIA_USDT,1789558678307,0.3303,276,true
B-TIA_USDT,1789558679364,0.3303,3373,true
B-TIA_USDT,1789558679458,0.3302,1197,true
B-TIA_USDT,1789558679531,0.3303,90,false
B-TIA_USDT,1789558680513,0.3302,355,false
B-TIA_USDT,1789558682513,0.3302,211,false
B-TIA_USDT,1789558682942,0.3301,1012,true
B-TIA_USDT,1789558683502,0.3301,28,false
B-TIA_USDT,1789558685603,0.3301,57,false
B-TIA_USDT,1789558685908,0.3301,208,false
B-TIA_USDT,1789558687168,0.3301,20,false
B-TIA_USDT,1789558687971,0.33,2374,true
B-TIA_USDT,1789558688103,0.3299,44,true
B-TIA_USDT,1789558689612,0.33,3686,false
B-TIA_USDT,1789558689983,0.3301,149,false
B-TIA_USDT,1789558693302,0.33,1971,true
B-TIA_USDT,1789558694050,0.3301,928,false
B-TIA_USDT,1789558695042,0.3301,16,false
B-TIA_USDT,1789558695149,0.3301,2816,false
B-TIA_USDT,1789558696204,0.3301,17,true
B-TIA_USDT,1789558697302,0.3302,17,false
B-TIA_USDT,1789558700786,0.3303,17,false
B-TIA_USDT,1789558701135,0.3303,25,true
B-TIA_USDT,1789558703020,0.3304,20,false
B-TIA_USDT,1789558704076,0.3303,3986,true
B-TIA_USDT,1789558704736,0.3302,1244,true
B-TIA_USDT,1789558705989,0.3301,2173,true
B-TIA_USDT,1789558707083,0.3301,3334,false
B-TIA_USDT,1789558707085,0.3302,837,false
B-TIA_USDT,1789558707113,0.3303,1228,false
B-TIA_USDT,1789558707121,0.3304,372,false
B-TIA_USDT,1789558707701,0.3303,16,false
B-TIA_USDT,1789558709245,0.3304,16,false
B-TIA_USDT,1789558710961,0.3303,1000,true
B-TIA_USDT,1789558711866,0.3304,20,false
B-TIA_USDT,1789558712185,0.3304,916,false
B-TIA_USDT,1789558717661,0.3304,30,false
B-TIA_USDT,1789558721935,0.3303,500,true
B-TIA_USDT,1789558727552,0.3304,785,false
B-TIA_USDT,1789558727879,0.3304,638,true
B-TIA_USDT,1789558731368,0.3305,463,false
B-TIA_USDT,1789558731798,0.3306,454,false
B-TIA_USDT,1789558735834,0.3306,21,false
B-TIA_USDT,1789558748148,0.3305,5646,true
B-TIA_USDT,1789558749247,0.3305,27,false
B-TIA_USDT,1789558749942,0.3304,2342,true
B-TIA_USDT,1789558754762,0.3304,28,false
B-TIA_USDT,1789558755288,0.3304,23,false
B-TIA_USDT,1789558759093,0.3304,2158,false
B-TIA_USDT,1789558762935,0.3304,87,true
B-TIA_USDT,1789558765706,0.3304,3,true
B-TIA_USDT,1789558780071,0.3305,52,false
B-TIA_USDT,1789558781668,0.3304,3372,true
B-TIA_USDT,1789558786590,0.3304,518,false
B-TIA_USDT,1789558786608,0.3304,176,true
B-TIA_USDT,1789558790178,0.3304,37,false
B-TIA_USDT,1789558800199,0.3304,54,false
B-TIA_USDT,1789558805763,0.3303,2900,true
B-TIA_USDT,1789558805770,0.3302,8889,true
B-TIA_USDT,1789558807201,0.3303,266,true
B-TIA_USDT,1789558807231,0.3302,334,true
B-TIA_USDT,1789558808897,0.3302,644,false
B-TIA_USDT,1789558808958,0.3303,4377,false
B-TIA_USDT,1789558809249,0.3303,552,false
B-TIA_USDT,1789558810095,0.3304,545,false
B-TIA_USDT,1789558811136,0.3304,2147,false
B-TIA_USDT,1789558811143,0.3305,3517,false
B-TIA_USDT,1789558811151,0.3306,8189,false
B-TIA_USDT,1789558811170,0.3305,17,false
B-TIA_USDT,1789558811203,0.3305,88,true
B-TIA_USDT,1789558811208,0.3307,17,false
B-TIA_USDT,1789558811550,0.3305,1541,true
B-TIA_USDT,1789558811589,0.3305,77,false
B-TIA_USDT,1789558814231,0.3305,50,false
B-TIA_USDT,1789558817991,0.3304,388,true
B-TIA_USDT,1789558818770,0.3304,28,false
B-TIA_USDT,1789558820045,0.3304,500,false
B-TIA_USDT,1789558822757,0.3304,523,false
B-TIA_USDT,1789558827636,0.3303,40,true
B-TIA_USDT,1789558840098,0.3303,336,true
B-TIA_USDT,1789558841431,0.3304,687,false
B-TIA_USDT,1789558842970,0.3305,181,false
B-TIA_USDT,1789558846606,0.3305,319,true
B-TIA_USDT,1789558848242,0.3303,816,true
B-TIA_USDT,1789558849429,0.3303,1315,true
B-TIA_USDT,1789558854959,0.3306,1458,false
B-TIA_USDT,1789558858117,0.3305,627,true
B-TIA_USDT,1789558858135,0.3305,151,false
B-TIA_USDT,1789558859227,0.3305,20,false
B-TIA_USDT,1789558860769,0.3306,33,false
B-TIA_USDT,1789558860772,0.3306,44,true
B-TIA_USDT,1789558862686,0.3307,89,false
B-TIA_USDT,1789558863704,0.3308,764,false
B-TIA_USDT,1789558869367,0.3308,378,true
B-TIA_USDT,1789558871155,0.3309,5006,false
B-TIA_USDT,1789558874207,0.331,25,false
B-TIA_USDT,1789558874208,0.331,636,false
B-TIA_USDT,1789558874216,0.3309,24,true
B-TIA_USDT,1789558874518,0.331,1077,false
B-TIA_USDT,1789558876077,0.3311,45,false
B-TIA_USDT,1789558878802,0.331,1477,true
B-TIA_USDT,1789558879659,0.3309,21,true
B-TIA_USDT,1789558882024,0.3309,29,true
B-TIA_USDT,1789558887352,0.3309,198,true
B-TIA_USDT,1789558888548,0.3309,86,true
B-TIA_USDT,1789558889712,0.3307,6579,true
B-TIA_USDT,1789558889920,0.3308,25,false
B-TIA_USDT,1789558890605,0.3309,28,false
B-TIA_USDT,1789558891554,0.3309,62,false
B-TIA_USDT,1789558892018,0.3308,290,true
B-TIA_USDT,1789558896856,0.3308,39,true
B-TIA_USDT,1789558897572,0.3308,672,true
B-TIA_USDT,1789558904056,0.3307,1528,true
B-TIA_USDT,1789558906691,0.3306,2449,true
B-TIA_USDT,1789558907103,0.3306,94,true
B-TIA_USDT,1789558910035,0.3306,771,true
B-TIA_USDT,1789558910089,0.3306,63,false
B-TIA_USDT,1789558912776,0.3306,21,false
B-TIA_USDT,1789558913246,0.3305,392,true
B-TIA_USDT,1789558916875,0.3304,2224,true
B-TIA_USDT,1789558917375,0.3304,86,true
B-TIA_USDT,1789558917476,0.3306,183,false
B-TIA_USDT,1789558917851,0.3305,325,true
B-TIA_USDT,1789558918683,0.3305,20,false
B-TIA_USDT,1789558919200,0.3305,102,false
B-TIA_USDT,1789558919501,0.3305,66,false
B-TIA_USDT,1789558920492,0.3306,195,false
B-TIA_USDT,1789558927203,0.3306,897,false
B-TIA_USDT,1789558928195,0.3307,16,false
B-TIA_USDT,1789558935748,0.3307,1960,false
B-TIA_USDT,1789558936074,0.3308,97,false
B-TIA_USDT,1789558940356,0.3308,40,false
B-TIA_USDT,1789558941071,0.3307,1130,true
B-TIA_USDT,1789558943141,0.3307,3889,false
B-TIA_USDT,1789558943145,0.3308,8346,false
B-TIA_USDT,1789558943235,0.3309,4728,false
B-TIA_USDT,1789558943326,0.331,201,false
B-TIA_USDT,1789558943385,0.3309,556,false
B-TIA_USDT,1789558943411,0.331,1908,false
B-TIA_USDT,1789558944044,0.331,82,false
B-TIA_USDT,1789558944496,0.331,23,false
B-TIA_USDT,1789558945380,0.331,16,false
B-TIA_USDT,1789558945407,0.3311,5121,false
B-TIA_USDT,1789558946241,0.3312,313,false
B-TIA_USDT,1789558947313,0.3312,2147,false
B-TIA_USDT,1789558947331,0.3313,4640,false
B-TIA_USDT,1789558947492,0.3313,408,true
B-TIA_USDT,1789558947556,0.3312,356,true
B-TIA_USDT,1789558947684,0.3312,2081,true
B-TIA_USDT,1789558947762,0.3312,211,false
B-TIA_USDT,1789558947867,0.3312,18,false
B-TIA_USDT,1789558947987,0.3311,1997,true
B-TIA_USDT,1789558948067,0.3312,130,false
B-TIA_USDT,1789558948592,0.3312,383,true
B-TIA_USDT,1789558948978,0.3312,73,true
B-TIA_USDT,1789558950003,0.3313,260,false
B-TIA_USDT,1789558950902,0.3313,21,true
B-TIA_USDT,1789558952262,0.3314,1281,false
B-TIA_USDT,1789558952708,0.3314,150,false
B-TIA_USDT,1789558955105,0.3314,9,true
B-TIA_USDT,1789558955780,0.3314,1768,true
B-TIA_USDT,1789558955898,0.3314,16,false
B-TIA_USDT,1789558956724,0.3313,258,true
B-TIA_USDT,1789558956774,0.3312,61,true
B-TIA_USDT,1789558957074,0.3313,60,false
B-TIA_USDT,1789558957476,0.3313,588,false
B-TIA_USDT,1789558960406,0.3313,16,false
B-TIA_USDT,1789558962332,0.3314,21,false
B-TIA_USDT,1789558962464,0.3313,220,true
B-TIA_USDT,1789558969886,0.3312,29,true
B-TIA_USDT,1789558971872,0.3313,374,false
B-TIA_USDT,1789558973891,0.3314,47,false
B-TIA_USDT,1789558973892,0.3314,181,true
B-TIA_USDT,1789558976126,0.3315,35,false
B-TIA_USDT,1789558976126,0.3316,310,false
B-TIA_USDT,1789558977869,0.3315,76,true
B-TIA_USDT,1789558979126,0.3316,427,false
B-TIA_USDT,1789558979743,0.3317,16,false
B-TIA_USDT,1789558980206,0.3317,39,false
B-TIA_USDT,1789558982673,0.3317,38,true
B-TIA_USDT,1789558983209,0.3318,19,false
B-TIA_USDT,1789558983922,0.3318,20,false
B-TIA_USDT,1789558984033,0.3317,1591,true
B-TIA_USDT,1789558985952,0.3317,578,false
B-TIA_USDT,1789558988337,0.3317,278,true
B-TIA_USDT,1789558989034,0.3316,35,true
B-TIA_USDT,1789558990014,0.3317,321,false
B-TIA_USDT,1789558992434,0.3318,18,false
B-TIA_USDT,1789558994689,0.3318,5746,false
B-TIA_USDT,1789558997135,0.3318,21,true
B-TIA_USDT,1789558997288,0.3319,1474,false
B-TIA_USDT,1789558997701,0.3319,696,true
B-TIA_USDT,1789558998521,0.3319,76,false
B-TIA_USDT,1789558998888,0.3319,21,false
B-TIA_USDT,1789558998980,0.3318,9016,true
B-TIA_USDT,1789558999026,0.3317,1913,true
B-TIA_USDT,1789558999031,0.3317,1239,false
B-TIA_USDT,1789558999099,0.3318,1379,false
B-TIA_USDT,1789559000497,0.3317,238,true
B-TIA_USDT,1789559002006,0.3316,26,true
B-TIA_USDT,1789559004077,0.3316,2085,true
B-TIA_USDT,1789559006501,0.3316,2933,true
B-TIA_USDT,1789559008229,0.3315,1049,true
B-TIA_USDT,1789559009166,0.3313,2159,true
B-TIA_USDT,1789559011415,0.3314,1483,false
B-TIA_USDT,1789559011421,0.3315,3678,false
B-TIA_USDT,1789559016882,0.3315,16,false
B-TIA_USDT,1789559017675,0.3315,42,false
B-TIA_USDT,1789559020528,0.3314,22,true
B-TIA_USDT,1789559021324,0.3315,491,false
B-TIA_USDT,1789559021583,0.3316,66,false
B-TIA_USDT,1789559021671,0.3317,1243,false
B-TIA_USDT,1789559022523,0.3318,445,false
B-TIA_USDT,1789559024625,0.3318,6074,false
B-TIA_USDT,1789559027467,0.3319,22,false
B-TIA_USDT,1789559028124,0.3319,16,false
B-TIA_USDT,1789559031089,0.3318,667,true
B-TIA_USDT,1789559031776,0.3319,237,false
B-TIA_USDT,1789559031782,0.3319,37,true
B-TIA_USDT,1789559033087,0.332,85,false
B-TIA_USDT,1789559033088,0.3319,123,true
B-TIA_USDT,1789559034060,0.332,968,false
B-TIA_USDT,1789559037037,0.3321,244,false
B-TIA_USDT,1789559037971,0.3321,32,false
B-TIA_USDT,1789559039223,0.3321,297,false
B-TIA_USDT,1789559041908,0.3321,1741,false
B-TIA_USDT,1789559043862,0.3321,1521,true
B-TIA_USDT,1789559044105,0.3321,406,false
B-TIA_USDT,1789559044464,0.332,454,true
B-TIA_USDT,1789559046046,0.332,231,true
B-TIA_USDT,1789559046332,0.332,577,true
B-TIA_USDT,1789559047005,0.3319,627,true
B-TIA_USDT,1789559047387,0.3318,698,true
B-TIA_USDT,1789559047903,0.3319,356,true
B-TIA_USDT,1789559048686,0.3318,9,true
B-TIA_USDT,1789559049315,0.3318,144,true
B-TIA_USDT,1789559050589,0.3318,275,true
B-TIA_USDT,1789559053335,0.3317,161,true
B-TIA_USDT,1789559053898,0.3317,16,false
B-TIA_USDT,1789559056311,0.3316,1114,true
B-TIA_USDT,1789559057080,0.3316,16,false
B-TIA_USDT,1789559059559,0.3316,278,true
B-TIA_USDT,1789559063067,0.3315,159,true
B-TIA_USDT,1789559063474,0.3316,7216,false
B-TIA_USDT,1789559063780,0.3316,201,true
B-TIA_USDT,1789559064366,0.3315,820,true
B-TIA_USDT,1789559065663,0.3314,11,true
B-TIA_USDT,1789559069331,0.3315,56,false
B-TIA_USDT,1789559072478,0.3315,4512,false
B-TIA_USDT,1789559078237,0.3315,275,false
B-TIA_USDT,1789559078239,0.3315,3113,true
B-TIA_USDT,1789559085359,0.3315,55,false
B-TIA_USDT,1789559085366,0.3315,7722,true
B-TIA_USDT,1789559086422,0.3314,1225,true
B-TIA_USDT,1789559088717,0.3313,169,true
B-TIA_USDT,1789559089229,0.3314,218,false
B-TIA_USDT,1789559089970,0.3313,215,true
B-TIA_USDT,1789559096862,0.3313,157,true
B-TIA_USDT,1789559098994,0.3313,180,true
B-TIA_USDT,1789559100099,0.3313,170,false
B-TIA_USDT,1789559100566,0.3312,159,true
B-TIA_USDT,1789559100874,0.3313,221,false
B-TIA_USDT,1789559102405,0.3313,1597,false
B-TIA_USDT,1789559103478,0.3314,247,false
B-TIA_USDT,1789559103501,0.3315,4,false
B-TIA_USDT,1789559103616,0.3315,125,false
B-TIA_USDT,1789559108063,0.3314,337,true
B-TIA_USDT,1789559108519,0.3315,381,false
B-TIA_USDT,1789559108921,0.3314,293,true
B-TIA_USDT,1789559110520,0.3313,585,true
B-TIA_USDT,1789559114402,0.3313,159,false
B-TIA_USDT,1789559119098,0.3313,249,false
B-TIA_USDT,1789559123361,0.3312,4145,true
B-TIA_USDT,1789559125526,0.3311,1767,true
B-TIA_USDT,1789559127916,0.331,510,true
B-TIA_USDT,1789559129342,0.3309,278,true
B-TIA_USDT,1789559131846,0.3309,23,false
B-TIA_USDT,1789559134655,0.3308,1456,true
B-TIA_USDT,1789559134657,0.3306,844,true
B-TIA_USDT,1789559135436,0.3305,539,true
B-TIA_USDT,1789559136739,0.3305,61,true
B-TIA_USDT,1789559137582,0.3306,60,false
B-TIA_USDT,1789559141999,0.3306,1428,false
B-TIA_USDT,1789559142021,0.3307,17,false
B-TIA_USDT,1789559142636,0.3308,285,false
B-TIA_USDT,1789559142857,0.3307,29,true
B-TIA_USDT,1789559146112,0.3308,51,false
B-TIA_USDT,1789559147580,0.3308,939,false
B-TIA_USDT,1789559147603,0.3308,543,true
B-TIA_USDT,1789559160571,0.3309,202,false
B-TIA_USDT,1789559160576,0.3309,301,true
B-TIA_USDT,1789559162431,0.3309,30,true
B-TIA_USDT,1789559163409,0.3309,200,true
B-TIA_USDT,1789559169741,0.3308,13569,true
B-TIA_USDT,1789559172632,0.3309,17,false
B-TIA_USDT,1789559174859,0.3308,312,true
B-TIA_USDT,1789559175810,0.3308,76,false
B-TIA_USDT,1789559176113,0.3307,54,true
B-TIA_USDT,1789559176250,0.3307,18,true
B-TIA_USDT,1789559177328,0.3307,3661,true
B-TIA_USDT,1789559182835,0.3306,753,true
B-TIA_USDT,1789559186618,0.3306,62,false
B-TIA_USDT,1789559187684,0.3306,18,false
B-TIA_USDT,1789559189139,0.3305,1626,true
B-TIA_USDT,1789559189151,0.3306,670,false
B-TIA_USDT,1789559191120,0.3305,325,true
B-TIA_USDT,1789559191237,0.3305,19,false
B-TIA_USDT,1789559191479,0.3306,19,false
B-TIA_USDT,1789559197045,0.3305,316,false
B-TIA_USDT,1789559198348,0.3305,30,true
B-TIA_USDT,1789559198561,0.3305,52,true
B-TIA_USDT,1789559202716,0.3304,351,true
B-TIA_USDT,1789559204864,0.3306,23,false
B-TIA_USDT,1789559205893,0.3306,20,false
B-TIA_USDT,1789559207984,0.3305,55,true
B-TIA_USDT,1789559210838,0.3305,4644,true
B-TIA_USDT,1789559213204,0.3306,18,false
B-TIA_USDT,1789559213983,0.3306,20,false
B-TIA_USDT,1789559217139,0.3306,194,false
B-TIA_USDT,1789559217300,0.3306,1736,false
B-TIA_USDT,1789559217337,0.3306,473,true
B-TIA_USDT,1789559217694,0.3305,152,true
B-TIA_USDT,1789559219113,0.3305,19,true
B-TIA_USDT,1789559226543,0.3306,23,false
B-TIA_USDT,1789559227322,0.3306,26,false
B-TIA_USDT,1789559228769,0.3306,27,false
B-TIA_USDT,1789559231336,0.3306,529,false
B-TIA_USDT,1789559231356,0.3306,19,true
B-TIA_USDT,1789559234755,0.3306,877,true
B-TIA_USDT,1789559235586,0.3305,1405,true
B-TIA_USDT,1789559235793,0.3306,16,false
B-TIA_USDT,1789559236980,0.3305,12793,true
B-TIA_USDT,1789559244060,0.3306,61,false
B-TIA_USDT,1789559246280,0.3306,31,false
B-TIA_USDT,1789559247655,0.3305,840,true
B-TIA_USDT,1789559248647,0.3306,16,false
B-TIA_USDT,1789559251298,0.3305,262,true
B-TIA_USDT,1789559251348,0.3305,21,false
B-TIA_USDT,1789559251925,0.3304,61,true
B-TIA_USDT,1789559254033,0.3304,104,true
B-TIA_USDT,1789559255990,0.3304,24,true
B-TIA_USDT,1789559257469,0.3304,1628,true
B-TIA_USDT,1789559258369,0.3305,19,false
B-TIA_USDT,1789559262177,0.3304,24,true
B-TIA_USDT,1789559262293,0.3304,351,true
B-TIA_USDT,1789559263018,0.3305,18,false
B-TIA_USDT,1789559263097,0.3304,61,true
B-TIA_USDT,1789559269766,0.3305,33,false
B-TIA_USDT,1789559272040,0.3304,294,true
B-TIA_USDT,1789559274070,0.3304,500,true
B-TIA_USDT,1789559274705,0.3305,48,false
B-TIA_USDT,1789559275511,0.3305,5337,false
B-TIA_USDT,1789559276468,0.3306,91,false
B-TIA_USDT,1789559278684,0.3306,140,false
B-TIA_USDT,1789559282148,0.3305,59,true
B-TIA_USDT,1789559282277,0.3305,220,true
B-TIA_USDT,1789559283042,0.3304,356,true
B-TIA_USDT,1789559286723,0.3305,30,false
B-TIA_USDT,1789559287151,0.3304,34,true
B-TIA_USDT,1789559288188,0.3305,24,false
B-TIA_USDT,1789559291981,0.3304,16,true
B-TIA_USDT,1789559293210,0.3305,29,false
B-TIA_USDT,1789559293969,0.3304,16918,true
B-TIA_USDT,1789559293972,0.3303,130,true
B-TIA_USDT,1789559293974,0.3303,5618,true
B-TIA_USDT,1789559294033,0.3304,354,true
B-TIA_USDT,1789559294072,0.3305,47,false
B-TIA_USDT,1789559297681,0.3305,28,false
B-TIA_USDT,1789559298107,0.3304,161,true
B-TIA_USDT,1789559301378,0.3304,234,true
B-TIA_USDT,1789559301762,0.3303,67,true
B-TIA_USDT,1789559307827,0.3303,15,true
B-TIA_USDT,1789559309223,0.3304,274,false
B-TIA_USDT,1789559312404,0.3303,35,true
B-TIA_USDT,1789559316783,0.3304,515,false
B-TIA_USDT,1789559319372,0.3304,249,false
B-TIA_USDT,1789559323063,0.3305,120,false
B-TIA_USDT,1789559324896,0.3303,771,true
B-TIA_USDT,1789559328146,0.3303,22,true
B-TIA_USDT,1789559329175,0.3303,1851,true
B-TIA_USDT,1789559330342,0.3302,1350,true
B-TIA_USDT,1789559330345,0.3301,7506,true
B-TIA_USDT,1789559330653,0.3302,300,false
B-TIA_USDT,1789559332579,0.3303,24,false
B-TIA_USDT,1789559334391,0.3303,149,false
B-TIA_USDT,1789559335792,0.3302,17,true
B-TIA_USDT,1789559335895,0.3302,666,true
B-TIA_USDT,1789559336069,0.3302,19,false
B-TIA_USDT,1789559337304,0.3302,134,false
B-TIA_USDT,1789559343410,0.3302,96,false
B-TIA_USDT,1789559345256,0.3302,51,false
B-TIA_USDT,1789559345833,0.3301,3946,true
B-TIA_USDT,1789559345836,0.33,3781,true
B-TIA_USDT,1789559345837,0.3299,17,true
B-TIA_USDT,1789559347498,0.33,645,true
B-TIA_USDT,1789559348340,0.33,16,true
B-TIA_USDT,1789559351158,0.3301,1616,false
B-TIA_USDT,1789559351380,0.3301,35,true
B-TIA_USDT,1789559352167,0.3302,21,false
B-TIA_USDT,1789559353290,0.3302,19,false
B-TIA_USDT,1789559354271,0.3301,207,true
B-TIA_USDT,1789559356464,0.33,33,true
B-TIA_USDT,1789559361291,0.33,34,true
B-TIA_USDT,1789559365606,0.33,8,true
B-TIA_USDT,1789559368626,0.3301,399,false
B-TIA_USDT,1789559376026,0.3301,38,false
B-TIA_USDT,1789559379380,0.3301,30,true
B-TIA_USDT,1789559379544,0.3302,177,false
B-TIA_USDT,1789559384621,0.33,3293,true
B-TIA_USDT,1789559393883,0.3301,100,false
B-TIA_USDT,1789559394804,0.3301,32,false
B-TIA_USDT,1789559396065,0.3301,18,false
B-TIA_USDT,1789559400868,0.3301,104,false
B-TIA_USDT,1789559401180,0.3301,99,false
B-TIA_USDT,1789559405736,0.3302,2499,false
B-TIA_USDT,1789559405738,0.3304,136,false
B-TIA_USDT,1789559405739,0.3305,34,false
B-TIA_USDT,1789559406316,0.3306,332,false
B-TIA_USDT,1789559406715,0.3305,2244,true
B-TIA_USDT,1789559414813,0.3305,37,false
B-TIA_USDT,1789559419465,0.3305,17,false
B-TIA_USDT,1789559421729,0.3305,1025,false
B-TIA_USDT,1789559422016,0.3306,311,false
B-TIA_USDT,1789559426452,0.3307,1925,false
B-TIA_USDT,1789559428660,0.3308,25,false
B-TIA_USDT,1789559429620,0.3307,916,true
B-TIA_USDT,1789559432936,0.3307,18,true
B-TIA_USDT,1789559433174,0.3308,1963,false
B-TIA_USDT,1789559433523,0.3308,252,true
B-TIA_USDT,1789559433740,0.3308,254,true
B-TIA_USDT,1789559434520,0.3307,4495,true
B-TIA_USDT,1789559434532,0.3305,2160,true
B-TIA_USDT,1789559438251,0.3308,719,false
B-TIA_USDT,1789559438577,0.3307,4318,true
B-TIA_USDT,1789559439550,0.3306,386,true
B-TIA_USDT,1789559443166,0.3306,302,true
B-TIA_USDT,1789559444722,0.3306,364,true
B-TIA_USDT,1789559450681,0.3305,26,true
B-TIA_USDT,1789559455819,0.3306,124,false
B-TIA_USDT,1789559456364,0.3305,18,true
B-TIA_USDT,1789559461431,0.3306,211,false
B-TIA_USDT,1789559461554,0.3307,1387,false
B-TIA_USDT,1789559461602,0.3308,1820,false
B-TIA_USDT,1789559462098,0.3307,644,true
B-TIA_USDT,1789559464353,0.3307,2297,true
B-TIA_USDT,1789559466530,0.3307,29,false
B-TIA_USDT,1789559466676,0.3306,232,true
B-TIA_USDT,1789559467087,0.3306,18,false
B-TIA_USDT,1789559469649,0.3306,625,false
B-TIA_USDT,1789559469720,0.3308,248,false
B-TIA_USDT,1789559470129,0.3307,534,true
B-TIA_USDT,1789559470906,0.3307,19,false
B-TIA_USDT,1789559471588,0.3306,36,true
B-TIA_USDT,1789559471888,0.3306,219,true
B-TIA_USDT,1789559472992,0.3305,1030,true
B-TIA_USDT,1789559473492,0.3306,24,false
B-TIA_USDT,1789559474675,0.3306,45,false
B-TIA_USDT,1789559476227,0.3307,597,false
B-TIA_USDT,1789559476229,0.3307,796,true
B-TIA_USDT,1789559480668,0.3307,676,true
B-TIA_USDT,1789559482606,0.3308,3899,false
B-TIA_USDT,1789559482645,0.3307,495,true
B-TIA_USDT,1789559483582,0.3306,2372,true
B-TIA_USDT,1789559484191,0.3306,22,false
B-TIA_USDT,1789559485173,0.3306,19,false
B-TIA_USDT,1789559485357,0.3306,19,false
B-TIA_USDT,1789559485866,0.3306,910,false
B-TIA_USDT,1789559487907,0.3306,4311,true
B-TIA_USDT,1789559488758,0.3306,17,false
B-TIA_USDT,1789559490167,0.3306,29,false
B-TIA_USDT,1789559496825,0.3307,278,false
B-TIA_USDT,1789559498381,0.3307,2538,true
B-TIA_USDT,1789559499936,0.3306,2149,true
B-TIA_USDT,1789559509126,0.3307,18,false
B-TIA_USDT,1789559509515,0.3306,157,true
B-TIA_USDT,1789559511142,0.3305,21,true
B-TIA_USDT,1789559511633,0.3306,554,false
B-TIA_USDT,1789559512145,0.3305,21,true
B-TIA_USDT,1789559514936,0.3306,104,false
B-TIA_USDT,1789559515317,0.3306,289,false
B-TIA_USDT,1789559517945,0.3306,209,false
B-TIA_USDT,1789559519112,0.3306,19,false
B-TIA_USDT,1789559522552,0.3305,3578,true
B-TIA_USDT,1789559527097,0.3305,152,false
B-TIA_USDT,1789559530632,0.3304,675,true
B-TIA_USDT,1789559539015,0.3304,34,false
B-TIA_USDT,1789559539730,0.3304,52,false
B-TIA_USDT,1789559543942,0.3304,59,false
B-TIA_USDT,1789559545152,0.3304,657,false
B-TIA_USDT,1789559545159,0.3305,2781,false
B-TIA_USDT,1789559545220,0.3306,791,false
B-TIA_USDT,1789559545240,0.3306,444,false
B-TIA_USDT,1789559545821,0.3306,92,false
B-TIA_USDT,1789559545876,0.3305,627,true
B-TIA_USDT,1789559547211,0.3305,690,false
B-TIA_USDT,1789559548630,0.3306,30,false
B-TIA_USDT,1789559550839,0.3304,7238,true
B-TIA_USDT,1789559550842,0.3303,636,true
B-TIA_USDT,1789559554454,0.3304,92,false
B-TIA_USDT,1789559554833,0.3303,552,true
B-TIA_USDT,1789559555632,0.3303,1262,false
B-TIA_USDT,1789559555966,0.3304,19,false
B-TIA_USDT,1789559558462,0.3304,17,false
B-TIA_USDT,1789559558801,0.3304,808,false
B-TIA_USDT,1789559559180,0.3304,404,false
B-TIA_USDT,1789559560478,0.3305,17,false
B-TIA_USDT,1789559563088,0.3306,40,false
B-TIA_USDT,1789559563320,0.3305,27,true
B-TIA_USDT,1789559566205,0.3306,17,false
B-TIA_USDT,1789559568674,0.3307,2053,false
B-TIA_USDT,1789559570696,0.3306,702,true
B-TIA_USDT,1789559572687,0.3306,27,false
B-TIA_USDT,1789559574356,0.3306,453,false
B-TIA_USDT,1789559576470,0.3306,681,false
B-TIA_USDT,1789559579580,0.3306,34,true
B-TIA_USDT,1789559583082,0.3307,146,false
B-TIA_USDT,1789559583491,0.3308,112,false
B-TIA_USDT,1789559584010,0.3309,261,false
B-TIA_USDT,1789559584947,0.3309,28,false
B-TIA_USDT,1789559587733,0.3308,219,true
B-TIA_USDT,1789559591425,0.3308,33,true
B-TIA_USDT,1789559593663,0.3309,213,false
B-TIA_USDT,1789559596778,0.3308,16,true
B-TIA_USDT,1789559597510,0.3309,137,false
B-TIA_USDT,1789559605112,0.3308,65,true
B-TIA_USDT,1789559606939,0.3309,17,false
B-TIA_USDT,1789559609675,0.3308,39,true
B-TIA_USDT,1789559610582,0.3309,17,false
B-TIA_USDT,1789559611851,0.3308,25,true
B-TIA_USDT,1789559614544,0.3309,18,false
B-TIA_USDT,1789559616170,0.3309,27,false
B-TIA_USDT,1789559616865,0.3309,765,false
B-TIA_USDT,1789559622764,0.331,83,false
B-TIA_USDT,1789559623020,0.331,44,false
B-TIA_USDT,1789559627558,0.331,19,false
B-TIA_USDT,1789559629964,0.331,31,false
B-TIA_USDT,1789559637170,0.3309,21,true
B-TIA_USDT,1789559637439,0.331,163,false
B-TIA_USDT,1789559641285,0.3309,939,true
B-TIA_USDT,1789559641341,0.3308,222,true
B-TIA_USDT,1789559641614,0.3308,18,false
B-TIA_USDT,1789559641726,0.3308,9,false
B-TIA_USDT,1789559646509,0.3309,43,false
B-TIA_USDT,1789559646935,0.3308,110,true
B-TIA_USDT,1789559647030,0.3308,72,false
B-TIA_USDT,1789559648159,0.3308,28,false
B-TIA_USDT,1789559651172,0.3307,75,true
B-TIA_USDT,1789559651357,0.3306,1658,true
B-TIA_USDT,1789559652648,0.3305,286,true
B-TIA_USDT,1789559657730,0.3305,34,false
B-TIA_USDT,1789559662592,0.3305,26,false
B-TIA_USDT,1789559663388,0.3305,24,false
B-TIA_USDT,1789559665712,0.3304,12,true
B-TIA_USDT,1789559674240,0.3304,364,true
B-TIA_USDT,1789559675971,0.3304,77,true
B-TIA_USDT,1789559678992,0.3305,18,false
B-TIA_USDT,1789559680677,0.3305,16,false
B-TIA_USDT,1789559691738,0.3304,44,true
B-TIA_USDT,1789559698605,0.3305,1647,false
B-TIA_USDT,1789559705737,0.3305,17,true
B-TIA_USDT,1789559705904,0.3305,765,true
B-TIA_USDT,1789559717843,0.3305,302,false
B-TIA_USDT,1789559721398,0.3304,2025,true
B-TIA_USDT,1789559735646,0.3303,23,true
B-TIA_USDT,1789559744127,0.3303,3442,true
B-TIA_USDT,1789559744491,0.3302,161,true
B-TIA_USDT,1789559748444,0.3303,16,false
B-TIA_USDT,1789559753039,0.3302,399,true
B-TIA_USDT,1789559765820,0.3302,176,true
B-TIA_USDT,1789559766931,0.3301,221,true
B-TIA_USDT,1789559768733,0.33,157,true
B-TIA_USDT,1789559771549,0.33,71,true
B-TIA_USDT,1789559775667,0.3301,864,false
B-TIA_USDT,1789559778986,0.33,220,true
B-TIA_USDT,1789559781332,0.3301,15,false
B-TIA_USDT,1789559783384,0.3301,159,false
B-TIA_USDT,1789559789077,0.33,488,true
B-TIA_USDT,1789559789893,0.3301,19,false
B-TIA_USDT,1789559790108,0.3301,230,false
B-TIA_USDT,1789559790713,0.3301,584,false
B-TIA_USDT,1789559791230,0.3301,119,false
B-TIA_USDT,1789559791885,0.3301,16,false
B-TIA_USDT,1789559793834,0.33,2798,true
B-TIA_USDT,1789559794844,0.33,22,false
B-TIA_USDT,1789559795853,0.33,18,true
B-TIA_USDT,1789559801166,0.3301,60,false
B-TIA_USDT,1789559803395,0.3301,22,false
B-TIA_USDT,1789559803924,0.3301,27,false
B-TIA_USDT,1789559808313,0.3301,22,false
B-TIA_USDT,1789559809344,0.3301,18,false
B-TIA_USDT,1789559811675,0.3301,46,false
B-TIA_USDT,1789559814624,0.33,465,true
B-TIA_USDT,1789559817267,0.3299,4538,true
B-TIA_USDT,1789559817268,0.3298,1840,true
B-TIA_USDT,1789559817927,0.33,16,false
B-TIA_USDT,1789559822172,0.3299,18,true
B-TIA_USDT,1789559825276,0.33,17,false
B-TIA_USDT,1789559825654,0.3299,28,true
B-TIA_USDT,1789559827161,0.3299,160,true
B-TIA_USDT,1789559828395,0.33,43,false
B-TIA_USDT,1789559834444,0.33,58,false
B-TIA_USDT,1789559834667,0.3299,24,true
B-TIA_USDT,1789559841816,0.3299,3192,true
B-TIA_USDT,1789559842268,0.3299,38,true
B-TIA_USDT,1789559842728,0.3301,1847,false
B-TIA_USDT,1789559843538,0.33,18,true
B-TIA_USDT,1789559846154,0.3301,18,false
B-TIA_USDT,1789559847155,0.33,31,true
B-TIA_USDT,1789559851511,0.3301,20,false
B-TIA_USDT,1789559851843,0.33,4927,true
B-TIA_USDT,1789559852238,0.33,16,true
B-TIA_USDT,1789559852347,0.33,182,true
B-TIA_USDT,1789559861450,0.33,35,false
B-TIA_USDT,1789559863683,0.3299,1930,true
B-TIA_USDT,1789559864047,0.33,30,false
B-TIA_USDT,1789559864717,0.3299,87,true
B-TIA_USDT,1789559866175,0.33,20,false
B-TIA_USDT,1789559869614,0.33,113,false
B-TIA_USDT,1789559871845,0.3299,61,true
