symbol,timestamp,bestBid,bestAsk,mid,spread,spreadPct,bidQty1,askQty1,bidQty5,askQty5,imbalance1,imbalance5
B-STX_USDT,1789556277313,0.2366,0.2367,0.23665,0.00009999999999998899,0.0004226542688080684,1800,5930,119630,114368,0.23285899094437257,0.5112436858434688
B-STX_USDT,1789556279628,0.2366,0.2367,0.23665,0.00009999999999998899,0.0004226542688080684,1189,5930,121019,114368,0.16701783958421126,0.514127798051719
B-STX_USDT,1789556281824,0.2366,0.2367,0.23665,0.00009999999999998899,0.0004226542688080684,1061,5930,120855,110234,0.15176655700185954,0.5229803235982673
B-STX_USDT,1789556284035,0.2366,0.2367,0.23665,0.00009999999999998899,0.0004226542688080684,1793,6430,121587,109719,0.21804694150553325,0.5256543280329953
B-STX_USDT,1789556286236,0.2366,0.2367,0.23665,0.00009999999999998899,0.0004226542688080684,1793,6477,121587,109766,0.21680773881499396,0.5255475399065497
B-STX_USDT,1789556288441,0.2366,0.2367,0.23665,0.00009999999999998899,0.0004226542688080684,1793,6477,120529,109766,0.21680773881499396,0.5233678542738661
B-STX_USDT,1789556290634,0.2366,0.2367,0.23665,0.00009999999999998899,0.0004226542688080684,1793,6477,120529,109151,0.21680773881499396,0.5247692441657958
B-STX_USDT,1789556292999,0.2366,0.2367,0.23665,0.00009999999999998899,0.0004226542688080684,1793,6477,120529,110707,0.21680773881499396,0.5212380425193309
B-STX_USDT,1789556295449,0.2366,0.2367,0.23665,0.00009999999999998899,0.0004226542688080684,1793,6477,120529,110707,0.21680773881499396,0.5212380425193309
B-STX_USDT,1789556298104,0.2366,0.2367,0.23665,0.00009999999999998899,0.0004226542688080684,1246,7492,125332,114513,0.14259555962462805,0.5225541495549209
B-STX_USDT,1789556300314,0.2366,0.2367,0.23665,0.00009999999999998899,0.0004226542688080684,2290,5293,126376,110620,0.3019912963207174,0.5332410673597867
B-STX_USDT,1789556302529,0.2366,0.2367,0.23665,0.00009999999999998899,0.0004226542688080684,2290,5293,127696,110620,0.3019912963207174,0.5358263817788147
B-STX_USDT,1789556304729,0.2367,0.2368,0.23675000000000002,0.00010000000000001674,0.00042247570764688104,4143,12707,108947,97814,0.2458753709198813,0.5269223886516315
B-STX_USDT,1789556306903,0.2367,0.2368,0.23675000000000002,0.00010000000000001674,0.00042247570764688104,2639,12707,105749,97814,0.1719666362570051,0.5194902806502164
B-STX_USDT,1789556309109,0.2367,0.2368,0.23675000000000002,0.00010000000000001674,0.00042247570764688104,2661,12707,105771,98870,0.17315200416449766,0.5168612350408764
B-STX_USDT,1789556311314,0.2367,0.2368,0.23675000000000002,0.00010000000000001674,0.00042247570764688104,2661,12739,105771,97847,0.1727922077922078,0.5194580046950662
B-STX_USDT,1789556313540,0.2367,0.2368,0.23675000000000002,0.00010000000000001674,0.00042247570764688104,2709,12739,107554,97847,0.17536250647332988,0.5236293883671452
B-STX_USDT,1789556315726,0.2367,0.2368,0.23675000000000002,0.00010000000000001674,0.00042247570764688104,2709,12766,107554,97874,0.17505654281098545,0.5235605662324513
B-STX_USDT,1789556317937,0.2367,0.2368,0.23675000000000002,0.00010000000000001674,0.00042247570764688104,2035,13397,106880,98505,0.13186884396060133,0.5203885385982423
B-STX_USDT,1789556320138,0.2366,0.2367,0.23665,0.00009999999999998899,0.0004226542688080684,10266,594,150825,80314,0.945303867403315,0.6525294303427808
B-STX_USDT,1789556322536,0.2366,0.2367,0.23665,0.00009999999999998899,0.0004226542688080684,8571,594,149130,80314,0.9351882160392798,0.6499625180872021
B-STX_USDT,1789556324750,0.2366,0.2367,0.23665,0.00009999999999998899,0.0004226542688080684,8364,594,130738,70614,0.9336905559276625,0.649300727084906
B-STX_USDT,1789556327043,0.2366,0.2367,0.23665,0.00009999999999998899,0.0004226542688080684,8364,733,125388,70753,0.9194239859294273,0.6392748074089558
B-STX_USDT,1789556329210,0.2369,0.237,0.23695,0.00009999999999998899,0.00042211903756854787,1888,4839,108164,84363,0.2806600267578415,0.56181210947036
B-STX_USDT,1789556331392,0.2369,0.237,0.23695,0.00009999999999998899,0.00042211903756854787,1911,2052,107158,81519,0.4822104466313399,0.5679441585354865
B-STX_USDT,1789556333583,0.2369,0.237,0.23695,0.00009999999999998899,0.00042211903756854787,1911,2052,107158,87844,0.4822104466313399,0.5495225689992923
B-STX_USDT,1789556336095,0.2369,0.237,0.23695,0.00009999999999998899,0.00042211903756854787,1937,2052,109380,88517,0.485585359739283,0.552711764200569
B-STX_USDT,1789556338512,0.2369,0.237,0.23695,0.00009999999999998899,0.00042211903756854787,1937,2052,109380,88517,0.485585359739283,0.552711764200569
B-STX_USDT,1789556340692,0.2369,0.237,0.23695,0.00009999999999998899,0.00042211903756854787,1937,2052,110565,88517,0.485585359739283,0.5553741674284968
B-STX_USDT,1789556342883,0.2369,0.237,0.23695,0.00009999999999998899,0.00042211903756854787,1865,2222,107156,88096,0.4563249327134818,0.548808718988794
B-STX_USDT,1789556345049,0.2369,0.237,0.23695,0.00009999999999998899,0.00042211903756854787,1865,2222,107156,88265,0.4563249327134818,0.5483341094355264
B-STX_USDT,1789556347243,0.2369,0.237,0.23695,0.00009999999999998899,0.00042211903756854787,1865,2222,107156,88265,0.4563249327134818,0.5483341094355264
B-STX_USDT,1789556349429,0.2369,0.237,0.23695,0.00009999999999998899,0.00042211903756854787,1704,2222,101684,86997,0.43402954661232807,0.5389201880422512
B-STX_USDT,1789556351639,0.2369,0.237,0.23695,0.00009999999999998899,0.00042211903756854787,1704,2222,101684,86997,0.43402954661232807,0.5389201880422512
B-STX_USDT,1789556353833,0.2369,0.237,0.23695,0.00009999999999998899,0.00042211903756854787,1704,2222,101880,98983,0.43402954661232807,0.5072113828828605
B-STX_USDT,1789556356091,0.2369,0.237,0.23695,0.00009999999999998899,0.00042211903756854787,1726,2222,101902,98983,0.4371833839918946,0.5072653508226099
B-STX_USDT,1789556358291,0.2369,0.237,0.23695,0.00009999999999998899,0.00042211903756854787,1726,2099,101902,106396,0.45124183006535945,0.48921257045194866
B-STX_USDT,1789556360502,0.2369,0.237,0.23695,0.00009999999999998899,0.00042211903756854787,1876,2099,102052,106396,0.4719496855345912,0.48958013509364445
B-STX_USDT,1789556362704,0.2369,0.237,0.23695,0.00009999999999998899,0.00042211903756854787,1726,2099,101902,105723,0.45124183006535945,0.49079831426851295
B-STX_USDT,1789556364902,0.2369,0.237,0.23695,0.00009999999999998899,0.00042211903756854787,1726,2099,101902,105723,0.45124183006535945,0.49079831426851295
B-STX_USDT,1789556367090,0.2369,0.237,0.23695,0.00009999999999998899,0.00042211903756854787,1876,2099,102052,105723,0.4719496855345912,0.4911659246781374
B-STX_USDT,1789556369299,0.2369,0.237,0.23695,0.00009999999999998899,0.00042211903756854787,1821,1929,101997,98017,0.4856,0.5099493035487516
B-STX_USDT,1789556371502,0.2369,0.237,0.23695,0.00009999999999998899,0.00042211903756854787,2335,1929,102511,97344,0.5476078799249531,0.5129268719821871
B-STX_USDT,1789556373846,0.2369,0.237,0.23695,0.00009999999999998899,0.00042211903756854787,2570,1905,102511,98001,0.5743016759776536,0.5112462097031599
B-STX_USDT,1789556376049,0.2369,0.237,0.23695,0.00009999999999998899,0.00042211903756854787,2570,1905,102511,98001,0.5743016759776536,0.5112462097031599
B-STX_USDT,1789556378239,0.2369,0.237,0.23695,0.00009999999999998899,0.00042211903756854787,2570,1905,102511,98001,0.5743016759776536,0.5112462097031599
B-STX_USDT,1789556380444,0.2369,0.237,0.23695,0.00009999999999998899,0.00042211903756854787,8367,215,104029,90190,0.97494756467024,0.5356273073180275
B-STX_USDT,1789556382639,0.237,0.2371,0.23704999999999998,0.00010000000000001674,0.00042194092827011284,2029,3414,83514,127563,0.37277236817931286,0.39565656134964966
B-STX_USDT,1789556384841,0.237,0.2371,0.23704999999999998,0.00010000000000001674,0.00042194092827011284,2029,3414,83514,127563,0.37277236817931286,0.39565656134964966
B-STX_USDT,1789556387073,0.237,0.2371,0.23704999999999998,0.00010000000000001674,0.00042194092827011284,2029,3414,83346,127563,0.37277236817931286,0.39517517033412514
B-STX_USDT,1789556389263,0.237,0.2371,0.23704999999999998,0.00010000000000001674,0.00042194092827011284,2052,3414,83285,127563,0.3754116355653128,0.3950001897101229
B-STX_USDT,1789556391473,0.237,0.2371,0.23704999999999998,0.00010000000000001674,0.00042194092827011284,2052,3414,83285,127563,0.3754116355653128,0.3950001897101229
B-STX_USDT,1789556393685,0.237,0.2371,0.23704999999999998,0.00010000000000001674,0.00042194092827011284,2052,3414,83285,150171,0.3754116355653128,0.35674816667808923
B-STX_USDT,1789556395930,0.2371,0.2372,0.23715,0.00009999999999998899,0.0004217629692112568,1520,4404,95522,123798,0.2565833896016205,0.43553711471821993
B-STX_USDT,1789556398121,0.2371,0.2372,0.23715,0.00009999999999998899,0.0004217629692112568,1644,4427,95646,123990,0.2707955855707462,0.435475058733541
B-STX_USDT,1789556400311,0.2372,0.2373,0.23725000000000002,0.00010000000000001674,0.0004215851602024315,11424,8181,97006,110553,0.5827084927314461,0.46736590559792635
B-STX_USDT,1789556402503,0.2375,0.2376,0.23754999999999998,0.00010000000000001674,0.00042105263157901786,3088,664,76397,64151,0.8230277185501066,0.543565187693884
B-STX_USDT,1789556404708,0.2372,0.2373,0.23725000000000002,0.00010000000000001674,0.0004215851602024315,4126,932,91885,52898,0.8157374456306841,0.6346394258994495
B-STX_USDT,1789556406911,0.2372,0.2373,0.23725000000000002,0.00010000000000001674,0.0004215851602024315,1384,3241,89172,68819,0.29924324324324325,0.564411896880202
B-STX_USDT,1789556409109,0.2372,0.2373,0.23725000000000002,0.00010000000000001674,0.0004215851602024315,2455,2668,90243,68294,0.47921139957056413,0.5692235881844617
B-STX_USDT,1789556411296,0.2372,0.2373,0.23725000000000002,0.00010000000000001674,0.0004215851602024315,3180,13503,74326,68803,0.1906131990649164,0.5192937839291828
B-STX_USDT,1789556413480,0.2373,0.2374,0.23735,0.00009999999999998899,0.0004214075010534723,4394,3808,64844,76492,0.5357229943916118,0.4587932303164091
B-STX_USDT,1789556415664,0.2372,0.2373,0.23725000000000002,0.00010000000000001674,0.0004215851602024315,3251,1546,107594,64886,0.6777152386908485,0.6238056586270871
B-STX_USDT,1789556417898,0.2372,0.2373,0.23725000000000002,0.00010000000000001674,0.0004215851602024315,3611,1648,106862,70872,0.6866324396273056,0.6012468070262302
B-STX_USDT,1789556420082,0.2373,0.2374,0.23735,0.00009999999999998899,0.0004214075010534723,1392,3349,85952,86680,0.2936089432609154,0.49789146855739375
B-STX_USDT,1789556422290,0.2373,0.2374,0.23735,0.00009999999999998899,0.0004214075010534723,2102,5800,81437,89483,0.2660086054163503,0.47646267259536623
B-STX_USDT,1789556424526,0.2373,0.2374,0.23735,0.00009999999999998899,0.0004214075010534723,2032,5868,81367,95473,0.25721518987341774,0.46011648948201767
B-STX_USDT,1789556426705,0.2373,0.2374,0.23735,0.00009999999999998899,0.0004214075010534723,765,5868,79541,94210,0.11533242876526459,0.4577872933105421
B-STX_USDT,1789556428883,0.2373,0.2374,0.23735,0.00009999999999998899,0.0004214075010534723,724,5868,79500,94873,0.10983009708737865,0.4559192076755002
B-STX_USDT,1789556431099,0.2373,0.2374,0.23735,0.00009999999999998899,0.0004214075010534723,2351,5894,81127,88836,0.2851425106124924,0.47732153468696126
B-STX_USDT,1789556433335,0.2373,0.2374,0.23735,0.00009999999999998899,0.0004214075010534723,8041,1415,88095,82207,0.8503595600676819,0.5172869373231084
B-STX_USDT,1789556436044,0.2375,0.2376,0.23754999999999998,0.00010000000000001674,0.00042105263157901786,2340,1824,83916,74765,0.5619596541786743,0.5288345800694475
B-STX_USDT,1789556438286,0.2375,0.2376,0.23754999999999998,0.00010000000000001674,0.00042105263157901786,391,4543,73608,83376,0.07924604783137414,0.4688885491515059
B-STX_USDT,1789556441249,0.2375,0.2376,0.23754999999999998,0.00010000000000001674,0.00042105263157901786,6382,3153,97488,77186,0.669323544834819,0.5581139723141395
B-STX_USDT,1789556443517,0.2376,0.2377,0.23765,0.00009999999999998899,0.0004208754208753745,2467,2436,67408,114668,0.5031613297980828,0.3702190294162877
B-STX_USDT,1789556446105,0.2376,0.2377,0.23765,0.00009999999999998899,0.0004208754208753745,2467,3946,68657,112914,0.38468735381256824,0.3781275644238342
B-STX_USDT,1789556448302,0.2376,0.2377,0.23765,0.00009999999999998899,0.0004208754208753745,1471,4133,67491,115101,0.2624910778015703,0.36962736593059936
B-STX_USDT,1789556450580,0.2376,0.2377,0.23765,0.00009999999999998899,0.0004208754208753745,1541,4297,72128,115265,0.2639602603631381,0.3849023175892376
B-STX_USDT,1789556452962,0.2376,0.2377,0.23765,0.00009999999999998899,0.0004208754208753745,1541,4326,72128,115294,0.2626555309357423,0.3848427612553489
B-STX_USDT,1789556455349,0.2377,0.2378,0.23775000000000002,0.00010000000000001674,0.00042069835927646926,4527,2897,72106,103180,0.6097790948275862,0.4113620026699223
B-STX_USDT,1789556458255,0.2377,0.2378,0.23775000000000002,0.00010000000000001674,0.00042069835927646926,347,3675,67892,103560,0.08627548483341621,0.3959825490516296
B-STX_USDT,1789556460874,0.2377,0.2378,0.23775000000000002,0.00010000000000001674,0.00042069835927646926,2139,4633,70560,106836,0.3158594211458949,0.3977541770953122
B-STX_USDT,1789556464027,0.2375,0.2376,0.23754999999999998,0.00010000000000001674,0.00042105263157901786,2556,5140,99149,69845,0.3321205821205821,0.5867013030048404
B-STX_USDT,1789556466851,0.2374,0.2375,0.23745,0.00009999999999998899,0.0004212299915753538,235,5012,88929,104494,0.044787497617686294,0.45976435067184357
B-STX_USDT,1789556469888,0.2373,0.2374,0.23735,0.00009999999999998899,0.0004214075010534723,2270,1520,105899,78006,0.5989445910290238,0.5758353497729806
B-STX_USDT,1789556472522,0.2372,0.2373,0.23725000000000002,0.00010000000000001674,0.0004215851602024315,5930,1862,104357,54197,0.7610369609856262,0.6581795476619953
B-STX_USDT,1789556475009,0.2372,0.2373,0.23725000000000002,0.00010000000000001674,0.0004215851602024315,1589,3795,71217,119891,0.2951337295690936,0.3726531594700379
B-STX_USDT,1789556477523,0.2372,0.2373,0.23725000000000002,0.00010000000000001674,0.0004215851602024315,574,5255,70202,120751,0.0984731514839595,0.36764020465769065
B-STX_USDT,1789556480123,0.2372,0.2373,0.23725000000000002,0.00010000000000001674,0.0004215851602024315,584,5255,74813,120751,0.1000171262202432,0.3825499580699924
B-STX_USDT,1789556482624,0.2371,0.2372,0.23715,0.00009999999999998899,0.0004217629692112568,9168,2456,99385,81663,0.7887130075705437,0.5489428217931156
B-STX_USDT,1789556485196,0.2371,0.2372,0.23715,0.00009999999999998899,0.0004217629692112568,6333,2980,96550,83806,0.6800171802856223,0.5353301248641575
B-STX_USDT,1789556487539,0.2371,0.2372,0.23715,0.00009999999999998899,0.0004217629692112568,1751,4067,92016,86507,0.300962530079065,0.5154293844490626
B-STX_USDT,1789556490407,0.2371,0.2372,0.23715,0.00009999999999998899,0.0004217629692112568,706,4492,92971,90332,0.1358214697960754,0.5071984637458198
B-STX_USDT,1789556492821,0.237,0.2371,0.23704999999999998,0.00010000000000001674,0.00042194092827011284,10622,2980,96803,56483,0.7809145713865608,0.6315188601698786
B-STX_USDT,1789556496107,0.237,0.2371,0.23704999999999998,0.00010000000000001674,0.00042194092827011284,3432,5521,83323,81410,0.3833351949067352,0.5058063654519738
B-STX_USDT,1789556498282,0.237,0.2371,0.23704999999999998,0.00010000000000001674,0.00042194092827011284,3578,4207,85469,80269,0.45960179833012205,0.5156874102499125
B-STX_USDT,1789556500596,0.237,0.2371,0.23704999999999998,0.00010000000000001674,0.00042194092827011284,6439,2054,88330,70566,0.7581537736959849,0.555898197563186
B-STX_USDT,1789556503754,0.2371,0.2372,0.23715,0.00009999999999998899,0.0004217629692112568,3158,4720,73686,102251,0.40086316323940085,0.41882037320177107
B-STX_USDT,1789556506848,0.2371,0.2372,0.23715,0.00009999999999998899,0.0004217629692112568,3351,3358,74961,100889,0.4994783127142644,0.4262780779073074
B-STX_USDT,1789556509035,0.2371,0.2372,0.23715,0.00009999999999998899,0.0004217629692112568,4425,2866,77466,108290,0.6069126320120697,0.41703094381877304
B-STX_USDT,1789556511696,0.2371,0.2372,0.23715,0.00009999999999998899,0.0004217629692112568,4232,3076,77226,108500,0.5790914066776136,0.4158060799241894
B-STX_USDT,1789556514302,0.2371,0.2372,0.23715,0.00009999999999998899,0.0004217629692112568,3869,3076,76863,114779,0.5570914326853852,0.40107596455891714
B-STX_USDT,1789556516957,0.2371,0.2372,0.23715,0.00009999999999998899,0.0004217629692112568,3869,3286,76863,115031,0.5407407407407407,0.4005492615714926
B-STX_USDT,1789556519295,0.2371,0.2372,0.23715,0.00009999999999998899,0.0004217629692112568,3843,3286,76789,115489,0.5390657876279983,0.3993644618729132
B-STX_USDT,1789556521852,0.237,0.2371,0.23704999999999998,0.00010000000000001674,0.00042194092827011284,4834,4202,86706,95954,0.534971226206286,0.4746852074893244
B-STX_USDT,1789556524023,0.237,0.2371,0.23704999999999998,0.00010000000000001674,0.00042194092827011284,3472,4052,85344,113237,0.4614566719829878,0.42976921256313544
B-STX_USDT,1789556526439,0.237,0.2371,0.23704999999999998,0.00010000000000001674,0.00042194092827011284,3622,4052,85494,113364,0.47198332030231954,0.42992487101348703
B-STX_USDT,1789556528631,0.2371,0.2372,0.23715,0.00009999999999998899,0.0004217629692112568,3441,2487,72154,97735,0.5804655870445344,0.4247126064665752
B-STX_USDT,1789556531458,0.2371,0.2372,0.23715,0.00009999999999998899,0.0004217629692112568,3485,2354,73518,97602,0.5968487754752526,0.42962833099579245
B-STX_USDT,1789556534394,0.2371,0.2372,0.23715,0.00009999999999998899,0.0004217629692112568,4827,2294,74860,97675,0.677854233955905,0.4338829802648738
B-STX_USDT,1789556536804,0.2371,0.2372,0.23715,0.00009999999999998899,0.0004217629692112568,5308,2294,75867,97675,0.6982373059721126,0.43716794781666685
B-STX_USDT,1789556538996,0.2371,0.2372,0.23715,0.00009999999999998899,0.0004217629692112568,12899,1773,101016,94466,0.8791575790621592,0.5167534606766864
B-STX_USDT,1789556541179,0.2371,0.2372,0.23715,0.00009999999999998899,0.0004217629692112568,14795,1042,102912,93735,0.9342047104880975,0.5233336893011336
B-STX_USDT,1789556543352,0.2372,0.2373,0.23725000000000002,0.00010000000000001674,0.0004215851602024315,4641,2392,82378,121821,0.6598890942698706,0.4034201930469787
B-STX_USDT,1789556545811,0.2372,0.2373,0.23725000000000002,0.00010000000000001674,0.0004215851602024315,5868,2165,81783,119690,0.7304867421884725,0.4059253597256208
B-STX_USDT,1789556548116,0.2372,0.2373,0.23725000000000002,0.00010000000000001674,0.0004215851602024315,7066,2195,82933,119720,0.7629845589029263,0.4092364781177678
B-STX_USDT,1789556551349,0.2372,0.2373,0.23725000000000002,0.00010000000000001674,0.0004215851602024315,11242,1641,84658,119016,0.8726228362958938,0.41565442815479636
B-STX_USDT,1789556554044,0.2372,0.2373,0.23725000000000002,0.00010000000000001674,0.0004215851602024315,11242,1641,84900,118973,0.8726228362958938,0.4164357222388448
B-STX_USDT,1789556556306,0.2372,0.2373,0.23725000000000002,0.00010000000000001674,0.0004215851602024315,14652,1595,84925,119086,0.9018280297901151,0.4162765733220268
B-STX_USDT,1789556558544,0.2372,0.2373,0.23725000000000002,0.00010000000000001674,0.0004215851602024315,17719,1706,110474,119197,0.9121750321750322,0.4810097922680704
B-STX_USDT,1789556560808,0.2372,0.2373,0.23725000000000002,0.00010000000000001674,0.0004215851602024315,19019,780,110237,122492,0.9606040709126723,0.47367109384735034
B-STX_USDT,1789556563307,0.2372,0.2373,0.23725000000000002,0.00010000000000001674,0.0004215851602024315,16650,2982,106965,123384,0.8481051344743277,0.46436060065379053
B-STX_USDT,1789556565880,0.2372,0.2373,0.23725000000000002,0.00010000000000001674,0.0004215851602024315,14797,4362,103617,126070,0.772326321833081,0.45112261468868503
B-STX_USDT,1789556568065,0.2372,0.2373,0.23725000000000002,0.00010000000000001674,0.0004215851602024315,14388,8507,103208,130215,0.6284341559292422,0.442150088037597
B-STX_USDT,1789556570257,0.2372,0.2373,0.23725000000000002,0.00010000000000001674,0.0004215851602024315,14445,8613,107493,130321,0.6264637002341921,0.4520045077245242
B-STX_USDT,1789556572729,0.2372,0.2373,0.23725000000000002,0.00010000000000001674,0.0004215851602024315,14306,8373,103126,130081,0.6308038273292473,0.44220799547183404
B-STX_USDT,1789556575009,0.2372,0.2373,0.23725000000000002,0.00010000000000001674,0.0004215851602024315,14286,4349,103106,124154,0.7666219479474108,0.4536918067411775
B-STX_USDT,1789556577233,0.2372,0.2373,0.23725000000000002,0.00010000000000001674,0.0004215851602024315,14264,4755,103084,124560,0.7499868552500132,0.45282985714536733
B-STX_USDT,1789556579472,0.2372,0.2373,0.23725000000000002,0.00010000000000001674,0.0004215851602024315,14200,6070,103020,127875,0.7005426739023187,0.446176833625674
B-STX_USDT,1789556581769,0.2372,0.2373,0.23725000000000002,0.00010000000000001674,0.0004215851602024315,14200,5710,107241,127515,0.7132094424912104,0.4568189950416603
B-STX_USDT,1789556584010,0.2372,0.2373,0.23725000000000002,0.00010000000000001674,0.0004215851602024315,14200,4395,107241,126200,0.7636461414358698,0.459392308977429
B-STX_USDT,1789556586268,0.2372,0.2373,0.23725000000000002,0.00010000000000001674,0.0004215851602024315,14178,4395,107219,126538,0.7633661767081247,0.45867717330390106
B-STX_USDT,1789556588517,0.2372,0.2373,0.23725000000000002,0.00010000000000001674,0.0004215851602024315,14060,4395,107101,126653,0.7618531563261989,0.45817825577316323
B-STX_USDT,1789556590748,0.2372,0.2373,0.23725000000000002,0.00010000000000001674,0.0004215851602024315,14060,4395,107101,126653,0.7618531563261989,0.45817825577316323
B-STX_USDT,1789556593830,0.2372,0.2373,0.23725000000000002,0.00010000000000001674,0.0004215851602024315,14082,4395,99587,126402,0.7621367105049521,0.4406718911097443
B-STX_USDT,1789556596059,0.2372,0.2373,0.23725000000000002,0.00010000000000001674,0.0004215851602024315,14082,5678,99587,127893,0.7126518218623482,0.43778354141023385
B-STX_USDT,1789556598937,0.2372,0.2373,0.23725000000000002,0.00010000000000001674,0.0004215851602024315,13995,9664,99500,131921,0.5915296504501458,0.4299523379468588
B-STX_USDT,1789556601427,0.2372,0.2373,0.23725000000000002,0.00010000000000001674,0.0004215851602024315,13995,9444,99500,131701,0.597081786765647,0.43036146037430634
B-STX_USDT,1789556603665,0.2372,0.2373,0.23725000000000002,0.00010000000000001674,0.0004215851602024315,12156,6931,105596,128288,0.6368732645255933,0.45148877221186573
B-STX_USDT,1789556605896,0.2372,0.2373,0.23725000000000002,0.00010000000000001674,0.0004215851602024315,12156,6931,105596,128288,0.6368732645255933,0.45148877221186573
B-STX_USDT,1789556608692,0.2372,0.2373,0.23725000000000002,0.00010000000000001674,0.0004215851602024315,12156,6931,105596,128288,0.6368732645255933,0.45148877221186573
B-STX_USDT,1789556611657,0.2372,0.2373,0.23725000000000002,0.00010000000000001674,0.0004215851602024315,12156,6931,105596,130288,0.6368732645255933,0.4476607145885266
B-STX_USDT,1789556614546,0.2372,0.2373,0.23725000000000002,0.00010000000000001674,0.0004215851602024315,12156,6931,105596,128338,0.6368732645255933,0.45139227303427465
B-STX_USDT,1789556617212,0.2372,0.2373,0.23725000000000002,0.00010000000000001674,0.0004215851602024315,12111,8081,103944,131488,0.5997919968304279,0.44150327907846004
B-STX_USDT,1789556619415,0.2372,0.2373,0.23725000000000002,0.00010000000000001674,0.0004215851602024315,12111,8081,103944,131488,0.5997919968304279,0.44150327907846004
B-STX_USDT,1789556621590,0.2372,0.2373,0.23725000000000002,0.00010000000000001674,0.0004215851602024315,12111,8081,103944,131331,0.5997919968304279,0.4417978960790564
B-STX_USDT,1789556623839,0.2372,0.2373,0.23725000000000002,0.00010000000000001674,0.0004215851602024315,12111,8081,103944,131239,0.5997919968304279,0.44197072067283777
B-STX_USDT,1789556626770,0.2372,0.2373,0.23725000000000002,0.00010000000000001674,0.0004215851602024315,12133,6931,103966,130246,0.6364351657574486,0.44389698222123547
B-STX_USDT,1789556629018,0.2373,0.2374,0.23735,0.00009999999999998899,0.0004214075010534723,852,4905,79561,141761,0.14799374674309537,0.35948075654476286
B-STX_USDT,1789556631579,0.2372,0.2373,0.23725000000000002,0.00010000000000001674,0.0004215851602024315,3420,2197,96772,96255,0.6088659426740253,0.5013391908903936
B-STX_USDT,1789556633933,0.2373,0.2374,0.23735,0.00009999999999998899,0.0004214075010534723,1629,3552,90168,111375,0.3144180660104227,0.44738839850552986
B-STX_USDT,1789556636438,0.2374,0.2375,0.23745,0.00009999999999998899,0.0004212299915753538,54,6214,64730,109064,0.008615188257817485,0.3724524436977111
B-STX_USDT,1789556638870,0.2373,0.2374,0.23735,0.00009999999999998899,0.0004214075010534723,115,5852,95674,78412,0.01927266633148986,0.5495789437404501
B-STX_USDT,1789556641573,0.2373,0.2374,0.23735,0.00009999999999998899,0.0004214075010534723,93,6969,110093,79918,0.013169073916737469,0.5794032977038172
B-STX_USDT,1789556643763,0.2373,0.2374,0.23735,0.00009999999999998899,0.0004214075010534723,93,6667,111221,79616,0.013757396449704142,0.5828062692245215
B-STX_USDT,1789556646244,0.2373,0.2374,0.23735,0.00009999999999998899,0.0004214075010534723,93,6667,111126,79616,0.013757396449704142,0.582598483815835
B-STX_USDT,1789556649040,0.2373,0.2374,0.23735,0.00009999999999998899,0.0004214075010534723,306,6667,111339,79616,0.043883550838950236,0.5830640726872823
B-STX_USDT,1789556652286,0.2373,0.2374,0.23735,0.00009999999999998899,0.0004214075010534723,11464,155,111686,68008,0.9866597813925467,0.6215343862343762
B-STX_USDT,1789556654989,0.2373,0.2374,0.23735,0.00009999999999998899,0.0004214075010534723,11800,155,112022,66875,0.9870347135089921,0.6261815458056871
B-STX_USDT,1789556657940,0.2375,0.2376,0.23754999999999998,0.00010000000000001674,0.00042105263157901786,1078,4968,62171,93435,0.17829970228250083,0.3995411487988895
B-STX_USDT,1789556660421,0.2375,0.2376,0.23754999999999998,0.00010000000000001674,0.00042105263157901786,1121,5006,60131,93536,0.18296066590501062,0.39130717720785857
B-STX_USDT,1789556663136,0.2375,0.2376,0.23754999999999998,0.00010000000000001674,0.00042105263157901786,1121,5006,60131,93748,0.18296066590501062,0.3907680710168379
B-STX_USDT,1789556665651,0.2374,0.2375,0.23745,0.00009999999999998899,0.0004212299915753538,7473,1475,86501,73772,0.8351586946803755,0.5397103691825822
B-STX_USDT,1789556667898,0.2374,0.2375,0.23745,0.00009999999999998899,0.0004212299915753538,2885,1475,83429,76283,0.661697247706422,0.5223715187337207
B-STX_USDT,1789556670124,0.2374,0.2375,0.23745,0.00009999999999998899,0.0004212299915753538,2850,1475,83394,76283,0.6589595375722543,0.5222668261553011
B-STX_USDT,1789556672344,0.2374,0.2375,0.23745,0.00009999999999998899,0.0004212299915753538,2850,1323,83394,76131,0.6829618979151689,0.5227644569816643
B-STX_USDT,1789556674580,0.2373,0.2374,0.23735,0.00009999999999998899,0.0004214075010534723,3103,1332,108282,74786,0.6996617812852312,0.5914851312080757
B-STX_USDT,1789556676881,0.2373,0.2374,0.23735,0.00009999999999998899,0.0004214075010534723,3126,1332,108305,73523,0.7012113055181696,0.5956453351519018
B-STX_USDT,1789556679090,0.2373,0.2374,0.23735,0.00009999999999998899,0.0004214075010534723,2894,1482,108073,80894,0.6613345521023766,0.5719146729323109
B-STX_USDT,1789556682654,0.2373,0.2374,0.23735,0.00009999999999998899,0.0004214075010534723,3029,1482,108208,80894,0.6714697406340058,0.5722202832333873
B-STX_USDT,1789556684849,0.2373,0.2374,0.23735,0.00009999999999998899,0.0004214075010534723,4265,1332,105574,78737,0.7620153653743077,0.5728035765635258
B-STX_USDT,1789556687909,0.2373,0.2374,0.23735,0.00009999999999998899,0.0004214075010534723,4265,1520,105574,78517,0.7372515125324114,0.5734881118577225
B-STX_USDT,1789556690107,0.2373,0.2374,0.23735,0.00009999999999998899,0.0004214075010534723,4265,1520,105574,78517,0.7372515125324114,0.5734881118577225
B-STX_USDT,1789556692277,0.2374,0.2375,0.23745,0.00009999999999998899,0.0004212299915753538,5516,1040,84781,83799,0.8413666870042709,0.502912563767944
B-STX_USDT,1789556694465,0.2374,0.2375,0.23745,0.00009999999999998899,0.0004212299915753538,6805,1040,86022,85799,0.8674314850223072,0.5006489311550975
B-STX_USDT,1789556697043,0.2374,0.2375,0.23745,0.00009999999999998899,0.0004212299915753538,7462,813,86694,85572,0.9017522658610272,0.5032565915502769
B-STX_USDT,1789556699240,0.2374,0.2375,0.23745,0.00009999999999998899,0.0004212299915753538,5519,1739,84751,86498,0.7604023146872416,0.4948992402875345
B-STX_USDT,1789556701860,0.2374,0.2375,0.23745,0.00009999999999998899,0.0004212299915753538,5519,1770,86539,86529,0.7571683358485389,0.5000288903783484
B-STX_USDT,1789556704138,0.2374,0.2375,0.23745,0.00009999999999998899,0.0004212299915753538,5519,1804,86539,86563,0.7536528745049843,0.499930676710841
B-STX_USDT,1789556706527,0.2374,0.2375,0.23745,0.00009999999999998899,0.0004212299915753538,7399,354,88382,82665,0.9543402553850122,0.5167117809724813
B-STX_USDT,1789556708939,0.2375,0.2376,0.23754999999999998,0.00010000000000001674,0.00042105263157901786,729,5530,62603,90993,0.11647227991691964,0.4075822287038725
B-STX_USDT,1789556711488,0.2374,0.2375,0.23745,0.00009999999999998899,0.0004212299915753538,2745,4224,82437,71599,0.39388721480843736,0.5351800877716897
B-STX_USDT,1789556713665,0.2374,0.2375,0.23745,0.00009999999999998899,0.0004212299915753538,2745,4247,82437,71072,0.39259153318077805,0.5370173735741879
B-STX_USDT,1789556715848,0.2374,0.2375,0.23745,0.00009999999999998899,0.0004212299915753538,1044,5839,73414,90540,0.15167804736306842,0.4477719360308379
B-STX_USDT,1789556718239,0.2374,0.2375,0.23745,0.00009999999999998899,0.0004212299915753538,1196,5839,73566,90540,0.17000710732054017,0.44828342656575626
B-STX_USDT,1789556720730,0.2374,0.2375,0.23745,0.00009999999999998899,0.0004212299915753538,848,5872,73218,91752,0.1261904761904762,0.4438261502091289
B-STX_USDT,1789556723173,0.2373,0.2374,0.23735,0.00009999999999998899,0.0004214075010534723,3384,2226,104735,71715,0.6032085561497326,0.5935675828846699
B-STX_USDT,1789556725995,0.2373,0.2374,0.23735,0.00009999999999998899,0.0004214075010534723,1967,3062,103318,72651,0.39113143766156294,0.5871375071745591
B-STX_USDT,1789556729191,0.2373,0.2374,0.23735,0.00009999999999998899,0.0004214075010534723,2077,2768,103428,77157,0.42868937048503614,0.5727385995514578
B-STX_USDT,1789556731819,0.2373,0.2374,0.23735,0.00009999999999998899,0.0004214075010534723,3249,1627,104600,76931,0.6663248564397046,0.5762101238906854
B-STX_USDT,1789556734041,0.2373,0.2374,0.23735,0.00009999999999998899,0.0004214075010534723,2304,4556,103655,79860,0.3358600583090379,0.5648312127074081
B-STX_USDT,1789556736324,0.2373,0.2374,0.23735,0.00009999999999998899,0.0004214075010534723,1780,4579,100596,79883,0.27991822613618494,0.5573834074878518
B-STX_USDT,1789556738830,0.2373,0.2374,0.23735,0.00009999999999998899,0.0004214075010534723,1780,4579,100204,80125,0.27991822613618494,0.5556732416860294
B-STX_USDT,1789556741345,0.2373,0.2374,0.23735,0.00009999999999998899,0.0004214075010534723,1668,4649,77131,73361,0.2640493905334811,0.5125255827552295
B-STX_USDT,1789556744203,0.2373,0.2374,0.23735,0.00009999999999998899,0.0004214075010534723,643,5111,76106,79173,0.11174834897462635,0.4901242280024987
B-STX_USDT,1789556747305,0.2373,0.2374,0.23735,0.00009999999999998899,0.0004214075010534723,1563,5111,77104,77940,0.23419238837278994,0.4973039911251
B-STX_USDT,1789556749771,0.2373,0.2374,0.23735,0.00009999999999998899,0.0004214075010534723,1736,1570,78858,73849,0.5251058681185723,0.5164006889009672
B-STX_USDT,1789556752009,0.2373,0.2374,0.23735,0.00009999999999998899,0.0004214075010534723,1785,1632,78829,75313,0.5223880597014925,0.5114050680541319
B-STX_USDT,1789556754518,0.2373,0.2374,0.23735,0.00009999999999998899,0.0004214075010534723,2094,4175,78369,79906,0.3340245653214229,0.49514452693097455
B-STX_USDT,1789556757066,0.2373,0.2374,0.23735,0.00009999999999998899,0.0004214075010534723,83,6066,75786,81797,0.013498129777199545,0.4809275112163114
B-STX_USDT,1789556759317,0.2372,0.2373,0.23725000000000002,0.00010000000000001674,0.0004215851602024315,3556,2092,94110,59676,0.6296033994334278,0.6119542741211814
B-STX_USDT,1789556762518,0.2372,0.2373,0.23725000000000002,0.00010000000000001674,0.0004215851602024315,2095,2050,92649,61403,0.5054282267792521,0.6014138083244619
B-STX_USDT,1789556765077,0.2371,0.2372,0.23715,0.00009999999999998899,0.0004217629692112568,8335,657,100335,57347,0.926935053380783,0.6363123248056214
B-STX_USDT,1789556767620,0.2371,0.2372,0.23715,0.00009999999999998899,0.0004217629692112568,7027,492,99027,59356,0.9345657667242985,0.6252375570610482
B-STX_USDT,1789556771104,0.2371,0.2372,0.23715,0.00009999999999998899,0.0004217629692112568,4492,2092,96492,62221,0.6822600243013366,0.6079653210512056
B-STX_USDT,1789556773475,0.2371,0.2372,0.23715,0.00009999999999998899,0.0004217629692112568,4366,1942,95222,62227,0.692136968928345,0.6047799604951445
B-STX_USDT,1789556776731,0.2371,0.2372,0.23715,0.00009999999999998899,0.0004217629692112568,5102,492,138754,101578,0.9120486235252055,0.5773430088377745
B-STX_USDT,1789556780927,0.2371,0.2372,0.23715,0.00009999999999998899,0.0004217629692112568,6390,526,140042,69049,0.9239444765760555,0.6697657957540019
B-STX_USDT,1789556783530,0.2371,0.2372,0.23715,0.00009999999999998899,0.0004217629692112568,7376,526,141028,69049,0.9334345735256897,0.6713157556514993
B-STX_USDT,1789556786464,0.2372,0.2373,0.23725000000000002,0.00010000000000001674,0.0004215851602024315,1616,4271,85058,95490,0.27450314251741126,0.47111017568735186
B-STX_USDT,1789556789183,0.2372,0.2373,0.23725000000000002,0.00010000000000001674,0.0004215851602024315,2232,4115,85674,95558,0.35166220261540887,0.47273108501809835
B-STX_USDT,1789556791862,0.2372,0.2373,0.23725000000000002,0.00010000000000001674,0.0004215851602024315,2589,3965,85827,95408,0.3950259383582545,0.47356746765249536
B-STX_USDT,1789556795116,0.2372,0.2373,0.23725000000000002,0.00010000000000001674,0.0004215851602024315,3385,2326,86189,93769,0.5927158115916652,0.4789395303348559
B-STX_USDT,1789556797694,0.2372,0.2373,0.23725000000000002,0.00010000000000001674,0.0004215851602024315,5975,748,88751,89656,0.8887401457682582,0.49746366454231056
B-STX_USDT,1789556800279,0.2372,0.2373,0.23725000000000002,0.00010000000000001674,0.0004215851602024315,11223,1520,125632,69742,0.8807188260221298,0.6430333616550821
B-STX_USDT,1789556802943,0.2372,0.2373,0.23725000000000002,0.00010000000000001674,0.0004215851602024315,10412,594,138772,77122,0.9460294384880974,0.642778400511362
B-STX_USDT,1789556805173,0.2372,0.2373,0.23725000000000002,0.00010000000000001674,0.0004215851602024315,8254,569,136740,77097,0.9355094639011674,0.639459027202963
B-STX_USDT,1789556807358,0.2372,0.2373,0.23725000000000002,0.00010000000000001674,0.0004215851602024315,8380,569,136740,77097,0.9364174768130518,0.639459027202963
B-STX_USDT,1789556809797,0.2372,0.2373,0.23725000000000002,0.00010000000000001674,0.0004215851602024315,5549,1495,134035,79379,0.7877626348665531,0.6280515804961249
B-STX_USDT,1789556812066,0.2372,0.2373,0.23725000000000002,0.00010000000000001674,0.0004215851602024315,5826,1645,134312,79529,0.7798152857716504,0.6280928353309234
B-STX_USDT,1789556814708,0.2372,0.2373,0.23725000000000002,0.00010000000000001674,0.0004215851602024315,5826,1470,134312,79354,0.7985197368421053,0.6286072655452903
B-STX_USDT,1789556817245,0.2372,0.2373,0.23725000000000002,0.00010000000000001674,0.0004215851602024315,5875,1470,134235,79354,0.7998638529611981,0.6284733764379252
B-STX_USDT,1789556819511,0.2372,0.2373,0.23725000000000002,0.00010000000000001674,0.0004215851602024315,5875,1646,134361,79530,0.7811461241856136,0.628175098531495
B-STX_USDT,1789556821734,0.2372,0.2373,0.23725000000000002,0.00010000000000001674,0.0004215851602024315,2750,4693,130508,83127,0.36947467419051455,0.6108924099515529
B-STX_USDT,1789556823958,0.2372,0.2373,0.23725000000000002,0.00010000000000001674,0.0004215851602024315,2750,4693,130508,83127,0.36947467419051455,0.6108924099515529
B-STX_USDT,1789556826332,0.2372,0.2373,0.23725000000000002,0.00010000000000001674,0.0004215851602024315,5631,2182,134077,76070,0.7207218738000768,0.6380152940560655
B-STX_USDT,1789556828875,0.2372,0.2373,0.23725000000000002,0.00010000000000001674,0.0004215851602024315,4411,2308,132857,79029,0.6564965024557226,0.6270211340060221
B-STX_USDT,1789556831849,0.2372,0.2373,0.23725000000000002,0.00010000000000001674,0.0004215851602024315,2527,2308,130973,98807,0.5226473629782834,0.5699930368178258
B-STX_USDT,1789556834616,0.2371,0.2372,0.23715,0.00009999999999998899,0.0004217629692112568,4536,4184,167438,93891,0.5201834862385321,0.6407172567912478
B-STX_USDT,1789556837246,0.2371,0.2372,0.23715,0.00009999999999998899,0.0004217629692112568,4488,4058,167390,93765,0.5251579686402995,0.6409603492178975
B-STX_USDT,1789556839753,0.2371,0.2372,0.23715,0.00009999999999998899,0.0004217629692112568,5220,4058,168122,93765,0.5626212545807286,0.6419639004608858
B-STX_USDT,1789556842007,0.2371,0.2372,0.23715,0.00009999999999998899,0.0004217629692112568,6392,4058,169294,93765,0.6116746411483254,0.6435590494907987
B-STX_USDT,1789556845422,0.2371,0.2372,0.23715,0.00009999999999998899,0.0004217629692112568,15232,24,149559,79960,0.9984268484530676,0.6516192559221676
B-STX_USDT,1789556847767,0.2371,0.2372,0.23715,0.00009999999999998899,0.0004217629692112568,15023,47,149350,80533,0.9968812209688123,0.6496783146209159
B-STX_USDT,1789556850204,0.2371,0.2372,0.23715,0.00009999999999998899,0.0004217629692112568,16488,47,150815,82340,0.9971575446023586,0.6468443739143488
B-STX_USDT,1789556852676,0.2371,0.2372,0.23715,0.00009999999999998899,0.0004217629692112568,17646,641,151973,89806,0.964947777109422,0.6285616203226914
B-STX_USDT,1789556855853,0.2371,0.2372,0.23715,0.00009999999999998899,0.0004217629692112568,16615,1569,149165,92734,0.913715354157501,0.6166416562284259
B-STX_USDT,1789556858245,0.2371,0.2372,0.23715,0.00009999999999998899,0.0004217629692112568,16615,1569,112557,92734,0.913715354157501,0.548280246089697
B-STX_USDT,1789556860596,0.2371,0.2372,0.23715,0.00009999999999998899,0.0004217629692112568,16615,1569,112557,92734,0.913715354157501,0.548280246089697
B-STX_USDT,1789556862898,0.2371,0.2372,0.23715,0.00009999999999998899,0.0004217629692112568,16637,1832,114595,92997,0.9008067572689371,0.5520203090677868
B-STX_USDT,1789556866126,0.2371,0.2372,0.23715,0.00009999999999998899,0.0004217629692112568,16606,1832,99652,76815,0.9006399826445385,0.5647061490250301
B-STX_USDT,1789556868606,0.2371,0.2372,0.23715,0.00009999999999998899,0.0004217629692112568,16606,1832,99652,76815,0.9006399826445385,0.5647061490250301
B-STX_USDT,1789556870938,0.2371,0.2372,0.23715,0.00009999999999998899,0.0004217629692112568,16606,1832,99652,76815,0.9006399826445385,0.5647061490250301
B-STX_USDT,1789556873420,0.2371,0.2372,0.23715,0.00009999999999998899,0.0004217629692112568,16606,1832,107794,82412,0.9006399826445385,0.5667223957183265
B-STX_USDT,1789556876079,0.2371,0.2372,0.23715,0.00009999999999998899,0.0004217629692112568,16606,2782,107794,94945,0.8565091809366618,0.5316885256413418
B-STX_USDT,1789556878735,0.2371,0.2372,0.23715,0.00009999999999998899,0.0004217629692112568,14255,2936,105220,99320,0.8292129602699086,0.5144226068250709
B-STX_USDT,1789556880992,0.2371,0.2372,0.23715,0.00009999999999998899,0.0004217629692112568,12961,4420,102718,100804,0.7456993268511594,0.5047021943573667
B-STX_USDT,1789556883583,0.237,0.2371,0.23704999999999998,0.00010000000000001674,0.00042194092827011284,7326,3679,84861,86917,0.66569741026806,0.49401553167460327
B-STX_USDT,1789556885750,0.237,0.2371,0.23704999999999998,0.00010000000000001674,0.00042194092827011284,7326,3787,84861,87025,0.6592279312516872,0.49370513014439804
B-STX_USDT,1789556888091,0.237,0.2371,0.23704999999999998,0.00010000000000001674,0.00042194092827011284,7787,1628,87110,84866,0.8270844397238449,0.5065241661627203
B-STX_USDT,1789556891198,0.237,0.2371,0.23704999999999998,0.00010000000000001674,0.00042194092827011284,7787,1628,87110,84866,0.8270844397238449,0.5065241661627203
B-STX_USDT,1789556893612,0.237,0.2371,0.23704999999999998,0.00010000000000001674,0.00042194092827011284,10210,730,89533,82442,0.93327239488117,0.5206163686582352
B-STX_USDT,1789556895801,0.237,0.2371,0.23704999999999998,0.00010000000000001674,0.00042194092827011284,10210,730,89533,82442,0.93327239488117,0.5206163686582352
B-STX_USDT,1789556899609,0.237,0.2371,0.23704999999999998,0.00010000000000001674,0.00042194092827011284,14481,730,93804,82442,0.9520084149628558,0.5322333556506247
B-STX_USDT,1789556902139,0.237,0.2371,0.23704999999999998,0.00010000000000001674,0.00042194092827011284,18978,28,98323,81740,0.9985267810165211,0.5460477721686299
B-STX_USDT,1789556904658,0.237,0.2371,0.23704999999999998,0.00010000000000001674,0.00042194092827011284,21161,622,100506,82119,0.9714456227333241,0.550340862422998
B-STX_USDT,1789556907092,0.237,0.2371,0.23704999999999998,0.00010000000000001674,0.00042194092827011284,20094,1837,97884,83484,0.916237289681273,0.5396982929734021
B-STX_USDT,1789556909981,0.237,0.2371,0.23704999999999998,0.00010000000000001674,0.00042194092827011284,20094,3012,97884,108653,0.8696442482472085,0.4739296106750849
B-STX_USDT,1789556913051,0.237,0.2371,0.23704999999999998,0.00010000000000001674,0.00042194092827011284,19975,3012,97765,108568,0.8689694174968461,0.4738214439764846
B-STX_USDT,1789556915516,0.2369,0.237,0.23695,0.00009999999999998899,0.00042211903756854787,9020,1699,110583,75949,0.841496408247038,0.5928366178457316
B-STX_USDT,1789556918014,0.237,0.2371,0.23704999999999998,0.00010000000000001674,0.00042194092827011284,7699,1013,85254,104499,0.8837235996326905,0.4492893392989834
B-STX_USDT,1789556920237,0.237,0.2371,0.23704999999999998,0.00010000000000001674,0.00042194092827011284,6337,1013,83752,107764,0.8621768707482993,0.4373107207752877
B-STX_USDT,1789556923689,0.237,0.2371,0.23704999999999998,0.00010000000000001674,0.00042194092827011284,7540,805,84955,113989,0.9035350509286998,0.42702971690525976
B-STX_USDT,1789556926222,0.237,0.2371,0.23704999999999998,0.00010000000000001674,0.00042194092827011284,2028,2549,76426,115861,0.44308499016823244,0.39745796647719295
B-STX_USDT,1789556928995,0.237,0.2371,0.23704999999999998,0.00010000000000001674,0.00042194092827011284,2050,2549,76448,111232,0.44574907588606216,0.4073316283034953
B-STX_USDT,1789556931517,0.237,0.2371,0.23704999999999998,0.00010000000000001674,0.00042194092827011284,2050,2575,76448,111258,0.44324324324324327,0.4072752069726061
B-STX_USDT,1789556933736,0.237,0.2371,0.23704999999999998,0.00010000000000001674,0.00042194092827011284,2050,2575,76448,111069,0.44324324324324327,0.40768570316291325
B-STX_USDT,1789556936646,0.237,0.2371,0.23704999999999998,0.00010000000000001674,0.00042194092827011284,1926,2598,76324,116492,0.42572944297082227,0.3958385196249274
B-STX_USDT,1789556939747,0.237,0.2371,0.23704999999999998,0.00010000000000001674,0.00042194092827011284,1926,2628,76324,117345,0.42292490118577075,0.39409507974946945
B-STX_USDT,1789556941947,0.2369,0.237,0.23695,0.00009999999999998899,0.00042211903756854787,5903,1149,111391,69769,0.8370674985819626,0.6148763523956723
B-STX_USDT,1789556944137,0.2369,0.237,0.23695,0.00009999999999998899,0.00042211903756854787,5903,1149,110120,69947,0.8370674985819626,0.6115501452237223
B-STX_USDT,1789556946713,0.2369,0.237,0.23695,0.00009999999999998899,0.00042211903756854787,5981,1149,110198,96692,0.8388499298737728,0.5326405336168979
B-STX_USDT,1789556949135,0.2369,0.237,0.23695,0.00009999999999998899,0.00042211903756854787,5981,1186,110198,96729,0.834519324682573,0.5325452937509363
B-STX_USDT,1789556951988,0.2369,0.237,0.23695,0.00009999999999998899,0.00042211903756854787,5467,2181,109684,88451,0.7148274058577406,0.5535821535821536
B-STX_USDT,1789556954703,0.2369,0.237,0.23695,0.00009999999999998899,0.00042211903756854787,5456,1255,109673,87447,0.8129935926091492,0.5563768262987013
B-STX_USDT,1789556957701,0.2369,0.237,0.23695,0.00009999999999998899,0.00042211903756854787,5456,1255,109673,87424,0.8129935926091492,0.556441752030726
B-STX_USDT,1789556960182,0.2369,0.237,0.23695,0.00009999999999998899,0.00042211903756854787,1941,3250,103701,92852,0.37391639375842806,0.5275981541874202
B-STX_USDT,1789556962693,0.2369,0.237,0.23695,0.00009999999999998899,0.00042211903756854787,2103,3324,103863,92926,0.3875069098949696,0.52778864672314
B-STX_USDT,1789556965121,0.2369,0.237,0.23695,0.00009999999999998899,0.00042211903756854787,503,5036,87799,110774,0.09081061563459109,0.4421497383833653
B-STX_USDT,1789556967506,0.2369,0.237,0.23695,0.00009999999999998899,0.00042211903756854787,503,5036,87799,110774,0.09081061563459109,0.4421497383833653
B-STX_USDT,1789556970097,0.2368,0.2369,0.23685,0.00009999999999998899,0.00042229729729725075,8780,265,95490,82012,0.970702045328911,0.5379657693997814
B-STX_USDT,1789556972427,0.2369,0.237,0.23695,0.00009999999999998899,0.00042211903756854787,4916,2395,74030,114802,0.6724114348242375,0.3920416031181156
B-STX_USDT,1789556974867,0.2369,0.237,0.23695,0.00009999999999998899,0.00042211903756854787,4940,2413,72870,114820,0.6718346253229974,0.3882465768021738
B-STX_USDT,1789556977273,0.2369,0.237,0.23695,0.00009999999999998899,0.00042211903756854787,7670,466,81876,102490,0.9427236971484759,0.44409489819164055
B-STX_USDT,1789556979558,0.237,0.2371,0.23704999999999998,0.00010000000000001674,0.00042194092827011284,1703,3980,48640,123608,0.29966566954073554,0.2823835400120756
B-STX_USDT,1789556982414,0.237,0.2371,0.23704999999999998,0.00010000000000001674,0.00042194092827011284,330,4423,44568,124376,0.06942983378918578,0.2638033904725826
B-STX_USDT,1789556984647,0.237,0.2371,0.23704999999999998,0.00010000000000001674,0.00042194092827011284,854,4383,44922,124936,0.16307046018713003,0.2644679673609721
B-STX_USDT,1789556987355,0.237,0.2371,0.23704999999999998,0.00010000000000001674,0.00042194092827011284,1780,4383,45848,124936,0.28882037968521823,0.2684560614577478
B-STX_USDT,1789556990394,0.237,0.2371,0.23704999999999998,0.00010000000000001674,0.00042194092827011284,2456,4164,61258,124059,0.37099697885196375,0.3305579088804589
B-STX_USDT,1789556992892,0.237,0.2371,0.23704999999999998,0.00010000000000001674,0.00042194092827011284,7073,595,65875,113989,0.9224047991653626,0.36624894364631055
B-STX_USDT,1789556995422,0.237,0.2371,0.23704999999999998,0.00010000000000001674,0.00042194092827011284,4351,1119,63153,91726,0.7954296160877514,0.4077570232245818
B-STX_USDT,1789556998035,0.237,0.2371,0.23704999999999998,0.00010000000000001674,0.00042194092827011284,3957,2045,62759,92652,0.6592802399200267,0.4038259840037063
B-STX_USDT,1789557000468,0.237,0.2371,0.23704999999999998,0.00010000000000001674,0.00042194092827011284,674,4640,59518,132262,0.1268347760632292,0.3103451871936594
B-STX_USDT,1789557003053,0.237,0.2371,0.23704999999999998,0.00010000000000001674,0.00042194092827011284,1198,4640,60042,128010,0.2052072627612196,0.31928402782209175
B-STX_USDT,1789557005910,0.237,0.2371,0.23704999999999998,0.00010000000000001674,0.00042194092827011284,674,5069,59518,128385,0.11736026467003309,0.31674853514845425
B-STX_USDT,1789557008819,0.237,0.2371,0.23704999999999998,0.00010000000000001674,0.00042194092827011284,992,5069,60089,124687,0.16366936149150305,0.32519916006407756
B-STX_USDT,1789557011419,0.237,0.2371,0.23704999999999998,0.00010000000000001674,0.00042194092827011284,922,5069,60019,124687,0.15389751293607076,0.3249434236029149
B-STX_USDT,1789557014191,0.237,0.2371,0.23704999999999998,0.00010000000000001674,0.00042194092827011284,642,5139,57569,109824,0.11105345096004152,0.34391521748221254
B-STX_USDT,1789557016857,0.237,0.2371,0.23704999999999998,0.00010000000000001674,0.00042194092827011284,1694,4280,67986,108965,0.28356210244392366,0.3842080575978661
B-STX_USDT,1789557019532,0.237,0.2371,0.23704999999999998,0.00010000000000001674,0.00042194092827011284,1568,4280,67986,108965,0.26812585499316005,0.3842080575978661
B-STX_USDT,1789557022693,0.237,0.2371,0.23704999999999998,0.00010000000000001674,0.00042194092827011284,5596,1405,71888,106042,0.7993143836594773,0.4040240544034171
B-STX_USDT,1789557025363,0.237,0.2371,0.23704999999999998,0.00010000000000001674,0.00042194092827011284,8131,1405,74423,106042,0.8526635906040269,0.41239575540963624
B-STX_USDT,1789557027863,0.237,0.2371,0.23704999999999998,0.00010000000000001674,0.00042194092827011284,6628,3005,73046,107642,0.6880514896709229,0.40426591693969716
B-STX_USDT,1789557030323,0.237,0.2371,0.23704999999999998,0.00010000000000001674,0.00042194092827011284,2740,4197,69158,110099,0.3949834222286291,0.3858036227316088
B-STX_USDT,1789557033568,0.237,0.2371,0.23704999999999998,0.00010000000000001674,0.00042194092827011284,2740,4197,69158,108834,0.3949834222286291,0.388545552609106
B-STX_USDT,1789557036200,0.237,0.2371,0.23704999999999998,0.00010000000000001674,0.00042194092827011284,2740,4197,69158,118819,0.3949834222286291,0.36790671199136066
B-STX_USDT,1789557038946,0.237,0.2371,0.23704999999999998,0.00010000000000001674,0.00042194092827011284,5701,1405,71740,107824,0.8022797635800731,0.3995232897462743
B-STX_USDT,1789557041509,0.237,0.2371,0.23704999999999998,0.00010000000000001674,0.00042194092827011284,5732,1434,71771,107853,0.7998883617080659,0.3995624192758206
B-STX_USDT,1789557044243,0.237,0.2371,0.23704999999999998,0.00010000000000001674,0.00042194092827011284,5732,1434,71771,107853,0.7998883617080659,0.3995624192758206
B-STX_USDT,1789557047939,0.237,0.2371,0.23704999999999998,0.00010000000000001674,0.00042194092827011284,5732,1429,84705,107848,0.800446864962994,0.4399048573639465
B-STX_USDT,1789557050519,0.237,0.2371,0.23704999999999998,0.00010000000000001674,0.00042194092827011284,5732,1429,86450,107848,0.800446864962994,0.44493509969222533
B-STX_USDT,1789557052811,0.237,0.2371,0.23704999999999998,0.00010000000000001674,0.00042194092827011284,5732,1429,86450,107848,0.800446864962994,0.44493509969222533
B-STX_USDT,1789557055563,0.237,0.2371,0.23704999999999998,0.00010000000000001674,0.00042194092827011284,5758,1429,86476,107891,0.801168776958397,0.444910915947666
B-STX_USDT,1789557058300,0.237,0.2371,0.23704999999999998,0.00010000000000001674,0.00042194092827011284,5758,1429,86476,107891,0.801168776958397,0.444910915947666
B-STX_USDT,1789557061012,0.237,0.2371,0.23704999999999998,0.00010000000000001674,0.00042194092827011284,5916,1953,86634,108353,0.7518109035455586,0.4443065435131573
B-STX_USDT,1789557063622,0.237,0.2371,0.23704999999999998,0.00010000000000001674,0.00042194092827011284,4709,3190,85427,109547,0.596151411571085,0.4381455989003662
B-STX_USDT,1789557066436,0.237,0.2371,0.23704999999999998,0.00010000000000001674,0.00042194092827011284,1630,3190,76867,94496,0.3381742738589212,0.4485624084545672
B-STX_USDT,1789557069883,0.237,0.2371,0.23704999999999998,0.00010000000000001674,0.00042194092827011284,640,3190,74826,95325,0.1671018276762402,0.439762328755047
B-STX_USDT,1789557072860,0.237,0.2371,0.23704999999999998,0.00010000000000001674,0.00042194092827011284,1809,3190,75919,97078,0.36187237447489495,0.438845760331104
B-STX_USDT,1789557075136,0.237,0.2371,0.23704999999999998,0.00010000000000001674,0.00042194092827011284,1959,3040,77140,96928,0.391878375675135,0.44316014431141854
B-STX_USDT,1789557078194,0.237,0.2371,0.23704999999999998,0.00010000000000001674,0.00042194092827011284,1872,3040,77053,96928,0.3811074918566775,0.4428816939780781
B-STX_USDT,1789557080900,0.237,0.2371,0.23704999999999998,0.00010000000000001674,0.00042194092827011284,1872,3066,77053,96954,0.37910085054678005,0.4428155189159057
B-STX_USDT,1789557083525,0.237,0.2371,0.23704999999999998,0.00010000000000001674,0.00042194092827011284,1872,3066,77053,96954,0.37910085054678005,0.4428155189159057
B-STX_USDT,1789557085733,0.237,0.2371,0.23704999999999998,0.00010000000000001674,0.00042194092827011284,1872,3066,77053,96954,0.37910085054678005,0.4428155189159057
B-STX_USDT,1789557087997,0.237,0.2371,0.23704999999999998,0.00010000000000001674,0.00042194092827011284,1872,3066,77053,105430,0.37910085054678005,0.4222475518267455
B-STX_USDT,1789557090503,0.237,0.2371,0.23704999999999998,0.00010000000000001674,0.00042194092827011284,1857,3066,77016,106030,0.3772090188909202,0.4207466975514352
B-STX_USDT,1789557093884,0.237,0.2371,0.23704999999999998,0.00010000000000001674,0.00042194092827011284,1816,3066,77038,125902,0.37197869725522326,0.37960973686803984
B-STX_USDT,1789557096840,0.237,0.2371,0.23704999999999998,0.00010000000000001674,0.00042194092827011284,1800,3066,76959,120502,0.36991368680641185,0.3897427846511463
B-STX_USDT,1789557099796,0.237,0.2371,0.23704999999999998,0.00010000000000001674,0.00042194092827011284,1950,3066,77709,120502,0.388755980861244,0.39205190428381875
B-STX_USDT,1789557102365,0.237,0.2371,0.23704999999999998,0.00010000000000001674,0.00042194092827011284,1905,2709,77664,120156,0.4128738621586476,0.39259933272672126
B-STX_USDT,1789557104726,0.237,0.2371,0.23704999999999998,0.00010000000000001674,0.00042194092827011284,1905,2709,77664,120156,0.4128738621586476,0.39259933272672126
B-STX_USDT,1789557106924,0.237,0.2371,0.23704999999999998,0.00010000000000001674,0.00042194092827011284,1935,2709,77694,120156,0.4166666666666667,0.39269143290371494
B-STX_USDT,1789557109551,0.237,0.2371,0.23704999999999998,0.00010000000000001674,0.00042194092827011284,1935,2709,77694,120156,0.4166666666666667,0.39269143290371494
B-STX_USDT,1789557111916,0.237,0.2371,0.23704999999999998,0.00010000000000001674,0.00042194092827011284,1785,2731,77544,120178,0.39526129317980513,0.39218701004440576
B-STX_USDT,1789557114196,0.237,0.2371,0.23704999999999998,0.00010000000000001674,0.00042194092827011284,1785,2731,77544,120178,0.39526129317980513,0.39218701004440576
B-STX_USDT,1789557116617,0.237,0.2371,0.23704999999999998,0.00010000000000001674,0.00042194092827011284,1636,2702,76795,120149,0.3771323190410327,0.38993317897473395
B-STX_USDT,1789557118884,0.237,0.2371,0.23704999999999998,0.00010000000000001674,0.00042194092827011284,1636,3760,76795,121807,0.3031875463306153,0.38667787836980494
B-STX_USDT,1789557121529,0.237,0.2371,0.23704999999999998,0.00010000000000001674,0.00042194092827011284,9624,1963,95987,94322,0.8305860015534651,0.5043744646863785
B-STX_USDT,1789557124107,0.2371,0.2372,0.23715,0.00009999999999998899,0.0004217629692112568,1628,3479,68332,124622,0.31877814764049345,0.3541362189952009
B-STX_USDT,1789557126290,0.2371,0.2372,0.23715,0.00009999999999998899,0.0004217629692112568,1634,3479,63284,124622,0.3195775474281244,0.3367854139835875
B-STX_USDT,1789557128484,0.2371,0.2372,0.23715,0.00009999999999998899,0.0004217629692112568,1784,3449,63434,123325,0.3409134339766864,0.339656991095476
B-STX_USDT,1789557130671,0.2371,0.2372,0.23715,0.00009999999999998899,0.0004217629692112568,1784,1337,65283,117499,0.5716116629285486,0.3571631779934567
B-STX_USDT,1789557133740,0.2371,0.2372,0.23715,0.00009999999999998899,0.0004217629692112568,11458,108,91505,107321,0.990662286010721,0.4602265297295122
B-STX_USDT,1789557135929,0.2371,0.2372,0.23715,0.00009999999999998899,0.0004217629692112568,6956,1628,87003,110194,0.8103448275862069,0.44119839551311635
B-STX_USDT,1789557138164,0.2371,0.2372,0.23715,0.00009999999999998899,0.0004217629692112568,3877,1784,83924,110951,0.6848613319201554,0.4306555484284798
B-STX_USDT,1789557140691,0.2371,0.2372,0.23715,0.00009999999999998899,0.0004217629692112568,3877,3020,83924,115722,0.5621284616499928,0.42036404435851454
B-STX_USDT,1789557142900,0.2371,0.2372,0.23715,0.00009999999999998899,0.0004217629692112568,5464,1605,85511,111698,0.7729523270618192,0.43360597132990886
B-STX_USDT,1789557145072,0.2371,0.2372,0.23715,0.00009999999999998899,0.0004217629692112568,3877,3020,83924,116648,0.5621284616499928,0.41842330933530103
B-STX_USDT,1789557147421,0.2371,0.2372,0.23715,0.00009999999999998899,0.0004217629692112568,3877,3030,83924,116658,0.561314608368322,0.4184024488737773
B-STX_USDT,1789557149604,0.2371,0.2372,0.23715,0.00009999999999998899,0.0004217629692112568,3846,3030,83893,116658,0.5593368237347295,0.4183125489277042
B-STX_USDT,1789557152256,0.2371,0.2372,0.23715,0.00009999999999998899,0.0004217629692112568,1062,4626,79873,118081,0.18670886075949367,0.4034927306343898
B-STX_USDT,1789557154445,0.2371,0.2372,0.23715,0.00009999999999998899,0.0004217629692112568,1062,4626,78553,118081,0.18670886075949367,0.39948838959691607
B-STX_USDT,1789557156809,0.2371,0.2372,0.23715,0.00009999999999998899,0.0004217629692112568,1062,4581,83577,118058,0.18819776714513556,0.41449649118456616
B-STX_USDT,1789557159162,0.2371,0.2372,0.23715,0.00009999999999998899,0.0004217629692112568,1649,3942,84101,117419,0.29493829368628155,0.4173332671695117
B-STX_USDT,1789557161419,0.2371,0.2372,0.23715,0.00009999999999998899,0.0004217629692112568,1584,3965,84099,119238,0.2854568390701027,0.41359418108853774
B-STX_USDT,1789557163931,0.2371,0.2372,0.23715,0.00009999999999998899,0.0004217629692112568,1647,3965,84099,119238,0.29347826086956524,0.41359418108853774
B-STX_USDT,1789557166128,0.2371,0.2372,0.23715,0.00009999999999998899,0.0004217629692112568,1584,3965,84099,119238,0.2854568390701027,0.41359418108853774
B-STX_USDT,1789557168534,0.2371,0.2372,0.23715,0.00009999999999998899,0.0004217629692112568,1584,3965,84099,119238,0.2854568390701027,0.41359418108853774
B-STX_USDT,1789557170716,0.2371,0.2372,0.23715,0.00009999999999998899,0.0004217629692112568,1647,3965,84099,119238,0.29347826086956524,0.41359418108853774
B-STX_USDT,1789557173321,0.2371,0.2372,0.23715,0.00009999999999998899,0.0004217629692112568,1647,3964,77226,119237,0.2935305649616824,0.393081648961891
B-STX_USDT,1789557175511,0.237,0.2371,0.23704999999999998,0.00010000000000001674,0.00042194092827011284,7476,1520,86489,114328,0.8310360160071143,0.4306856491233312
B-STX_USDT,1789557178135,0.2371,0.2372,0.23715,0.00009999999999998899,0.0004217629692112568,1346,4867,59583,146235,0.21664252374054402,0.2894936302947264
B-STX_USDT,1789557180524,0.2371,0.2372,0.23715,0.00009999999999998899,0.0004217629692112568,1845,4798,60082,143631,0.2777359626674695,0.29493454026007176
B-STX_USDT,1789557183149,0.2371,0.2372,0.23715,0.00009999999999998899,0.0004217629692112568,1845,4967,61381,143880,0.27084556664709336,0.29903878476671164
B-STX_USDT,1789557185316,0.2371,0.2372,0.23715,0.00009999999999998899,0.0004217629692112568,1845,4967,61381,143880,0.27084556664709336,0.29903878476671164
B-STX_USDT,1789557187512,0.2371,0.2372,0.23715,0.00009999999999998899,0.0004217629692112568,1845,4967,61381,143880,0.27084556664709336,0.29903878476671164
B-STX_USDT,1789557190426,0.237,0.2371,0.23704999999999998,0.00010000000000001674,0.00042194092827011284,6415,1513,85669,114146,0.8091574167507568,0.4287415859670195
B-STX_USDT,1789557193247,0.237,0.2371,0.23704999999999998,0.00010000000000001674,0.00042194092827011284,3359,2063,82613,116669,0.6195130947989672,0.41455324615369177
B-STX_USDT,1789557196263,0.237,0.2371,0.23704999999999998,0.00010000000000001674,0.00042194092827011284,3359,2063,82871,116669,0.6195130947989672,0.41531021349102937
B-STX_USDT,1789557198925,0.237,0.2371,0.23704999999999998,0.00010000000000001674,0.00042194092827011284,3359,2063,82871,116669,0.6195130947989672,0.41531021349102937
B-STX_USDT,1789557201339,0.237,0.2371,0.23704999999999998,0.00010000000000001674,0.00042194092827011284,3382,2085,82894,116691,0.6186208158039144,0.41533181351303955
B-STX_USDT,1789557203944,0.237,0.2371,0.23704999999999998,0.00010000000000001674,0.00042194092827011284,3829,1159,83341,80599,0.7676423416198878,0.5083628156642674
B-STX_USDT,1789557206597,0.237,0.2371,0.23704999999999998,0.00010000000000001674,0.00042194092827011284,3829,1159,83341,80599,0.7676423416198878,0.5083628156642674
B-STX_USDT,1789557208788,0.237,0.2371,0.23704999999999998,0.00010000000000001674,0.00042194092827011284,3802,1159,83314,80599,0.7663777464220923,0.5082818324354993
B-STX_USDT,1789557211248,0.237,0.2371,0.23704999999999998,0.00010000000000001674,0.00042194092827011284,3802,1159,83314,80599,0.7663777464220923,0.5082818324354993
B-STX_USDT,1789557214496,0.237,0.2371,0.23704999999999998,0.00010000000000001674,0.00042194092827011284,4060,1159,83314,80599,0.7779268059015138,0.5082818324354993
B-STX_USDT,1789557216946,0.237,0.2371,0.23704999999999998,0.00010000000000001674,0.00042194092827011284,4060,1159,83314,80599,0.7779268059015138,0.5082818324354993
B-STX_USDT,1789557219869,0.237,0.2371,0.23704999999999998,0.00010000000000001674,0.00042194092827011284,4060,1159,83314,80599,0.7779268059015138,0.5082818324354993
B-STX_USDT,1789557222581,0.237,0.2371,0.23704999999999998,0.00010000000000001674,0.00042194092827011284,4010,1159,83264,80599,0.77577868059586,0.5081317930222198
B-STX_USDT,1789557225072,0.237,0.2371,0.23704999999999998,0.00010000000000001674,0.00042194092827011284,4010,1159,83264,80599,0.77577868059586,0.5081317930222198
B-STX_USDT,1789557227475,0.237,0.2371,0.23704999999999998,0.00010000000000001674,0.00042194092827011284,4160,1520,83414,79183,0.7323943661971831,0.5130106951542771
B-STX_USDT,1789557229668,0.237,0.2371,0.23704999999999998,0.00010000000000001674,0.00042194092827011284,4160,1520,83414,78779,0.7323943661971831,0.5142885327973463
B-STX_USDT,1789557231869,0.237,0.2371,0.23704999999999998,0.00010000000000001674,0.00042194092827011284,4160,1585,83414,78844,0.7241079199303743,0.5140825105695868
B-STX_USDT,1789557234601,0.237,0.2371,0.23704999999999998,0.00010000000000001674,0.00042194092827011284,3789,1706,83043,79072,0.6895359417652411,0.512247478641705
B-STX_USDT,1789557236957,0.237,0.2371,0.23704999999999998,0.00010000000000001674,0.00042194092827011284,3789,1373,83043,78739,0.7340178225493995,0.5133018506385135
B-STX_USDT,1789557239176,0.237,0.2371,0.23704999999999998,0.00010000000000001674,0.00042194092827011284,3772,1373,83026,78739,0.7331389698736638,0.5132507031805397
B-STX_USDT,1789557241400,0.237,0.2371,0.23704999999999998,0.00010000000000001674,0.00042194092827011284,3772,1362,83026,78488,0.7347097779509154,0.5140483177928848
B-STX_USDT,1789557243579,0.237,0.2371,0.23704999999999998,0.00010000000000001674,0.00042194092827011284,3858,944,83112,78563,0.8034152436484798,0.5140683469924231
B-STX_USDT,1789557246230,0.237,0.2371,0.23704999999999998,0.00010000000000001674,0.00042194092827011284,3858,944,83112,78563,0.8034152436484798,0.5140683469924231
B-STX_USDT,1789557248446,0.237,0.2371,0.23704999999999998,0.00010000000000001674,0.00042194092827011284,3858,944,83112,78563,0.8034152436484798,0.5140683469924231
B-STX_USDT,1789557250628,0.2369,0.237,0.23695,0.00009999999999998899,0.00042211903756854787,2794,2655,99167,64421,0.5127546338777758,0.6061997212509475
B-STX_USDT,1789557253195,0.2369,0.237,0.23695,0.00009999999999998899,0.00042211903756854787,2878,2655,103115,64421,0.5201518163744804,0.615479658103333
B-STX_USDT,1789557255563,0.2369,0.237,0.23695,0.00009999999999998899,0.00042211903756854787,2878,2655,103115,64421,0.5201518163744804,0.615479658103333
B-STX_USDT,1789557257837,0.2369,0.237,0.23695,0.00009999999999998899,0.00042211903756854787,2902,2655,103139,64421,0.5222242217023574,0.615534733826689
B-STX_USDT,1789557260472,0.2369,0.237,0.23695,0.00009999999999998899,0.00042211903756854787,1898,2510,99096,62995,0.4305807622504537,0.6113602852718535
B-STX_USDT,1789557263079,0.2369,0.237,0.23695,0.00009999999999998899,0.00042211903756854787,822,3712,96185,80290,0.18129686810763124,0.5450347074656466
B-STX_USDT,1789557265511,0.2369,0.237,0.23695,0.00009999999999998899,0.00042211903756854787,822,3712,81074,66394,0.18129686810763124,0.5497735101852605
B-STX_USDT,1789557267682,0.2369,0.237,0.23695,0.00009999999999998899,0.00042211903756854787,734,3712,80986,66394,0.16509221772379667,0.5495046817750034
B-STX_USDT,1789557270039,0.2369,0.237,0.23695,0.00009999999999998899,0.00042211903756854787,1810,3745,88082,70892,0.3258325832583258,0.5540654446639073
B-STX_USDT,1789557272447,0.2369,0.237,0.23695,0.00009999999999998899,0.00042211903756854787,1810,3745,96906,79951,0.3258325832583258,0.5479342067319926
B-STX_USDT,1789557274694,0.2369,0.237,0.23695,0.00009999999999998899,0.00042211903756854787,1832,3745,96928,79952,0.3284920207997131,0.5479873360470375
B-STX_USDT,1789557277554,0.2369,0.237,0.23695,0.00009999999999998899,0.00042211903756854787,1832,3768,87644,79928,0.3271428571428571,0.5230229393932161
B-STX_USDT,1789557280699,0.2369,0.237,0.23695,0.00009999999999998899,0.00042211903756854787,1832,3705,87644,79865,0.33086508939859127,0.5232196478995158
B-STX_USDT,1789557283103,0.2369,0.237,0.23695,0.00009999999999998899,0.00042211903756854787,1832,3705,87644,79865,0.33086508939859127,0.5232196478995158
B-STX_USDT,1789557285272,0.2369,0.237,0.23695,0.00009999999999998899,0.00042211903756854787,2071,3705,87883,79865,0.35855263157894735,0.5238989436535756
B-STX_USDT,1789557287715,0.2369,0.237,0.23695,0.00009999999999998899,0.00042211903756854787,995,3705,86807,79865,0.21170212765957447,0.5208253335893251
B-STX_USDT,1789557289924,0.2369,0.237,0.23695,0.00009999999999998899,0.00042211903756854787,1921,3705,87733,79865,0.34145040881621047,0.5234728338046993
B-STX_USDT,1789557292207,0.2369,0.237,0.23695,0.00009999999999998899,0.00042211903756854787,1563,5880,71644,79809,0.20999596936719064,0.47304444283044905
B-STX_USDT,1789557294937,0.2369,0.237,0.23695,0.00009999999999998899,0.00042211903756854787,1716,3730,71955,78081,0.31509364671318396,0.47958489962409023
B-STX_USDT,1789557297222,0.2369,0.237,0.23695,0.00009999999999998899,0.00042211903756854787,1716,3730,71955,78081,0.31509364671318396,0.47958489962409023
B-STX_USDT,1789557299389,0.2369,0.237,0.23695,0.00009999999999998899,0.00042211903756854787,1716,3730,71955,78081,0.31509364671318396,0.47958489962409023
B-STX_USDT,1789557302433,0.2369,0.237,0.23695,0.00009999999999998899,0.00042211903756854787,1949,3970,72188,78321,0.32927859435715495,0.47962580310811975
B-STX_USDT,1789557304853,0.2369,0.237,0.23695,0.00009999999999998899,0.00042211903756854787,6025,2816,78140,77718,0.6814839950231875,0.5013537964044195
B-STX_USDT,1789557307388,0.2369,0.237,0.23695,0.00009999999999998899,0.00042211903756854787,6025,2816,78140,77718,0.6814839950231875,0.5013537964044195
B-STX_USDT,1789557310022,0.2369,0.237,0.23695,0.00009999999999998899,0.00042211903756854787,3856,3679,76200,78581,0.5117451891174519,0.492308487475853
B-STX_USDT,1789557312721,0.2369,0.237,0.23695,0.00009999999999998899,0.00042211903756854787,4074,3679,76334,78581,0.5254740100606217,0.4927476358002776
B-STX_USDT,1789557315131,0.2369,0.237,0.23695,0.00009999999999998899,0.00042211903756854787,4074,3653,76418,78555,0.5272421379578103,0.49310525059203864
B-STX_USDT,1789557317722,0.2368,0.2369,0.23685,0.00009999999999998899,0.00042229729729725075,8261,1781,106067,54872,0.8226448914558853,0.6590509447678934
B-STX_USDT,1789557319908,0.2368,0.2369,0.23685,0.00009999999999998899,0.00042229729729725075,4302,3961,95327,59052,0.5206341522449474,0.6174868343492315
B-STX_USDT,1789557322363,0.2368,0.2369,0.23685,0.00009999999999998899,0.00042229729729725075,1438,4031,89598,61657,0.26293655147193273,0.5923638887970646
B-STX_USDT,1789557324726,0.2368,0.2369,0.23685,0.00009999999999998899,0.00042229729729725075,2417,4031,90577,61657,0.37484491315136476,0.5949853514983512
B-STX_USDT,1789557327143,0.2368,0.2369,0.23685,0.00009999999999998899,0.00042229729729725075,4428,2707,92588,77885,0.6206026629292222,0.5431241310940735
B-STX_USDT,1789557329824,0.2368,0.2369,0.23685,0.00009999999999998899,0.00042229729729725075,3502,3953,91662,80451,0.4697518443997317,0.532568719387844
B-STX_USDT,1789557332557,0.2368,0.2369,0.23685,0.00009999999999998899,0.00042229729729725075,3470,3953,91630,79131,0.4674659841034622,0.536597935125702
B-STX_USDT,1789557335516,0.2368,0.2369,0.23685,0.00009999999999998899,0.00042229729729725075,3994,3931,92154,79109,0.50397476340694,0.5380847001395515
B-STX_USDT,1789557338718,0.2368,0.2369,0.23685,0.00009999999999998899,0.00042229729729725075,3576,1956,91736,77134,0.6464208242950108,0.543234440694025
B-STX_USDT,1789557341973,0.2368,0.2369,0.23685,0.00009999999999998899,0.00042229729729725075,3563,1806,92146,76984,0.6636245110821382,0.5448235085437237
B-STX_USDT,1789557345440,0.2368,0.2369,0.23685,0.00009999999999998899,0.00042229729729725075,5973,1871,94978,73142,0.7614737378888322,0.5649417083035927
B-STX_USDT,1789557348786,0.2369,0.237,0.23695,0.00009999999999998899,0.00042211903756854787,1341,2113,71807,76433,0.3882455124493341,0.48439692390717753
B-STX_USDT,1789557351938,0.2369,0.237,0.23695,0.00009999999999998899,0.00042211903756854787,1386,3402,71807,71656,0.2894736842105263,0.5005262680970006
B-STX_USDT,1789557354304,0.2369,0.237,0.23695,0.00009999999999998899,0.00042211903756854787,1583,2983,72438,82622,0.3466929478756023,0.4671610989294467
B-STX_USDT,1789557357065,0.2369,0.237,0.23695,0.00009999999999998899,0.00042211903756854787,1583,2662,72438,82301,0.3729093050647821,0.4681302063474625
B-STX_USDT,1789557359456,0.2369,0.237,0.23695,0.00009999999999998899,0.00042211903756854787,5465,1590,77887,68590,0.77462792345854,0.5317353577694792
B-STX_USDT,1789557363416,0.2369,0.237,0.23695,0.00009999999999998899,0.00042211903756854787,5465,1590,77887,68590,0.77462792345854,0.5317353577694792
B-STX_USDT,1789557366260,0.2369,0.237,0.23695,0.00009999999999998899,0.00042211903756854787,5488,1590,77910,68759,0.7753602712630686,0.5311960946075858
B-STX_USDT,1789557369254,0.2369,0.237,0.23695,0.00009999999999998899,0.00042211903756854787,5488,1590,77910,68759,0.7753602712630686,0.5311960946075858
B-STX_USDT,1789557371883,0.2369,0.237,0.23695,0.00009999999999998899,0.00042211903756854787,7471,70,79871,67239,0.990717411483888,0.542933859017062
B-STX_USDT,1789557374468,0.2369,0.237,0.23695,0.00009999999999998899,0.00042211903756854787,7286,664,79929,67833,0.9164779874213836,0.5409306858326227
B-STX_USDT,1789557377626,0.237,0.2371,0.23704999999999998,0.00010000000000001674,0.00042194092827011284,1520,7421,49633,104418,0.1700033553293815,0.32218550999344375
B-STX_USDT,1789557380684,0.237,0.2371,0.23704999999999998,0.00010000000000001674,0.00042194092827011284,1822,4766,51889,101763,0.27656344869459626,0.33770468331033765
B-STX_USDT,1789557383450,0.237,0.2371,0.23704999999999998,0.00010000000000001674,0.00042194092827011284,2018,924,75558,99066,0.6859279401767505,0.4326896646509071
B-STX_USDT,1789557385647,0.237,0.2371,0.23704999999999998,0.00010000000000001674,0.00042194092827011284,2018,924,77816,99066,0.6859279401767505,0.43993170588301805
B-STX_USDT,1789557387897,0.237,0.2371,0.23704999999999998,0.00010000000000001674,0.00042194092827011284,3238,714,78486,98856,0.819331983805668,0.44256859627161077
B-STX_USDT,1789557390101,0.2372,0.2373,0.23725000000000002,0.00010000000000001674,0.0004215851602024315,4204,877,90919,68023,0.8273961818539658,0.5720262737350732
B-STX_USDT,1789557392329,0.2372,0.2373,0.23725000000000002,0.00010000000000001674,0.0004215851602024315,2178,3085,87275,86537,0.41383241497244916,0.5021229834533865
B-STX_USDT,1789557394572,0.2372,0.2373,0.23725000000000002,0.00010000000000001674,0.0004215851602024315,2224,3085,87321,86982,0.418911282727444,0.5009724445362386
B-STX_USDT,1789557396802,0.2372,0.2373,0.23725000000000002,0.00010000000000001674,0.0004215851602024315,2224,3085,87321,86982,0.418911282727444,0.5009724445362386
B-STX_USDT,1789557399093,0.2372,0.2373,0.23725000000000002,0.00010000000000001674,0.0004215851602024315,2224,3085,87321,86982,0.418911282727444,0.5009724445362386
B-STX_USDT,1789557401323,0.2371,0.2372,0.23715,0.00009999999999998899,0.0004217629692112568,6352,2173,92902,59472,0.7451026392961877,0.6096971924344048
B-STX_USDT,1789557403627,0.2371,0.2372,0.23715,0.00009999999999998899,0.0004217629692112568,2611,3411,91259,62710,0.43357688475589506,0.5927102208886205
B-STX_USDT,1789557405824,0.2371,0.2372,0.23715,0.00009999999999998899,0.0004217629692112568,1838,4650,87661,70322,0.28329223181257707,0.5548761575612566
B-STX_USDT,1789557408067,0.2371,0.2372,0.23715,0.00009999999999998899,0.0004217629692112568,1838,4650,87661,70322,0.28329223181257707,0.5548761575612566
B-STX_USDT,1789557410360,0.2371,0.2372,0.23715,0.00009999999999998899,0.0004217629692112568,1838,4589,87811,70141,0.2859810175820756,0.5559347143435981
B-STX_USDT,1789557412632,0.2371,0.2372,0.23715,0.00009999999999998899,0.0004217629692112568,1838,4589,87811,70141,0.2859810175820756,0.5559347143435981
B-STX_USDT,1789557414891,0.2371,0.2372,0.23715,0.00009999999999998899,0.0004217629692112568,1908,4623,87881,69609,0.29214515388148826,0.5580100323830084
B-STX_USDT,1789557417124,0.2371,0.2372,0.23715,0.00009999999999998899,0.0004217629692112568,2218,4623,88213,69609,0.3242216050285046,0.5589398182762859
B-STX_USDT,1789557419379,0.2371,0.2372,0.23715,0.00009999999999998899,0.0004217629692112568,2218,4623,88213,69609,0.3242216050285046,0.5589398182762859
B-STX_USDT,1789557421899,0.2371,0.2372,0.23715,0.00009999999999998899,0.0004217629692112568,2218,4623,88235,69609,0.3242216050285046,0.5590012924152962
B-STX_USDT,1789557424208,0.2371,0.2372,0.23715,0.00009999999999998899,0.0004217629692112568,2218,4645,88669,69631,0.3231822818009617,0.5601326595072647
B-STX_USDT,1789557426476,0.2371,0.2372,0.23715,0.00009999999999998899,0.0004217629692112568,1292,4671,87743,69657,0.21666946168036225,0.5574523506988565
B-STX_USDT,1789557428781,0.237,0.2371,0.23704999999999998,0.00010000000000001674,0.00042194092827011284,8047,1067,92222,53817,0.8829273644941847,0.6314888488691377
B-STX_USDT,1789557431298,0.237,0.2371,0.23704999999999998,0.00010000000000001674,0.00042194092827011284,9367,1067,93119,53817,0.8977381636956105,0.6337384983938585
B-STX_USDT,1789557433539,0.237,0.2371,0.23704999999999998,0.00010000000000001674,0.00042194092827011284,9061,1067,93032,53817,0.8946484992101106,0.6335215084883111
B-STX_USDT,1789557436043,0.237,0.2371,0.23704999999999998,0.00010000000000001674,0.00042194092827011284,9061,1067,93032,53817,0.8946484992101106,0.6335215084883111
B-STX_USDT,1789557438312,0.237,0.2371,0.23704999999999998,0.00010000000000001674,0.00042194092827011284,12311,543,96282,51779,0.9577563404387739,0.6502860307575932
B-STX_USDT,1789557442601,0.2371,0.2372,0.23715,0.00009999999999998899,0.0004217629692112568,2512,2883,72492,74469,0.4656163113994439,0.49327372568232386
B-STX_USDT,1789557444838,0.2371,0.2372,0.23715,0.00009999999999998899,0.0004217629692112568,2558,2925,74609,75928,0.46653291993434254,0.4956190172515727
B-STX_USDT,1789557447376,0.2371,0.2372,0.23715,0.00009999999999998899,0.0004217629692112568,2249,4055,74300,77058,0.35675761421319796,0.49088915022661506
B-STX_USDT,1789557449593,0.2371,0.2372,0.23715,0.00009999999999998899,0.0004217629692112568,2249,4055,74300,77058,0.35675761421319796,0.49088915022661506
B-STX_USDT,1789557451820,0.2371,0.2372,0.23715,0.00009999999999998899,0.0004217629692112568,1582,4511,72617,82229,0.2596422123748564,0.4689627113390078
B-STX_USDT,1789557454017,0.2371,0.2372,0.23715,0.00009999999999998899,0.0004217629692112568,1842,4145,72668,81863,0.30766661099047937,0.4702486879655215
B-STX_USDT,1789557456226,0.2371,0.2372,0.23715,0.00009999999999998899,0.0004217629692112568,2694,4168,73407,81886,0.3925969105217138,0.4726999929166157
B-STX_USDT,1789557458395,0.2371,0.2372,0.23715,0.00009999999999998899,0.0004217629692112568,2694,4168,73407,81886,0.3925969105217138,0.4726999929166157
B-STX_USDT,1789557460588,0.2371,0.2372,0.23715,0.00009999999999998899,0.0004217629692112568,2942,4169,73655,81887,0.41372521445647586,0.4735376939990485
B-STX_USDT,1789557462828,0.2371,0.2372,0.23715,0.00009999999999998899,0.0004217629692112568,2942,4169,73655,81887,0.41372521445647586,0.4735376939990485
B-STX_USDT,1789557465047,0.237,0.2371,0.23704999999999998,0.00010000000000001674,0.00042194092827011284,7025,1097,91354,58782,0.8649347451366658,0.608474982682368
B-STX_USDT,1789557467240,0.237,0.2371,0.23704999999999998,0.00010000000000001674,0.00042194092827011284,7300,1097,91629,58782,0.8693581040847922,0.6091908171609789
B-STX_USDT,1789557469436,0.237,0.2371,0.23704999999999998,0.00010000000000001674,0.00042194092827011284,7306,1097,91635,59965,0.8694513864096156,0.6044525065963061
B-STX_USDT,1789557471641,0.237,0.2371,0.23704999999999998,0.00010000000000001674,0.00042194092827011284,7306,1097,91635,59965,0.8694513864096156,0.6044525065963061
B-STX_USDT,1789557473836,0.2371,0.2372,0.23715,0.00009999999999998899,0.0004217629692112568,1450,4169,69255,78270,0.25805303434774873,0.46944585663446875
B-STX_USDT,1789557476038,0.2371,0.2372,0.23715,0.00009999999999998899,0.0004217629692112568,1774,4188,72645,78289,0.2975511573297551,0.4813030861171108
B-STX_USDT,1789557478268,0.2371,0.2372,0.23715,0.00009999999999998899,0.0004217629692112568,1849,4188,72718,78289,0.30627795262547625,0.4815538352526704
B-STX_USDT,1789557480491,0.2371,0.2372,0.23715,0.00009999999999998899,0.0004217629692112568,1849,5146,72718,81047,0.26433166547533954,0.4729164634344617
B-STX_USDT,1789557482703,0.2371,0.2372,0.23715,0.00009999999999998899,0.0004217629692112568,2031,4038,72284,79939,0.3346515076618883,0.4748559678892152
B-STX_USDT,1789557484904,0.2371,0.2372,0.23715,0.00009999999999998899,0.0004217629692112568,2391,4038,73194,79939,0.3719085394307046,0.4779766608111903
B-STX_USDT,1789557487369,0.2371,0.2372,0.23715,0.00009999999999998899,0.0004217629692112568,2391,4038,73194,78139,0.3719085394307046,0.4836618582860315
B-STX_USDT,1789557489607,0.2371,0.2372,0.23715,0.00009999999999998899,0.0004217629692112568,2809,4038,73194,78139,0.4102526654009055,0.4836618582860315
B-STX_USDT,1789557491816,0.2371,0.2372,0.23715,0.00009999999999998899,0.0004217629692112568,3065,1274,74509,75375,0.7063839594376584,0.49711109925008673
B-STX_USDT,1789557494166,0.2371,0.2372,0.23715,0.00009999999999998899,0.0004217629692112568,3192,1274,74916,75375,0.7147335423197492,0.4984729624528415
B-STX_USDT,1789557496343,0.2371,0.2372,0.23715,0.00009999999999998899,0.0004217629692112568,6296,750,98665,74851,0.893556627873971,0.5686219138292722
B-STX_USDT,1789557498808,0.2372,0.2373,0.23725000000000002,0.00010000000000001674,0.0004215851602024315,5725,594,88024,90986,0.9059977844595664,0.49172671917769956
B-STX_USDT,1789557501033,0.2372,0.2373,0.23725000000000002,0.00010000000000001674,0.0004215851602024315,9880,70,91056,89890,0.992964824120603,0.5032219557215964
B-STX_USDT,1789557503550,0.2372,0.2373,0.23725000000000002,0.00010000000000001674,0.0004215851602024315,9871,70,90955,89832,0.9929584548838145,0.5031058649128533
B-STX_USDT,1789557505769,0.2372,0.2373,0.23725000000000002,0.00010000000000001674,0.0004215851602024315,9849,699,92745,90461,0.9337315130830489,0.5062334203028285
B-STX_USDT,1789557507954,0.2372,0.2373,0.23725000000000002,0.00010000000000001674,0.0004215851602024315,6577,699,89473,90611,0.9039307311709731,0.4968403633859754
B-STX_USDT,1789557510736,0.2372,0.2373,0.23725000000000002,0.00010000000000001674,0.0004215851602024315,6931,699,89635,90611,0.9083879423328964,0.497292589017232
B-STX_USDT,1789557514033,0.2372,0.2373,0.23725000000000002,0.00010000000000001674,0.0004215851602024315,5899,699,88378,90611,0.8940588056986966,0.4937621865030812
B-STX_USDT,1789557517025,0.2372,0.2373,0.23725000000000002,0.00010000000000001674,0.0004215851602024315,8379,699,90676,90461,0.9230006609385327,0.500593473448274
B-STX_USDT,1789557519441,0.2372,0.2373,0.23725000000000002,0.00010000000000001674,0.0004215851602024315,7022,699,89319,90611,0.9094676855329621,0.49640971488912355
B-STX_USDT,1789557522111,0.2372,0.2373,0.23725000000000002,0.00010000000000001674,0.0004215851602024315,7045,701,89342,90613,0.9095016782855667,0.49646856158484065
B-STX_USDT,1789557524942,0.2372,0.2373,0.23725000000000002,0.00010000000000001674,0.0004215851602024315,7000,701,89297,90613,0.9089728606674458,0.4963426157523206
B-STX_USDT,1789557527183,0.2372,0.2373,0.23725000000000002,0.00010000000000001674,0.0004215851602024315,7000,701,89297,90613,0.9089728606674458,0.4963426157523206
B-STX_USDT,1789557529418,0.2372,0.2373,0.23725000000000002,0.00010000000000001674,0.0004215851602024315,7000,129,89297,89891,0.9819048954972647,0.4983425229368038
B-STX_USDT,1789557531641,0.2372,0.2373,0.23725000000000002,0.00010000000000001674,0.0004215851602024315,7000,129,89297,89891,0.9819048954972647,0.4983425229368038
B-STX_USDT,1789557533824,0.2372,0.2373,0.23725000000000002,0.00010000000000001674,0.0004215851602024315,7000,129,89175,89891,0.9819048954972647,0.4980007371583662
B-STX_USDT,1789557536020,0.2372,0.2373,0.23725000000000002,0.00010000000000001674,0.0004215851602024315,7026,129,89201,89891,0.9819706498951782,0.49807361579523374
B-STX_USDT,1789557538266,0.2372,0.2373,0.23725000000000002,0.00010000000000001674,0.0004215851602024315,7026,149,89201,89911,0.9792334494773519,0.4980179999106704
B-STX_USDT,1789557540834,0.2373,0.2374,0.23735,0.00009999999999998899,0.0004214075010534723,2255,3600,65114,98981,0.3851409052092229,0.39680672781011
B-STX_USDT,1789557544344,0.2373,0.2374,0.23735,0.00009999999999998899,0.0004214075010534723,2092,3769,69136,98294,0.3569356765057157,0.41292480439586693
B-STX_USDT,1789557548488,0.2373,0.2374,0.23735,0.00009999999999998899,0.0004214075010534723,3846,1208,71248,87418,0.7609814008705975,0.4490439035458132
B-STX_USDT,1789557550746,0.2373,0.2374,0.23735,0.00009999999999998899,0.0004214075010534723,4253,282,74505,86492,0.9378169790518192,0.4627725982471723
B-STX_USDT,1789557553000,0.2373,0.2374,0.23735,0.00009999999999998899,0.0004214075010534723,5732,326,75645,87036,0.9461868603499505,0.46498976524609514
B-STX_USDT,1789557556216,0.2373,0.2374,0.23735,0.00009999999999998899,0.0004214075010534723,5754,378,75667,87088,0.9383561643835616,0.4649135203219563
B-STX_USDT,1789557560229,0.2373,0.2374,0.23735,0.00009999999999998899,0.0004214075010534723,7443,335,76515,83854,0.956929802005657,0.47711839569991704
B-STX_USDT,1789557563093,0.2373,0.2374,0.23735,0.00009999999999998899,0.0004214075010534723,7443,292,76572,85811,0.9622495151906917,0.47155182500631226
B-STX_USDT,1789557565841,0.2374,0.2375,0.23745,0.00009999999999998899,0.0004212299915753538,3953,2472,87796,83433,0.6152529182879377,0.5127402484392246
B-STX_USDT,1789557568202,0.2374,0.2375,0.23745,0.00009999999999998899,0.0004212299915753538,5873,792,89555,81753,0.8811702925731433,0.5227718495341723
B-STX_USDT,1789557570866,0.2374,0.2375,0.23745,0.00009999999999998899,0.0004212299915753538,6490,792,89568,81753,0.8912386706948641,0.522808062058942
B-STX_USDT,1789557573053,0.2374,0.2375,0.23745,0.00009999999999998899,0.0004212299915753538,6490,792,89568,81775,0.8912386706948641,0.5227409348499793
B-STX_USDT,1789557575775,0.2374,0.2375,0.23745,0.00009999999999998899,0.0004212299915753538,6542,815,89545,80533,0.8892211499252413,0.5264937264078834
B-STX_USDT,1789557578755,0.2374,0.2375,0.23745,0.00009999999999998899,0.0004212299915753538,6542,815,89475,80533,0.8892211499252413,0.5262987624111807
B-STX_USDT,1789557582080,0.2374,0.2375,0.23745,0.00009999999999998899,0.0004212299915753538,6306,815,88940,76958,0.8855497823339419,0.5361125510856068
B-STX_USDT,1789557585365,0.2374,0.2375,0.23745,0.00009999999999998899,0.0004212299915753538,6306,815,90729,76958,0.8855497823339419,0.5410616207577212
B-STX_USDT,1789557588276,0.2374,0.2375,0.23745,0.00009999999999998899,0.0004212299915753538,6306,856,90916,76999,0.8804803127617984,0.5414406098323556
B-STX_USDT,1789557590805,0.2374,0.2375,0.23745,0.00009999999999998899,0.0004212299915753538,6306,856,90690,76999,0.8804803127617984,0.5408225942071334
B-STX_USDT,1789557593690,0.2374,0.2375,0.23745,0.00009999999999998899,0.0004212299915753538,6306,856,90651,76999,0.8804803127617984,0.5407157769161944
B-STX_USDT,1789557597185,0.2374,0.2375,0.23745,0.00009999999999998899,0.0004212299915753538,4520,3060,84065,79203,0.5963060686015831,0.5148896293211161
B-STX_USDT,1789557600595,0.2374,0.2375,0.23745,0.00009999999999998899,0.0004212299915753538,7123,359,90203,75084,0.9520181769580326,0.5457355992909303
B-STX_USDT,1789557603625,0.2374,0.2375,0.23745,0.00009999999999998899,0.0004212299915753538,7114,335,89384,74868,0.9550275204725467,0.5441881986216301
B-STX_USDT,1789557606236,0.2374,0.2375,0.23745,0.00009999999999998899,0.0004212299915753538,7114,335,89384,75037,0.9550275204725467,0.543628855194896
B-STX_USDT,1789557608782,0.2374,0.2375,0.23745,0.00009999999999998899,0.0004212299915753538,7136,335,89406,75037,0.9551599518136795,0.5436899107897569
B-STX_USDT,1789557611166,0.2374,0.2375,0.23745,0.00009999999999998899,0.0004212299915753538,7136,354,89406,75056,0.9527369826435247,0.5436270992691321
B-STX_USDT,1789557613962,0.2374,0.2375,0.23745,0.00009999999999998899,0.0004212299915753538,7136,354,89406,75056,0.9527369826435247,0.5436270992691321
B-STX_USDT,1789557616246,0.2374,0.2375,0.23745,0.00009999999999998899,0.0004212299915753538,7136,298,89406,71629,0.9599139090664515,0.5551960753873382
B-STX_USDT,1789557618477,0.2374,0.2375,0.23745,0.00009999999999998899,0.0004212299915753538,7136,298,89713,71479,0.9599139090664515,0.5565598789021787
B-STX_USDT,1789557620710,0.2375,0.2376,0.23754999999999998,0.00010000000000001674,0.00042105263157901786,2368,5736,69896,84673,0.29220138203356366,0.45219934139445817
B-STX_USDT,1789557623140,0.2375,0.2376,0.23754999999999998,0.00010000000000001674,0.00042105263157901786,1081,7137,67930,86074,0.13154052080798248,0.44109243915742447
B-STX_USDT,1789557625435,0.2375,0.2376,0.23754999999999998,0.00010000000000001674,0.00042105263157901786,2440,7137,62385,86074,0.25477707006369427,0.4202170296176049
B-STX_USDT,1789557627747,0.2375,0.2376,0.23754999999999998,0.00010000000000001674,0.00042105263157901786,1740,7137,68329,86074,0.19601216627238932,0.4425367382758107
B-STX_USDT,1789557629985,0.2375,0.2376,0.23754999999999998,0.00010000000000001674,0.00042105263157901786,1775,7053,68364,85990,0.20106479383778886,0.4429039739818858
B-STX_USDT,1789557632193,0.2375,0.2376,0.23754999999999998,0.00010000000000001674,0.00042105263157901786,2271,7053,68860,81776,0.24356499356499356,0.4571284420722802
B-STX_USDT,1789557634444,0.2375,0.2376,0.23754999999999998,0.00010000000000001674,0.00042105263157901786,2785,7053,68943,81776,0.283085993088026,0.45742739800556004
B-STX_USDT,1789557636818,0.2375,0.2376,0.23754999999999998,0.00010000000000001674,0.00042105263157901786,2995,7053,68943,81776,0.29806926751592355,0.45742739800556004
B-STX_USDT,1789557639026,0.2375,0.2376,0.23754999999999998,0.00010000000000001674,0.00042105263157901786,2995,7053,68943,81776,0.29806926751592355,0.45742739800556004
B-STX_USDT,1789557641654,0.2375,0.2376,0.23754999999999998,0.00010000000000001674,0.00042105263157901786,2995,3641,68943,78364,0.4513261000602773,0.468022565119105
B-STX_USDT,1789557643846,0.2375,0.2376,0.23754999999999998,0.00010000000000001674,0.00042105263157901786,2995,3641,68943,78364,0.4513261000602773,0.468022565119105
B-STX_USDT,1789557646824,0.2375,0.2376,0.23754999999999998,0.00010000000000001674,0.00042105263157901786,2995,3641,68943,78364,0.4513261000602773,0.468022565119105
B-STX_USDT,1789557649013,0.2375,0.2376,0.23754999999999998,0.00010000000000001674,0.00042105263157901786,2995,3672,68943,78395,0.44922753862306886,0.4679240929020348
B-STX_USDT,1789557651200,0.2374,0.2375,0.23745,0.00009999999999998899,0.0004212299915753538,8403,48,88784,54328,0.9943201987930422,0.6203812398680754
B-STX_USDT,1789557654067,0.2375,0.2376,0.23754999999999998,0.00010000000000001674,0.00042105263157901786,2274,2657,68445,72874,0.4611640640843642,0.4843297787275596
B-STX_USDT,1789557656591,0.2375,0.2376,0.23754999999999998,0.00010000000000001674,0.00042105263157901786,2124,3748,68269,73965,0.361716621253406,0.47997665818299423
B-STX_USDT,1789557659168,0.2375,0.2376,0.23754999999999998,0.00010000000000001674,0.00042105263157901786,135,7746,60246,77963,0.01712980586220023,0.4359050423633772
B-STX_USDT,1789557661518,0.2374,0.2375,0.23745,0.00009999999999998899,0.0004212299915753538,9494,594,84879,51430,0.9411181601903251,0.6226954933276599
B-STX_USDT,1789557665146,0.2375,0.2376,0.23754999999999998,0.00010000000000001674,0.00042105263157901786,1545,5276,59942,76053,0.22650637736402288,0.4407662046398765
B-STX_USDT,1789557668034,0.2375,0.2376,0.23754999999999998,0.00010000000000001674,0.00042105263157901786,1522,5253,59919,76030,0.22464944649446494,0.44074616216375256
B-STX_USDT,1789557670277,0.2375,0.2376,0.23754999999999998,0.00010000000000001674,0.00042105263157901786,4145,1021,70463,68690,0.8023615950445219,0.5063706855044448
B-STX_USDT,1789557672872,0.2375,0.2376,0.23754999999999998,0.00010000000000001674,0.00042105263157901786,3843,1545,73753,68972,0.7132516703786191,0.516748992818357
B-STX_USDT,1789557675283,0.2375,0.2376,0.23754999999999998,0.00010000000000001674,0.00042105263157901786,2539,2883,67099,72845,0.4682773884175581,0.47947035957240036
B-STX_USDT,1789557677596,0.2375,0.2376,0.23754999999999998,0.00010000000000001674,0.00042105263157901786,2539,2828,67099,72790,0.47307620644680454,0.479658872391682
B-STX_USDT,1789557681123,0.2375,0.2376,0.23754999999999998,0.00010000000000001674,0.00042105263157901786,668,5600,62873,75804,0.10657306955966815,0.45337727236672265
B-STX_USDT,1789557683600,0.2375,0.2376,0.23754999999999998,0.00010000000000001674,0.00042105263157901786,619,5600,62790,75804,0.09953368708795626,0.4530499155807611
B-STX_USDT,1789557686060,0.2375,0.2376,0.23754999999999998,0.00010000000000001674,0.00042105263157901786,619,5600,62790,75804,0.09953368708795626,0.4530499155807611
B-STX_USDT,1789557688705,0.2374,0.2375,0.23745,0.00009999999999998899,0.0004212299915753538,9000,594,93586,48858,0.9380863039399625,0.657002049928393
B-STX_USDT,1789557691193,0.2374,0.2375,0.23745,0.00009999999999998899,0.0004212299915753538,9000,594,93586,48858,0.9380863039399625,0.657002049928393
B-STX_USDT,1789557693460,0.2374,0.2375,0.23745,0.00009999999999998899,0.0004212299915753538,8755,763,93581,50858,0.9198361000210128,0.6478928821163259
B-STX_USDT,1789557695942,0.2374,0.2375,0.23745,0.00009999999999998899,0.0004212299915753538,8556,799,93382,49773,0.914591127739177,0.6523139254654047
B-STX_USDT,1789557698616,0.2374,0.2375,0.23745,0.00009999999999998899,0.0004212299915753538,8556,799,93142,49773,0.914591127739177,0.6517300493300213
B-STX_USDT,1789557700854,0.2374,0.2375,0.23745,0.00009999999999998899,0.0004212299915753538,9593,729,94179,49703,0.9293741522960667,0.6545572065998526
B-STX_USDT,1789557703274,0.2374,0.2375,0.23745,0.00009999999999998899,0.0004212299915753538,9787,36,94373,48837,0.9963351318334521,0.6589833112212834
B-STX_USDT,1789557705494,0.2374,0.2375,0.23745,0.00009999999999998899,0.0004212299915753538,9787,36,94373,48837,0.9963351318334521,0.6589833112212834
B-STX_USDT,1789557707767,0.2375,0.2376,0.23754999999999998,0.00010000000000001674,0.00042105263157901786,1484,3918,80755,74122,0.27471306923361716,0.5214137670538557
B-STX_USDT,1789557710218,0.2375,0.2376,0.23754999999999998,0.00010000000000001674,0.00042105263157901786,1510,3918,80755,74122,0.27818717759764183,0.5214137670538557
B-STX_USDT,1789557712467,0.2375,0.2376,0.23754999999999998,0.00010000000000001674,0.00042105263157901786,1660,3768,80905,73972,0.3058216654384672,0.522382277549281
B-STX_USDT,1789557715071,0.2375,0.2376,0.23754999999999998,0.00010000000000001674,0.00042105263157901786,1725,3768,80970,73972,0.3140360458765702,0.5225826438280131
B-STX_USDT,1789557717640,0.2375,0.2376,0.23754999999999998,0.00010000000000001674,0.00042105263157901786,690,7919,79663,78842,0.08014868161226624,0.5025898236648686
B-STX_USDT,1789557719890,0.2375,0.2376,0.23754999999999998,0.00010000000000001674,0.00042105263157901786,1933,7919,82446,78292,0.19620381648396265,0.5129216488944742
B-STX_USDT,1789557722193,0.2375,0.2376,0.23754999999999998,0.00010000000000001674,0.00042105263157901786,1723,7919,82236,78292,0.1786973656917652,0.5122844612777833
B-STX_USDT,1789557725205,0.2373,0.2374,0.23735,0.00009999999999998899,0.0004214075010534723,2175,2643,77868,76003,0.45143212951432127,0.5060602712661905
B-STX_USDT,1789557728178,0.2372,0.2373,0.23725000000000002,0.00010000000000001674,0.0004215851602024315,2718,6685,84206,76246,0.28905668403700946,0.5248049260838132
B-STX_USDT,1789557730494,0.2372,0.2373,0.23725000000000002,0.00010000000000001674,0.0004215851602024315,2928,5115,84416,76850,0.3640432674375233,0.5234581374871331
B-STX_USDT,1789557733040,0.2372,0.2373,0.23725000000000002,0.00010000000000001674,0.0004215851602024315,2718,5115,84183,76579,0.3469934890846419,0.5236498675060026
B-STX_USDT,1789557735896,0.2372,0.2373,0.23725000000000002,0.00010000000000001674,0.0004215851602024315,2928,3802,85410,75266,0.4350668647845468,0.5315666309840922
B-STX_USDT,1789557738597,0.2372,0.2373,0.23725000000000002,0.00010000000000001674,0.0004215851602024315,4313,1146,87907,67026,0.790071441655981,0.5673871931738236
B-STX_USDT,1789557741419,0.2374,0.2375,0.23745,0.00009999999999998899,0.0004212299915753538,508,7220,61568,92987,0.06573498964803312,0.39835657209407654
B-STX_USDT,1789557743630,0.2374,0.2375,0.23745,0.00009999999999998899,0.0004212299915753538,508,7220,61568,92987,0.06573498964803312,0.39835657209407654
B-STX_USDT,1789557746710,0.2374,0.2375,0.23745,0.00009999999999998899,0.0004212299915753538,1032,7220,62092,92987,0.12506059137178865,0.4003894789107487
B-STX_USDT,1789557749052,0.2374,0.2375,0.23745,0.00009999999999998899,0.0004212299915753538,1056,7220,62116,92987,0.12759787336877718,0.40048226017549626
B-STX_USDT,1789557751503,0.2374,0.2375,0.23745,0.00009999999999998899,0.0004212299915753538,1056,7220,62116,92987,0.12759787336877718,0.40048226017549626
B-STX_USDT,1789557754462,0.2374,0.2375,0.23745,0.00009999999999998899,0.0004212299915753538,2012,6157,62994,91924,0.2462969763740972,0.40662802256677727
B-STX_USDT,1789557757102,0.2374,0.2375,0.23745,0.00009999999999998899,0.0004212299915753538,1444,4327,71365,73089,0.2502166002425923,0.49403270245199166
B-STX_USDT,1789557759519,0.2374,0.2375,0.23745,0.00009999999999998899,0.0004212299915753538,1444,4327,71531,73089,0.2502166002425923,0.4946134697828793
B-STX_USDT,1789557761931,0.2374,0.2375,0.23745,0.00009999999999998899,0.0004212299915753538,2370,2778,72457,71562,0.4603729603729604,0.503107228907297
B-STX_USDT,1789557764288,0.2374,0.2375,0.23745,0.00009999999999998899,0.0004212299915753538,2370,2747,72457,71531,0.4631620089896424,0.5032155457399228
B-STX_USDT,1789557766938,0.2374,0.2375,0.23745,0.00009999999999998899,0.0004212299915753538,2520,2597,72607,71381,0.49247606019151846,0.5042572992193793
B-STX_USDT,1789557770672,0.2374,0.2375,0.23745,0.00009999999999998899,0.0004212299915753538,2490,2597,72577,71381,0.48948299587183014,0.5041539893580071
B-STX_USDT,1789557773146,0.2374,0.2375,0.23745,0.00009999999999998899,0.0004212299915753538,1414,2625,71501,71348,0.35008665511265163,0.5005355305252399
B-STX_USDT,1789557775498,0.2374,0.2375,0.23745,0.00009999999999998899,0.0004212299915753538,1564,2625,71651,71348,0.37335879684888995,0.5010594479681676
B-STX_USDT,1789557778336,0.2374,0.2375,0.23745,0.00009999999999998899,0.0004212299915753538,1414,5695,71501,71789,0.19890279926853285,0.49899504501360875
B-STX_USDT,1789557780668,0.2374,0.2375,0.23745,0.00009999999999998899,0.0004212299915753538,1414,5695,71501,69830,0.19890279926853285,0.5059116542018383
B-STX_USDT,1789557782893,0.2374,0.2375,0.23745,0.00009999999999998899,0.0004212299915753538,1414,5695,71501,69611,0.19890279926853285,0.5066968082090821
B-STX_USDT,1789557785290,0.2374,0.2375,0.23745,0.00009999999999998899,0.0004212299915753538,1414,5695,71501,69780,0.19890279926853285,0.5060906986785201
B-STX_USDT,1789557787513,0.2374,0.2375,0.23745,0.00009999999999998899,0.0004212299915753538,1414,5695,71523,69780,0.19890279926853285,0.506167597290928
B-STX_USDT,1789557789829,0.2374,0.2375,0.23745,0.00009999999999998899,0.0004212299915753538,1414,5695,71523,69780,0.19890279926853285,0.506167597290928
B-STX_USDT,1789557792053,0.2374,0.2375,0.23745,0.00009999999999998899,0.0004212299915753538,337,9016,70446,88187,0.03603121992943441,0.4440816223610472
B-STX_USDT,1789557794484,0.2374,0.2375,0.23745,0.00009999999999998899,0.0004212299915753538,337,9016,70674,88187,0.03603121992943441,0.44487948583982223
B-STX_USDT,1789557796900,0.2374,0.2375,0.23745,0.00009999999999998899,0.0004212299915753538,362,8454,70699,87625,0.04106170598911071,0.4465463227306031
B-STX_USDT,1789557799107,0.2374,0.2375,0.23745,0.00009999999999998899,0.0004212299915753538,362,9585,70699,88756,0.03639288227606313,0.44337900975196765
B-STX_USDT,1789557801318,0.2373,0.2374,0.23735,0.00009999999999998899,0.0004214075010534723,2816,3263,94714,67861,0.4632340845533805,0.5825864985391358
B-STX_USDT,1789557804426,0.2373,0.2374,0.23735,0.00009999999999998899,0.0004214075010534723,2729,3263,94819,67861,0.45544058744993327,0.5828559134497172
B-STX_USDT,1789557807028,0.2373,0.2374,0.23735,0.00009999999999998899,0.0004214075010534723,2729,3263,94819,67861,0.45544058744993327,0.5828559134497172
B-STX_USDT,1789557809250,0.2373,0.2374,0.23735,0.00009999999999998899,0.0004214075010534723,2687,3263,94777,67861,0.4515966386554622,0.5827481892300692
B-STX_USDT,1789557811606,0.2373,0.2374,0.23735,0.00009999999999998899,0.0004214075010534723,2687,2184,94777,66782,0.5516321083966331,0.5866401747968234
B-STX_USDT,1789557814047,0.2373,0.2374,0.23735,0.00009999999999998899,0.0004214075010534723,2634,2184,94532,66782,0.5466998754669987,0.5860123733835872
B-STX_USDT,1789557816334,0.2373,0.2374,0.23735,0.00009999999999998899,0.0004214075010534723,2634,2184,94532,66782,0.5466998754669987,0.5860123733835872
B-STX_USDT,1789557818561,0.2374,0.2375,0.23745,0.00009999999999998899,0.0004212299915753538,2008,6988,92036,126891,0.22321031569586483,0.4203958397091268
B-STX_USDT,1789557821282,0.2374,0.2375,0.23745,0.00009999999999998899,0.0004212299915753538,2412,5617,92234,127520,0.30041101008842946,0.4197147719722963
B-STX_USDT,1789557824101,0.2374,0.2375,0.23745,0.00009999999999998899,0.0004212299915753538,364,8922,89894,130825,0.03919879388326513,0.4072780322491494
B-STX_USDT,1789557827015,0.2373,0.2374,0.23735,0.00009999999999998899,0.0004214075010534723,18570,3006,113025,95365,0.860678531701891,0.5423724746868852
B-STX_USDT,1789557829480,0.2373,0.2374,0.23735,0.00009999999999998899,0.0004214075010534723,18230,3006,112725,95365,0.8584479186287436,0.5417127204574943
B-STX_USDT,1789557831736,0.2373,0.2374,0.23735,0.00009999999999998899,0.0004214075010534723,19720,1868,114305,94077,0.9134704465443765,0.5485358620226315
B-STX_USDT,1789557834176,0.2374,0.2375,0.23745,0.00009999999999998899,0.0004212299915753538,2006,10033,84527,136772,0.1666251349779882,0.38195834594824196
B-STX_USDT,1789557836408,0.2374,0.2375,0.23745,0.00009999999999998899,0.0004212299915753538,4691,3704,87212,130443,0.5587849910661108,0.4006891640440146
B-STX_USDT,1789557838649,0.2374,0.2375,0.23745,0.00009999999999998899,0.0004212299915753538,3594,7689,86115,134428,0.3185323052379686,0.3904680719859619
B-STX_USDT,1789557840871,0.2374,0.2375,0.23745,0.00009999999999998899,0.0004212299915753538,3594,7689,86115,138634,0.3185323052379686,0.3831607704594904
B-STX_USDT,1789557843093,0.2373,0.2374,0.23735,0.00009999999999998899,0.0004214075010534723,18634,5384,110777,106820,0.7758347905737364,0.5090924966796417
B-STX_USDT,1789557845327,0.2373,0.2374,0.23735,0.00009999999999998899,0.0004214075010534723,18634,5594,108777,107030,0.7691101205217105,0.5040475980853263
B-STX_USDT,1789557847537,0.2373,0.2374,0.23735,0.00009999999999998899,0.0004214075010534723,1511,5384,87303,110534,0.21914430746918057,0.4412875245783145
B-STX_USDT,1789557849719,0.2373,0.2374,0.23735,0.00009999999999998899,0.0004214075010534723,585,8432,86377,114616,0.06487745369856937,0.42975128487061737
B-STX_USDT,1789557851959,0.2373,0.2374,0.23735,0.00009999999999998899,0.0004214075010534723,445,8432,86237,118831,0.05012954827081221,0.42052880020285954
B-STX_USDT,1789557854170,0.2373,0.2374,0.23735,0.00009999999999998899,0.0004214075010534723,8873,7941,94472,114125,0.5277149994052576,0.4528924193540655
B-STX_USDT,1789557856408,0.2373,0.2374,0.23735,0.00009999999999998899,0.0004214075010534723,8895,7941,94494,114125,0.5283321454027085,0.4529501148025827
B-STX_USDT,1789557858605,0.2373,0.2374,0.23735,0.00009999999999998899,0.0004214075010534723,8922,7931,94602,118330,0.5294012935382425,0.4442826817951271
B-STX_USDT,1789557860818,0.2373,0.2374,0.23735,0.00009999999999998899,0.0004214075010534723,8944,7931,94624,118330,0.5300148148148148,0.44434009222649024
B-STX_USDT,1789557863002,0.2373,0.2374,0.23735,0.00009999999999998899,0.0004214075010534723,8944,7931,94624,118330,0.5300148148148148,0.44434009222649024
B-STX_USDT,1789557865190,0.2373,0.2374,0.23735,0.00009999999999998899,0.0004214075010534723,9007,7931,94687,117160,0.5317628999881923,0.4469593621811968
B-STX_USDT,1789557867402,0.2373,0.2374,0.23735,0.00009999999999998899,0.0004214075010534723,9007,7931,94687,117160,0.5317628999881923,0.4469593621811968
B-STX_USDT,1789557869580,0.2373,0.2374,0.23735,0.00009999999999998899,0.0004214075010534723,9007,6747,94687,117067,0.5717278151580552,0.44715566175845556
B-STX_USDT,1789557871797,0.2373,0.2374,0.23735,0.00009999999999998899,0.0004214075010534723,9007,6747,94687,117067,0.5717278151580552,0.44715566175845556
B-STX_USDT,1789557874021,0.2373,0.2374,0.23735,0.00009999999999998899,0.0004214075010534723,9029,6747,94709,117067,0.5723250507099391,0.4472130930794802
B-STX_USDT,1789557876237,0.2373,0.2374,0.23735,0.00009999999999998899,0.0004214075010534723,9029,6747,94709,117067,0.5723250507099391,0.4472130930794802
B-STX_USDT,1789557878463,0.2373,0.2374,0.23735,0.00009999999999998899,0.0004214075010534723,9145,6747,94825,117067,0.5754467656682608,0.44751571555320635
B-STX_USDT,1789557880640,0.2373,0.2374,0.23735,0.00009999999999998899,0.0004214075010534723,10229,1042,101259,111362,0.9075503504569249,0.47624176351348174
B-STX_USDT,1789557882845,0.2373,0.2374,0.23735,0.00009999999999998899,0.0004214075010534723,13288,46,104497,105060,0.9965501724913755,0.49865669006523283
B-STX_USDT,1789557885025,0.2374,0.2375,0.23745,0.00009999999999998899,0.0004212299915753538,1774,11874,70684,149895,0.12998241500586166,0.3204475494040684
B-STX_USDT,1789557887203,0.2374,0.2375,0.23745,0.00009999999999998899,0.0004212299915753538,1724,13278,72084,151321,0.11491801093187574,0.3226606387502518
B-STX_USDT,1789557889409,0.2374,0.2375,0.23745,0.00009999999999998899,0.0004212299915753538,885,13278,66160,151343,0.06248676127938996,0.30417971246373615
B-STX_USDT,1789557891625,0.2374,0.2375,0.23745,0.00009999999999998899,0.0004212299915753538,885,13278,66160,151343,0.06248676127938996,0.30417971246373615
B-STX_USDT,1789557893810,0.2374,0.2375,0.23745,0.00009999999999998899,0.0004212299915753538,1084,13278,66359,151343,0.07547695307060298,0.3048157573196388
B-STX_USDT,1789557896500,0.2374,0.2375,0.23745,0.00009999999999998899,0.0004212299915753538,1084,13278,70574,151343,0.07547695307060298,0.31801980019556864
B-STX_USDT,1789557898688,0.2374,0.2375,0.23745,0.00009999999999998899,0.0004212299915753538,1084,17628,68826,155693,0.0579307396323215,0.3065486662598711
B-STX_USDT,1789557900942,0.2373,0.2374,0.23735,0.00009999999999998899,0.0004214075010534723,9491,7553,99273,114349,0.5568528514433232,0.46471337221821724
B-STX_USDT,1789557903152,0.2373,0.2374,0.23735,0.00009999999999998899,0.0004214075010534723,9615,4271,99397,112387,0.692424024197033,0.46933196086578777
B-STX_USDT,1789557905381,0.2373,0.2374,0.23735,0.00009999999999998899,0.0004214075010534723,9347,4512,99281,112247,0.6744353849484089,0.4693515752051738
B-STX_USDT,1789557907702,0.2373,0.2374,0.23735,0.00009999999999998899,0.0004214075010534723,9370,4512,99304,112163,0.6749747874945973,0.4695957288844122
B-STX_USDT,1789557909942,0.2373,0.2374,0.23735,0.00009999999999998899,0.0004214075010534723,9370,4014,99304,111665,0.7000896592946803,0.4707042266873332
B-STX_USDT,1789557912416,0.2374,0.2375,0.23745,0.00009999999999998899,0.0004212299915753538,2175,10220,71735,148422,0.1754739814441307,0.32583565364717
B-STX_USDT,1789557914695,0.2374,0.2375,0.23745,0.00009999999999998899,0.0004212299915753538,2175,10220,73735,148422,0.1754739814441307,0.33190491409228606
B-STX_USDT,1789557916980,0.2374,0.2375,0.23745,0.00009999999999998899,0.0004212299915753538,3166,10528,74844,148730,0.23119614429677232,0.3347616449139882
B-STX_USDT,1789557919295,0.2374,0.2375,0.23745,0.00009999999999998899,0.0004212299915753538,3229,10528,74755,148730,0.23471687141091807,0.3344967223751035
B-STX_USDT,1789557921507,0.2374,0.2375,0.23745,0.00009999999999998899,0.0004212299915753538,5746,9470,83248,145522,0.37762881177707674,0.3638938672028675
B-STX_USDT,1789557923729,0.2374,0.2375,0.23745,0.00009999999999998899,0.0004212299915753538,4727,10789,82229,146841,0.30465326114978086,0.358968874143275
B-STX_USDT,1789557926243,0.2374,0.2375,0.23745,0.00009999999999998899,0.0004212299915753538,4727,9470,82229,145522,0.3329576671127703,0.36104781098655986
B-STX_USDT,1789557928472,0.2374,0.2375,0.23745,0.00009999999999998899,0.0004212299915753538,4727,9412,82229,141249,0.33432350236933306,0.3679512077251452
B-STX_USDT,1789557930667,0.2374,0.2375,0.23745,0.00009999999999998899,0.0004212299915753538,4727,9412,82229,145464,0.33432350236933306,0.3611397803182355
B-STX_USDT,1789557932914,0.2374,0.2375,0.23745,0.00009999999999998899,0.0004212299915753538,3168,10532,80747,146734,0.23124087591240877,0.3549615132692401
B-STX_USDT,1789557935135,0.2374,0.2375,0.23745,0.00009999999999998899,0.0004212299915753538,3168,10532,80747,146734,0.23124087591240877,0.3549615132692401
B-STX_USDT,1789557937314,0.2374,0.2375,0.23745,0.00009999999999998899,0.0004212299915753538,3168,10563,80747,146764,0.23071881144854708,0.3549147074207401
B-STX_USDT,1789557939499,0.2374,0.2375,0.23745,0.00009999999999998899,0.0004212299915753538,3168,10590,80747,146791,0.23026602703881377,0.35487259270978916
B-STX_USDT,1789557941737,0.2374,0.2375,0.23745,0.00009999999999998899,0.0004212299915753538,1260,11045,78839,147246,0.10239739943112555,0.3487139792555897
B-STX_USDT,1789557943936,0.2374,0.2375,0.23745,0.00009999999999998899,0.0004212299915753538,2831,11045,80410,147246,0.2040213317959066,0.35320834943950524
B-STX_USDT,1789557946175,0.2374,0.2375,0.23745,0.00009999999999998899,0.0004212299915753538,4359,9393,81938,145594,0.3169720767888307,0.3601163792345692
B-STX_USDT,1789557948398,0.2374,0.2375,0.23745,0.00009999999999998899,0.0004212299915753538,4359,9431,81915,145632,0.31609862218999274,0.35999156218275785
B-STX_USDT,1789557950598,0.2374,0.2375,0.23745,0.00009999999999998899,0.0004212299915753538,4399,9474,82071,145675,0.3170907518200822,0.36036198220824955
B-STX_USDT,1789557952807,0.2374,0.2375,0.23745,0.00009999999999998899,0.0004212299915753538,4399,9474,85601,145675,0.3170907518200822,0.37012487244677356
B-STX_USDT,1789557955032,0.2374,0.2375,0.23745,0.00009999999999998899,0.0004212299915753538,2411,12044,79902,148245,0.1667934970598409,0.3502215676734737
B-STX_USDT,1789557957584,0.2374,0.2375,0.23745,0.00009999999999998899,0.0004212299915753538,2478,15091,78826,151292,0.14104388411406454,0.34254599814008463
B-STX_USDT,1789557959984,0.2374,0.2375,0.23745,0.00009999999999998899,0.0004212299915753538,1552,15077,88037,151278,0.09333092789704733,0.3678707979023463
B-STX_USDT,1789557962289,0.2373,0.2374,0.23735,0.00009999999999998899,0.0004214075010534723,11538,2583,130171,106123,0.8170809432759719,0.5508857609588056
B-STX_USDT,1789557965072,0.2373,0.2374,0.23735,0.00009999999999998899,0.0004214075010534723,12888,634,136473,103847,0.9531134447566928,0.567880326231691
B-STX_USDT,1789557967335,0.2373,0.2374,0.23735,0.00009999999999998899,0.0004214075010534723,12888,1158,136473,104521,0.9175565997436993,0.5662921068574321
B-STX_USDT,1789557969704,0.2373,0.2374,0.23735,0.00009999999999998899,0.0004214075010534723,12793,1104,136378,104467,0.9205583938979636,0.5662480018269012
B-STX_USDT,1789557972564,0.2373,0.2374,0.23735,0.00009999999999998899,0.0004214075010534723,12793,1104,136378,100102,0.9205583938979636,0.5766999323410014
B-STX_USDT,1789557974758,0.2373,0.2374,0.23735,0.00009999999999998899,0.0004214075010534723,12410,1301,133647,99839,0.905112683247028,0.5723983450827886
B-STX_USDT,1789557976989,0.2374,0.2375,0.23745,0.00009999999999998899,0.0004212299915753538,996,14974,75948,151006,0.062366938008766436,0.33464049983697136
B-STX_USDT,1789557979218,0.2373,0.2374,0.23735,0.00009999999999998899,0.0004214075010534723,12821,594,134011,103496,0.955721207603429,0.5642402118674397
B-STX_USDT,1789557981438,0.2373,0.2374,0.23735,0.00009999999999998899,0.0004214075010534723,12821,594,134011,103529,0.955721207603429,0.5641618253767786
B-STX_USDT,1789557983684,0.2373,0.2375,0.2374,0.00019999999999997797,0.0008428150021069446,12438,15542,133718,151574,0.44453180843459617,0.46870574709420526
B-STX_USDT,1789557985878,0.2373,0.2374,0.23735,0.00009999999999998899,0.0004214075010534723,12438,1520,133718,104601,0.8911018770597506,0.5610882892257856
B-STX_USDT,1789557988040,0.2373,0.2374,0.23735,0.00009999999999998899,0.0004214075010534723,11218,1520,132498,104601,0.8806720050243366,0.5588298558829856
B-STX_USDT,1789557990244,0.2373,0.2374,0.23735,0.00009999999999998899,0.0004214075010534723,11171,1520,132379,104601,0.880230084311717,0.5586083213773314
B-STX_USDT,1789557992445,0.2373,0.2374,0.23735,0.00009999999999998899,0.0004214075010534723,11171,1520,132379,104601,0.880230084311717,0.5586083213773314
B-STX_USDT,1789557994650,0.2374,0.2375,0.23745,0.00009999999999998899,0.0004212299915753538,1644,1448,72797,137330,0.5316946959896507,0.3464428655051469
B-STX_USDT,1789557996853,0.2376,0.2377,0.23765,0.00009999999999998899,0.0004208754208753745,4567,1207,89107,90712,0.7909594735019051,0.49553717905226924
B-STX_USDT,1789557999026,0.2376,0.2377,0.23765,0.00009999999999998899,0.0004208754208753745,4567,1207,89201,90712,0.7909594735019051,0.49580074813937847
B-STX_USDT,1789558001211,0.2376,0.2377,0.23765,0.00009999999999998899,0.0004208754208753745,4567,1207,89612,90688,0.7909594735019051,0.4970160843039379
B-STX_USDT,1789558003446,0.2376,0.2377,0.23765,0.00009999999999998899,0.0004208754208753745,4545,1207,89496,86473,0.7901599443671766,0.5085895811194017
B-STX_USDT,1789558005661,0.2376,0.2377,0.23765,0.00009999999999998899,0.0004208754208753745,5243,1207,90194,86163,0.8128682170542636,0.5114285228258589
B-STX_USDT,1789558007910,0.2376,0.2377,0.23765,0.00009999999999998899,0.0004208754208753745,6399,536,93494,74043,0.9227108868060563,0.558049863612217
B-STX_USDT,1789558010103,0.2376,0.2377,0.23765,0.00009999999999998899,0.0004208754208753745,6399,536,97208,74043,0.9227108868060563,0.5676346415495384
B-STX_USDT,1789558012418,0.2376,0.2377,0.23765,0.00009999999999998899,0.0004208754208753745,6399,536,97208,74065,0.9227108868060563,0.5675617289356758
B-STX_USDT,1789558014636,0.2376,0.2377,0.23765,0.00009999999999998899,0.0004208754208753745,6399,536,97208,74065,0.9227108868060563,0.5675617289356758
B-STX_USDT,1789558016892,0.2377,0.2378,0.23775000000000002,0.00010000000000001674,0.00042069835927646926,3958,691,101948,100940,0.8513658851365885,0.5024841291747171
B-STX_USDT,1789558019103,0.2377,0.2378,0.23775000000000002,0.00010000000000001674,0.00042069835927646926,3980,3738,102123,103987,0.5156776366934439,0.49547814273931395
B-STX_USDT,1789558021293,0.2377,0.2378,0.23775000000000002,0.00010000000000001674,0.00042069835927646926,3980,3738,102123,104330,0.5156776366934439,0.49465495778700236
B-STX_USDT,1789558023493,0.2377,0.2378,0.23775000000000002,0.00010000000000001674,0.00042069835927646926,4024,3764,102047,104323,0.5166923472008218,0.49448563260163786
B-STX_USDT,1789558025708,0.2377,0.2378,0.23775000000000002,0.00010000000000001674,0.00042069835927646926,4024,3764,102047,104323,0.5166923472008218,0.49448563260163786
B-STX_USDT,1789558027974,0.2377,0.2378,0.23775000000000002,0.00010000000000001674,0.00042069835927646926,2832,5165,99723,108055,0.35413279979992496,0.47994975406443413
B-STX_USDT,1789558030182,0.2377,0.2378,0.23775000000000002,0.00010000000000001674,0.00042069835927646926,2807,5165,99698,108055,0.35210737581535373,0.47988717371108963
B-STX_USDT,1789558032396,0.2377,0.2378,0.23775000000000002,0.00010000000000001674,0.00042069835927646926,2807,5165,99698,108055,0.35210737581535373,0.47988717371108963
B-STX_USDT,1789558034577,0.2377,0.2378,0.23775000000000002,0.00010000000000001674,0.00042069835927646926,4228,3765,101119,105392,0.5289628424871763,0.48965430412907784
B-STX_USDT,1789558036973,0.2377,0.2378,0.23775000000000002,0.00010000000000001674,0.00042069835927646926,4279,3713,101369,105340,0.5354104104104104,0.49039470947080194
B-STX_USDT,1789558039198,0.2377,0.2378,0.23775000000000002,0.00010000000000001674,0.00042069835927646926,4302,3687,101392,105314,0.5384904243334585,0.4905130958946523
B-STX_USDT,1789558041424,0.2377,0.2378,0.23775000000000002,0.00010000000000001674,0.00042069835927646926,4302,3687,101392,105314,0.5384904243334585,0.4905130958946523
B-STX_USDT,1789558043612,0.2377,0.2378,0.23775000000000002,0.00010000000000001674,0.00042069835927646926,6062,2636,103007,103990,0.6969418257070591,0.49762556945269737
B-STX_USDT,1789558045868,0.2377,0.2378,0.23775000000000002,0.00010000000000001674,0.00042069835927646926,6062,2636,103007,103990,0.6969418257070591,0.49762556945269737
B-STX_USDT,1789558048189,0.2377,0.2378,0.23775000000000002,0.00010000000000001674,0.00042069835927646926,6062,2820,104741,104174,0.6825039405539293,0.5013570112246607
B-STX_USDT,1789558050403,0.2377,0.2378,0.23775000000000002,0.00010000000000001674,0.00042069835927646926,6288,2868,104967,104226,0.6867627785058977,0.5017710917669329
B-STX_USDT,1789558052670,0.2377,0.2378,0.23775000000000002,0.00010000000000001674,0.00042069835927646926,6288,2868,104967,104226,0.6867627785058977,0.5017710917669329
B-STX_USDT,1789558055071,0.2377,0.2378,0.23775000000000002,0.00010000000000001674,0.00042069835927646926,5057,2868,103831,104226,0.6381072555205047,0.4990507409027334
B-STX_USDT,1789558057280,0.2377,0.2378,0.23775000000000002,0.00010000000000001674,0.00042069835927646926,5057,2891,103831,104249,0.6362606945143432,0.49899557862360633
B-STX_USDT,1789558059900,0.2377,0.2378,0.23775000000000002,0.00010000000000001674,0.00042069835927646926,5057,2891,103831,104249,0.6362606945143432,0.49899557862360633
B-STX_USDT,1789558062330,0.2377,0.2378,0.23775000000000002,0.00010000000000001674,0.00042069835927646926,4969,3415,103743,104773,0.5926765267175572,0.497530165550845
B-STX_USDT,1789558064797,0.2377,0.2378,0.23775000000000002,0.00010000000000001674,0.00042069835927646926,4928,2890,103702,104247,0.6303402404707086,0.49868958254187323
B-STX_USDT,1789558066996,0.2377,0.2378,0.23775000000000002,0.00010000000000001674,0.00042069835927646926,4928,2804,103702,104161,0.6373512674599069,0.49889590740054746
B-STX_USDT,1789558069602,0.2377,0.2378,0.23775000000000002,0.00010000000000001674,0.00042069835927646926,4766,3328,103472,104685,0.5888312330121077,0.4970863338729901
B-STX_USDT,1789558071864,0.2377,0.2378,0.23775000000000002,0.00010000000000001674,0.00042069835927646926,4678,2849,103384,104206,0.6214959479208184,0.49802013584469385
B-STX_USDT,1789558074076,0.2377,0.2378,0.23775000000000002,0.00010000000000001674,0.00042069835927646926,4678,2849,103384,104206,0.6214959479208184,0.49802013584469385
B-STX_USDT,1789558076702,0.2377,0.2378,0.23775000000000002,0.00010000000000001674,0.00042069835927646926,4704,2849,103410,104206,0.6227988878591288,0.49808299938347717
B-STX_USDT,1789558078988,0.2377,0.2378,0.23775000000000002,0.00010000000000001674,0.00042069835927646926,7964,594,107677,90920,0.9305912596401028,0.5421884519907149
B-STX_USDT,1789558081224,0.2377,0.2378,0.23775000000000002,0.00010000000000001674,0.00042069835927646926,4520,5297,101735,95211,0.4604257919934807,0.5165629157230917
B-STX_USDT,1789558083454,0.2378,0.2379,0.23785,0.00009999999999998899,0.00042052144659372997,984,12385,78381,117098,0.07360311167626599,0.40096890203039715
B-STX_USDT,1789558085816,0.2377,0.2378,0.23775000000000002,0.00010000000000001674,0.00042069835927646926,4766,6067,102020,96026,0.43995199852303146,0.5151328479242197
B-STX_USDT,1789558088467,0.2377,0.2378,0.23775000000000002,0.00010000000000001674,0.00042069835927646926,4257,6067,102450,96026,0.412340178225494,0.5161833168745843
B-STX_USDT,1789558090654,0.2377,0.2378,0.23775000000000002,0.00010000000000001674,0.00042069835927646926,4257,6067,102450,96026,0.412340178225494,0.5161833168745843
B-STX_USDT,1789558092981,0.2377,0.2378,0.23775000000000002,0.00010000000000001674,0.00042069835927646926,4257,6067,102450,96026,0.412340178225494,0.5161833168745843
B-STX_USDT,1789558095201,0.2377,0.2378,0.23775000000000002,0.00010000000000001674,0.00042069835927646926,4005,6090,102198,96049,0.3967310549777117,0.5155084314012318
B-STX_USDT,1789558097900,0.2377,0.2378,0.23775000000000002,0.00010000000000001674,0.00042069835927646926,4231,6090,102424,96027,0.40994089719988375,0.5161173287108657
B-STX_USDT,1789558100113,0.2376,0.2377,0.23765,0.00009999999999998899,0.0004208754208753745,6620,594,105059,71258,0.917660105350707,0.5958529239948502
B-STX_USDT,1789558102292,0.2376,0.2377,0.23765,0.00009999999999998899,0.0004208754208753745,6327,1520,104980,72184,0.8062953995157385,0.59255830755684
B-STX_USDT,1789558104513,0.2376,0.2377,0.23765,0.00009999999999998899,0.0004208754208753745,5388,1520,104432,72184,0.779965257672264,0.5912941069891743
B-STX_USDT,1789558107065,0.2376,0.2377,0.23765,0.00009999999999998899,0.0004208754208753745,5412,1520,103136,72734,0.7807270628967109,0.5864331608574516
B-STX_USDT,1789558109477,0.2376,0.2377,0.23765,0.00009999999999998899,0.0004208754208753745,5412,1520,104409,72734,0.7807270628967109,0.5894051698345405
B-STX_USDT,1789558111865,0.2376,0.2377,0.23765,0.00009999999999998899,0.0004208754208753745,5278,831,104275,72045,0.8639711900474709,0.5913963248638838
B-STX_USDT,1789558114115,0.2376,0.2377,0.23765,0.00009999999999998899,0.0004208754208753745,5278,804,103829,72018,0.8678066425517922,0.5904507896068741
B-STX_USDT,1789558116342,0.2376,0.2377,0.23765,0.00009999999999998899,0.0004208754208753745,5278,827,103829,72041,0.8645372645372645,0.590373571387957
B-STX_USDT,1789558118977,0.2376,0.2377,0.23765,0.00009999999999998899,0.0004208754208753745,5278,617,103829,71831,0.8953350296861747,0.5910793578503928
B-STX_USDT,1789558121513,0.2376,0.2377,0.23765,0.00009999999999998899,0.0004208754208753745,5278,1131,103829,78613,0.8235294117647058,0.5691068942458425
B-STX_USDT,1789558123873,0.2376,0.2377,0.23765,0.00009999999999998899,0.0004208754208753745,5278,1131,103829,78613,0.8235294117647058,0.5691068942458425
B-STX_USDT,1789558126496,0.2376,0.2377,0.23765,0.00009999999999998899,0.0004208754208753745,5312,1153,103839,78635,0.8216550657385924,0.5690618937492464
B-STX_USDT,1789558129234,0.2376,0.2377,0.23765,0.00009999999999998899,0.0004208754208753745,2455,2709,88585,90453,0.4754066615027111,0.49478323037567445
B-STX_USDT,1789558131411,0.2376,0.2377,0.23765,0.00009999999999998899,0.0004208754208753745,594,5461,86795,93205,0.0981007431874484,0.4821944444444444
B-STX_USDT,1789558133615,0.2376,0.2377,0.23765,0.00009999999999998899,0.0004208754208753745,2796,2454,88968,90198,0.5325714285714286,0.49656742908810825
B-STX_USDT,1789558136146,0.2376,0.2377,0.23765,0.00009999999999998899,0.0004208754208753745,3217,1661,98594,89405,0.6594915949159491,0.524438959781701
B-STX_USDT,1789558138717,0.2376,0.2377,0.23765,0.00009999999999998899,0.0004208754208753745,1491,4708,97727,89405,0.24052266494595903,0.5222356411517004
B-STX_USDT,1789558141090,0.2376,0.2377,0.23765,0.00009999999999998899,0.0004208754208753745,1641,3827,97877,86524,0.3001097293343087,0.5307834556211735
B-STX_USDT,1789558143591,0.2376,0.2377,0.23765,0.00009999999999998899,0.0004208754208753745,1513,4919,96429,87616,0.23523009950248755,0.5239425140590617
B-STX_USDT,1789558146181,0.2376,0.2377,0.23765,0.00009999999999998899,0.0004208754208753745,1513,4919,96429,87616,0.23523009950248755,0.5239425140590617
B-STX_USDT,1789558148702,0.2376,0.2377,0.23765,0.00009999999999998899,0.0004208754208753745,1535,4919,96425,87616,0.23783700030988533,0.5239321672888106
B-STX_USDT,1789558151355,0.2376,0.2377,0.23765,0.00009999999999998899,0.0004208754208753745,1708,4609,96598,87306,0.27038151021054296,0.5252631807899774
B-STX_USDT,1789558154426,0.2376,0.2377,0.23765,0.00009999999999998899,0.0004208754208753745,1898,4609,96875,87306,0.2916858767481174,0.5259771637682497
B-STX_USDT,1789558156986,0.2376,0.2377,0.23765,0.00009999999999998899,0.0004208754208753745,1898,4642,98195,87339,0.29021406727828747,0.5292560932228055
B-STX_USDT,1789558159838,0.2376,0.2377,0.23765,0.00009999999999998899,0.0004208754208753745,1875,4642,98172,87339,0.28770906858984197,0.5291977295146919
B-STX_USDT,1789558162512,0.2376,0.2377,0.23765,0.00009999999999998899,0.0004208754208753745,1875,4642,98172,87339,0.28770906858984197,0.5291977295146919
B-STX_USDT,1789558164865,0.2376,0.2377,0.23765,0.00009999999999998899,0.0004208754208753745,1875,4642,98018,87339,0.28770906858984197,0.5288065732613282
B-STX_USDT,1789558167230,0.2376,0.2377,0.23765,0.00009999999999998899,0.0004208754208753745,1801,4642,96624,88151,0.27952817010709297,0.5229278852658639
B-STX_USDT,1789558169599,0.2376,0.2377,0.23765,0.00009999999999998899,0.0004208754208753745,1801,4642,97944,88151,0.27952817010709297,0.5263118299793117
B-STX_USDT,1789558172010,0.2376,0.2377,0.23765,0.00009999999999998899,0.0004208754208753745,1801,4642,97944,88151,0.27952817010709297,0.5263118299793117
B-STX_USDT,1789558174354,0.2377,0.2378,0.23775000000000002,0.00010000000000001674,0.00042069835927646926,3395,904,102421,117699,0.7897185391951617,0.46529620207159733
B-STX_USDT,1789558177042,0.2377,0.2378,0.23775000000000002,0.00010000000000001674,0.00042069835927646926,6697,380,105265,117175,0.9463049314681362,0.4732287358388779
B-STX_USDT,1789558179228,0.2377,0.2378,0.23775000000000002,0.00010000000000001674,0.00042069835927646926,6697,380,105265,117175,0.9463049314681362,0.4732287358388779
B-STX_USDT,1789558181514,0.2378,0.2379,0.23785,0.00009999999999998899,0.00042052144659372997,171,6617,73737,115391,0.025191514437242192,0.3898788122329851
B-STX_USDT,1789558184527,0.2378,0.2379,0.23785,0.00009999999999998899,0.00042052144659372997,765,6617,76874,115391,0.10363045245191005,0.3998335630509973
B-STX_USDT,1789558186956,0.2378,0.2379,0.23785,0.00009999999999998899,0.00042052144659372997,765,6617,84376,115391,0.10363045245191005,0.4223720634539238
B-STX_USDT,1789558189332,0.2378,0.2379,0.23785,0.00009999999999998899,0.00042052144659372997,765,6617,84643,114128,0.10363045245191005,0.4258317360178296
B-STX_USDT,1789558192077,0.2378,0.2379,0.23785,0.00009999999999998899,0.00042052144659372997,241,6645,76467,114184,0.03499854777810049,0.40108365547518765
B-STX_USDT,1789558194425,0.2378,0.2379,0.23785,0.00009999999999998899,0.00042052144659372997,241,6645,76467,114215,0.03499854777810049,0.40101844956524474
B-STX_USDT,1789558197530,0.2378,0.2379,0.23785,0.00009999999999998899,0.00042052144659372997,161,9692,75210,117262,0.016340200954024154,0.3907581362483894
B-STX_USDT,1789558199729,0.2378,0.2379,0.23785,0.00009999999999998899,0.00042052144659372997,206,9692,75255,117262,0.02081228531016367,0.39090054384807577
B-STX_USDT,1789558202350,0.2377,0.2378,0.23775000000000002,0.00010000000000001674,0.00042069835927646926,7934,76,108784,90650,0.9905118601747815,0.545463662163924
B-STX_USDT,1789558204536,0.2377,0.2378,0.23775000000000002,0.00010000000000001674,0.00042069835927646926,8664,76,109865,86794,0.991304347826087,0.5586573713890541
B-STX_USDT,1789558207054,0.2377,0.2378,0.23775000000000002,0.00010000000000001674,0.00042069835927646926,8664,76,109865,89497,0.991304347826087,0.5510829546252546
B-STX_USDT,1789558209610,0.2377,0.2378,0.23775000000000002,0.00010000000000001674,0.00042069835927646926,5757,1429,119829,99254,0.801141107709435,0.5469570893223117
B-STX_USDT,1789558211789,0.2378,0.2379,0.23785,0.00009999999999998899,0.00042052144659372997,524,10309,76489,132035,0.0483707190990492,0.36681149412058084
B-STX_USDT,1789558213992,0.2375,0.2376,0.23754999999999998,0.00010000000000001674,0.00042105263157901786,7928,2333,121684,73561,0.7726342461748368,0.6232374708699326
B-STX_USDT,1789558216583,0.2375,0.2376,0.23754999999999998,0.00010000000000001674,0.00042105263157901786,7928,2333,121684,75561,0.7726342461748368,0.6169180460848184
B-STX_USDT,1789558219468,0.2375,0.2376,0.23754999999999998,0.00010000000000001674,0.00042105263157901786,1670,2012,95148,110518,0.45355784899511137,0.46263359038440965
B-STX_USDT,1789558222109,0.2375,0.2376,0.23754999999999998,0.00010000000000001674,0.00042105263157901786,4630,627,98108,107068,0.8807304546319193,0.47816508753460446
B-STX_USDT,1789558224296,0.2375,0.2376,0.23754999999999998,0.00010000000000001674,0.00042105263157901786,4630,2077,98108,110518,0.6903235425674669,0.4702577818680318
B-STX_USDT,1789558226482,0.2375,0.2376,0.23754999999999998,0.00010000000000001674,0.00042105263157901786,5246,1151,98724,106904,0.8200719087072065,0.4801097126850429
B-STX_USDT,1789558228671,0.2375,0.2376,0.23754999999999998,0.00010000000000001674,0.00042105263157901786,5246,447,98724,105007,0.9214825223959249,0.4845801571680304
B-STX_USDT,1789558230922,0.2375,0.2376,0.23754999999999998,0.00010000000000001674,0.00042105263157901786,7256,447,100704,103007,0.9419706607815137,0.49434738428459923
B-STX_USDT,1789558233143,0.2376,0.2377,0.23765,0.00009999999999998899,0.0004208754208753745,1881,4626,65536,132160,0.28907330567081607,0.33149886694723213
B-STX_USDT,1789558235320,0.2376,0.2377,0.23765,0.00009999999999998899,0.0004208754208753745,1881,4626,65536,132160,0.28907330567081607,0.33149886694723213
B-STX_USDT,1789558237503,0.2376,0.2377,0.23765,0.00009999999999998899,0.0004208754208753745,1881,4626,65536,132160,0.28907330567081607,0.33149886694723213
B-STX_USDT,1789558239693,0.2376,0.2377,0.23765,0.00009999999999998899,0.0004208754208753745,2108,4668,65763,132202,0.31109799291617474,0.3321950849897709
B-STX_USDT,1789558242078,0.2376,0.2377,0.23765,0.00009999999999998899,0.0004208754208753745,2258,4626,65913,132507,0.32800697269029633,0.33218929543392806
B-STX_USDT,1789558244476,0.2376,0.2377,0.23765,0.00009999999999998899,0.0004208754208753745,2258,5849,63512,133730,0.27852473171333414,0.3220003853134728
B-STX_USDT,1789558246664,0.2376,0.2377,0.23765,0.00009999999999998899,0.0004208754208753745,2258,5917,64550,133798,0.2762079510703364,0.32543811886179846
B-STX_USDT,1789558249295,0.2376,0.2377,0.23765,0.00009999999999998899,0.0004208754208753745,3298,1209,87725,129090,0.7317506101619703,0.4046076147867998
B-STX_USDT,1789558251484,0.2377,0.2378,0.23775000000000002,0.00010000000000001674,0.00042069835927646926,2652,4123,65630,145299,0.3914391143911439,0.31114735290073914
B-STX_USDT,1789558253747,0.2377,0.2378,0.23775000000000002,0.00010000000000001674,0.00042069835927646926,2150,4154,65128,145330,0.3410532994923858,0.3094584192570489
B-STX_USDT,1789558255926,0.2376,0.2377,0.23765,0.00009999999999998899,0.0004208754208753745,5426,1932,91454,108103,0.7374286490894265,0.4582851014998221
B-STX_USDT,1789558258105,0.2376,0.2377,0.23765,0.00009999999999998899,0.0004208754208753745,4031,6143,88787,111267,0.39620601533320227,0.4438151699041259
B-STX_USDT,1789558260439,0.2376,0.2377,0.23765,0.00009999999999998899,0.0004208754208753745,4031,6143,88787,113649,0.39620601533320227,0.43859293801497756
B-STX_USDT,1789558262631,0.2376,0.2377,0.23765,0.00009999999999998899,0.0004208754208753745,4031,6143,88739,113480,0.39620601533320227,0.4388262230552025
B-STX_USDT,1789558265020,0.2376,0.2377,0.23765,0.00009999999999998899,0.0004208754208753745,1151,9390,82231,116965,0.10919267621667773,0.4128145143476777
B-STX_USDT,1789558267617,0.2375,0.2376,0.23754999999999998,0.00010000000000001674,0.00042105263157901786,1890,3539,112068,81339,0.3481304107570455,0.5794412818563961
B-STX_USDT,1789558270987,0.2375,0.2377,0.23759999999999998,0.00020000000000000573,0.0008421052631579189,5138,11101,115316,127489,0.31639879302912743,0.474932559049443
B-STX_USDT,1789558273857,0.2376,0.2377,0.23765,0.00009999999999998899,0.0004208754208753745,1670,8994,82491,125100,0.15660165041260315,0.3973727184704539
B-STX_USDT,1789558276023,0.2376,0.2377,0.23765,0.00009999999999998899,0.0004208754208753745,1633,8957,82454,125344,0.1542020774315392,0.39679881423305324
B-STX_USDT,1789558278375,0.2375,0.2377,0.23759999999999998,0.00020000000000000573,0.0008421052631579189,7186,11116,124960,131713,0.3926346847339089,0.48684512979549854
B-STX_USDT,1789558280550,0.2375,0.2376,0.23754999999999998,0.00010000000000001674,0.00042105263157901786,7256,296,125030,75166,0.9608050847457628,0.6245379528062499
B-STX_USDT,1789558282735,0.2375,0.2376,0.23754999999999998,0.00010000000000001674,0.00042105263157901786,7239,339,125013,75166,0.9552652414885194,0.6245060670699724
B-STX_USDT,1789558285236,0.2376,0.2377,0.23765,0.00009999999999998899,0.0004208754208753745,1808,7984,95515,124371,0.184640522875817,0.43438418089373587
B-STX_USDT,1789558287530,0.2376,0.2377,0.23765,0.00009999999999998899,0.0004208754208753745,1847,7953,95554,124340,0.18846938775510205,0.43454573567264226
B-STX_USDT,1789558290650,0.2376,0.2377,0.23765,0.00009999999999998899,0.0004208754208753745,1328,7953,95035,124256,0.14308802930718673,0.433373918674273
B-STX_USDT,1789558293397,0.2378,0.2379,0.23785,0.00009999999999998899,0.00042052144659372997,1640,7104,67361,116091,0.18755718206770358,0.3671859669014238
B-STX_USDT,1789558295821,0.2378,0.2379,0.23785,0.00009999999999998899,0.00042052144659372997,1281,7104,67581,116091,0.15277280858676207,0.3679439435515484
B-STX_USDT,1789558298269,0.2378,0.2379,0.23785,0.00009999999999998899,0.00042052144659372997,1599,7706,72662,116727,0.17184309511015583,0.3836653659927451
B-STX_USDT,1789558300961,0.2378,0.2379,0.23785,0.00009999999999998899,0.00042052144659372997,1520,7383,72583,116404,0.17072896776367516,0.38406345410001747
B-STX_USDT,1789558303625,0.2378,0.2379,0.23785,0.00009999999999998899,0.00042052144659372997,143,8355,65997,117376,0.016827488820899034,0.35990576584339024
B-STX_USDT,1789558306594,0.2378,0.2379,0.23785,0.00009999999999998899,0.00042052144659372997,1289,7082,81314,116100,0.1539839923545574,0.4118958128602835
B-STX_USDT,1789558309741,0.2378,0.2379,0.23785,0.00009999999999998899,0.00042052144659372997,1869,6951,82199,115925,0.2119047619047619,0.4148866366517938
B-STX_USDT,1789558312000,0.2378,0.2379,0.23785,0.00009999999999998899,0.00042052144659372997,943,7019,81273,115993,0.11843757849786486,0.41199699897600195
B-STX_USDT,1789558314873,0.2378,0.2379,0.23785,0.00009999999999998899,0.00042052144659372997,2400,7068,82730,116008,0.2534854245880862,0.41627670601495437
B-STX_USDT,1789558318059,0.2378,0.2379,0.23785,0.00009999999999998899,0.00042052144659372997,5095,2347,92365,109602,0.6846277882289707,0.45732718711472664
B-STX_USDT,1789558320929,0.2379,0.238,0.23795,0.00009999999999998899,0.0004203446826397183,3745,3874,75196,104887,0.4915343220895131,0.41756301261085166
B-STX_USDT,1789558323335,0.2379,0.238,0.23795,0.00009999999999998899,0.0004203446826397183,1684,9690,66550,115096,0.14805697204149815,0.36637195424066593
B-STX_USDT,1789558325725,0.238,0.2381,0.23804999999999998,0.00010000000000001674,0.00042016806722696115,10380,6331,88690,118022,0.6211477469929986,0.4290510468671388
B-STX_USDT,1789558328157,0.2381,0.2382,0.23815,0.00009999999999998899,0.00041999160016795037,5121,1590,74265,80442,0.7630755476084041,0.48003645601039385
B-STX_USDT,1789558330762,0.2381,0.2382,0.23815,0.00009999999999998899,0.00041999160016795037,4713,1657,77236,88375,0.7398744113029827,0.46636998750083025
B-STX_USDT,1789558333436,0.2381,0.2382,0.23815,0.00009999999999998899,0.00041999160016795037,7281,1226,95777,97377,0.8558833901492888,0.4958582271141162
B-STX_USDT,1789558336008,0.2381,0.2382,0.23815,0.00009999999999998899,0.00041999160016795037,7970,1871,96466,98022,0.8098770450157504,0.49599975319814077
B-STX_USDT,1789558339279,0.2381,0.2382,0.23815,0.00009999999999998899,0.00041999160016795037,10219,1871,94121,98915,0.8452440033085195,0.48758262707474254
B-STX_USDT,1789558341916,0.238,0.2381,0.23804999999999998,0.00010000000000001674,0.00042016806722696115,5926,1520,96579,84375,0.795863550899812,0.5337212772306774
B-STX_USDT,1789558345412,0.238,0.2381,0.23804999999999998,0.00010000000000001674,0.00042016806722696115,2747,6338,95776,109386,0.3023665382498624,0.466831089577992
B-STX_USDT,1789558348103,0.238,0.2381,0.23804999999999998,0.00010000000000001674,0.00042016806722696115,9301,3971,101910,102051,0.7007986738999398,0.4996543456837337
B-STX_USDT,1789558350500,0.2378,0.2379,0.23785,0.00009999999999998899,0.00042052144659372997,2550,3056,93448,109749,0.4548697823760257,0.45988867945885026
B-STX_USDT,1789558353099,0.2378,0.2379,0.23785,0.00009999999999998899,0.00042052144659372997,2435,3056,93375,110094,0.44345292296485156,0.45891511729059464
B-STX_USDT,1789558355787,0.2378,0.2379,0.23785,0.00009999999999998899,0.00042052144659372997,3119,519,72535,114568,0.8573391973611875,0.3876741687733494
B-STX_USDT,1789558358239,0.2378,0.2379,0.23785,0.00009999999999998899,0.00042052144659372997,3540,1112,72978,114816,0.7609630266552021,0.38860666474967254
B-STX_USDT,1789558360710,0.2378,0.2379,0.23785,0.00009999999999998899,0.00042052144659372997,2067,4630,70450,120955,0.30864566223682244,0.36806770982994175
B-STX_USDT,1789558363089,0.2377,0.2378,0.23775000000000002,0.00010000000000001674,0.00042069835927646926,3826,620,92125,78350,0.860548807917229,0.5404018184484528
B-STX_USDT,1789558365479,0.2377,0.2378,0.23775000000000002,0.00010000000000001674,0.00042069835927646926,7717,26,96016,71918,0.9966421283740152,0.5717484249764788
B-STX_USDT,1789558367977,0.2379,0.238,0.23795,0.00009999999999998899,0.0004203446826397183,594,6381,47174,150871,0.08516129032258064,0.2381983892549673
B-STX_USDT,1789558370196,0.2379,0.238,0.23795,0.00009999999999998899,0.0004203446826397183,1450,4505,52842,149145,0.2434928631402183,0.2616108957507166
B-STX_USDT,1789558372773,0.2379,0.238,0.23795,0.00009999999999998899,0.0004203446826397183,594,7110,49469,151508,0.07710280373831775,0.24614259343108913
B-STX_USDT,1789558375653,0.2379,0.238,0.23795,0.00009999999999998899,0.0004203446826397183,1520,7229,67869,151627,0.17373414104469082,0.3092038123701571
B-STX_USDT,1789558377828,0.2379,0.238,0.23795,0.00009999999999998899,0.0004203446826397183,1520,3650,71489,148048,0.2940038684719536,0.3256353143205929
B-STX_USDT,1789558381140,0.2379,0.238,0.23795,0.00009999999999998899,0.0004203446826397183,1394,11759,67765,156487,0.1059834258344104,0.3021823662665216
B-STX_USDT,1789558384255,0.2379,0.238,0.23795,0.00009999999999998899,0.0004203446826397183,1473,11801,67844,156323,0.11096881120988399,0.3026493640901649
B-STX_USDT,1789558386684,0.2379,0.238,0.23795,0.00009999999999998899,0.0004203446826397183,1520,11375,65432,156065,0.11787514540519581,0.29540806421757404
B-STX_USDT,1789558389089,0.2379,0.238,0.23795,0.00009999999999998899,0.0004203446826397183,1552,7770,67436,152460,0.1664878781377387,0.3066722450613017
B-STX_USDT,1789558391287,0.2379,0.238,0.23795,0.00009999999999998899,0.0004203446826397183,1552,7770,67436,152460,0.1664878781377387,0.3066722450613017
B-STX_USDT,1789558393571,0.2379,0.238,0.23795,0.00009999999999998899,0.0004203446826397183,1912,7620,67796,152310,0.20058749475451113,0.30801522902601475
B-STX_USDT,1789558396098,0.2379,0.238,0.23795,0.00009999999999998899,0.0004203446826397183,1702,7624,67586,152314,0.18250053613553507,0.3073487949067758
B-STX_USDT,1789558398549,0.2379,0.238,0.23795,0.00009999999999998899,0.0004203446826397183,5300,3357,82140,145932,0.6122213237842209,0.36014942649689574
B-STX_USDT,1789558401308,0.238,0.2381,0.23804999999999998,0.00010000000000001674,0.00042016806722696115,6059,270,78977,131833,0.9573392321061779,0.3746359280869029
B-STX_USDT,1789558404164,0.238,0.2381,0.23804999999999998,0.00010000000000001674,0.00042016806722696115,6059,270,72581,131833,0.9573392321061779,0.3550686352206796
B-STX_USDT,1789558406495,0.238,0.2381,0.23804999999999998,0.00010000000000001674,0.00042016806722696115,5071,820,71593,132409,0.8608046172126973,0.3509426378172763
B-STX_USDT,1789558408957,0.238,0.2381,0.23804999999999998,0.00010000000000001674,0.00042016806722696115,4981,863,71503,132452,0.8523271731690623,0.35058223627761026
B-STX_USDT,1789558411312,0.238,0.2381,0.23804999999999998,0.00010000000000001674,0.00042016806722696115,4981,863,71503,124690,0.8523271731690623,0.36445235049160773
B-STX_USDT,1789558414003,0.2381,0.2382,0.23815,0.00009999999999998899,0.00041999160016795037,2474,9688,78226,114790,0.20342049005097845,0.4052824636299581
B-STX_USDT,1789558417493,0.2381,0.2382,0.23815,0.00009999999999998899,0.00041999160016795037,2452,9711,78613,114986,0.2015950012332484,0.4060609817199469
B-STX_USDT,1789558419951,0.2381,0.2382,0.23815,0.00009999999999998899,0.00041999160016795037,2103,9711,77135,114986,0.17800914169629253,0.4014917682085769
B-STX_USDT,1789558422146,0.2381,0.2382,0.23815,0.00009999999999998899,0.00041999160016795037,2651,9735,77683,115060,0.21403197158081705,0.4030392802851465
B-STX_USDT,1789558424328,0.2381,0.2382,0.23815,0.00009999999999998899,0.00041999160016795037,336,13129,72363,118454,0.02495358336427776,0.379227217700729
B-STX_USDT,1789558426743,0.2381,0.2382,0.23815,0.00009999999999998899,0.00041999160016795037,336,13297,72363,118622,0.024646079366243672,0.3788936303898212
B-STX_USDT,1789558429151,0.2381,0.2382,0.23815,0.00009999999999998899,0.00041999160016795037,336,14599,72661,119924,0.022497489119517912,0.3772931432873796
B-STX_USDT,1789558432120,0.2381,0.2382,0.23815,0.00009999999999998899,0.00041999160016795037,304,15884,72629,121209,0.018779342723004695,0.3746891734334857
B-STX_USDT,1789558434846,0.238,0.2381,0.23804999999999998,0.00010000000000001674,0.00042016806722696115,4668,2564,95419,99165,0.6454646017699115,0.49037433704723926
B-STX_USDT,1789558437332,0.238,0.2381,0.23804999999999998,0.00010000000000001674,0.00042016806722696115,4563,1681,95417,97238,0.7307815502882767,0.49527393527289715
B-STX_USDT,1789558439516,0.238,0.2381,0.23804999999999998,0.00010000000000001674,0.00042016806722696115,2621,5819,93538,109968,0.31054502369668247,0.45963263982388725
B-STX_USDT,1789558441706,0.238,0.2381,0.23804999999999998,0.00010000000000001674,0.00042016806722696115,2621,5928,93538,110077,0.30658556556322375,0.45938658743216365
B-STX_USDT,1789558443886,0.238,0.2381,0.23804999999999998,0.00010000000000001674,0.00042016806722696115,1899,7827,90633,111382,0.19524984577421345,0.4486449026062421
B-STX_USDT,1789558446078,0.238,0.2381,0.23804999999999998,0.00010000000000001674,0.00042016806722696115,1934,7827,90668,111382,0.19813543694293617,0.4487404107894086
B-STX_USDT,1789558448303,0.238,0.2381,0.23804999999999998,0.00010000000000001674,0.00042016806722696115,1934,3627,100759,107182,0.347779176407121,0.48455571532309644
B-STX_USDT,1789558450761,0.238,0.2381,0.23804999999999998,0.00010000000000001674,0.00042016806722696115,2084,3627,94459,107182,0.3649098231483103,0.4684513566189416
B-STX_USDT,1789558452951,0.238,0.2381,0.23804999999999998,0.00010000000000001674,0.00042016806722696115,1934,3627,94229,107139,0.347779176407121,0.4679442612530293
B-STX_USDT,1789558455639,0.238,0.2381,0.23804999999999998,0.00010000000000001674,0.00042016806722696115,1934,3641,94229,107153,0.34690582959641253,0.46791172994607266
B-STX_USDT,1789558457916,0.238,0.2381,0.23804999999999998,0.00010000000000001674,0.00042016806722696115,1934,3683,94229,107195,0.3443119102723874,0.4678141631583128
B-STX_USDT,1789558460172,0.238,0.2381,0.23804999999999998,0.00010000000000001674,0.00042016806722696115,1958,3683,94135,107195,0.3471015777344442,0.46756568817364524
B-STX_USDT,1789558462499,0.238,0.2381,0.23804999999999998,0.00010000000000001674,0.00042016806722696115,1958,3683,94200,107195,0.3471015777344442,0.4677375307232056
B-STX_USDT,1789558464988,0.2381,0.2382,0.23815,0.00009999999999998899,0.00041999160016795037,1595,6452,81886,104066,0.19821051323474587,0.4403609533643091
B-STX_USDT,1789558467237,0.2381,0.2382,0.23815,0.00009999999999998899,0.00041999160016795037,1638,6452,81888,104433,0.20247218788627935,0.4394995733170174
B-STX_USDT,1789558469603,0.2381,0.2382,0.23815,0.00009999999999998899,0.00041999160016795037,1638,6452,82023,104433,0.20247218788627935,0.43990539322950184
B-STX_USDT,1789558471882,0.2381,0.2382,0.23815,0.00009999999999998899,0.00041999160016795037,1691,6567,82076,104548,0.20477113102446112,0.4397933813443073
B-STX_USDT,1789558474096,0.2379,0.238,0.23795,0.00009999999999998899,0.0004203446826397183,3692,3343,103386,97384,0.5248045486851457,0.5149474523086118
B-STX_USDT,1789558476319,0.2379,0.238,0.23795,0.00009999999999998899,0.0004203446826397183,1786,3237,104015,101169,0.3555644037427832,0.5069352386150967
B-STX_USDT,1789558478533,0.2379,0.238,0.23795,0.00009999999999998899,0.0004203446826397183,1786,3279,104015,101211,0.35261599210266537,0.5068314930856714
B-STX_USDT,1789558481146,0.2378,0.2379,0.23785,0.00009999999999998899,0.00042052144659372997,4592,2053,101927,98563,0.69104589917231,0.5083894458576488
B-STX_USDT,1789558483360,0.238,0.2381,0.23804999999999998,0.00010000000000001674,0.00042016806722696115,1657,8066,70150,131300,0.17042065206212073,0.3482253660958054
B-STX_USDT,1789558485560,0.238,0.2381,0.23804999999999998,0.00010000000000001674,0.00042016806722696115,1657,5772,72150,129006,0.22304482433705747,0.3586768478196027
B-STX_USDT,1789558487763,0.238,0.2381,0.23804999999999998,0.00010000000000001674,0.00042016806722696115,1681,5772,72174,128959,0.22554675969408292,0.3588371873337543
B-STX_USDT,1789558489974,0.238,0.2381,0.23804999999999998,0.00010000000000001674,0.00042016806722696115,1681,5772,72174,128959,0.22554675969408292,0.3588371873337543
B-STX_USDT,1789558492173,0.238,0.2381,0.23804999999999998,0.00010000000000001674,0.00042016806722696115,4828,1074,85095,118345,0.8180277871907828,0.41828057412504915
B-STX_USDT,1789558494353,0.238,0.2381,0.23804999999999998,0.00010000000000001674,0.00042016806722696115,4850,2000,85164,112189,0.708029197080292,0.4315313169802334
B-STX_USDT,1789558496523,0.238,0.2381,0.23804999999999998,0.00010000000000001674,0.00042016806722696115,4850,2000,85130,112189,0.708029197080292,0.431433364247741
B-STX_USDT,1789558498702,0.238,0.2381,0.23804999999999998,0.00010000000000001674,0.00042016806722696115,3086,6264,81521,116453,0.3300534759358289,0.41177629385676906
B-STX_USDT,1789558500878,0.238,0.2381,0.23804999999999998,0.00010000000000001674,0.00042016806722696115,1566,6347,80001,116536,0.19790218627574876,0.40705312485689715
B-STX_USDT,1789558503076,0.2379,0.238,0.23795,0.00009999999999998899,0.0004203446826397183,7725,594,106246,78304,0.9285971871619185,0.5757030615009483
B-STX_USDT,1789558505287,0.2379,0.238,0.23795,0.00009999999999998899,0.0004203446826397183,6229,23,104750,76199,0.9963211772232885,0.5788923950947504
B-STX_USDT,1789558507532,0.238,0.2381,0.23804999999999998,0.00010000000000001674,0.00042016806722696115,3119,4204,82773,114810,0.4259183394783559,0.4189277417591594
B-STX_USDT,1789558509729,0.238,0.2381,0.23804999999999998,0.00010000000000001674,0.00042016806722696115,4592,4204,85289,116810,0.5220554797635288,0.42201594268155707
B-STX_USDT,1789558511944,0.238,0.2381,0.23804999999999998,0.00010000000000001674,0.00042016806722696115,6662,3680,87601,114044,0.6441694063043899,0.43443179845768554
B-STX_USDT,1789558514176,0.238,0.2381,0.23804999999999998,0.00010000000000001674,0.00042016806722696115,6611,4458,87550,114822,0.5972535911103081,0.4326191370347677
B-STX_USDT,1789558516361,0.238,0.2381,0.23804999999999998,0.00010000000000001674,0.00042016806722696115,6611,4458,87550,112287,0.5972535911103081,0.4381070572516601
B-STX_USDT,1789558518567,0.238,0.2381,0.23804999999999998,0.00010000000000001674,0.00042016806722696115,4641,4458,84537,116822,0.5100560501153973,0.41983223992967783
B-STX_USDT,1789558520794,0.238,0.2381,0.23804999999999998,0.00010000000000001674,0.00042016806722696115,4491,4537,84336,116901,0.49745237040319007,0.419087941084393
B-STX_USDT,1789558523026,0.238,0.2381,0.23804999999999998,0.00010000000000001674,0.00042016806722696115,3068,5789,81897,118153,0.3463926837529638,0.4093826543364159
B-STX_USDT,1789558525224,0.238,0.2381,0.23804999999999998,0.00010000000000001674,0.00042016806722696115,220,8715,76364,121079,0.024622271964185788,0.3867647878121787
B-STX_USDT,1789558527435,0.238,0.2381,0.23804999999999998,0.00010000000000001674,0.00042016806722696115,1694,5639,80678,118003,0.23101050047729443,0.4060680185825519
B-STX_USDT,1789558529648,0.238,0.2381,0.23804999999999998,0.00010000000000001674,0.00042016806722696115,1694,5639,80678,118003,0.23101050047729443,0.4060680185825519
B-STX_USDT,1789558531865,0.238,0.2381,0.23804999999999998,0.00010000000000001674,0.00042016806722696115,244,8231,74278,128191,0.028790560471976402,0.36686109972390835
B-STX_USDT,1789558534093,0.238,0.2381,0.23804999999999998,0.00010000000000001674,0.00042016806722696115,244,8231,74278,128191,0.028790560471976402,0.36686109972390835
B-STX_USDT,1789558536544,0.238,0.2381,0.23804999999999998,0.00010000000000001674,0.00042016806722696115,768,8231,75825,128191,0.08534281586842983,0.3716620265077249
B-STX_USDT,1789558538719,0.238,0.2381,0.23804999999999998,0.00010000000000001674,0.00042016806722696115,768,8231,75825,128191,0.08534281586842983,0.3716620265077249
B-STX_USDT,1789558540920,0.238,0.2381,0.23804999999999998,0.00010000000000001674,0.00042016806722696115,1694,8231,76751,128191,0.1706801007556675,0.37450107835387575
B-STX_USDT,1789558543099,0.238,0.2381,0.23804999999999998,0.00010000000000001674,0.00042016806722696115,1464,8231,76521,126575,0.15100567302733367,0.3767725607594438
B-STX_USDT,1789558545308,0.238,0.2381,0.23804999999999998,0.00010000000000001674,0.00042016806722696115,1496,8231,76553,126575,0.1537987046365786,0.3768707416013548
B-STX_USDT,1789558547526,0.238,0.2381,0.23804999999999998,0.00010000000000001674,0.00042016806722696115,1496,8231,76553,126575,0.1537987046365786,0.3768707416013548
B-STX_USDT,1789558549736,0.238,0.2381,0.23804999999999998,0.00010000000000001674,0.00042016806722696115,1467,8369,76524,126713,0.1491459943066287,0.37652592785762434
B-STX_USDT,1789558551916,0.238,0.2381,0.23804999999999998,0.00010000000000001674,0.00042016806722696115,5371,4637,86996,122773,0.5366706634692247,0.4147228618146628
B-STX_USDT,1789558554119,0.238,0.2381,0.23804999999999998,0.00010000000000001674,0.00042016806722696115,4301,4637,85926,125173,0.4812038487357351,0.4070412460504313
B-STX_USDT,1789558556424,0.238,0.2381,0.23804999999999998,0.00010000000000001674,0.00042016806722696115,3290,4637,79565,125173,0.4150372145830705,0.38861862477898584
B-STX_USDT,1789558558631,0.2378,0.2379,0.23785,0.00009999999999998899,0.00042052144659372997,8144,1153,107635,55191,0.8759814994084113,0.6610430766585189
B-STX_USDT,1789558560817,0.2378,0.2379,0.23785,0.00009999999999998899,0.00042052144659372997,6599,1223,106090,72672,0.8436461263104066,0.5934706481243217
B-STX_USDT,1789558563032,0.2378,0.2379,0.23785,0.00009999999999998899,0.00042052144659372997,6599,2306,106090,73609,0.7410443571027513,0.5903761289712242
B-STX_USDT,1789558565238,0.2379,0.238,0.23795,0.00009999999999998899,0.0004203446826397183,804,6859,88644,104252,0.10491974422549916,0.45954296615792967
B-STX_USDT,1789558567468,0.2379,0.238,0.23795,0.00009999999999998899,0.0004203446826397183,210,7123,88050,104516,0.028637665348424927,0.4572458274046301
B-STX_USDT,1789558569755,0.2379,0.238,0.23795,0.00009999999999998899,0.0004203446826397183,304,7123,88144,104516,0.040931735559445265,0.4575106405065919
B-STX_USDT,1789558571974,0.2378,0.2379,0.23785,0.00009999999999998899,0.00042052144659372997,8072,1758,107921,71340,0.8211597151576806,0.6020327901774507
B-STX_USDT,1789558574201,0.2378,0.2379,0.23785,0.00009999999999998899,0.00042052144659372997,8041,1858,107890,71667,0.812304273158905,0.6008676910396141
B-STX_USDT,1789558576412,0.2378,0.2379,0.23785,0.00009999999999998899,0.00042052144659372997,8041,1858,107890,73863,0.812304273158905,0.5936078083993112
B-STX_USDT,1789558578604,0.2378,0.2379,0.23785,0.00009999999999998899,0.00042052144659372997,5538,1858,105387,73863,0.7487831260140616,0.5879330543933055
B-STX_USDT,1789558580771,0.2378,0.2379,0.23785,0.00009999999999998899,0.00042052144659372997,3219,2040,101801,74045,0.612093553907587,0.5789213288900515
B-STX_USDT,1789558582950,0.2378,0.2379,0.23785,0.00009999999999998899,0.00042052144659372997,1377,3944,84562,85170,0.25878594249201275,0.4982089411542903
B-STX_USDT,1789558585143,0.2378,0.2379,0.23785,0.00009999999999998899,0.00042052144659372997,24,4716,75536,85884,0.005063291139240506,0.46794697063560897
B-STX_USDT,1789558587379,0.2377,0.2378,0.23775000000000002,0.00010000000000001674,0.00042069835927646926,9289,2926,115302,55855,0.760458452722063,0.6736621931910468
B-STX_USDT,1789558589580,0.2377,0.2378,0.23775000000000002,0.00010000000000001674,0.00042069835927646926,3632,2926,109645,55777,0.5538273863982922,0.6628199393067428
B-STX_USDT,1789558591771,0.2377,0.2378,0.23775000000000002,0.00010000000000001674,0.00042069835927646926,4923,2102,112936,54530,0.7007829181494661,0.674381665532108
B-STX_USDT,1789558593986,0.2377,0.2378,0.23775000000000002,0.00010000000000001674,0.00042069835927646926,2084,3601,106824,72391,0.3665787159190853,0.5960661774963033
B-STX_USDT,1789558596209,0.2377,0.2378,0.23775000000000002,0.00010000000000001674,0.00042069835927646926,1934,3880,106674,72343,0.3326453388372893,0.5958875414066821
B-STX_USDT,1789558598389,0.2377,0.2378,0.23775000000000002,0.00010000000000001674,0.00042069835927646926,1878,5062,101539,73525,0.2706051873198847,0.5800107389297628
B-STX_USDT,1789558600570,0.2377,0.2378,0.23775000000000002,0.00010000000000001674,0.00042069835927646926,1968,5062,100362,73525,0.27994310099573255,0.577167930897652
B-STX_USDT,1789558602741,0.2377,0.2378,0.23775000000000002,0.00010000000000001674,0.00042069835927646926,2078,5062,100472,73525,0.29103641456582635,0.577435243136376
B-STX_USDT,1789558604929,0.2377,0.2378,0.23775000000000002,0.00010000000000001674,0.00042069835927646926,5445,957,110112,69420,0.8505154639175257,0.613327986097186
B-STX_USDT,1789558607106,0.2377,0.2378,0.23775000000000002,0.00010000000000001674,0.00042069835927646926,10314,453,114981,68766,0.9579269991641126,0.6257571552188607
B-STX_USDT,1789558609290,0.2377,0.2378,0.23775000000000002,0.00010000000000001674,0.00042069835927646926,11156,453,115823,67726,0.9609785511241278,0.6310195097766809
B-STX_USDT,1789558611463,0.2377,0.2378,0.23775000000000002,0.00010000000000001674,0.00042069835927646926,11092,473,115759,67746,0.9591007349762214,0.6308220484455465
B-STX_USDT,1789558613631,0.2378,0.2379,0.23785,0.00009999999999998899,0.00042052144659372997,756,4141,69865,99702,0.15438023279558913,0.41202002748176236
B-STX_USDT,1789558615812,0.2378,0.2379,0.23785,0.00009999999999998899,0.00042052144659372997,976,3293,75485,98854,0.22862497071913798,0.4329782779527243
B-STX_USDT,1789558617979,0.2378,0.2379,0.23785,0.00009999999999998899,0.00042052144659372997,66,14740,73577,110212,0.004457652303120356,0.40033407875335303
B-STX_USDT,1789558620161,0.2378,0.2379,0.23785,0.00009999999999998899,0.00042052144659372997,66,14740,72623,110015,0.004457652303120356,0.3976335702318247
B-STX_USDT,1789558622338,0.2378,0.2379,0.23785,0.00009999999999998899,0.00042052144659372997,1586,14740,75160,108015,0.0971456572338601,0.4103180019107411
B-STX_USDT,1789558624539,0.2378,0.2379,0.23785,0.00009999999999998899,0.00042052144659372997,2900,14740,76474,108015,0.16439909297052155,0.414517938738895
B-STX_USDT,1789558626706,0.238,0.2382,0.23809999999999998,0.00020000000000000573,0.0008403361344538056,12232,6021,66293,113018,0.6701364159316276,0.36970961067642255
B-STX_USDT,1789558628885,0.2381,0.2382,0.23815,0.00009999999999998899,0.00041999160016795037,1255,4789,77562,86198,0.20764394440767703,0.4736321446018564
B-STX_USDT,1789558631074,0.2381,0.2382,0.23815,0.00009999999999998899,0.00041999160016795037,1255,4580,77562,87015,0.2150814053127678,0.4712809201771815
B-STX_USDT,1789558633268,0.2381,0.2382,0.23815,0.00009999999999998899,0.00041999160016795037,1803,3568,78110,87334,0.3356916775274623,0.47212349798119
B-STX_USDT,1789558635468,0.2381,0.2382,0.23815,0.00009999999999998899,0.00041999160016795037,1300,3568,78131,85140,0.26705012325390304,0.4785356860679484
B-STX_USDT,1789558637647,0.2381,0.2382,0.23815,0.00009999999999998899,0.00041999160016795037,1300,3568,78131,85140,0.26705012325390304,0.4785356860679484
B-STX_USDT,1789558639830,0.2381,0.2382,0.23815,0.00009999999999998899,0.00041999160016795037,1300,3568,78131,85200,0.26705012325390304,0.4783598949372746
B-STX_USDT,1789558642047,0.2381,0.2382,0.23815,0.00009999999999998899,0.00041999160016795037,1881,3591,78712,85192,0.34375,0.480232331120656
B-STX_USDT,1789558644290,0.2381,0.2382,0.23815,0.00009999999999998899,0.00041999160016795037,1881,3591,78712,85192,0.34375,0.480232331120656
B-STX_USDT,1789558646511,0.2381,0.2382,0.23815,0.00009999999999998899,0.00041999160016795037,6060,2069,97268,81477,0.7454791487267807,0.5441718649472712
B-STX_USDT,1789558648794,0.2381,0.2382,0.23815,0.00009999999999998899,0.00041999160016795037,1197,2219,92786,82821,0.35040983606557374,0.528373014743148
B-STX_USDT,1789558651033,0.2381,0.2382,0.23815,0.00009999999999998899,0.00041999160016795037,1221,2154,92810,82756,0.36177777777777775,0.5286331066379595
B-STX_USDT,1789558653258,0.2381,0.2382,0.23815,0.00009999999999998899,0.00041999160016795037,2319,2154,93908,82756,0.5184439973172368,0.531562740569669
B-STX_USDT,1789558655433,0.2381,0.2382,0.23815,0.00009999999999998899,0.00041999160016795037,236,4782,91675,85324,0.04703068951773615,0.5179407793264369
B-STX_USDT,1789558657604,0.2378,0.238,0.2379,0.00019999999999997797,0.0008410428931874599,7416,4810,81733,77565,0.6065761491902503,0.5130823990257254
B-STX_USDT,1789558659803,0.2378,0.2379,0.23785,0.00009999999999998899,0.00042052144659372997,5499,1520,81816,60507,0.783444935175951,0.5748614068000253
B-STX_USDT,1789558661965,0.2377,0.2378,0.23775000000000002,0.00010000000000001674,0.00042069835927646926,220,5211,106184,75433,0.040508193702817163,0.5846589251006239
B-STX_USDT,1789558664136,0.2376,0.2377,0.23765,0.00009999999999998899,0.0004208754208753745,7857,1450,120197,54245,0.8442032878478565,0.6890370438311875
B-STX_USDT,1789558666322,0.2376,0.2377,0.23765,0.00009999999999998899,0.0004208754208753745,6169,1520,114958,59485,0.8023149954480426,0.6590003611494872
B-STX_USDT,1789558668495,0.2376,0.2377,0.23765,0.00009999999999998899,0.0004208754208753745,6193,1450,114982,58656,0.8102839199267303,0.6621937594305394
B-STX_USDT,1789558670689,0.2376,0.2378,0.23770000000000002,0.00020000000000000573,0.0008417508417508659,10339,8765,119128,84070,0.5411955611390284,0.5862656128505201
B-STX_USDT,1789558672867,0.2377,0.2378,0.23775000000000002,0.00010000000000001674,0.00042069835927646926,1670,7470,86707,82997,0.18271334792122537,0.5109307971526894
B-STX_USDT,1789558675076,0.2377,0.2378,0.23775000000000002,0.00010000000000001674,0.00042069835927646926,65,7949,83414,83476,0.008110806089343649,0.49981424890646536
B-STX_USDT,1789558677253,0.2377,0.2378,0.23775000000000002,0.00010000000000001674,0.00042069835927646926,91,7729,83440,89670,0.011636828644501279,0.4820056611403154
B-STX_USDT,1789558679440,0.2377,0.2378,0.23775000000000002,0.00010000000000001674,0.00042069835927646926,91,7731,83440,89672,0.011633853234466888,0.48200009242571284
B-STX_USDT,1789558681625,0.2376,0.2377,0.23765,0.00009999999999998899,0.0004208754208753745,5994,2070,114783,63178,0.7433035714285714,0.6449896325599429
B-STX_USDT,1789558683790,0.2375,0.2376,0.23754999999999998,0.00010000000000001674,0.00042105263157901786,6750,2098,125920,62159,0.7628842676311031,0.6695058991168604
B-STX_USDT,1789558685972,0.2376,0.2377,0.23765,0.00009999999999998899,0.0004208754208753745,6511,1389,96046,86268,0.8241772151898734,0.5268163717542262
B-STX_USDT,1789558688145,0.2376,0.2377,0.23765,0.00009999999999998899,0.0004208754208753745,6535,2471,97390,87272,0.7256273595380858,0.5273959991768745
B-STX_USDT,1789558690337,0.2376,0.2377,0.23765,0.00009999999999998899,0.0004208754208753745,10182,1304,100813,83766,0.8864704858088107,0.546178059259179
B-STX_USDT,1789558692542,0.2376,0.2377,0.23765,0.00009999999999998899,0.0004208754208753745,10186,1191,100817,83648,0.8953151094313088,0.546537283495514
B-STX_USDT,1789558694731,0.2376,0.2377,0.23765,0.00009999999999998899,0.0004208754208753745,10186,712,100817,83400,0.9346669113598826,0.5472730529755668
B-STX_USDT,1789558696937,0.2376,0.2377,0.23765,0.00009999999999998899,0.0004208754208753745,10186,739,100817,82010,0.9323569794050344,0.5514338691768721
B-STX_USDT,1789558699125,0.2377,0.2378,0.23775000000000002,0.00010000000000001674,0.00042069835927646926,8081,1544,91380,104879,0.8395844155844155,0.4656092204688702
B-STX_USDT,1789558701288,0.2377,0.2378,0.23775000000000002,0.00010000000000001674,0.00042069835927646926,9480,1544,92779,104528,0.8599419448476052,0.4702266011849554
B-STX_USDT,1789558703478,0.2377,0.2378,0.23775000000000002,0.00010000000000001674,0.00042069835927646926,9480,2068,92779,105052,0.8209213716660894,0.46898110002982346
B-STX_USDT,1789558705665,0.2377,0.2378,0.23775000000000002,0.00010000000000001674,0.00042069835927646926,4503,5533,86929,115931,0.448684734954165,0.4285172039830425
B-STX_USDT,1789558708188,0.2377,0.2378,0.23775000000000002,0.00010000000000001674,0.00042069835927646926,8169,4404,89490,114824,0.649725602481508,0.438002290591932
B-STX_USDT,1789558710362,0.2377,0.2378,0.23775000000000002,0.00010000000000001674,0.00042069835927646926,9823,4568,91144,122584,0.682579389896463,0.4264485701452313
B-STX_USDT,1789558712562,0.2377,0.2378,0.23775000000000002,0.00010000000000001674,0.00042069835927646926,9801,4595,91122,122633,0.6808141150319533,0.4262917826483591
B-STX_USDT,1789558714787,0.2376,0.2377,0.23765,0.00009999999999998899,0.0004208754208753745,3165,2600,91683,91340,0.5490026019080659,0.5009370406998027
B-STX_USDT,1789558716958,0.2376,0.2377,0.23765,0.00009999999999998899,0.0004208754208753745,5724,1253,94242,89993,0.8204099183029956,0.5115314679621136
B-STX_USDT,1789558719151,0.2376,0.2377,0.23765,0.00009999999999998899,0.0004208754208753745,5724,1253,94242,89993,0.8204099183029956,0.5115314679621136
B-STX_USDT,1789558721359,0.2376,0.2377,0.23765,0.00009999999999998899,0.0004208754208753745,5695,2424,94213,91086,0.7014410641704644,0.5084377141808645
B-STX_USDT,1789558723620,0.2376,0.2377,0.23765,0.00009999999999998899,0.0004208754208753745,5695,2424,94213,91086,0.7014410641704644,0.5084377141808645
B-STX_USDT,1789558725961,0.2376,0.2377,0.23765,0.00009999999999998899,0.0004208754208753745,6325,2424,94843,91086,0.7229397645445194,0.510103319008869
B-STX_USDT,1789558728189,0.2376,0.2377,0.23765,0.00009999999999998899,0.0004208754208753745,6161,2448,92656,89849,0.7156464165408294,0.5076902002684858
B-STX_USDT,1789558730418,0.2376,0.2377,0.23765,0.00009999999999998899,0.0004208754208753745,6207,2448,94702,89849,0.717157712305026,0.5131481270759845
B-STX_USDT,1789558732655,0.2377,0.2378,0.23775000000000002,0.00010000000000001674,0.00042069835927646926,22,4834,69463,109877,0.004530477759472817,0.38732574997212
B-STX_USDT,1789558734949,0.2377,0.2378,0.23775000000000002,0.00010000000000001674,0.00042069835927646926,22,4960,69463,110153,0.004415897230028101,0.386730580794584
B-STX_USDT,1789558737142,0.2377,0.2378,0.23775000000000002,0.00010000000000001674,0.00042069835927646926,22,4960,69463,110153,0.004415897230028101,0.386730580794584
B-STX_USDT,1789558739698,0.2377,0.2378,0.23775000000000002,0.00010000000000001674,0.00042069835927646926,22,4960,69463,110153,0.004415897230028101,0.386730580794584
B-STX_USDT,1789558741879,0.2376,0.2377,0.23765,0.00009999999999998899,0.0004208754208753745,9585,1520,101373,78121,0.8631247185952273,0.5647709672746721
B-STX_USDT,1789558744058,0.2376,0.2377,0.23765,0.00009999999999998899,0.0004208754208753745,9585,1520,101373,78121,0.8631247185952273,0.5647709672746721
B-STX_USDT,1789558746285,0.2376,0.2377,0.23765,0.00009999999999998899,0.0004208754208753745,7563,1520,99351,80614,0.8326544093361224,0.5520573444836496
B-STX_USDT,1789558748507,0.2376,0.2377,0.23765,0.00009999999999998899,0.0004208754208753745,7563,1598,99351,80261,0.8255648946621548,0.5531423290203327
B-STX_USDT,1789558750712,0.2376,0.2377,0.23765,0.00009999999999998899,0.0004208754208753745,8909,78,100697,78058,0.9913207967063536,0.5633241028222987
B-STX_USDT,1789558752926,0.2376,0.2377,0.23765,0.00009999999999998899,0.0004208754208753745,7858,1598,99646,79225,0.8310067681895094,0.5570830374962962
B-STX_USDT,1789558755111,0.2376,0.2377,0.23765,0.00009999999999998899,0.0004208754208753745,8955,78,100743,77705,0.9913649950182664,0.564551017663409
B-STX_USDT,1789558757368,0.2376,0.2377,0.23765,0.00009999999999998899,0.0004208754208753745,8956,128,100744,77755,0.9859092910612065,0.5643953187412815
B-STX_USDT,1789558759586,0.2376,0.2377,0.23765,0.00009999999999998899,0.0004208754208753745,8978,128,105566,77755,0.9859433340654513,0.5758532846755146
B-STX_USDT,1789558761793,0.2377,0.2378,0.23775000000000002,0.00010000000000001674,0.00042069835927646926,5104,1690,91143,107014,0.7512511039152193,0.4599534712374531
B-STX_USDT,1789558764669,0.2377,0.2378,0.23775000000000002,0.00010000000000001674,0.00042069835927646926,3996,2757,90035,108081,0.591737005775211,0.4544559752872055
B-STX_USDT,1789558766890,0.2377,0.2378,0.23775000000000002,0.00010000000000001674,0.00042069835927646926,4018,2757,90057,108081,0.5930627306273063,0.454516549071859
B-STX_USDT,1789558769089,0.2377,0.2378,0.23775000000000002,0.00010000000000001674,0.00042069835927646926,2646,2757,94325,108231,0.48972792892837314,0.46567369023874877
B-STX_USDT,1789558771273,0.2377,0.2378,0.23775000000000002,0.00010000000000001674,0.00042069835927646926,2670,3998,92379,109472,0.40041991601679666,0.4576593625991449
B-STX_USDT,1789558773466,0.2377,0.2378,0.23775000000000002,0.00010000000000001674,0.00042069835927646926,2670,4076,92379,109550,0.39579009783575453,0.4574825805109717
B-STX_USDT,1789558775661,0.2377,0.2378,0.23775000000000002,0.00010000000000001674,0.00042069835927646926,2670,4076,92379,109550,0.39579009783575453,0.4574825805109717
B-STX_USDT,1789558777856,0.2377,0.2378,0.23775000000000002,0.00010000000000001674,0.00042069835927646926,790,5954,89991,111428,0.11714116251482799,0.44678505999930496
B-STX_USDT,1789558780103,0.2377,0.2378,0.23775000000000002,0.00010000000000001674,0.00042069835927646926,790,5920,89991,111394,0.11773472429210134,0.44686049109913845
B-STX_USDT,1789558782296,0.2377,0.2378,0.23775000000000002,0.00010000000000001674,0.00042069835927646926,753,5920,89954,111394,0.11284279934062641,0.44675884538212446
B-STX_USDT,1789558784473,0.2377,0.2378,0.23775000000000002,0.00010000000000001674,0.00042069835927646926,753,5861,89954,111335,0.11384941034169943,0.44688979526948813
B-STX_USDT,1789558786647,0.2377,0.2378,0.23775000000000002,0.00010000000000001674,0.00042069835927646926,753,5861,89954,111335,0.11384941034169943,0.44688979526948813
B-STX_USDT,1789558788841,0.2377,0.2378,0.23775000000000002,0.00010000000000001674,0.00042069835927646926,1277,4620,90478,110094,0.216550788536544,0.4510998544163692
B-STX_USDT,1789558791022,0.2377,0.2378,0.23775000000000002,0.00010000000000001674,0.00042069835927646926,753,5723,89954,111197,0.11627547869054972,0.44719638480544466
B-STX_USDT,1789558793195,0.2377,0.2378,0.23775000000000002,0.00010000000000001674,0.00042069835927646926,801,5723,90002,111197,0.12277743715511956,0.4473282670391006
B-STX_USDT,1789558795385,0.2377,0.2378,0.23775000000000002,0.00010000000000001674,0.00042069835927646926,1324,5723,90525,111197,0.18788136795799631,0.44876116635766056
B-STX_USDT,1789558797570,0.2377,0.2378,0.23775000000000002,0.00010000000000001674,0.00042069835927646926,824,5723,90025,111197,0.1258591721399114,0.4473914383119142
B-STX_USDT,1789558799774,0.2377,0.2378,0.23775000000000002,0.00010000000000001674,0.00042069835927646926,824,5723,90025,111197,0.1258591721399114,0.4473914383119142
B-STX_USDT,1789558801949,0.2377,0.2378,0.23775000000000002,0.00010000000000001674,0.00042069835927646926,824,5797,85225,111271,0.12445249962241353,0.4337238417067014
B-STX_USDT,1789558804170,0.2377,0.2378,0.23775000000000002,0.00010000000000001674,0.00042069835927646926,956,5797,85357,111439,0.1415667110913668,0.43373340921563447
B-STX_USDT,1789558806388,0.2376,0.2377,0.23765,0.00009999999999998899,0.0004208754208753745,4737,1520,80562,89510,0.7570720792712162,0.473693494519968
B-STX_USDT,1789558808582,0.2375,0.2376,0.23754999999999998,0.00010000000000001674,0.00042105263157901786,1854,4431,108675,86945,0.29498806682577566,0.5555413556896023
B-STX_USDT,1789558810788,0.2376,0.2377,0.23765,0.00009999999999998899,0.0004208754208753745,1670,4622,83372,103914,0.26541640178003817,0.4451587411765962
B-STX_USDT,1789558813031,0.2378,0.2379,0.23785,0.00009999999999998899,0.00042052144659372997,38,6367,77043,97353,0.005932864949258392,0.4417704534507672
B-STX_USDT,1789558815222,0.2378,0.2379,0.23785,0.00009999999999998899,0.00042052144659372997,594,7193,75696,98146,0.07628098112238346,0.43542987310316267
B-STX_USDT,1789558817442,0.2377,0.2378,0.23775000000000002,0.00010000000000001674,0.00042069835927646926,8773,2038,139266,67237,0.8114882989547683,0.674401824670828
B-STX_USDT,1789558819616,0.2376,0.2377,0.23765,0.00009999999999998899,0.0004208754208753745,10065,278,108596,52437,0.9731219182055496,0.6743710916396018
B-STX_USDT,1789558821835,0.2376,0.2377,0.23765,0.00009999999999998899,0.0004208754208753745,9995,1476,109934,52843,0.871327695928864,0.6753656843411538
B-STX_USDT,1789558824034,0.2376,0.2377,0.23765,0.00009999999999998899,0.0004208754208753745,6895,1546,107139,55789,0.8168463452197607,0.6575849454973977
B-STX_USDT,1789558826198,0.2376,0.2377,0.23765,0.00009999999999998899,0.0004208754208753745,8114,26,108358,52135,0.9968058968058968,0.6751571719638862
B-STX_USDT,1789558828385,0.2376,0.2377,0.23765,0.00009999999999998899,0.0004208754208753745,8241,26,108400,52135,0.9968549655255836,0.6752421590307409
B-STX_USDT,1789558830610,0.2376,0.2377,0.23765,0.00009999999999998899,0.0004208754208753745,10241,26,110400,52135,0.9974676146878348,0.6792383179007598
B-STX_USDT,1789558832795,0.2376,0.2377,0.23765,0.00009999999999998899,0.0004208754208753745,10289,1727,110448,52205,0.856274966711052,0.6790406571043879
B-STX_USDT,1789558834980,0.2376,0.2377,0.23765,0.00009999999999998899,0.0004208754208753745,10289,1727,110448,52205,0.856274966711052,0.6790406571043879
B-STX_USDT,1789558837157,0.2376,0.2377,0.23765,0.00009999999999998899,0.0004208754208753745,10212,1727,110371,55492,0.8553480190970768,0.6654347262499773
B-STX_USDT,1789558839345,0.2376,0.2377,0.23765,0.00009999999999998899,0.0004208754208753745,5913,2251,106072,56153,0.7242773150416463,0.6538572969640931
B-STX_USDT,1789558841529,0.2377,0.2378,0.23775000000000002,0.00010000000000001674,0.00042069835927646926,4840,1225,99783,74441,0.7980214344600165,0.5727282119570208
B-STX_USDT,1789558843734,0.2378,0.2379,0.23785,0.00009999999999998899,0.00042052144659372997,9670,2200,80256,102569,0.814658803706824,0.4389771639546014
B-STX_USDT,1789558845901,0.2378,0.2379,0.23785,0.00009999999999998899,0.00042052144659372997,4584,2420,81747,110522,0.6544831524842947,0.4251699441927716
B-STX_USDT,1789558848076,0.2377,0.2378,0.23775000000000002,0.00010000000000001674,0.00042069835927646926,8914,1093,103961,69049,0.8907764564804637,0.6008959019709843
B-STX_USDT,1789558850243,0.2377,0.2378,0.23775000000000002,0.00010000000000001674,0.00042069835927646926,10293,61,105340,66457,0.9941085570793896,0.6131655383970617
B-STX_USDT,1789558852452,0.2378,0.2379,0.23785,0.00009999999999998899,0.00042052144659372997,2527,3700,84301,110552,0.40581339328729726,0.4326389637316336
B-STX_USDT,1789558854665,0.2378,0.2379,0.23785,0.00009999999999998899,0.00042052144659372997,2079,2371,83855,109223,0.4671910112359551,0.43430634251442424
B-STX_USDT,1789558856835,0.2378,0.2379,0.23785,0.00009999999999998899,0.00042052144659372997,2611,2402,84387,109254,0.5208458009176142,0.43579097401893196
B-STX_USDT,1789558859026,0.2378,0.2379,0.23785,0.00009999999999998899,0.00042052144659372997,2345,2402,84121,109254,0.49399620813145145,0.4350148674854557
B-STX_USDT,1789558861200,0.2378,0.2379,0.23785,0.00009999999999998899,0.00042052144659372997,11510,1741,109859,93866,0.8686136895328654,0.539251441894711
B-STX_USDT,1789558863376,0.238,0.2381,0.23804999999999998,0.00010000000000001674,0.00042016806722696115,4225,1878,80559,103738,0.6922824840242504,0.4371150914013793
B-STX_USDT,1789558865582,0.238,0.2381,0.23804999999999998,0.00010000000000001674,0.00042016806722696115,6309,2619,81062,106307,0.7066532258064516,0.4326329328757692
B-STX_USDT,1789558867761,0.238,0.2381,0.23804999999999998,0.00010000000000001674,0.00042016806722696115,6331,2095,81084,105363,0.7513648231663898,0.43489034417287487
B-STX_USDT,1789558869945,0.238,0.2381,0.23804999999999998,0.00010000000000001674,0.00042016806722696115,6794,2682,81547,105991,0.7169691853102574,0.4348292079471894
B-STX_USDT,1789558872154,0.2381,0.2382,0.23815,0.00009999999999998899,0.00041999160016795037,4336,1841,86333,94495,0.7019588797150721,0.4774315924524963
B-STX_USDT,1789558874334,0.2381,0.2382,0.23815,0.00009999999999998899,0.00041999160016795037,4640,3472,89402,96070,0.571992110453649,0.4820242408557626
B-STX_USDT,1789558876525,0.2381,0.2382,0.23815,0.00009999999999998899,0.00041999160016795037,5550,2714,90312,92674,0.6715876089060987,0.49354595433530435
B-STX_USDT,1789558878911,0.2381,0.2382,0.23815,0.00009999999999998899,0.00041999160016795037,9662,2190,95482,84574,0.8152210597367533,0.530290576265162
B-STX_USDT,1789558881092,0.2381,0.2382,0.23815,0.00009999999999998899,0.00041999160016795037,9494,2715,91967,88414,0.7776230649520846,0.5098485982448262
B-STX_USDT,1789558883256,0.2381,0.2382,0.23815,0.00009999999999998899,0.00041999160016795037,8627,2715,90637,79435,0.7606242285311232,0.5329331106825345
B-STX_USDT,1789558885461,0.2381,0.2382,0.23815,0.00009999999999998899,0.00041999160016795037,7033,3621,90169,80499,0.6601276515862586,0.5283298567979937
B-STX_USDT,1789558887635,0.2381,0.2382,0.23815,0.00009999999999998899,0.00041999160016795037,5142,3621,88278,79237,0.5867853474837385,0.5269856430767395
B-STX_USDT,1789558889805,0.2381,0.2382,0.23815,0.00009999999999998899,0.00041999160016795037,6036,3621,88709,79237,0.6250388319353837,0.5281995403284389
B-STX_USDT,1789558891989,0.2381,0.2382,0.23815,0.00009999999999998899,0.00041999160016795037,7653,3510,90108,79126,0.6855683955925826,0.5324461987543874
B-STX_USDT,1789558894170,0.2381,0.2382,0.23815,0.00009999999999998899,0.00041999160016795037,8291,2584,90746,78064,0.7623908045977011,0.5375629405840886
B-STX_USDT,1789558896366,0.2381,0.2382,0.23815,0.00009999999999998899,0.00041999160016795037,8291,2584,90746,78064,0.7623908045977011,0.5375629405840886
B-STX_USDT,1789558898540,0.2381,0.2382,0.23815,0.00009999999999998899,0.00041999160016795037,8291,2584,90746,78064,0.7623908045977011,0.5375629405840886
B-STX_USDT,1789558900740,0.2381,0.2382,0.23815,0.00009999999999998899,0.00041999160016795037,8291,2584,90746,78064,0.7623908045977011,0.5375629405840886
B-STX_USDT,1789558902962,0.2381,0.2382,0.23815,0.00009999999999998899,0.00041999160016795037,8151,1754,85206,76938,0.8229177183240788,0.52549585553582
B-STX_USDT,1789558905180,0.2381,0.2382,0.23815,0.00009999999999998899,0.00041999160016795037,4290,7159,79430,86250,0.3747052144292078,0.47941815548044425
B-STX_USDT,1789558907403,0.2381,0.2382,0.23815,0.00009999999999998899,0.00041999160016795037,4290,6810,78110,93497,0.3864864864864865,0.4551679127308327
B-STX_USDT,1789558909656,0.2381,0.2382,0.23815,0.00009999999999998899,0.00041999160016795037,4311,6838,78131,93525,0.38667145035429185,0.4551603206412826
B-STX_USDT,1789558911906,0.238,0.2381,0.23804999999999998,0.00010000000000001674,0.00042016806722696115,5515,2446,96301,89279,0.6927521668132144,0.5189190645543701
B-STX_USDT,1789558914144,0.238,0.2381,0.23804999999999998,0.00010000000000001674,0.00042016806722696115,2066,5919,92516,98152,0.2587351283656857,0.48522038307424425
B-STX_USDT,1789558916502,0.238,0.2381,0.23804999999999998,0.00010000000000001674,0.00042016806722696115,1519,4738,78039,100782,0.2427680997283043,0.43640847551462075
B-STX_USDT,1789558918965,0.238,0.2381,0.23804999999999998,0.00010000000000001674,0.00042016806722696115,4611,6390,80531,100740,0.4191437142077993,0.44425749292495764
B-STX_USDT,1789558921178,0.238,0.2381,0.23804999999999998,0.00010000000000001674,0.00042016806722696115,303,7892,75562,104242,0.036973764490543015,0.42024649062312297
B-STX_USDT,1789558923424,0.238,0.2381,0.23804999999999998,0.00010000000000001674,0.00042016806722696115,827,6892,77040,103242,0.1071382303407177,0.4273305155256764
B-STX_USDT,1789558925630,0.2379,0.238,0.23795,0.00009999999999998899,0.0004203446826397183,5336,1520,116985,64062,0.7782963827304551,0.6461581799201312
B-STX_USDT,1789558927809,0.2379,0.238,0.23795,0.00009999999999998899,0.0004203446826397183,5336,1699,116985,62111,0.7584932480454869,0.6531971679992853
B-STX_USDT,1789558929998,0.2379,0.238,0.23795,0.00009999999999998899,0.0004203446826397183,7769,1699,119418,62111,0.8205534431770173,0.6578453029543488
B-STX_USDT,1789558932212,0.238,0.2381,0.23804999999999998,0.00010000000000001674,0.00042016806722696115,2181,4326,106661,93080,0.33517750115260486,0.5339965255005231
B-STX_USDT,1789558934426,0.238,0.2381,0.23804999999999998,0.00010000000000001674,0.00042016806722696115,2181,6003,101861,94757,0.2664956011730205,0.5180654873917953
B-STX_USDT,1789558936677,0.238,0.2381,0.23804999999999998,0.00010000000000001674,0.00042016806722696115,4803,3228,104483,91832,0.5980575270825551,0.5322211751521789
B-STX_USDT,1789558938909,0.238,0.2381,0.23804999999999998,0.00010000000000001674,0.00042016806722696115,5021,3112,104701,91716,0.6173613672691504,0.533054674493552
B-STX_USDT,1789558941144,0.238,0.2381,0.23804999999999998,0.00010000000000001674,0.00042016806722696115,4944,3112,104624,91716,0.6137040714995035,0.5328715493531628
B-STX_USDT,1789558943420,0.2381,0.2382,0.23815,0.00009999999999998899,0.00041999160016795037,1030,3615,95657,85984,0.2217438105489774,0.5266266977169252
B-STX_USDT,1789558945659,0.2382,0.2383,0.23825000000000002,0.00010000000000001674,0.00041981528127630875,1956,1591,87783,74516,0.5514519312094728,0.5408720940979304
B-STX_USDT,1789558947908,0.2382,0.2383,0.23825000000000002,0.00010000000000001674,0.00041981528127630875,6541,1542,105749,64834,0.8092292465668688,0.6199269563790061
B-STX_USDT,1789558950123,0.2383,0.2384,0.23835,0.00009999999999998899,0.0004196391103650398,2699,3228,89779,85485,0.4553737135144255,0.5122500912908526
B-STX_USDT,1789558952313,0.2383,0.2384,0.23835,0.00009999999999998899,0.0004196391103650398,6016,1457,110023,68298,0.8050314465408805,0.6169940724872561
B-STX_USDT,1789558954499,0.2384,0.2385,0.23845,0.00009999999999998899,0.00041946308724827595,1098,3532,78313,92997,0.2371490280777538,0.45714202323273595
B-STX_USDT,1789558956714,0.2383,0.2384,0.23835,0.00009999999999998899,0.0004196391103650398,7552,1670,108939,69821,0.8189112990674474,0.609414857910047
B-STX_USDT,1789558958878,0.2383,0.2384,0.23835,0.00009999999999998899,0.0004196391103650398,307,7179,81365,85761,0.04100988511888859,0.4868482462333808
B-STX_USDT,1789558961097,0.2383,0.2384,0.23835,0.00009999999999998899,0.0004196391103650398,684,7179,81742,80361,0.08698969858832507,0.5042596373910415
B-STX_USDT,1789558963334,0.2383,0.2384,0.23835,0.00009999999999998899,0.0004196391103650398,590,6828,81239,80032,0.0795362631437045,0.5037421483093675
B-STX_USDT,1789558965804,0.2382,0.2383,0.23825000000000002,0.00010000000000001674,0.00041981528127630875,3060,1940,101199,54613,0.612,0.6494942623161246
B-STX_USDT,1789558968048,0.2382,0.2383,0.23825000000000002,0.00010000000000001674,0.00041981528127630875,3060,1963,101199,54613,0.6091976906231336,0.6494942623161246
B-STX_USDT,1789558970535,0.2382,0.2383,0.23825000000000002,0.00010000000000001674,0.00041981528127630875,6138,513,107412,51578,0.9228687415426252,0.6755896597270269
B-STX_USDT,1789558972753,0.2384,0.2385,0.23845,0.00009999999999998899,0.00041946308724827595,269,6119,78110,98393,0.04211020663744521,0.4425420531095789
B-STX_USDT,1789558974977,0.2384,0.2385,0.23845,0.00009999999999998899,0.00041946308724827595,1002,5094,81476,97368,0.1643700787401575,0.4555702176198251
B-STX_USDT,1789558977201,0.2384,0.2385,0.23845,0.00009999999999998899,0.00041946308724827595,2513,5094,80987,95368,0.3303536216642566,0.45922712710158486
B-STX_USDT,1789558979426,0.2384,0.2385,0.23845,0.00009999999999998899,0.00041946308724827595,1687,4926,80161,95200,0.25510358384999243,0.45711988412474835
B-STX_USDT,1789558981688,0.2385,0.2386,0.23854999999999998,0.00010000000000001674,0.00041928721174011216,9598,2196,80338,88331,0.8138036289638799,0.47630566375563976
B-STX_USDT,1789558983939,0.2386,0.2387,0.23865,0.00009999999999998899,0.00041911148365460595,23,6957,70431,92383,0.0032951289398280804,0.4325856498826882
B-STX_USDT,1789558986147,0.2386,0.2387,0.23865,0.00009999999999998899,0.00041911148365460595,3799,1799,77831,88538,0.6786352268667382,0.4678215292512427
B-STX_USDT,1789558988327,0.2386,0.2387,0.23865,0.00009999999999998899,0.00041911148365460595,4122,2295,77858,88858,0.6423562412342216,0.4670097651095276
B-STX_USDT,1789558990498,0.2386,0.2387,0.23865,0.00009999999999998899,0.00041911148365460595,4122,2086,77858,88754,0.6639819587628866,0.4673012748181404
B-STX_USDT,1789558992657,0.2386,0.2387,0.23865,0.00009999999999998899,0.00041911148365460595,4122,2699,77858,89346,0.6043102184430436,0.4656467548623239
B-STX_USDT,1789558994884,0.2387,0.2388,0.23875000000000002,0.00010000000000001674,0.0004189359028069407,1097,4328,55898,84249,0.20221198156682027,0.3988526333064568
B-STX_USDT,1789558997089,0.2387,0.2388,0.23875000000000002,0.00010000000000001674,0.0004189359028069407,3290,2257,67615,78600,0.5931133946277267,0.46243545463871694
B-STX_USDT,1789558999284,0.2386,0.2387,0.23865,0.00009999999999998899,0.00041911148365460595,3328,5492,101444,72403,0.37732426303854877,0.5835245934643681
B-STX_USDT,1789559001469,0.2386,0.2387,0.23865,0.00009999999999998899,0.00041911148365460595,2640,4919,100756,72194,0.3492525466331525,0.5825729979762937
B-STX_USDT,1789559003642,0.2386,0.2387,0.23865,0.00009999999999998899,0.00041911148365460595,3885,1499,101582,68218,0.7215824665676077,0.5982449941107185
B-STX_USDT,1789559005817,0.2386,0.2387,0.23865,0.00009999999999998899,0.00041911148365460595,6029,1520,102468,60961,0.7986488276592926,0.6269878662905605
B-STX_USDT,1789559008019,0.2386,0.2387,0.23865,0.00009999999999998899,0.00041911148365460595,2356,1421,98795,63397,0.6237754831877151,0.6091237545624938
B-STX_USDT,1789559010216,0.2386,0.2387,0.23865,0.00009999999999998899,0.00041911148365460595,113,7528,88249,82952,0.014788640230336344,0.5154701199175239
B-STX_USDT,1789559012404,0.2386,0.2387,0.23865,0.00009999999999998899,0.00041911148365460595,3259,2185,99627,72059,0.5986407053637032,0.5802861037009425
B-STX_USDT,1789559014575,0.2386,0.2387,0.23865,0.00009999999999998899,0.00041911148365460595,3492,1542,100460,71416,0.6936829558998808,0.584491144778794
B-STX_USDT,1789559016766,0.2386,0.2387,0.23865,0.00009999999999998899,0.00041911148365460595,3516,1692,100484,71566,0.6751152073732719,0.5840395233943622
B-STX_USDT,1789559018964,0.2386,0.2387,0.23865,0.00009999999999998899,0.00041911148365460595,3602,616,100570,70490,0.853959222380275,0.5879223664211388
B-STX_USDT,1789559021142,0.2386,0.2387,0.23865,0.00009999999999998899,0.00041911148365460595,5970,685,102938,66999,0.8970698722764838,0.6057421279650694
B-STX_USDT,1789559023329,0.2388,0.2389,0.23885,0.00009999999999998899,0.00041876046901167917,4705,481,82467,71365,0.9072502892402623,0.5360848198034219
B-STX_USDT,1789559025518,0.2389,0.239,0.23895,0.00009999999999998899,0.0004185851820845081,6211,22,67004,73987,0.9964703994866035,0.47523600797214005
B-STX_USDT,1789559027700,0.2389,0.239,0.23895,0.00009999999999998899,0.0004185851820845081,1516,2962,59601,89630,0.33854399285395265,0.3993875267203195
B-STX_USDT,1789559029877,0.2389,0.239,0.23895,0.00009999999999998899,0.0004185851820845081,1236,4225,59921,89635,0.22633217359457974,0.40065928481638985
B-STX_USDT,1789559032105,0.239,0.2391,0.23904999999999998,0.00010000000000001674,0.00041841004184107425,11083,594,78156,64831,0.9491307698895264,0.5465951450131831
B-STX_USDT,1789559034312,0.2391,0.2392,0.23915,0.00009999999999998899,0.00041823504809698444,986,2863,44778,78775,0.25617043387892957,0.36241936658761825
B-STX_USDT,1789559036538,0.2391,0.2392,0.23915,0.00009999999999998899,0.00041823504809698444,1919,4622,51245,86936,0.29338021709218776,0.370854169531267
B-STX_USDT,1789559038746,0.2391,0.2392,0.23915,0.00009999999999998899,0.00041823504809698444,24,6025,44278,87683,0.003967597950074392,0.3355385303233531
B-STX_USDT,1789559040952,0.2391,0.2392,0.23915,0.00009999999999998899,0.00041823504809698444,1198,9232,49325,86340,0.11486097794822626,0.36357940515239745
B-STX_USDT,1789559043710,0.2392,0.2393,0.23925000000000002,0.00010000000000001674,0.0004180602006689663,1557,6725,62455,100447,0.18799806809949288,0.3833900136278253
B-STX_USDT,1789559045886,0.2391,0.2392,0.23915,0.00009999999999998899,0.00041823504809698444,1558,2782,67326,79118,0.35898617511520736,0.45973887629401
B-STX_USDT,1789559048116,0.2391,0.2392,0.23915,0.00009999999999998899,0.00041823504809698444,1561,2782,49583,87975,0.3594289661524292,0.3604515913287486
B-STX_USDT,1789559050300,0.2391,0.2392,0.23915,0.00009999999999998899,0.00041823504809698444,3422,2738,73131,80804,0.5555194805194805,0.4750771429499464
B-STX_USDT,1789559052480,0.239,0.2391,0.23904999999999998,0.00010000000000001674,0.00041841004184107425,4473,1493,74729,66010,0.7497485752598055,0.5309757778583051
B-STX_USDT,1789559054672,0.239,0.2391,0.23904999999999998,0.00010000000000001674,0.00041841004184107425,539,7641,65232,91905,0.06589242053789732,0.4151282002329178
B-STX_USDT,1789559056900,0.2389,0.239,0.23895,0.00009999999999998899,0.0004185851820845081,3127,2238,97253,63175,0.5828518173345759,0.6062096392150996
B-STX_USDT,1789559059126,0.2389,0.239,0.23895,0.00009999999999998899,0.0004185851820845081,8610,49,106720,50449,0.994341147938561,0.6790143094376118
B-STX_USDT,1789559061805,0.2389,0.239,0.23895,0.00009999999999998899,0.0004185851820845081,6573,1519,104683,53113,0.8122837370242214,0.6634071839590358
B-STX_USDT,1789559064064,0.239,0.2391,0.23904999999999998,0.00010000000000001674,0.00041841004184107425,19,5083,70152,91582,0.003724029792238338,0.4337492425835013
B-STX_USDT,1789559066320,0.2389,0.239,0.23895,0.00009999999999998899,0.0004185851820845081,3998,2575,101815,60860,0.608245854252244,0.6258798217304441
B-STX_USDT,1789559068560,0.2389,0.239,0.23895,0.00009999999999998899,0.0004185851820845081,3902,2725,101939,54533,0.5888033801116644,0.6514839715731888
B-STX_USDT,1789559071100,0.2389,0.239,0.23895,0.00009999999999998899,0.0004185851820845081,2916,2725,100953,54533,0.5169296224073746,0.6492738896106401
B-STX_USDT,1789559073324,0.2389,0.239,0.23895,0.00009999999999998899,0.0004185851820845081,5206,2014,103023,53593,0.7210526315789474,0.6578063543954641
B-STX_USDT,1789559075802,0.2389,0.239,0.23895,0.00009999999999998899,0.0004185851820845081,4085,2014,101902,53593,0.6697819314641744,0.6553393999807068
B-STX_USDT,1789559078072,0.2389,0.239,0.23895,0.00009999999999998899,0.0004185851820845081,5440,1864,103257,53478,0.7447973713033954,0.6587998851564743
B-STX_USDT,1789559080331,0.2389,0.239,0.23895,0.00009999999999998899,0.0004185851820845081,5434,1735,103251,54288,0.7579857720742084,0.655399615333346
B-STX_USDT,1789559082591,0.239,0.2391,0.23904999999999998,0.00010000000000001674,0.00041841004184107425,704,4527,75011,89090,0.1345822978398012,0.4571026380095185
B-STX_USDT,1789559084838,0.239,0.2391,0.23904999999999998,0.00010000000000001674,0.00041841004184107425,1543,1751,74074,86314,0.4684274438372799,0.46184253186023894
B-STX_USDT,1789559087029,0.239,0.2391,0.23904999999999998,0.00010000000000001674,0.00041841004184107425,6515,1520,78721,71792,0.8108276291225887,0.523017945293762
B-STX_USDT,1789559089296,0.2391,0.2392,0.23915,0.00009999999999998899,0.00041823504809698444,635,3380,57441,99925,0.1581569115815691,0.3650153146168804
B-STX_USDT,1789559091553,0.2391,0.2392,0.23915,0.00009999999999998899,0.00041823504809698444,3745,1665,61099,94661,0.6922365988909427,0.392263739085773
B-STX_USDT,1789559093792,0.2392,0.2393,0.23925000000000002,0.00010000000000001674,0.0004180602006689663,1969,6490,76623,110645,0.23276983094928477,0.40916227011555634
B-STX_USDT,1789559096306,0.2392,0.2393,0.23925000000000002,0.00010000000000001674,0.0004180602006689663,2052,3449,76100,107729,0.373023086711507,0.4139716802027972
B-STX_USDT,1789559098534,0.2392,0.2393,0.23925000000000002,0.00010000000000001674,0.0004180602006689663,1172,3575,76544,107730,0.24689277438382137,0.41538144285140605
B-STX_USDT,1789559100787,0.2392,0.2393,0.23925000000000002,0.00010000000000001674,0.0004180602006689663,46,5135,72189,110333,0.008878594865856012,0.3955084866481849
B-STX_USDT,1789559103034,0.2392,0.2393,0.23925000000000002,0.00010000000000001674,0.0004180602006689663,2059,3666,80110,109622,0.3596506550218341,0.4222271414416124
B-STX_USDT,1789559105289,0.2392,0.2393,0.23925000000000002,0.00010000000000001674,0.0004180602006689663,593,4089,70052,110192,0.12665527552328065,0.3886509398371097
B-STX_USDT,1789559107571,0.2392,0.2393,0.23925000000000002,0.00010000000000001674,0.0004180602006689663,593,4089,72385,110191,0.12665527552328065,0.3964650337393743
B-STX_USDT,1789559109848,0.2391,0.2392,0.23915,0.00009999999999998899,0.00041823504809698444,6526,1519,82827,79955,0.8111870727159727,0.5088216141833863
B-STX_USDT,1789559112069,0.2391,0.2392,0.23915,0.00009999999999998899,0.00041823504809698444,871,4440,74560,89072,0.16399924684616832,0.45565659528698543
B-STX_USDT,1789559114279,0.2391,0.2392,0.23915,0.00009999999999998899,0.00041823504809698444,347,4530,74036,89162,0.07115029731392249,0.4536575203127489
B-STX_USDT,1789559116516,0.239,0.2391,0.23904999999999998,0.00010000000000001674,0.00041841004184107425,10227,404,82994,58588,0.9619979305803782,0.5861903349295814
B-STX_USDT,1789559118772,0.239,0.2391,0.23904999999999998,0.00010000000000001674,0.00041841004184107425,10227,747,83236,58931,0.9319300164024057,0.5854804560833387
B-STX_USDT,1789559120980,0.239,0.2391,0.23904999999999998,0.00010000000000001674,0.00041841004184107425,1649,2414,72661,79286,0.40585774058577406,0.47819963539918525
B-STX_USDT,1789559123247,0.239,0.2391,0.23904999999999998,0.00010000000000001674,0.00041841004184107425,1481,2055,74583,78927,0.4188348416289593,0.48585108461989446
B-STX_USDT,1789559125444,0.239,0.2391,0.23904999999999998,0.00010000000000001674,0.00041841004184107425,7189,1714,80288,75133,0.8074806245085926,0.5165839880067687
B-STX_USDT,1789559128703,0.2389,0.239,0.23895,0.00009999999999998899,0.0004185851820845081,7585,2192,101751,59177,0.775800347754935,0.6322765460330085
B-STX_USDT,1789559130907,0.2389,0.239,0.23895,0.00009999999999998899,0.0004185851820845081,3371,4503,97957,85185,0.42811785623571247,0.53486911795219
B-STX_USDT,1789559133106,0.2389,0.239,0.23895,0.00009999999999998899,0.0004185851820845081,1520,5475,75204,113054,0.21729807005003574,0.39947306356170786
B-STX_USDT,1789559135329,0.2389,0.239,0.23895,0.00009999999999998899,0.0004185851820845081,5522,2065,80079,109044,0.7278239093185712,0.42342285179486366
B-STX_USDT,1789559137526,0.2389,0.239,0.23895,0.00009999999999998899,0.0004185851820845081,3425,3475,77982,111054,0.4963768115942029,0.41252459848917666
B-STX_USDT,1789559139762,0.2389,0.239,0.23895,0.00009999999999998899,0.0004185851820845081,3425,4531,77982,112110,0.43049270990447464,0.4102329398396566
B-STX_USDT,1789559141972,0.2389,0.239,0.23895,0.00009999999999998899,0.0004185851820845081,3425,4740,77982,112319,0.419473361910594,0.40978239735997185
B-STX_USDT,1789559144285,0.2387,0.2388,0.23875000000000002,0.00010000000000001674,0.0004189359028069407,5969,2038,102312,85007,0.7454727113775447,0.5461912566263967
B-STX_USDT,1789559146494,0.2387,0.2388,0.23875000000000002,0.00010000000000001674,0.0004189359028069407,5969,2038,102312,85007,0.7454727113775447,0.5461912566263967
B-STX_USDT,1789559148690,0.2387,0.2388,0.23875000000000002,0.00010000000000001674,0.0004189359028069407,6760,2059,102861,79605,0.7665268170994444,0.5637269409095393
B-STX_USDT,1789559150911,0.2386,0.2387,0.23865,0.00009999999999998899,0.00041911148365460595,594,6055,79413,83812,0.08933674236727328,0.4865247357941492
B-STX_USDT,1789559153160,0.2385,0.2386,0.23854999999999998,0.00010000000000001674,0.00041928721174011216,6290,2334,103047,65229,0.7293599257884972,0.61236896527134
B-STX_USDT,1789559155388,0.2385,0.2386,0.23854999999999998,0.00010000000000001674,0.00041928721174011216,6348,2334,103105,65229,0.7311679336558397,0.6125025247424762
B-STX_USDT,1789559157582,0.2385,0.2386,0.23854999999999998,0.00010000000000001674,0.00041928721174011216,6397,2379,103154,65274,0.7289197812215132,0.612451611371031
B-STX_USDT,1789559159802,0.2385,0.2386,0.23854999999999998,0.00010000000000001674,0.00041928721174011216,7116,1479,102648,63624,0.8279232111692845,0.6173498845265589
B-STX_USDT,1789559162010,0.2386,0.2387,0.23865,0.00009999999999998899,0.00041911148365460595,7839,1719,83288,89153,0.82015065913371,0.4829941835178409
B-STX_USDT,1789559164260,0.2386,0.2387,0.23865,0.00009999999999998899,0.00041911148365460595,7830,1730,85247,89164,0.8190376569037657,0.488770777072547
B-STX_USDT,1789559166497,0.2386,0.2387,0.23865,0.00009999999999998899,0.00041911148365460595,7830,1730,85247,89164,0.8190376569037657,0.488770777072547
B-STX_USDT,1789559168704,0.2386,0.2387,0.23865,0.00009999999999998899,0.00041911148365460595,7830,1730,85247,89164,0.8190376569037657,0.488770777072547
B-STX_USDT,1789559170887,0.2386,0.2387,0.23865,0.00009999999999998899,0.00041911148365460595,4502,4049,81826,91483,0.5264881300432698,0.47213935802526125
B-STX_USDT,1789559173061,0.2385,0.2386,0.23854999999999998,0.00010000000000001674,0.00041928721174011216,843,6493,96380,85509,0.11491275899672847,0.529883610333775
B-STX_USDT,1789559175239,0.2384,0.2385,0.23845,0.00009999999999998899,0.00041946308724827595,11860,661,111262,54614,0.9472086894018049,0.6707540572475825
B-STX_USDT,1789559177412,0.2385,0.2386,0.23854999999999998,0.00010000000000001674,0.00041928721174011216,5792,2682,80945,75445,0.6835024781685155,0.5175842445169129
B-STX_USDT,1789559179606,0.2385,0.2386,0.23854999999999998,0.00010000000000001674,0.00041928721174011216,3765,3740,78500,81880,0.5016655562958028,0.4894625264995635
B-STX_USDT,1789559181783,0.2385,0.2386,0.23854999999999998,0.00010000000000001674,0.00041928721174011216,18960,2682,93243,73103,0.8760742999722761,0.5605364721724598
B-STX_USDT,1789559183967,0.2385,0.2386,0.23854999999999998,0.00010000000000001674,0.00041928721174011216,15302,1785,88005,79386,0.8955346169602622,0.525745111744359
B-STX_USDT,1789559186163,0.2385,0.2386,0.23854999999999998,0.00010000000000001674,0.00041928721174011216,15302,2154,88005,79755,0.8766040329972502,0.5245886981402003
B-STX_USDT,1789559188352,0.2385,0.2386,0.23854999999999998,0.00010000000000001674,0.00041928721174011216,15332,2154,88035,79755,0.8768157383049296,0.5246736992669409
B-STX_USDT,1789559190586,0.2385,0.2386,0.23854999999999998,0.00010000000000001674,0.00041928721174011216,16243,1037,88979,70338,0.9399884259259259,0.5585028590796964
B-STX_USDT,1789559192782,0.2385,0.2386,0.23854999999999998,0.00010000000000001674,0.00041928721174011216,15322,1037,88058,86644,0.9366098172259918,0.5040468912777186
B-STX_USDT,1789559194990,0.2385,0.2386,0.23854999999999998,0.00010000000000001674,0.00041928721174011216,17682,1037,90418,79063,0.9446017415460227,0.5334993303084121
B-STX_USDT,1789559197223,0.2385,0.2386,0.23854999999999998,0.00010000000000001674,0.00041928721174011216,17682,507,90418,78533,0.9721260102259608,0.5351729199590414
B-STX_USDT,1789559199432,0.2385,0.2386,0.23854999999999998,0.00010000000000001674,0.00041928721174011216,5219,2987,80726,103119,0.6359980502071655,0.4390981533356904
B-STX_USDT,1789559201618,0.2384,0.2385,0.23845,0.00009999999999998899,0.00041946308724827595,4486,2045,95349,85427,0.6868779666207319,0.5274428021418772
B-STX_USDT,1789559203905,0.2384,0.2385,0.23845,0.00009999999999998899,0.00041946308724827595,3984,2068,95268,84850,0.6582947785855915,0.5289199302679355
B-STX_USDT,1789559206116,0.2384,0.2385,0.23845,0.00009999999999998899,0.00041946308724827595,5111,1786,96395,84568,0.7410468319559229,0.5326779507413117
B-STX_USDT,1789559208301,0.2384,0.2385,0.23845,0.00009999999999998899,0.00041946308724827595,5111,1817,96395,85199,0.7377309468822171,0.5308270097029637
B-STX_USDT,1789559210500,0.2384,0.2385,0.23845,0.00009999999999998899,0.00041946308724827595,5254,1817,96538,79799,0.7430349314099844,0.5474630962305131
B-STX_USDT,1789559212724,0.2384,0.2385,0.23845,0.00009999999999998899,0.00041946308724827595,3150,1817,94434,79799,0.6341856251258304,0.541998358519913
B-STX_USDT,1789559214911,0.2384,0.2385,0.23845,0.00009999999999998899,0.00041946308724827595,3173,1817,94457,79799,0.635871743486974,0.5420588100266275
B-STX_USDT,1789559217105,0.2384,0.2385,0.23845,0.00009999999999998899,0.00041946308724827595,8139,1050,100023,78531,0.8857329415605616,0.5601834739070534
B-STX_USDT,1789559219298,0.2385,0.2386,0.23854999999999998,0.00010000000000001674,0.00041928721174011216,1203,3384,77114,104055,0.2622629169391759,0.4256467717987073
B-STX_USDT,1789559221530,0.2385,0.2386,0.23854999999999998,0.00010000000000001674,0.00041928721174011216,1890,3384,76004,103813,0.3583617747440273,0.42267416317700773
B-STX_USDT,1789559223759,0.2385,0.2386,0.23854999999999998,0.00010000000000001674,0.00041928721174011216,1890,3384,76604,103813,0.3583617747440273,0.42459413469905827
B-STX_USDT,1789559225954,0.2385,0.2386,0.23854999999999998,0.00010000000000001674,0.00041928721174011216,3321,1642,78908,102071,0.6691517227483377,0.4360063874814205
B-STX_USDT,1789559228160,0.2385,0.2386,0.23854999999999998,0.00010000000000001674,0.00041928721174011216,6644,716,82231,100995,0.9027173913043478,0.44879547662449654
B-STX_USDT,1789559230354,0.2386,0.2387,0.23865,0.00009999999999998899,0.00041911148365460595,2108,7069,66546,129224,0.2297046965239185,0.3399192930479644
B-STX_USDT,1789559232535,0.2386,0.2387,0.23865,0.00009999999999998899,0.00041911148365460595,5479,2489,79115,125312,0.6876255020080321,0.3870085654047655
B-STX_USDT,1789559234713,0.2386,0.2387,0.23865,0.00009999999999998899,0.00041911148365460595,5479,2511,80435,125334,0.6857321652065081,0.39089950381252764
B-STX_USDT,1789559236886,0.2386,0.2387,0.23865,0.00009999999999998899,0.00041911148365460595,2108,6121,75144,135612,0.25616721351318505,0.3565450093947503
B-STX_USDT,1789559239066,0.2385,0.2386,0.23854999999999998,0.00010000000000001674,0.00041928721174011216,4671,2843,94758,90152,0.6216396060686719,0.5124547076956357
B-STX_USDT,1789559241294,0.2385,0.2386,0.23854999999999998,0.00010000000000001674,0.00041928721174011216,5259,1543,95375,90230,0.773154954425169,0.5138600792004526
B-STX_USDT,1789559243504,0.2385,0.2386,0.23854999999999998,0.00010000000000001674,0.00041928721174011216,6307,1566,96423,84596,0.8010923409119777,0.5326678414973014
B-STX_USDT,1789559245725,0.2386,0.2387,0.23865,0.00009999999999998899,0.00041911148365460595,2132,4809,77596,129500,0.30716035153436105,0.37468613589832733
B-STX_USDT,1789559247914,0.2386,0.2387,0.23865,0.00009999999999998899,0.00041911148365460595,2030,4314,77494,129005,0.3199873896595208,0.3752754250625911
B-STX_USDT,1789559250077,0.2386,0.2387,0.23865,0.00009999999999998899,0.00041911148365460595,6591,2467,101150,124326,0.727644071538971,0.4486065035746598
B-STX_USDT,1789559252273,0.2386,0.2387,0.23865,0.00009999999999998899,0.00041911148365460595,5457,2991,101336,125000,0.6459517045454546,0.44772373815919697
B-STX_USDT,1789559254775,0.2386,0.2387,0.23865,0.00009999999999998899,0.00041911148365460595,3593,2991,99350,125000,0.5457168894289186,0.4428348562513929
B-STX_USDT,1789559256981,0.2386,0.2387,0.23865,0.00009999999999998899,0.00041911148365460595,3593,2991,99350,125000,0.5457168894289186,0.4428348562513929
B-STX_USDT,1789559259149,0.2385,0.2386,0.23854999999999998,0.00010000000000001674,0.00041928721174011216,19145,2843,102604,90029,0.8707022012006549,0.5326397865370939
B-STX_USDT,1789559261365,0.2385,0.2386,0.23854999999999998,0.00010000000000001674,0.00041928721174011216,19667,2843,103126,92029,0.8737005775211018,0.5284312469575466
B-STX_USDT,1789559263563,0.2386,0.2387,0.23865,0.00009999999999998899,0.00041911148365460595,1036,12121,76595,137779,0.07874135441210002,0.35729612732887384
B-STX_USDT,1789559265786,0.2386,0.2387,0.23865,0.00009999999999998899,0.00041911148365460595,594,10121,76153,135779,0.05543630424638357,0.359327520147972
B-STX_USDT,1789559267995,0.2386,0.2387,0.23865,0.00009999999999998899,0.00041911148365460595,1182,10121,85279,135779,0.10457400690082279,0.38577658352106686
B-STX_USDT,1789559270184,0.2386,0.2387,0.23865,0.00009999999999998899,0.00041911148365460595,1017,7958,85114,133616,0.11331476323119777,0.3891281488593243
B-STX_USDT,1789559272379,0.2386,0.2387,0.23865,0.00009999999999998899,0.00041911148365460595,1017,7984,85114,133642,0.11298744583935118,0.3890818994679003
B-STX_USDT,1789559274569,0.2386,0.2387,0.23865,0.00009999999999998899,0.00041911148365460595,493,7984,83648,133642,0.05815736699303999,0.38496019144921534
B-STX_USDT,1789559276850,0.2386,0.2387,0.23865,0.00009999999999998899,0.00041911148365460595,518,8035,83999,133693,0.06056354495498655,0.38586167612957756
B-STX_USDT,1789559279041,0.2386,0.2387,0.23865,0.00009999999999998899,0.00041911148365460595,518,9038,83999,134696,0.05420678107994977,0.3840920002743547
B-STX_USDT,1789559281248,0.2386,0.2387,0.23865,0.00009999999999998899,0.00041911148365460595,518,9477,82679,135260,0.05182591295647824,0.37936762121511064
B-STX_USDT,1789559283447,0.2385,0.2386,0.23854999999999998,0.00010000000000001674,0.00041928721174011216,18364,7052,105890,99405,0.7225369845766446,0.5157943447234468
B-STX_USDT,1789559285633,0.2385,0.2386,0.23854999999999998,0.00010000000000001674,0.00041928721174011216,20185,2282,107711,93345,0.8984288066942627,0.5357263647938882
B-STX_USDT,1789559287863,0.2385,0.2386,0.23854999999999998,0.00010000000000001674,0.00041928721174011216,20209,2282,107735,93345,0.8985371926548397,0.5357817783966581
B-STX_USDT,1789559290141,0.2385,0.2386,0.23854999999999998,0.00010000000000001674,0.00041928721174011216,21277,330,108803,89729,0.9847271717498959,0.5480375959543046
B-STX_USDT,1789559292334,0.2385,0.2386,0.23854999999999998,0.00010000000000001674,0.00041928721174011216,21277,1047,108803,90446,0.9530998029027056,0.5460654758618613
B-STX_USDT,1789559294531,0.2385,0.2386,0.23854999999999998,0.00010000000000001674,0.00041928721174011216,20079,2703,107522,92067,0.8813537002897024,0.5387170635656273
B-STX_USDT,1789559296725,0.2385,0.2386,0.23854999999999998,0.00010000000000001674,0.00041928721174011216,20111,2703,107554,92067,0.8815201192250373,0.538791008961983
B-STX_USDT,1789559298908,0.2385,0.2386,0.23854999999999998,0.00010000000000001674,0.00041928721174011216,20132,2703,107575,92573,0.8816290781694767,0.5374772668225513
B-STX_USDT,1789559301100,0.2385,0.2386,0.23854999999999998,0.00010000000000001674,0.00041928721174011216,20245,3761,107688,93275,0.8433308339581771,0.5358598348949807
B-STX_USDT,1789559303306,0.2385,0.2386,0.23854999999999998,0.00010000000000001674,0.00041928721174011216,19674,2835,107117,97749,0.8740503798480608,0.5228637255571935
B-STX_USDT,1789559305512,0.2385,0.2386,0.23854999999999998,0.00010000000000001674,0.00041928721174011216,20105,2311,107548,97075,0.8969039971448965,0.5255909648475489
B-STX_USDT,1789559307701,0.2385,0.2386,0.23854999999999998,0.00010000000000001674,0.00041928721174011216,20126,2343,107569,97107,0.8957229961279985,0.5255574664347554
B-STX_USDT,1789559309905,0.2385,0.2386,0.23854999999999998,0.00010000000000001674,0.00041928721174011216,20074,2867,107517,97631,0.8750272437993113,0.5240947998518143
B-STX_USDT,1789559312087,0.2385,0.2386,0.23854999999999998,0.00010000000000001674,0.00041928721174011216,18954,3793,106397,98707,0.8332527366246099,0.5187465870972775
B-STX_USDT,1789559314279,0.2385,0.2386,0.23854999999999998,0.00010000000000001674,0.00041928721174011216,18954,3793,106502,98707,0.8332527366246099,0.5189928316984148
B-STX_USDT,1789559316452,0.2385,0.2386,0.23854999999999998,0.00010000000000001674,0.00041928721174011216,18954,3771,110696,98685,0.834059405940594,0.5286821631380115
B-STX_USDT,1789559318628,0.2385,0.2386,0.23854999999999998,0.00010000000000001674,0.00041928721174011216,18954,3921,110696,98835,0.8285901639344262,0.5283036877598064
B-STX_USDT,1789559320796,0.2385,0.2386,0.23854999999999998,0.00010000000000001674,0.00041928721174011216,18930,4130,110672,99044,0.8209019947961839,0.5277232066222892
B-STX_USDT,1789559322980,0.2385,0.2386,0.23854999999999998,0.00010000000000001674,0.00041928721174011216,18930,3771,110605,98685,0.8338839698691688,0.5284772325481389
B-STX_USDT,1789559325149,0.2383,0.2384,0.23835,0.00009999999999998899,0.0004196391103650398,5155,1599,123479,57248,0.7632514065738821,0.6832349344591566
B-STX_USDT,1789559327331,0.2383,0.2384,0.23835,0.00009999999999998899,0.0004196391103650398,4353,2525,123550,57118,0.6328874672870021,0.6838510416897292
B-STX_USDT,1789559329580,0.2383,0.2384,0.23835,0.00009999999999998899,0.0004196391103650398,5007,2525,124204,57118,0.6647636749867233,0.6849913413706004
B-STX_USDT,1789559331843,0.2383,0.2384,0.23835,0.00009999999999998899,0.0004196391103650398,5047,2525,124284,57118,0.6665346011621764,0.6851302631724017
B-STX_USDT,1789559334079,0.2383,0.2384,0.23835,0.00009999999999998899,0.0004196391103650398,5068,2525,124305,57118,0.6674568681680495,0.6851667098438456
B-STX_USDT,1789559336261,0.2383,0.2384,0.23835,0.00009999999999998899,0.0004196391103650398,910,6806,111472,93405,0.11793675479523069,0.544092309043963
B-STX_USDT,1789559338439,0.2383,0.2384,0.23835,0.00009999999999998899,0.0004196391103650398,658,8821,67610,93386,0.06941660512712311,0.41994832169743346
B-STX_USDT,1789559340611,0.2383,0.2384,0.23835,0.00009999999999998899,0.0004196391103650398,1182,6821,56029,87192,0.14769461451955518,0.3912065967979556
B-STX_USDT,1789559342779,0.2383,0.2384,0.23835,0.00009999999999998899,0.0004196391103650398,682,8059,55529,88430,0.07802310948404073,0.3857278808549657
B-STX_USDT,1789559344950,0.2383,0.2384,0.23835,0.00009999999999998899,0.0004196391103650398,540,8892,55387,89263,0.05725190839694656,0.382903560318009
B-STX_USDT,1789559347125,0.2383,0.2384,0.23835,0.00009999999999998899,0.0004196391103650398,540,8918,55347,89289,0.057094523155001055,0.38266406703725214
B-STX_USDT,1789559349307,0.2383,0.2384,0.23835,0.00009999999999998899,0.0004196391103650398,540,8918,55347,89289,0.057094523155001055,0.38266406703725214
B-STX_USDT,1789559351525,0.2383,0.2384,0.23835,0.00009999999999998899,0.0004196391103650398,3262,3889,60850,86875,0.4561599776255069,0.4119140294466069
B-STX_USDT,1789559353775,0.2383,0.2384,0.23835,0.00009999999999998899,0.0004196391103650398,1250,3765,75259,84754,0.24925224327018944,0.4703305356439789
B-STX_USDT,1789559356140,0.2383,0.2384,0.23835,0.00009999999999998899,0.0004196391103650398,1100,5777,75109,95692,0.1599534680820125,0.4397456689363645
B-STX_USDT,1789559358332,0.2383,0.2384,0.23835,0.00009999999999998899,0.0004196391103650398,802,5935,74811,95850,0.11904408490426005,0.43836025805544326
B-STX_USDT,1789559360528,0.2383,0.2384,0.23835,0.00009999999999998899,0.0004196391103650398,1326,7073,75335,96988,0.15787593761162044,0.4371732154152377
B-STX_USDT,1789559363169,0.2383,0.2384,0.23835,0.00009999999999998899,0.0004196391103650398,2402,6331,75126,96246,0.2750486659796175,0.43837966528954553
B-STX_USDT,1789559365347,0.2383,0.2384,0.23835,0.00009999999999998899,0.0004196391103650398,5397,3307,78121,85626,0.6200597426470589,0.47708354962228317
B-STX_USDT,1789559367545,0.2383,0.2384,0.23835,0.00009999999999998899,0.0004196391103650398,5382,3333,78106,85502,0.6175559380378658,0.4773971932912816
B-STX_USDT,1789559369711,0.2383,0.2384,0.23835,0.00009999999999998899,0.0004196391103650398,5391,2809,78115,83658,0.6574390243902439,0.48286796931502785
B-STX_USDT,1789559371909,0.2383,0.2384,0.23835,0.00009999999999998899,0.0004196391103650398,5391,3578,78115,84205,0.6010703534396253,0.48124075899457863
B-STX_USDT,1789559374081,0.2383,0.2384,0.23835,0.00009999999999998899,0.0004196391103650398,1341,6783,74065,88880,0.16506646971935007,0.4545398754180859
B-STX_USDT,1789559376277,0.2383,0.2384,0.23835,0.00009999999999998899,0.0004196391103650398,1233,6873,73957,88970,0.15210954848260547,0.45392721893854304
B-STX_USDT,1789559378520,0.2383,0.2384,0.23835,0.00009999999999998899,0.0004196391103650398,1233,6873,73957,88970,0.15210954848260547,0.45392721893854304
B-STX_USDT,1789559380715,0.2383,0.2384,0.23835,0.00009999999999998899,0.0004196391103650398,1233,6895,73957,88992,0.1516978346456693,0.45386593351293963
B-STX_USDT,1789559382901,0.2383,0.2384,0.23835,0.00009999999999998899,0.0004196391103650398,2284,6873,75008,88970,0.24942666812274764,0.45742721584602813
B-STX_USDT,1789559385137,0.2382,0.2383,0.23825000000000002,0.00010000000000001674,0.00041981528127630875,6947,32640,75255,103099,0.17548690226589536,0.4219417562824495
B-STX_USDT,1789559387333,0.2382,0.2383,0.23825000000000002,0.00010000000000001674,0.00041981528127630875,3770,32693,71657,103270,0.1033924800482681,0.4096394495989756
B-STX_USDT,1789559389519,0.2382,0.2383,0.23825000000000002,0.00010000000000001674,0.00041981528127630875,2632,32915,72129,103270,0.074042816552733,0.41122811418537164
B-STX_USDT,1789559391734,0.2382,0.2383,0.23825000000000002,0.00010000000000001674,0.00041981528127630875,4779,34346,74276,103438,0.12214696485623003,0.4179524404380071
B-STX_USDT,1789559393916,0.2382,0.2383,0.23825000000000002,0.00010000000000001674,0.00041981528127630875,3703,34346,73200,103438,0.09732187442508344,0.4144068660197692
B-STX_USDT,1789559396110,0.2382,0.2383,0.23825000000000002,0.00010000000000001674,0.00041981528127630875,7280,34394,76777,103291,0.17468925469117436,0.42637781282626563
B-STX_USDT,1789559398325,0.2382,0.2383,0.23825000000000002,0.00010000000000001674,0.00041981528127630875,7571,34447,77027,101163,0.18018468275500976,0.4322745384140524
B-STX_USDT,1789559400506,0.2384,0.2385,0.23845,0.00009999999999998899,0.00041946308724827595,7244,3083,79922,97949,0.7014621865014041,0.44932563487021493
B-STX_USDT,1789559402676,0.2384,0.2385,0.23845,0.00009999999999998899,0.00041946308724827595,6194,3261,78894,98463,0.6551031200423056,0.44483161081885686
B-STX_USDT,1789559404877,0.2384,0.2385,0.23845,0.00009999999999998899,0.00041946308724827595,6194,2258,84978,97041,0.7328442972077615,0.46686334943055396
B-STX_USDT,1789559407055,0.2384,0.2385,0.23845,0.00009999999999998899,0.00041946308724827595,6194,2782,84978,97565,0.6900623885918004,0.4655231917959056
B-STX_USDT,1789559409235,0.2383,0.2384,0.23835,0.00009999999999998899,0.0004196391103650398,9616,806,93722,90195,0.9226635962387257,0.5095885644067705
B-STX_USDT,1789559411419,0.2383,0.2384,0.23835,0.00009999999999998899,0.0004196391103650398,10204,788,94310,89498,0.9283114992721979,0.5130897458217271
B-STX_USDT,1789559413650,0.2383,0.2384,0.23835,0.00009999999999998899,0.0004196391103650398,10204,1288,94310,89998,0.8879220327184129,0.5116978101872952
B-STX_USDT,1789559415844,0.2383,0.2384,0.23835,0.00009999999999998899,0.0004196391103650398,4817,18123,90050,108190,0.20998256320836967,0.45424737691686845
B-STX_USDT,1789559418033,0.2383,0.2384,0.23835,0.00009999999999998899,0.0004196391103650398,4817,18123,90072,108190,0.20998256320836967,0.45430793596352304
B-STX_USDT,1789559420203,0.2383,0.2384,0.23835,0.00009999999999998899,0.0004196391103650398,5876,18373,91131,108470,0.24231927089776897,0.45656584886849266
B-STX_USDT,1789559422393,0.2383,0.2384,0.23835,0.00009999999999998899,0.0004196391103650398,5159,18373,90414,108470,0.21923338432772396,0.4546067054162225
B-STX_USDT,1789559424585,0.2383,0.2384,0.23835,0.00009999999999998899,0.0004196391103650398,6880,18373,92135,108320,0.2724428780738922,0.45962934324411964
B-STX_USDT,1789559426811,0.2384,0.2385,0.23845,0.00009999999999998899,0.00041946308724827595,8900,17984,84093,109378,0.33105192679660767,0.4346542892733278
B-STX_USDT,1789559428995,0.2384,0.2385,0.23845,0.00009999999999998899,0.00041946308724827595,10059,17984,86844,115957,0.3586991406054987,0.428222740519031
B-STX_USDT,1789559431205,0.2386,0.2387,0.23865,0.00009999999999998899,0.00041911148365460595,5493,3121,94498,82773,0.637682841885303,0.533070835049162
B-STX_USDT,1789559433390,0.2386,0.2387,0.23865,0.00009999999999998899,0.00041911148365460595,8100,2360,91154,86076,0.7743785850860421,0.5143260170400045
B-STX_USDT,1789559435728,0.2386,0.2387,0.23865,0.00009999999999998899,0.00041911148365460595,1408,4044,80979,89142,0.2582538517975055,0.4760082529493713
B-STX_USDT,1789559437924,0.2387,0.2388,0.23875000000000002,0.00010000000000001674,0.0004189359028069407,5640,889,109451,88429,0.8638382600704549,0.5531180513442491
B-STX_USDT,1789559440124,0.2386,0.2387,0.23865,0.00009999999999998899,0.00041911148365460595,5858,594,127335,74554,0.9079355238685679,0.6307178697204899
B-STX_USDT,1789559442309,0.2386,0.2387,0.23865,0.00009999999999998899,0.00041911148365460595,6446,35,127923,79072,0.9945995988273415,0.618000434793111
B-STX_USDT,1789559444474,0.2386,0.2387,0.23865,0.00009999999999998899,0.00041911148365460595,7178,35,128719,79072,0.9951476500762512,0.6194637881332685
B-STX_USDT,1789559446654,0.2386,0.2387,0.23865,0.00009999999999998899,0.00041911148365460595,7020,35,128561,78922,0.9950389794472005,0.6196218485369885
B-STX_USDT,1789559448842,0.2386,0.2387,0.23865,0.00009999999999998899,0.00041911148365460595,7020,705,128561,79592,0.9087378640776699,0.6176274182932746
B-STX_USDT,1789559451051,0.2387,0.2388,0.23875000000000002,0.00010000000000001674,0.0004189359028069407,1584,4065,99493,99294,0.28040361125862984,0.5005005357493196
B-STX_USDT,1789559453266,0.2387,0.2388,0.23875000000000002,0.00010000000000001674,0.0004189359028069407,3094,4007,106868,99452,0.43571327981974367,0.517972082202404
B-STX_USDT,1789559455444,0.2387,0.2388,0.23875000000000002,0.00010000000000001674,0.0004189359028069407,3094,3146,106868,94397,0.49583333333333335,0.5309815417484411
B-STX_USDT,1789559457641,0.2387,0.2388,0.23875000000000002,0.00010000000000001674,0.0004189359028069407,3584,1219,107358,91211,0.7462002914844889,0.5406584109302056
B-STX_USDT,1789559459829,0.2387,0.2388,0.23875000000000002,0.00010000000000001674,0.0004189359028069407,6851,594,111498,88598,0.9202149093351243,0.5572225331840717
B-STX_USDT,1789559462050,0.2389,0.239,0.23895,0.00009999999999998899,0.0004185851820845081,2178,7405,64526,101854,0.22727747052071376,0.38782305565572783
B-STX_USDT,1789559464240,0.2389,0.239,0.23895,0.00009999999999998899,0.0004185851820845081,1252,9923,63600,104948,0.11203579418344518,0.3773405795381731
B-STX_USDT,1789559466507,0.2388,0.2389,0.23885,0.00009999999999998899,0.00041876046901167917,2676,5609,88117,86006,0.32299336149668073,0.5060618068836398
B-STX_USDT,1789559468753,0.2388,0.2389,0.23885,0.00009999999999998899,0.00041876046901167917,1132,9083,83638,88118,0.11081742535487028,0.4869582430890333
B-STX_USDT,1789559470977,0.2388,0.2389,0.23885,0.00009999999999998899,0.00041876046901167917,1782,6667,93892,85284,0.21091253402769558,0.5240210742510157
B-STX_USDT,1789559473154,0.2388,0.2389,0.23885,0.00009999999999998899,0.00041876046901167917,706,6619,88016,85236,0.09638225255972696,0.5080229954055364
B-STX_USDT,1789559475329,0.2388,0.2389,0.23885,0.00009999999999998899,0.00041876046901167917,42,8479,87718,87096,0.00492899894378594,0.5017790337158351
B-STX_USDT,1789559477501,0.2388,0.2389,0.23885,0.00009999999999998899,0.00041876046901167917,636,8479,88312,87096,0.06977509599561163,0.5034662045060658
B-STX_USDT,1789559479682,0.2387,0.2388,0.23875000000000002,0.00010000000000001674,0.0004189359028069407,4637,1520,129427,65278,0.7531265226571382,0.6647338280989189
B-STX_USDT,1789559481879,0.2387,0.2388,0.23875000000000002,0.00010000000000001674,0.0004189359028069407,3725,1542,128515,65808,0.707233719384849,0.6613473443699408
B-STX_USDT,1789559484247,0.2386,0.2387,0.23865,0.00009999999999998899,0.00041911148365460595,2115,1628,101646,79680,0.5650547689019503,0.5605704642467159
B-STX_USDT,1789559486437,0.2386,0.2387,0.23865,0.00009999999999998899,0.00041911148365460595,1782,1628,101313,79920,0.5225806451612903,0.5590207081491781
B-STX_USDT,1789559488650,0.2385,0.2386,0.23854999999999998,0.00010000000000001674,0.00041928721174011216,13368,425,139405,77293,0.9691872689045168,0.6433146591108363
B-STX_USDT,1789559491171,0.2385,0.2386,0.23854999999999998,0.00010000000000001674,0.00041928721174011216,6708,1374,132745,76220,0.829992576095026,0.6352499222357811
B-STX_USDT,1789559493665,0.2385,0.2386,0.23854999999999998,0.00010000000000001674,0.00041928721174011216,7766,1262,133803,73753,0.8602126716880816,0.6446597544759005
B-STX_USDT,1789559495911,0.2385,0.2386,0.23854999999999998,0.00010000000000001674,0.00041928721174011216,7766,761,133803,73252,0.9107540752902545,0.6462196034869963
B-STX_USDT,1789559498125,0.2386,0.2387,0.23865,0.00009999999999998899,0.00041911148365460595,2053,3640,89321,94511,0.36061830317934307,0.48588385047217025
B-STX_USDT,1789559500415,0.2385,0.2386,0.23854999999999998,0.00010000000000001674,0.00041928721174011216,6433,1149,117574,75151,0.8484568715378528,0.6100609677000908
B-STX_USDT,1789559502897,0.2385,0.2386,0.23854999999999998,0.00010000000000001674,0.00041928721174011216,818,5001,76925,84238,0.14057398178381164,0.4773117899269683
B-STX_USDT,1789559505096,0.2385,0.2386,0.23854999999999998,0.00010000000000001674,0.00041928721174011216,1744,8553,78765,87620,0.16936971933572886,0.47339002914926226
B-STX_USDT,1789559507288,0.2385,0.2386,0.23854999999999998,0.00010000000000001674,0.00041928721174011216,8632,117,88543,69249,0.986627043090639,0.561137446765362
B-STX_USDT,1789559509464,0.2385,0.2386,0.23854999999999998,0.00010000000000001674,0.00041928721174011216,5628,1672,85539,81739,0.770958904109589,0.5113583376176186
B-STX_USDT,1789559511647,0.2385,0.2386,0.23854999999999998,0.00010000000000001674,0.00041928721174011216,4507,1887,84418,81954,0.7048795746011887,0.5074050922030149
B-STX_USDT,1789559513833,0.2385,0.2386,0.23854999999999998,0.00010000000000001674,0.00041928721174011216,1385,2895,80423,82962,0.3235981308411215,0.4922300088747437
B-STX_USDT,1789559516034,0.2385,0.2386,0.23854999999999998,0.00010000000000001674,0.00041928721174011216,1437,4441,80475,84508,0.2444709084722695,0.48777752859385515
B-STX_USDT,1789559519610,0.2385,0.2386,0.23854999999999998,0.00010000000000001674,0.00041928721174011216,625,5484,87151,85551,0.10230807006056637,0.5046322567196674
B-STX_USDT,1789559521843,0.2385,0.2386,0.23854999999999998,0.00010000000000001674,0.00041928721174011216,759,5869,88298,88392,0.11451418225709113,0.49973399739657026
B-STX_USDT,1789559524052,0.2384,0.2385,0.23845,0.00009999999999998899,0.00041946308724827595,5321,2023,133545,71518,0.7245370370370371,0.6512388875613836
B-STX_USDT,1789559526273,0.2384,0.2385,0.23845,0.00009999999999998899,0.00041946308724827595,5321,2208,133545,71668,0.7067339620135477,0.6507628659003084
B-STX_USDT,1789559528561,0.2385,0.2386,0.23854999999999998,0.00010000000000001674,0.00041928721174011216,1182,5355,83253,87118,0.18081688848095456,0.48865710713677796
B-STX_USDT,1789559530788,0.2384,0.2385,0.23845,0.00009999999999998899,0.00041946308724827595,7533,1693,135339,70226,0.8164968567092998,0.6583756962517938
B-STX_USDT,1789559532978,0.2384,0.2385,0.23845,0.00009999999999998899,0.00041946308724827595,951,6108,116569,74881,0.13472163195920103,0.6088743797336119
B-STX_USDT,1789559535174,0.2383,0.2384,0.23835,0.00009999999999998899,0.0004196391103650398,6036,1078,100003,50761,0.8484678099522069,0.6633082168156854
B-STX_USDT,1789559537359,0.2383,0.2384,0.23835,0.00009999999999998899,0.0004196391103650398,6624,2004,100591,53007,0.7677329624478443,0.6548978502324249
B-STX_USDT,1789559539544,0.2384,0.2385,0.23845,0.00009999999999998899,0.00041946308724827595,1182,5280,75326,74664,0.1829155060352832,0.5022068137875858
B-STX_USDT,1789559541739,0.2384,0.2385,0.23845,0.00009999999999998899,0.00041946308724827595,658,5280,74802,74664,0.11081172111822163,0.5004616434506844
B-STX_USDT,1789559543937,0.2383,0.2384,0.23835,0.00009999999999998899,0.0004196391103650398,4758,2046,98760,55473,0.699294532627866,0.6403298904903619
B-STX_USDT,1789559546118,0.2383,0.2384,0.23835,0.00009999999999998899,0.0004196391103650398,3732,1976,97705,55249,0.6538192011212334,0.6387868247969978
B-STX_USDT,1789559548305,0.2383,0.2384,0.23835,0.00009999999999998899,0.0004196391103650398,4320,573,98322,47922,0.8828939301042306,0.6723147616312464
B-STX_USDT,1789559550490,0.2384,0.2385,0.23845,0.00009999999999998899,0.00041946308724827595,594,8314,72403,71813,0.06668163448585541,0.5020455427969157
B-STX_USDT,1789559552672,0.2384,0.2385,0.23845,0.00009999999999998899,0.00041946308724827595,594,8337,72427,76636,0.06650990930466913,0.48588180836290695
B-STX_USDT,1789559554872,0.2383,0.2384,0.23835,0.00009999999999998899,0.0004196391103650398,4308,1546,89496,48284,0.7359070720874615,0.6495572652053999
B-STX_USDT,1789559557081,0.2383,0.2384,0.23835,0.00009999999999998899,0.0004196391103650398,4308,1797,89496,57602,0.7056511056511057,0.608410719384356
B-STX_USDT,1789559559310,0.2383,0.2384,0.23835,0.00009999999999998899,0.0004196391103650398,4308,1710,89496,57548,0.715852442671984,0.6086341503223525
B-STX_USDT,1789559561519,0.2383,0.2384,0.23835,0.00009999999999998899,0.0004196391103650398,4308,1710,89496,57570,0.715852442671984,0.6085431030965689
B-STX_USDT,1789559563741,0.2383,0.2384,0.23835,0.00009999999999998899,0.0004196391103650398,3688,1797,88876,51221,0.6723792160437557,0.6343890304574687
B-STX_USDT,1789559565924,0.2383,0.2384,0.23835,0.00009999999999998899,0.0004196391103650398,3548,1727,88736,51240,0.6726066350710901,0.6339372463850946
B-STX_USDT,1789559568116,0.2383,0.2384,0.23835,0.00009999999999998899,0.0004196391103650398,1275,3453,85590,79130,0.2696700507614213,0.5196090335114133
B-STX_USDT,1789559570355,0.2383,0.2384,0.23835,0.00009999999999998899,0.0004196391103650398,2330,4165,88645,77842,0.35873749037721325,0.5324439746046238
B-STX_USDT,1789559572555,0.2383,0.2384,0.23835,0.00009999999999998899,0.0004196391103650398,751,5611,85066,81823,0.11804464005029865,0.5097160388042351
B-STX_USDT,1789559574779,0.2382,0.2383,0.23825000000000002,0.00010000000000001674,0.00041981528127630875,5778,1748,82204,70116,0.7677385065107627,0.5396796218487395
B-STX_USDT,1789559576988,0.2382,0.2383,0.23825000000000002,0.00010000000000001674,0.00041981528127630875,5832,298,82258,56884,0.9513866231647634,0.59118023314312
B-STX_USDT,1789559579202,0.2383,0.2384,0.23835,0.00009999999999998899,0.0004196391103650398,1754,4820,63048,85189,0.2668086400973532,0.4253189149807403
B-STX_USDT,1789559581487,0.2382,0.2383,0.23825000000000002,0.00010000000000001674,0.00041981528127630875,10777,594,87203,60082,0.947761850320992,0.5920697966527481
B-STX_USDT,1789559583695,0.2383,0.2384,0.23835,0.00009999999999998899,0.0004196391103650398,5744,2288,84115,77472,0.7151394422310757,0.5205554902312686
B-STX_USDT,1789559585871,0.2384,0.2385,0.23845,0.00009999999999998899,0.00041946308724827595,5232,5211,76753,106614,0.5010054582016662,0.4185758615236111
B-STX_USDT,1789559588099,0.2383,0.2384,0.23835,0.00009999999999998899,0.0004196391103650398,772,4955,84610,86676,0.13480006984459578,0.49396915101059047
B-STX_USDT,1789559590308,0.2383,0.2384,0.23835,0.00009999999999998899,0.0004196391103650398,1983,7817,85843,89571,0.20234693877551022,0.4893737101941692
B-STX_USDT,1789559592500,0.2383,0.2384,0.23835,0.00009999999999998899,0.0004196391103650398,927,8017,84787,89771,0.1036449016100179,0.4857239427582809
B-STX_USDT,1789559594738,0.2383,0.2384,0.23835,0.00009999999999998899,0.0004196391103650398,951,7627,84811,89631,0.11086500349731872,0.48618451978307975
B-STX_USDT,1789559597005,0.2383,0.2384,0.23835,0.00009999999999998899,0.0004196391103650398,2010,7627,85870,89653,0.20857113209505032,0.4892236345094375
B-STX_USDT,1789559599203,0.2383,0.2384,0.23835,0.00009999999999998899,0.0004196391103650398,1989,7627,85879,89653,0.20684276206322796,0.489249823394025
B-STX_USDT,1789559601404,0.2383,0.2384,0.23835,0.00009999999999998899,0.0004196391103650398,2915,7477,86805,89503,0.28050423402617397,0.49234861719264017
B-STX_USDT,1789559603576,0.2383,0.2384,0.23835,0.00009999999999998899,0.0004196391103650398,1856,7862,85746,89888,0.19098579954723194,0.4882084334468269
B-STX_USDT,1789559605745,0.2383,0.2384,0.23835,0.00009999999999998899,0.0004196391103650398,930,7862,84820,89888,0.10577797998180163,0.48549579870412346
B-STX_USDT,1789559607922,0.2383,0.2384,0.23835,0.00009999999999998899,0.0004196391103650398,1986,7862,85876,89888,0.20166531275385866,0.4885869688901026
B-STX_USDT,1789559611189,0.2383,0.2384,0.23835,0.00009999999999998899,0.0004196391103650398,2020,7888,85910,83661,0.20387565603552685,0.5066314405175413
B-STX_USDT,1789559613419,0.2383,0.2384,0.23835,0.00009999999999998899,0.0004196391103650398,2020,8528,85910,84051,0.19150549867273417,0.5054689016892111
B-STX_USDT,1789559615609,0.2383,0.2384,0.23835,0.00009999999999998899,0.0004196391103650398,2020,8528,85910,84051,0.19150549867273417,0.5054689016892111
B-STX_USDT,1789559617808,0.2383,0.2384,0.23835,0.00009999999999998899,0.0004196391103650398,3096,8528,79390,84018,0.2663454920853407,0.48583912660334866
B-STX_USDT,1789559620013,0.2383,0.2384,0.23835,0.00009999999999998899,0.0004196391103650398,4195,1876,85157,77366,0.6909899522319223,0.52396891516893
B-STX_USDT,1789559622215,0.2383,0.2384,0.23835,0.00009999999999998899,0.0004196391103650398,3011,2990,83973,78480,0.5017497083819363,0.5169064283208067
B-STX_USDT,1789559624417,0.2383,0.2384,0.23835,0.00009999999999998899,0.0004196391103650398,3011,2873,83973,78363,0.5117267165193746,0.5172789769367239
B-STX_USDT,1789559626662,0.2383,0.2384,0.23835,0.00009999999999998899,0.0004196391103650398,462,4348,80551,81838,0.09604989604989606,0.49603729316640904
B-STX_USDT,1789559628947,0.2383,0.2384,0.23835,0.00009999999999998899,0.0004196391103650398,350,5835,76835,83325,0.056588520614389654,0.479739010989011
B-STX_USDT,1789559631159,0.2382,0.2383,0.23825000000000002,0.00010000000000001674,0.00041981528127630875,4765,1445,81213,56035,0.7673107890499195,0.5917244695733271
B-STX_USDT,1789559633368,0.2382,0.2383,0.23825000000000002,0.00010000000000001674,0.00041981528127630875,1277,3492,77725,76836,0.2677710211784441,0.5028758871901708
B-STX_USDT,1789559635596,0.2382,0.2383,0.23825000000000002,0.00010000000000001674,0.00041981528127630875,1896,3576,78344,77160,0.34649122807017546,0.5038069760263402
B-STX_USDT,1789559637777,0.2382,0.2383,0.23825000000000002,0.00010000000000001674,0.00041981528127630875,1346,3600,77794,77161,0.27213910230489285,0.5020425284760092
B-STX_USDT,1789559640008,0.2382,0.2383,0.23825000000000002,0.00010000000000001674,0.00041981528127630875,1346,4396,77794,77707,0.234413096482062,0.500279740966296
B-STX_USDT,1789559642475,0.2381,0.2382,0.23815,0.00009999999999998899,0.00041999160016795037,2394,6044,107497,81016,0.28371652050248874,0.5702365354113509
B-STX_USDT,1789559644678,0.2381,0.2382,0.23815,0.00009999999999998899,0.00041999160016795037,2394,6044,109497,80981,0.28371652050248874,0.5748537888890055
B-STX_USDT,1789559646869,0.2381,0.2382,0.23815,0.00009999999999998899,0.00041999160016795037,832,7084,107935,82021,0.10510358767054068,0.5682105329655288
B-STX_USDT,1789559649079,0.2381,0.2382,0.23815,0.00009999999999998899,0.00041999160016795037,1250,8933,108353,83242,0.12275360895610331,0.5655314595892377
B-STX_USDT,1789559651281,0.2381,0.2382,0.23815,0.00009999999999998899,0.00041999160016795037,673,8921,75050,85696,0.07014800917239941,0.46688564567703084
B-STX_USDT,1789559653507,0.2381,0.2382,0.23815,0.00009999999999998899,0.00041999160016795037,37,9737,74414,86512,0.0037855535093104156,0.46241129463231545
B-STX_USDT,1789559655726,0.238,0.2381,0.23804999999999998,0.00010000000000001674,0.00042016806722696115,7387,2078,101568,69190,0.7804543053354464,0.594806685484721
B-STX_USDT,1789559657922,0.238,0.2381,0.23804999999999998,0.00010000000000001674,0.00042016806722696115,8444,1470,102625,68107,0.8517248335686908,0.6010882552772767
B-STX_USDT,1789559660112,0.238,0.2381,0.23804999999999998,0.00010000000000001674,0.00042016806722696115,6799,2955,99803,69250,0.6970473651835144,0.5903651517571412
B-STX_USDT,1789559662299,0.238,0.2381,0.23804999999999998,0.00010000000000001674,0.00042016806722696115,6829,3098,99833,69370,0.6879218293542863,0.5900190894960491
B-STX_USDT,1789559664541,0.238,0.2381,0.23804999999999998,0.00010000000000001674,0.00042016806722696115,6829,3098,99833,69328,0.6879218293542863,0.5901655819012657
B-STX_USDT,1789559666729,0.238,0.2381,0.23804999999999998,0.00010000000000001674,0.00042016806722696115,6867,3098,98606,69328,0.6891118916206723,0.5871711505710577
B-STX_USDT,1789559668953,0.238,0.2381,0.23804999999999998,0.00010000000000001674,0.00042016806722696115,6867,1648,98606,67493,0.8064591896652965,0.5936579991450882
B-STX_USDT,1789559671171,0.238,0.2381,0.23804999999999998,0.00010000000000001674,0.00042016806722696115,6867,1648,98606,67493,0.8064591896652965,0.5936579991450882
B-STX_USDT,1789559673411,0.238,0.2381,0.23804999999999998,0.00010000000000001674,0.00042016806722696115,6841,1994,98664,67592,0.7743067345783814,0.5934462515638533
B-STX_USDT,1789559675616,0.238,0.2381,0.23804999999999998,0.00010000000000001674,0.00042016806722696115,6841,1996,99924,67594,0.7741314925879823,0.5964970928497236
B-STX_USDT,1789559677825,0.238,0.2381,0.23804999999999998,0.00010000000000001674,0.00042016806722696115,6841,2520,99924,68118,0.7307979916675569,0.5946370550219588
B-STX_USDT,1789559680042,0.238,0.2381,0.23804999999999998,0.00010000000000001674,0.00042016806722696115,1450,5469,95579,70115,0.20956785662668015,0.5768404408125822
B-STX_USDT,1789559682243,0.238,0.2381,0.23804999999999998,0.00010000000000001674,0.00042016806722696115,508,5469,94637,70115,0.08499247113936757,0.574420947848888
B-STX_USDT,1789559684450,0.238,0.2381,0.23804999999999998,0.00010000000000001674,0.00042016806722696115,508,5469,94637,70115,0.08499247113936757,0.574420947848888
B-STX_USDT,1789559686634,0.238,0.2381,0.23804999999999998,0.00010000000000001674,0.00042016806722696115,537,5469,94666,70115,0.08941058941058941,0.5744958460016628
B-STX_USDT,1789559688819,0.238,0.2381,0.23804999999999998,0.00010000000000001674,0.00042016806722696115,537,5469,94666,69151,0.08941058941058941,0.5778765329605596
B-STX_USDT,1789559690996,0.238,0.2381,0.23804999999999998,0.00010000000000001674,0.00042016806722696115,512,5492,96641,69174,0.08527648234510327,0.5828242318246238
B-STX_USDT,1789559693215,0.238,0.2381,0.23804999999999998,0.00010000000000001674,0.00042016806722696115,4073,2404,101462,66086,0.6288405125829859,0.6055697471769284
B-STX_USDT,1789559695693,0.238,0.2381,0.23804999999999998,0.00010000000000001674,0.00042016806722696115,4073,2408,101484,66057,0.6284523993210924,0.6057263595179687
B-STX_USDT,1789559698471,0.238,0.2381,0.23804999999999998,0.00010000000000001674,0.00042016806722696115,4051,2431,101462,66080,0.624961431656896,0.6055914337897363
B-STX_USDT,1789559700937,0.2381,0.2382,0.23815,0.00009999999999998899,0.00041999160016795037,2652,5310,83234,76662,0.33308214016578747,0.5205508580577375
B-STX_USDT,1789559704242,0.2381,0.2382,0.23815,0.00009999999999998899,0.00041999160016795037,594,5795,79681,76587,0.09297229613398028,0.5098996595592188
B-STX_USDT,1789559707032,0.238,0.2381,0.23804999999999998,0.00010000000000001674,0.00042016806722696115,8271,594,105343,56514,0.932994923857868,0.6508399389584634
B-STX_USDT,1789559709295,0.238,0.2381,0.23804999999999998,0.00010000000000001674,0.00042016806722696115,10296,479,107368,55648,0.9555452436194896,0.6586347352407126
B-STX_USDT,1789559711564,0.2381,0.2382,0.23815,0.00009999999999998899,0.00041999160016795037,1579,4637,81005,71585,0.254021879021879,0.530867029294187
B-STX_USDT,1789559713740,0.2381,0.2382,0.23815,0.00009999999999998899,0.00041999160016795037,615,7306,80041,79694,0.07764171190506249,0.5010861739756471
B-STX_USDT,1789559715926,0.2381,0.2382,0.23815,0.00009999999999998899,0.00041999160016795037,615,7306,80041,79694,0.07764171190506249,0.5010861739756471
B-STX_USDT,1789559718121,0.2378,0.2379,0.23785,0.00009999999999998899,0.00042052144659372997,3189,2827,94618,60362,0.5300864361702128,0.6105174861272422
B-STX_USDT,1789559720456,0.2378,0.2379,0.23785,0.00009999999999998899,0.00042052144659372997,1374,7208,90232,68149,0.16010254020041947,0.5697148016491878
B-STX_USDT,1789559722637,0.2378,0.2379,0.23785,0.00009999999999998899,0.00042052144659372997,3051,5641,91909,66582,0.35101242521859183,0.5799004359869014
B-STX_USDT,1789559724848,0.2378,0.2379,0.23785,0.00009999999999998899,0.00042052144659372997,3051,5641,91909,66582,0.35101242521859183,0.5799004359869014
B-STX_USDT,1789559727074,0.2378,0.2379,0.23785,0.00009999999999998899,0.00042052144659372997,2048,6629,90906,67570,0.23602627636279822,0.5736262904162145
B-STX_USDT,1789559729258,0.2378,0.2379,0.23785,0.00009999999999998899,0.00042052144659372997,638,6978,89490,67797,0.08377100840336134,0.5689599267580919
B-STX_USDT,1789559731445,0.2378,0.2379,0.23785,0.00009999999999998899,0.00042052144659372997,638,6978,89490,67797,0.08377100840336134,0.5689599267580919
B-STX_USDT,1789559733646,0.2378,0.2379,0.23785,0.00009999999999998899,0.00042052144659372997,638,6978,84590,68057,0.08377100840336134,0.5541543561288463
B-STX_USDT,1789559735852,0.2378,0.2379,0.23785,0.00009999999999998899,0.00042052144659372997,44,7034,83996,68113,0.006216445323537723,0.5522092709833081
B-STX_USDT,1789559738053,0.2378,0.2379,0.23785,0.00009999999999998899,0.00042052144659372997,44,7034,83996,68113,0.006216445323537723,0.5522092709833081
B-STX_USDT,1789559740239,0.2376,0.2377,0.23765,0.00009999999999998899,0.0004208754208753745,13607,3151,103330,62586,0.8119704021959661,0.6227850237469563
B-STX_USDT,1789559742440,0.2376,0.2377,0.23765,0.00009999999999998899,0.0004208754208753745,10249,3186,99972,63603,0.7628582061778936,0.6111691884456671
B-STX_USDT,1789559744722,0.2376,0.2377,0.23765,0.00009999999999998899,0.0004208754208753745,4346,5355,94069,75451,0.44799505205648904,0.5549138744690892
B-STX_USDT,1789559747216,0.2376,0.2377,0.23765,0.00009999999999998899,0.0004208754208753745,5625,5230,94345,73326,0.5181943804698296,0.5626792945709157
B-STX_USDT,1789559749452,0.2376,0.2377,0.23765,0.00009999999999998899,0.0004208754208753745,5625,5309,94345,73514,0.5144503383940003,0.5620491007333536
B-STX_USDT,1789559751624,0.2376,0.2377,0.23765,0.00009999999999998899,0.0004208754208753745,2080,3863,93761,72068,0.34999158674070335,0.5654077392977103
B-STX_USDT,1789559753836,0.2376,0.2377,0.23765,0.00009999999999998899,0.0004208754208753745,8061,3339,99742,65010,0.7071052631578948,0.6054069146353307
B-STX_USDT,1789559756047,0.2376,0.2377,0.23765,0.00009999999999998899,0.0004208754208753745,8087,3863,99768,64934,0.6767364016736401,0.605748564073296
B-STX_USDT,1789559758261,0.2376,0.2377,0.23765,0.00009999999999998899,0.0004208754208753745,8087,3377,99768,64298,0.7054256803907886,0.6080967415552277
B-STX_USDT,1789559763383,0.2376,0.2377,0.23765,0.00009999999999998899,0.0004208754208753745,6296,383,97999,58853,0.9426560862404552,0.6247864228699666
B-STX_USDT,1789559765577,0.2376,0.2377,0.23765,0.00009999999999998899,0.0004208754208753745,8296,383,99999,57349,0.955870491992165,0.6355276203065816
B-STX_USDT,1789559767778,0.2376,0.2377,0.23765,0.00009999999999998899,0.0004208754208753745,48,8116,88542,90437,0.005879470847623714,0.4947060828365339
B-STX_USDT,1789559770017,0.2376,0.2377,0.23765,0.00009999999999998899,0.0004208754208753745,1568,6676,92062,88997,0.19019893255701115,0.5084640918153751
B-STX_USDT,1789559772294,0.2376,0.2377,0.23765,0.00009999999999998899,0.0004208754208753745,1718,6676,92212,88397,0.2046700023826543,0.5105614891838169
B-STX_USDT,1789559774508,0.2376,0.2377,0.23765,0.00009999999999998899,0.0004208754208753745,1718,6684,92212,88405,0.20447512497024517,0.5105388750782042
B-STX_USDT,1789559776737,0.2376,0.2377,0.23765,0.00009999999999998899,0.0004208754208753745,1718,6741,92212,88462,0.2030972928242109,0.5103778075428672
B-STX_USDT,1789559779011,0.2376,0.2377,0.23765,0.00009999999999998899,0.0004208754208753745,1718,3843,92212,79683,0.30893724150332674,0.5364437592716483
B-STX_USDT,1789559781242,0.2376,0.2377,0.23765,0.00009999999999998899,0.0004208754208753745,48,6319,90542,86756,0.007538872310350243,0.5106769393901792
B-STX_USDT,1789559783428,0.2376,0.2377,0.23765,0.00009999999999998899,0.0004208754208753745,1568,6342,92062,86636,0.19823008849557522,0.5151820389707775
B-STX_USDT,1789559785623,0.2376,0.2377,0.23765,0.00009999999999998899,0.0004208754208753745,48,7584,90542,87878,0.006289308176100629,0.507465530770093
B-STX_USDT,1789559787808,0.2376,0.2377,0.23765,0.00009999999999998899,0.0004208754208753745,1534,6553,92028,86847,0.18968715221961172,0.514482180293501
B-STX_USDT,1789559789989,0.2376,0.2377,0.23765,0.00009999999999998899,0.0004208754208753745,1558,6071,92052,86365,0.2042207366627343,0.5159373826485144
B-STX_USDT,1789559792177,0.2376,0.2377,0.23765,0.00009999999999998899,0.0004208754208753745,2634,4692,93128,84986,0.3595413595413595,0.5228561483095097
B-STX_USDT,1789559794387,0.2376,0.2377,0.23765,0.00009999999999998899,0.0004208754208753745,2634,4692,93128,85042,0.3595413595413595,0.5226918111915586
B-STX_USDT,1789559796831,0.2376,0.2377,0.23765,0.00009999999999998899,0.0004208754208753745,7204,4670,97698,84870,0.60670372241873,0.5351321151570921
B-STX_USDT,1789559799057,0.2376,0.2377,0.23765,0.00009999999999998899,0.0004208754208753745,6789,4669,97305,81155,0.5925117821609356,0.5452482348985768
B-STX_USDT,1789559801278,0.2376,0.2377,0.23765,0.00009999999999998899,0.0004208754208753745,4789,4544,95305,81030,0.5131254687667417,0.540476933110273
B-STX_USDT,1789559803454,0.2376,0.2377,0.23765,0.00009999999999998899,0.0004208754208753745,4789,4696,95305,81126,0.5049024775962045,0.5401828476854974
B-STX_USDT,1789559805622,0.2376,0.2377,0.23765,0.00009999999999998899,0.0004208754208753745,4789,4696,95305,81126,0.5049024775962045,0.5401828476854974
B-STX_USDT,1789559807801,0.2376,0.2377,0.23765,0.00009999999999998899,0.0004208754208753745,1486,9468,92002,91448,0.13565820704765383,0.5015099482147725
B-STX_USDT,1789559810019,0.2376,0.2377,0.23765,0.00009999999999998899,0.0004208754208753745,1129,9488,91645,91569,0.10633889045869832,0.5002074077308503
B-STX_USDT,1789559812204,0.2375,0.2376,0.23754999999999998,0.00010000000000001674,0.00042105263157901786,18047,34,133930,43541,0.998119573032465,0.7546585075871551
B-STX_USDT,1789559814397,0.2375,0.2376,0.23754999999999998,0.00010000000000001674,0.00042105263157901786,16409,34,132292,45345,0.997932250805814,0.7447322348384627
B-STX_USDT,1789559816604,0.2375,0.2376,0.23754999999999998,0.00010000000000001674,0.00042105263157901786,14409,660,130292,45882,0.9562014732231734,0.7395642943907728
B-STX_USDT,1789559818788,0.2375,0.2376,0.23754999999999998,0.00010000000000001674,0.00042105263157901786,14409,660,130292,45882,0.9562014732231734,0.7395642943907728
B-STX_USDT,1789559820990,0.2375,0.2376,0.23754999999999998,0.00010000000000001674,0.00042105263157901786,14423,660,130306,47909,0.956242126897832,0.7311730213506158
B-STX_USDT,1789559823182,0.2375,0.2376,0.23754999999999998,0.00010000000000001674,0.00042105263157901786,13683,3091,129566,51328,0.8157267199236914,0.7162537176467987
B-STX_USDT,1789559825356,0.2375,0.2376,0.23754999999999998,0.00010000000000001674,0.00042105263157901786,13759,3091,129642,51328,0.8165578635014836,0.7163728794827872
B-STX_USDT,1789559827534,0.2375,0.2376,0.23754999999999998,0.00010000000000001674,0.00042105263157901786,7763,3091,123646,53413,0.7152201953196978,0.6983321943532946
B-STX_USDT,1789559829741,0.2379,0.238,0.23795,0.00009999999999998899,0.0004203446826397183,2726,2273,91231,62160,0.5453090618123625,0.5947611007164697
B-STX_USDT,1789559832016,0.2379,0.238,0.23795,0.00009999999999998899,0.0004203446826397183,1939,3927,86195,63149,0.3305489260143198,0.5771574351832012
B-STX_USDT,1789559834257,0.2379,0.238,0.23795,0.00009999999999998899,0.0004203446826397183,1962,4538,87571,64205,0.3018461538461538,0.5769752793590555
B-STX_USDT,1789559836504,0.2379,0.238,0.23795,0.00009999999999998899,0.0004203446826397183,1962,4562,87571,64229,0.30073574494175354,0.5768840579710145
B-STX_USDT,1789559838810,0.2379,0.238,0.23795,0.00009999999999998899,0.0004203446826397183,1962,4602,87571,64493,0.29890310786106034,0.5758825231481481
B-STX_USDT,1789559840994,0.2378,0.2379,0.23785,0.00009999999999998899,0.00042052144659372997,5791,1303,128882,46872,0.8163236537919368,0.733309056977366
B-STX_USDT,1789559843266,0.2378,0.2379,0.23785,0.00009999999999998899,0.00042052144659372997,8262,1395,131331,46669,0.8555452003727866,0.7378146067415731
B-STX_USDT,1789559845800,0.2378,0.2379,0.23785,0.00009999999999998899,0.00042052144659372997,8262,912,152229,45920,0.9005886200130805,0.7682552018935246
B-STX_USDT,1789559847964,0.2378,0.2379,0.23785,0.00009999999999998899,0.00042052144659372997,10262,815,120901,45823,0.9264241220547079,0.7251565461481251
B-STX_USDT,1789559850123,0.2378,0.2379,0.23785,0.00009999999999998899,0.00042052144659372997,10284,778,120923,45936,0.9296691375881396,0.7247016942448414
B-STX_USDT,1789559852333,0.2378,0.2379,0.23785,0.00009999999999998899,0.00042052144659372997,6453,4165,116182,49323,0.6077415709173102,0.7019848342950364
B-STX_USDT,1789559854562,0.2378,0.2379,0.23785,0.00009999999999998899,0.00042052144659372997,6453,4165,116182,49271,0.6077415709173102,0.7022054601608916
B-STX_USDT,1789559857038,0.2378,0.2379,0.23785,0.00009999999999998899,0.00042052144659372997,7710,4171,117439,49277,0.6489352748085178,0.7044254900549437
B-STX_USDT,1789559859207,0.2378,0.2379,0.23785,0.00009999999999998899,0.00042052144659372997,7710,4171,117439,49277,0.6489352748085178,0.7044254900549437
B-STX_USDT,1789559861422,0.2378,0.2379,0.23785,0.00009999999999998899,0.00042052144659372997,1709,4321,84261,57052,0.2834162520729685,0.5962721051849441
B-STX_USDT,1789559863609,0.2378,0.2379,0.23785,0.00009999999999998899,0.00042052144659372997,1651,4253,84203,56984,0.2796409214092141,0.5963934356562574
B-STX_USDT,1789559865795,0.2378,0.2379,0.23785,0.00009999999999998899,0.00042052144659372997,1709,6508,83085,59839,0.20798344894730436,0.5813229408636758
B-STX_USDT,1789559867988,0.2378,0.2379,0.23785,0.00009999999999998899,0.00042052144659372997,1563,6474,83019,59805,0.1944755505785741,0.581267854142161
B-STX_USDT,1789559870168,0.2378,0.2379,0.23785,0.00009999999999998899,0.00042052144659372997,1563,6474,83019,59870,0.1944755505785741,0.5810034362337199
B-STX_USDT,1789559872540,0.2378,0.2379,0.23785,0.00009999999999998899,0.00042052144659372997,637,7464,82093,60860,0.07863226762128132,0.5742656677369485
B-STX_USDT,1789559874728,0.2378,0.2379,0.23785,0.00009999999999998899,0.00042052144659372997,637,6630,82093,60026,0.08765652951699464,0.5776356433692891
B-STX_USDT,1789559876901,0.2378,0.2379,0.23785,0.00009999999999998899,0.00042052144659372997,68,7964,81328,59770,0.00846613545816733,0.5763937121716821
B-TIA_USDT,1789556277526,0.3274,0.3275,0.32745,0.00009999999999998899,0.0003054367745876267,6630,2911,144390,120501,0.6948957132376061,0.5450921322355233
B-TIA_USDT,1789556279716,0.3274,0.3275,0.32745,0.00009999999999998899,0.0003054367745876267,6887,3267,145083,120875,0.6782548749261375,0.5455109453372337
B-TIA_USDT,1789556281921,0.3274,0.3275,0.32745,0.00009999999999998899,0.0003054367745876267,6735,3267,147419,120875,0.673365326934613,0.5494681207928616
B-TIA_USDT,1789556284125,0.3274,0.3275,0.32745,0.00009999999999998899,0.0003054367745876267,6487,3285,144700,120893,0.6638354482194023,0.5448185757907776
B-TIA_USDT,1789556286337,0.3274,0.3275,0.32745,0.00009999999999998899,0.0003054367745876267,6335,3285,144548,120893,0.6585239085239085,0.544557924359839
B-TIA_USDT,1789556288536,0.3274,0.3275,0.32745,0.00009999999999998899,0.0003054367745876267,6335,3285,144548,120893,0.6585239085239085,0.544557924359839
B-TIA_USDT,1789556290895,0.3274,0.3275,0.32745,0.00009999999999998899,0.0003054367745876267,6335,3285,144548,120893,0.6585239085239085,0.544557924359839
B-TIA_USDT,1789556293327,0.3275,0.3276,0.32755,0.00009999999999998899,0.000305343511450348,2600,2242,108189,142501,0.53696819496076,0.431564880928637
B-TIA_USDT,1789556295753,0.3275,0.3276,0.32755,0.00009999999999998899,0.000305343511450348,2652,4227,107968,144486,0.3855211513301352,0.42767395248243245
B-TIA_USDT,1789556298204,0.3275,0.3276,0.32755,0.00009999999999998899,0.000305343511450348,2672,2207,110476,142466,0.5476532076245132,0.43676415937250435
B-TIA_USDT,1789556300415,0.3276,0.3277,0.32765,0.00009999999999998899,0.00030525030525027164,2469,5483,114505,149383,0.31048792756539234,0.4339151458194386
B-TIA_USDT,1789556302615,0.3276,0.3277,0.32765,0.00009999999999998899,0.00030525030525027164,1185,6599,102197,151784,0.15223535457348408,0.4023804930290061
B-TIA_USDT,1789556304811,0.3276,0.3277,0.32765,0.00009999999999998899,0.00030525030525027164,9012,16,127946,145512,0.998227735932654,0.4678817222388813
B-TIA_USDT,1789556306996,0.3276,0.3277,0.32765,0.00009999999999998899,0.00030525030525027164,10324,16,129258,141810,0.9984526112185687,0.47684713798751605
B-TIA_USDT,1789556309207,0.3277,0.3278,0.32775,0.00009999999999998899,0.00030515715593527307,661,8619,74880,160185,0.07122844827586207,0.31855018824580433
B-TIA_USDT,1789556311414,0.3276,0.3277,0.32765,0.00009999999999998899,0.00030525030525027164,5902,4580,112369,132331,0.5630604846403359,0.4592112791172865
B-TIA_USDT,1789556313623,0.3276,0.3277,0.32765,0.00009999999999998899,0.00030525030525027164,1274,8099,101246,151269,0.13592233009708737,0.40095043858780666
B-TIA_USDT,1789556315824,0.3276,0.3277,0.32765,0.00009999999999998899,0.00030525030525027164,1306,8099,103294,151269,0.1388623072833599,0.40576988800414826
B-TIA_USDT,1789556318038,0.3276,0.3277,0.32765,0.00009999999999998899,0.00030525030525027164,1106,8083,103094,151253,0.12036130155620851,0.4053281540572525
B-TIA_USDT,1789556320400,0.3276,0.3277,0.32765,0.00009999999999998899,0.00030525030525027164,4670,1733,111439,147057,0.7293456192409807,0.43110531691012627
B-TIA_USDT,1789556322647,0.3276,0.3277,0.32765,0.00009999999999998899,0.00030525030525027164,4476,2038,96284,129506,0.6871354006754682,0.42643164001948713
B-TIA_USDT,1789556324931,0.3276,0.3277,0.32765,0.00009999999999998899,0.00030525030525027164,4540,2021,98819,129489,0.6919676878524615,0.4328319638383237
B-TIA_USDT,1789556327127,0.3276,0.3277,0.32765,0.00009999999999998899,0.00030525030525027164,4817,2038,99048,129506,0.7026987600291758,0.4333680443133789
B-TIA_USDT,1789556329309,0.3277,0.3278,0.32775,0.00009999999999998899,0.00030515715593527307,13245,1900,134156,117419,0.8745460548035655,0.533264434065388
B-TIA_USDT,1789556331481,0.3277,0.3278,0.32775,0.00009999999999998899,0.00030515715593527307,11431,1566,140264,124272,0.8795106563053012,0.5302265098134091
B-TIA_USDT,1789556333754,0.3277,0.3278,0.32775,0.00009999999999998899,0.00030515715593527307,15123,1580,142939,121816,0.9054062144524936,0.539891597892391
B-TIA_USDT,1789556336232,0.3277,0.3278,0.32775,0.00009999999999998899,0.00030515715593527307,15123,1224,143990,118380,0.9251238759405396,0.5488051225368754
B-TIA_USDT,1789556338611,0.3277,0.3278,0.32775,0.00009999999999998899,0.00030515715593527307,15140,1198,140307,121205,0.9266740115069164,0.536522224601548
B-TIA_USDT,1789556340782,0.3277,0.3278,0.32775,0.00009999999999998899,0.00030515715593527307,13516,1249,141990,119941,0.9154080596004064,0.5420893288690533
B-TIA_USDT,1789556342966,0.3277,0.3278,0.32775,0.00009999999999998899,0.00030515715593527307,13179,1036,141319,119746,0.9271192402391839,0.5413172964587363
B-TIA_USDT,1789556345156,0.3277,0.3278,0.32775,0.00009999999999998899,0.00030515715593527307,13179,1086,141287,119796,0.923869610935857,0.5411574097126202
B-TIA_USDT,1789556347335,0.3277,0.3278,0.32775,0.00009999999999998899,0.00030515715593527307,13179,1086,141287,119778,0.923869610935857,0.5411947216210522
B-TIA_USDT,1789556349541,0.3277,0.3278,0.32775,0.00009999999999998899,0.00030515715593527307,985,5265,117478,130457,0.1576,0.47382580111722833
B-TIA_USDT,1789556351736,0.3277,0.3278,0.32775,0.00009999999999998899,0.00030515715593527307,2247,5467,123630,125847,0.2912885662431942,0.49555670462607776
B-TIA_USDT,1789556353938,0.3277,0.3278,0.32775,0.00009999999999998899,0.00030515715593527307,2247,5732,119474,125918,0.2816142373731044,0.48686998761165806
B-TIA_USDT,1789556356200,0.3277,0.3278,0.32775,0.00009999999999998899,0.00030515715593527307,2247,5732,122068,125918,0.2816142373731044,0.4922374650181865
B-TIA_USDT,1789556358394,0.3277,0.3278,0.32775,0.00009999999999998899,0.00030515715593527307,2803,3959,129301,124145,0.414522330671399,0.5101717920188127
B-TIA_USDT,1789556360595,0.3277,0.3278,0.32775,0.00009999999999998899,0.00030515715593527307,2803,4008,129301,124194,0.41154015563059754,0.5100731769857394
B-TIA_USDT,1789556362798,0.3277,0.3278,0.32775,0.00009999999999998899,0.00030515715593527307,5081,4225,145572,124178,0.5459918332258757,0.5396552363299352
B-TIA_USDT,1789556364993,0.3277,0.3278,0.32775,0.00009999999999998899,0.00030515715593527307,3552,6322,144342,126275,0.3597326311525218,0.533381125354283
B-TIA_USDT,1789556367189,0.3277,0.3278,0.32775,0.00009999999999998899,0.00030515715593527307,4335,2087,125851,124245,0.6750233572095921,0.5032107670654469
B-TIA_USDT,1789556369387,0.3277,0.3278,0.32775,0.00009999999999998899,0.00030515715593527307,9601,962,131943,122902,0.9089273880526365,0.5177382330436148
B-TIA_USDT,1789556371736,0.3277,0.3278,0.32775,0.00009999999999998899,0.00030515715593527307,10002,657,132344,122597,0.9383619476498734,0.5191161876669504
B-TIA_USDT,1789556373933,0.3277,0.3278,0.32775,0.00009999999999998899,0.00030515715593527307,10133,657,132293,122570,0.9391102873030583,0.5190749539948913
B-TIA_USDT,1789556376141,0.3277,0.3278,0.32775,0.00009999999999998899,0.00030515715593527307,10182,676,132342,122589,0.9377417572296924,0.5191287054144063
B-TIA_USDT,1789556378345,0.3277,0.3278,0.32775,0.00009999999999998899,0.00030515715593527307,10159,1032,132324,123145,0.9077830399428112,0.517964997710094
B-TIA_USDT,1789556380539,0.3277,0.3278,0.32775,0.00009999999999998899,0.00030515715593527307,10197,676,132362,120303,0.9378276464637174,0.5238636138760809
B-TIA_USDT,1789556382741,0.3277,0.3278,0.32775,0.00009999999999998899,0.00030515715593527307,8555,697,133212,120324,0.9246649373108518,0.5254165088981446
B-TIA_USDT,1789556384947,0.3277,0.3278,0.32775,0.00009999999999998899,0.00030515715593527307,8554,1358,133211,121185,0.8629943502824858,0.5236363779304706
B-TIA_USDT,1789556387158,0.3277,0.3278,0.32775,0.00009999999999998899,0.00030515715593527307,8554,1358,133211,120985,0.8629943502824858,0.5240483721222994
B-TIA_USDT,1789556389364,0.3277,0.3278,0.32775,0.00009999999999998899,0.00030515715593527307,11042,1102,155114,119897,0.9092555994729907,0.5640283479569909
B-TIA_USDT,1789556391571,0.3277,0.3278,0.32775,0.00009999999999998899,0.00030515715593527307,12073,1100,156160,119253,0.9164958627495635,0.5670030100249444
B-TIA_USDT,1789556393787,0.3277,0.3278,0.32775,0.00009999999999998899,0.00030515715593527307,12041,736,156148,118889,0.9423964936996165,0.5677345229914521
B-TIA_USDT,1789556396024,0.3279,0.328,0.32795,0.00009999999999998899,0.0003049710277523299,3230,1574,121687,167166,0.6723563696919234,0.42127656628111876
B-TIA_USDT,1789556398211,0.3279,0.328,0.32795,0.00009999999999998899,0.0003049710277523299,3021,3076,122999,169158,0.49548958504182383,0.42100309080391707
B-TIA_USDT,1789556400396,0.3281,0.3282,0.32815,0.00009999999999998899,0.0003047851264857939,8586,1823,117813,84398,0.8248630992410414,0.5826240906775596
B-TIA_USDT,1789556402603,0.3283,0.3284,0.32835000000000003,0.0001000000000000445,0.00030459945172112244,2145,3751,99988,73544,0.36380597014925375,0.5761934398266602
B-TIA_USDT,1789556404801,0.3281,0.3282,0.32815,0.00009999999999998899,0.0003047851264857939,3455,224,121022,68467,0.939113889643925,0.6386755959448833
B-TIA_USDT,1789556406999,0.3281,0.3282,0.32815,0.00009999999999998899,0.0003047851264857939,1597,4801,115182,80197,0.2496092528915286,0.5895311164454726
B-TIA_USDT,1789556409193,0.3282,0.3283,0.32825,0.00009999999999998899,0.0003046922608165417,2866,424,90689,67012,0.8711246200607903,0.5750692766691397
B-TIA_USDT,1789556411378,0.3282,0.3283,0.32825,0.00009999999999998899,0.0003046922608165417,303,10034,77147,79897,0.029312179549192224,0.49124449198950615
B-TIA_USDT,1789556413562,0.3283,0.3285,0.3284,0.00020000000000003348,0.0006091989034420758,11158,7369,114315,82813,0.6022561666756625,0.5799023984416217
B-TIA_USDT,1789556415778,0.3282,0.3283,0.32825,0.00009999999999998899,0.0003046922608165417,8615,535,132700,69301,0.9415300546448088,0.6569274409532626
B-TIA_USDT,1789556417984,0.3282,0.3283,0.32825,0.00009999999999998899,0.0003046922608165417,11109,63,135268,64542,0.9943609022556391,0.6769831339772784
B-TIA_USDT,1789556420173,0.3283,0.3284,0.32835000000000003,0.0001000000000000445,0.00030459945172112244,7142,729,107444,72387,0.9073815271248888,0.5974720709999944
B-TIA_USDT,1789556422396,0.3283,0.3284,0.32835000000000003,0.0001000000000000445,0.00030459945172112244,7180,407,112014,72240,0.9463556082773165,0.6079325279234101
B-TIA_USDT,1789556424614,0.3284,0.3285,0.32845,0.00009999999999998899,0.00030450669914734767,7773,1997,130905,75287,0.7955987717502558,0.6348694420734073
B-TIA_USDT,1789556426792,0.3285,0.3286,0.32855,0.00009999999999998899,0.0003044140030441065,243,10913,80731,126410,0.021782000717102904,0.3897393562838839
B-TIA_USDT,1789556428966,0.3285,0.3286,0.32855,0.00009999999999998899,0.0003044140030441065,303,10387,81306,125884,0.028344246959775492,0.39242241420918
B-TIA_USDT,1789556431188,0.3285,0.3286,0.32855,0.00009999999999998899,0.0003044140030441065,5863,1802,93563,119055,0.7649054142204827,0.4400521122388509
B-TIA_USDT,1789556433823,0.3287,0.3288,0.32875,0.00009999999999998899,0.0003042287800425585,11621,2466,99288,106420,0.8249449847377014,0.482664748089525
B-TIA_USDT,1789556436180,0.3289,0.329,0.32895,0.00009999999999998899,0.00030404378230461837,1816,6349,92333,111173,0.22241273729332517,0.45371143848338624
B-TIA_USDT,1789556439119,0.3288,0.3289,0.32885,0.0001000000000000445,0.0003041362530414979,2635,1525,113783,88020,0.6334134615384616,0.5638320540328935
B-TIA_USDT,1789556441330,0.3288,0.3289,0.32885,0.0001000000000000445,0.0003041362530414979,6318,771,132307,82834,0.8912399492170969,0.6149780841401685
B-TIA_USDT,1789556443852,0.3291,0.3292,0.32915,0.00009999999999998899,0.0003038590094195958,1625,6890,80225,96431,0.19083969465648856,0.4541311928267367
B-TIA_USDT,1789556446212,0.3291,0.3292,0.32915,0.00009999999999998899,0.0003038590094195958,330,9082,79057,93397,0.035061623459413514,0.45842369559418744
B-TIA_USDT,1789556448382,0.3291,0.3292,0.32915,0.00009999999999998899,0.0003038590094195958,5160,4801,93954,92602,0.518020279088445,0.5036235768348378
B-TIA_USDT,1789556450826,0.3291,0.3292,0.32915,0.00009999999999998899,0.0003038590094195958,2473,5189,87905,92996,0.32276168102323155,0.4859287676685038
B-TIA_USDT,1789556453247,0.3291,0.3292,0.32915,0.00009999999999998899,0.0003038590094195958,3338,7100,92077,93936,0.3197930638053267,0.49500303742211565
B-TIA_USDT,1789556456007,0.3292,0.3293,0.32925,0.00009999999999998899,0.0003037667071688608,7508,5625,90837,101439,0.571689636792812,0.47243025650627224
B-TIA_USDT,1789556458570,0.3292,0.3293,0.32925,0.00009999999999998899,0.0003037667071688608,7732,5044,91833,105604,0.6051972448340639,0.4651255843636198
B-TIA_USDT,1789556461915,0.3292,0.3293,0.32925,0.00009999999999998899,0.0003037667071688608,11897,4482,98422,101442,0.7263569204469137,0.49244486250650443
B-TIA_USDT,1789556464599,0.3292,0.3293,0.32925,0.00009999999999998899,0.0003037667071688608,7973,4098,98157,95875,0.6605086571120868,0.5058804733239878
B-TIA_USDT,1789556467270,0.3291,0.3292,0.32915,0.00009999999999998899,0.0003038590094195958,3573,2159,94811,73802,0.6233426378227495,0.5622994668264013
B-TIA_USDT,1789556470239,0.3291,0.3292,0.32915,0.00009999999999998899,0.0003038590094195958,7228,1665,102053,74515,0.8127740919824581,0.5779812876625436
B-TIA_USDT,1789556472867,0.3289,0.329,0.32895,0.00009999999999998899,0.00030404378230461837,8112,1296,130141,82069,0.8622448979591837,0.613265161867961
B-TIA_USDT,1789556475339,0.3287,0.3288,0.32875,0.00009999999999998899,0.0003042287800425585,3920,4351,91171,114953,0.47394510941845003,0.4423114241912635
B-TIA_USDT,1789556477932,0.3287,0.3288,0.32875,0.00009999999999998899,0.0003042287800425585,10045,1823,113618,112411,0.8463936636332996,0.5026700113702224
B-TIA_USDT,1789556480383,0.3287,0.3288,0.32875,0.00009999999999998899,0.0003042287800425585,993,4901,97188,116475,0.168476416694944,0.4548658401314219
B-TIA_USDT,1789556482872,0.3287,0.3288,0.32875,0.00009999999999998899,0.0003042287800425585,7891,1336,107335,110516,0.8552075430800911,0.49269913840193524
B-TIA_USDT,1789556485332,0.3287,0.3288,0.32875,0.00009999999999998899,0.0003042287800425585,7764,1247,107209,110527,0.861613583398069,0.49238068119190215
B-TIA_USDT,1789556487917,0.3287,0.3288,0.32875,0.00009999999999998899,0.0003042287800425585,8524,339,111012,109619,0.96175110007898,0.503156854657777
B-TIA_USDT,1789556490586,0.3288,0.3289,0.32885,0.0001000000000000445,0.0003041362530414979,640,6795,78319,141842,0.08607935440484196,0.3557351211159106
B-TIA_USDT,1789556493324,0.3287,0.3288,0.32875,0.00009999999999998899,0.0003042287800425585,6220,1810,107203,95323,0.7745952677459527,0.5293295675616958
B-TIA_USDT,1789556496190,0.3286,0.3287,0.32865,0.00009999999999998899,0.00030432136335967436,4977,1024,118979,89364,0.829361773037827,0.5710727022266167
B-TIA_USDT,1789556498506,0.3286,0.3287,0.32865,0.00009999999999998899,0.00030432136335967436,7317,415,121612,87359,0.9463269529229178,0.581956348010011
B-TIA_USDT,1789556500813,0.3286,0.3287,0.32865,0.00009999999999998899,0.00030432136335967436,8394,98,122669,85868,0.9884597268016957,0.5882361403491946
B-TIA_USDT,1789556504543,0.3287,0.3288,0.32875,0.00009999999999998899,0.0003042287800425585,788,3643,82160,107960,0.17783795982848116,0.4321481169787503
B-TIA_USDT,1789556506946,0.3288,0.3289,0.32885,0.0001000000000000445,0.0003041362530414979,2844,7006,84665,150812,0.2887309644670051,0.3595467922557192
B-TIA_USDT,1789556509524,0.3288,0.3289,0.32885,0.0001000000000000445,0.0003041362530414979,164,8081,77225,145623,0.019890842935112188,0.3465366527857553
B-TIA_USDT,1789556511949,0.3287,0.3288,0.32875,0.00009999999999998899,0.0003042287800425585,896,7755,90551,115345,0.10357184140561784,0.4397899910634495
B-TIA_USDT,1789556514550,0.3286,0.3287,0.32865,0.00009999999999998899,0.00030432136335967436,9201,453,123427,103281,0.9530764449968925,0.5444316036487464
B-TIA_USDT,1789556517179,0.3286,0.3287,0.32865,0.00009999999999998899,0.00030432136335967436,6702,533,123090,103291,0.9263303386316517,0.543729376581957
B-TIA_USDT,1789556519513,0.3286,0.3287,0.32865,0.00009999999999998899,0.00030432136335967436,3691,908,113928,104954,0.8025657751685149,0.5204996299375919
B-TIA_USDT,1789556521936,0.3286,0.3287,0.32865,0.00009999999999998899,0.00030432136335967436,7128,1109,116265,102459,0.8653636032536117,0.5315603225983431
B-TIA_USDT,1789556524337,0.3286,0.3287,0.32865,0.00009999999999998899,0.00030432136335967436,9357,940,130384,99849,0.9087112751286782,0.5663132565705177
B-TIA_USDT,1789556526527,0.3288,0.3289,0.32885,0.0001000000000000445,0.0003041362530414979,3624,4768,87083,141427,0.43183984747378457,0.3810905430834537
B-TIA_USDT,1789556529028,0.3288,0.3289,0.32885,0.0001000000000000445,0.0003041362530414979,9814,2356,105562,135466,0.8064092029580937,0.4379657135270591
B-TIA_USDT,1789556532280,0.3288,0.3289,0.32885,0.0001000000000000445,0.0003041362530414979,8314,2407,95254,137078,0.7754873612536144,0.40999087512697346
B-TIA_USDT,1789556534499,0.3288,0.3289,0.32885,0.0001000000000000445,0.0003041362530414979,8489,2442,95436,130617,0.7765986643490989,0.42218417804674124
B-TIA_USDT,1789556536889,0.3288,0.3289,0.32885,0.0001000000000000445,0.0003041362530414979,6927,3084,95864,131344,0.6919388672460294,0.42192176331819303
B-TIA_USDT,1789556539088,0.3288,0.3289,0.32885,0.0001000000000000445,0.0003041362530414979,6916,3511,95884,132003,0.6632780281960295,0.42075239043912116
B-TIA_USDT,1789556541260,0.3288,0.3289,0.32885,0.0001000000000000445,0.0003041362530414979,6664,4189,95644,132663,0.6140237722288768,0.4189271463424249
B-TIA_USDT,1789556543465,0.3288,0.3289,0.32885,0.0001000000000000445,0.0003041362530414979,10707,2419,104489,101916,0.8157092792930063,0.5062328916450667
B-TIA_USDT,1789556545962,0.3288,0.3289,0.32885,0.0001000000000000445,0.0003041362530414979,13652,248,98863,99545,0.9821582733812949,0.49828131930164105
B-TIA_USDT,1789556549155,0.3289,0.329,0.32895,0.00009999999999998899,0.00030404378230461837,11829,593,107792,99980,0.9522621156013524,0.5187994532468283
B-TIA_USDT,1789556551928,0.3289,0.329,0.32895,0.00009999999999998899,0.00030404378230461837,8417,1120,102379,100543,0.8825626507287407,0.5045239057371798
B-TIA_USDT,1789556554145,0.3289,0.329,0.32895,0.00009999999999998899,0.00030404378230461837,4983,1233,99151,100674,0.8016409266409267,0.49618916551982983
B-TIA_USDT,1789556556422,0.3289,0.329,0.32895,0.00009999999999998899,0.00030404378230461837,8843,1253,100625,98635,0.875891442155309,0.5049934758606845
B-TIA_USDT,1789556558676,0.3289,0.329,0.32895,0.00009999999999998899,0.00030404378230461837,12252,409,100885,97791,0.9676960745596714,0.5077865469407478
B-TIA_USDT,1789556561193,0.329,0.3291,0.32905,0.00009999999999998899,0.00030395136778112153,11763,1448,89590,124446,0.8903943683294224,0.41857444542039657
B-TIA_USDT,1789556563529,0.329,0.3291,0.32905,0.00009999999999998899,0.00030395136778112153,5531,6450,72987,126500,0.46164760871379684,0.36587346543885063
B-TIA_USDT,1789556565966,0.329,0.3291,0.32905,0.00009999999999998899,0.00030395136778112153,538,8585,62030,137016,0.058971829442069496,0.3116365061342604
B-TIA_USDT,1789556568157,0.3289,0.329,0.32895,0.00009999999999998899,0.00030404378230461837,8620,4705,92671,94222,0.6469043151969981,0.49585056690191714
B-TIA_USDT,1789556570394,0.3289,0.329,0.32895,0.00009999999999998899,0.00030404378230461837,8376,7673,84490,100244,0.521901676116892,0.4573603126657789
B-TIA_USDT,1789556572894,0.3289,0.329,0.32895,0.00009999999999998899,0.00030404378230461837,8401,6276,95612,100208,0.5723921782380595,0.4882647329179859
B-TIA_USDT,1789556575122,0.3289,0.329,0.32895,0.00009999999999998899,0.00030404378230461837,10653,3531,95903,105783,0.751057529610829,0.4755064803704769
B-TIA_USDT,1789556577357,0.3289,0.329,0.32895,0.00009999999999998899,0.00030404378230461837,8323,6073,84586,108323,0.5781467074187274,0.43847617270319167
B-TIA_USDT,1789556579603,0.3289,0.329,0.32895,0.00009999999999998899,0.00030404378230461837,8295,3512,93397,105762,0.702549335140171,0.46895696403376197
B-TIA_USDT,1789556581888,0.3289,0.329,0.32895,0.00009999999999998899,0.00030404378230461837,6770,3341,91007,105525,0.6695677974483236,0.46306453910813505
B-TIA_USDT,1789556584130,0.3289,0.329,0.32895,0.00009999999999998899,0.00030404378230461837,6086,5918,85636,110339,0.5069976674441853,0.4369741038397755
B-TIA_USDT,1789556586408,0.3289,0.329,0.32895,0.00009999999999998899,0.00030404378230461837,6532,3784,86082,108205,0.6331911593640946,0.44306618559141886
B-TIA_USDT,1789556588602,0.3289,0.329,0.32895,0.00009999999999998899,0.00030404378230461837,6277,3827,86821,108248,0.6212391132224862,0.44507840815301253
B-TIA_USDT,1789556591004,0.3289,0.329,0.32895,0.00009999999999998899,0.00030404378230461837,5901,8459,86445,112250,0.410933147632312,0.43506379123782685
B-TIA_USDT,1789556593923,0.3289,0.329,0.32895,0.00009999999999998899,0.00030404378230461837,6207,6027,85744,109818,0.5073565473271211,0.43844918746995837
B-TIA_USDT,1789556596592,0.3289,0.329,0.32895,0.00009999999999998899,0.00030404378230461837,6200,9004,81871,112796,0.40778742436201,0.42056948532622374
B-TIA_USDT,1789556599102,0.3289,0.329,0.32895,0.00009999999999998899,0.00030404378230461837,5757,9067,89058,112859,0.3883567188343227,0.4410624167355894
B-TIA_USDT,1789556601543,0.3289,0.329,0.32895,0.00009999999999998899,0.00030404378230461837,6205,4877,94623,110897,0.5599169824941347,0.46040774620474895
B-TIA_USDT,1789556603774,0.3289,0.329,0.32895,0.00009999999999998899,0.00030404378230461837,12413,4460,103190,110339,0.735672375985302,0.48325988507415857
B-TIA_USDT,1789556606321,0.3289,0.329,0.32895,0.00009999999999998899,0.00030404378230461837,12413,4453,95899,110332,0.7359777066287205,0.46500768555648764
B-TIA_USDT,1789556609039,0.3289,0.329,0.32895,0.00009999999999998899,0.00030404378230461837,6318,3590,103943,109469,0.6376665320952766,0.4870532116282121
B-TIA_USDT,1789556612267,0.3289,0.329,0.32895,0.00009999999999998899,0.00030404378230461837,8027,5104,110028,110983,0.6113015002665448,0.4978394740533277
B-TIA_USDT,1789556614933,0.3289,0.329,0.32895,0.00009999999999998899,0.00030404378230461837,7916,6160,115452,110065,0.5623756749076442,0.5119436672179924
B-TIA_USDT,1789556617325,0.3289,0.329,0.32895,0.00009999999999998899,0.00030404378230461837,7916,6133,107172,110038,0.5634564737703751,0.4934026978500069
B-TIA_USDT,1789556619493,0.329,0.3291,0.32905,0.00009999999999998899,0.00030395136778112153,9456,4326,109762,118823,0.6861123204179365,0.4801802392982917
B-TIA_USDT,1789556621693,0.329,0.3291,0.32905,0.00009999999999998899,0.00030395136778112153,8315,4364,108600,116332,0.6558088177301049,0.4828125833585261
B-TIA_USDT,1789556624301,0.329,0.3291,0.32905,0.00009999999999998899,0.00030395136778112153,11474,4159,111180,116127,0.733960212371266,0.4891182409692618
B-TIA_USDT,1789556626921,0.3291,0.3292,0.32915,0.00009999999999998899,0.0003038590094195958,4064,3625,101186,142253,0.5285472753283912,0.4156523810893078
B-TIA_USDT,1789556629478,0.3293,0.3294,0.32935000000000003,0.0001000000000000445,0.00030367446097796693,8097,2145,106058,129985,0.7905682483889865,0.44931643810661615
B-TIA_USDT,1789556631705,0.3294,0.3295,0.32945,0.00009999999999998899,0.00030358227079535207,6751,4068,93448,158288,0.6239948239208799,0.37121428798423745
B-TIA_USDT,1789556634179,0.3294,0.3295,0.32945,0.00009999999999998899,0.00030358227079535207,10720,17,135586,112495,0.9984166899506379,0.5465392351691585
B-TIA_USDT,1789556636717,0.3296,0.3297,0.32965,0.00009999999999998899,0.00030339805825239376,9098,5199,110722,148090,0.636357277750577,0.42780860238319707
B-TIA_USDT,1789556639141,0.3296,0.3297,0.32965,0.00009999999999998899,0.00030339805825239376,10599,4541,118262,144456,0.7000660501981506,0.45014806750964914
B-TIA_USDT,1789556641658,0.3296,0.3297,0.32965,0.00009999999999998899,0.00030339805825239376,13807,4842,125888,131766,0.7403614134806156,0.48859322968011365
B-TIA_USDT,1789556644050,0.3296,0.3297,0.32965,0.00009999999999998899,0.00030339805825239376,11260,5008,124007,133510,0.692156380624539,0.4815487909536069
B-TIA_USDT,1789556646550,0.3296,0.3297,0.32965,0.00009999999999998899,0.00030339805825239376,11884,5405,125264,131132,0.6873734744635317,0.4885567637560648
B-TIA_USDT,1789556650053,0.3298,0.3299,0.32985,0.0001000000000000445,0.0003032140691329427,6210,741,102707,97081,0.8933966335779024,0.5140799247202034
B-TIA_USDT,1789556652655,0.3297,0.3298,0.32975,0.00009999999999998899,0.00030330603579007884,14510,629,146983,69775,0.9584516810885791,0.6780972328587641
B-TIA_USDT,1789556655586,0.3297,0.3298,0.32975,0.00009999999999998899,0.00030330603579007884,12812,1231,144192,70983,0.912340667948444,0.6701150226559777
B-TIA_USDT,1789556658176,0.3298,0.3299,0.32985,0.0001000000000000445,0.0003032140691329427,9552,618,119074,110696,0.9392330383480826,0.5182312747530139
B-TIA_USDT,1789556660921,0.3299,0.33,0.32995,0.00009999999999998899,0.0003031221582297332,5566,2064,120578,131774,0.7294888597640892,0.4778167004818666
B-TIA_USDT,1789556663475,0.3299,0.33,0.32995,0.00009999999999998899,0.0003031221582297332,13014,1406,124128,127424,0.90249653259362,0.49344867065258874
B-TIA_USDT,1789556665763,0.3299,0.33,0.32995,0.00009999999999998899,0.0003031221582297332,11017,1394,122916,126246,0.8876802836193699,0.4933176005972018
B-TIA_USDT,1789556668010,0.3299,0.33,0.32995,0.00009999999999998899,0.0003031221582297332,9488,2111,112160,126963,0.8180015518579188,0.4690473103800136
B-TIA_USDT,1789556670230,0.3299,0.33,0.32995,0.00009999999999998899,0.0003031221582297332,12197,2085,121064,126937,0.8540120431312141,0.488159321938218
B-TIA_USDT,1789556672461,0.3298,0.3299,0.32985,0.0001000000000000445,0.0003032140691329427,9772,1936,129115,80659,0.834642979159549,0.6154957239696054
B-TIA_USDT,1789556674718,0.3297,0.3298,0.32975,0.00009999999999998899,0.00030330603579007884,9276,262,169839,94961,0.9725309289159153,0.6413859516616314
B-TIA_USDT,1789556676970,0.3297,0.3298,0.32975,0.00009999999999998899,0.00030330603579007884,9379,262,167724,94961,0.9728243958095634,0.6384985819517673
B-TIA_USDT,1789556679267,0.3297,0.3298,0.32975,0.00009999999999998899,0.00030330603579007884,3258,8027,149958,103438,0.288701816570669,0.5917930827637374
B-TIA_USDT,1789556682735,0.3297,0.3298,0.32975,0.00009999999999998899,0.00030330603579007884,3276,8040,149976,103451,0.28950159066808057,0.5917917191143801
B-TIA_USDT,1789556685799,0.3297,0.3298,0.32975,0.00009999999999998899,0.00030330603579007884,3083,6252,149417,90566,0.33026245313336905,0.6226149352245784
B-TIA_USDT,1789556688006,0.3295,0.3296,0.32955,0.00009999999999998899,0.000303490136570528,5478,2435,127580,93664,0.6922785290029067,0.5766484062844642
B-TIA_USDT,1789556690189,0.3295,0.3296,0.32955,0.00009999999999998899,0.000303490136570528,2662,7098,128284,93942,0.27274590163934426,0.5772681864408306
B-TIA_USDT,1789556692366,0.3295,0.3296,0.32955,0.00009999999999998899,0.000303490136570528,2171,7197,128589,93948,0.2317463706233988,0.5778320009706251
B-TIA_USDT,1789556694554,0.3295,0.3296,0.32955,0.00009999999999998899,0.000303490136570528,1327,7210,128565,93987,0.15544102143610167,0.5776852151407311
B-TIA_USDT,1789556697139,0.3295,0.3296,0.32955,0.00009999999999998899,0.000303490136570528,1327,7369,128565,94146,0.15259889604415824,0.5772727885016905
B-TIA_USDT,1789556699516,0.3295,0.3296,0.32955,0.00009999999999998899,0.000303490136570528,1302,7483,128540,91058,0.14820717131474104,0.5853423073069882
B-TIA_USDT,1789556702012,0.3294,0.3295,0.32945,0.00009999999999998899,0.00030358227079535207,6572,3725,135358,74462,0.6382441487811984,0.645114860356496
B-TIA_USDT,1789556704223,0.3294,0.3295,0.32945,0.00009999999999998899,0.00030358227079535207,775,3401,131159,74373,0.18558429118773948,0.6381439386567542
B-TIA_USDT,1789556706719,0.3294,0.3295,0.32945,0.00009999999999998899,0.00030358227079535207,6259,4920,140842,71729,0.5598890777350389,0.6625645078585508
B-TIA_USDT,1789556709139,0.3294,0.3295,0.32945,0.00009999999999998899,0.00030358227079535207,2221,4912,129019,69805,0.311369690172438,0.6489105942944514
B-TIA_USDT,1789556711571,0.3293,0.3294,0.32935000000000003,0.0001000000000000445,0.00030367446097796693,4139,683,131967,60702,0.8583575279966819,0.6849415318499603
B-TIA_USDT,1789556713753,0.3293,0.3294,0.32935000000000003,0.0001000000000000445,0.00030367446097796693,2411,2960,122637,59998,0.44889219884565257,0.6714868453472773
B-TIA_USDT,1789556716019,0.3293,0.3294,0.32935000000000003,0.0001000000000000445,0.00030367446097796693,4018,1349,132413,76275,0.7486491522265698,0.6345022234148585
B-TIA_USDT,1789556718602,0.3293,0.3294,0.32935000000000003,0.0001000000000000445,0.00030367446097796693,6197,1813,133848,75891,0.7736579275905119,0.638164575972995
B-TIA_USDT,1789556720822,0.3292,0.3293,0.32925,0.00009999999999998899,0.0003037667071688608,2044,3875,108804,81104,0.3453286028045278,0.5729300503401648
B-TIA_USDT,1789556723428,0.3292,0.3293,0.32925,0.00009999999999998899,0.0003037667071688608,3899,1583,132018,72837,0.7112367748996716,0.6444460716116277
B-TIA_USDT,1789556726109,0.3292,0.3293,0.32925,0.00009999999999998899,0.0003037667071688608,3899,1750,131275,72762,0.6902106567534076,0.6433882090013086
B-TIA_USDT,1789556729692,0.3292,0.3293,0.32925,0.00009999999999998899,0.0003037667071688608,3899,2013,131286,73025,0.6595060893098782,0.6425792052312406
B-TIA_USDT,1789556731925,0.3292,0.3293,0.32925,0.00009999999999998899,0.0003037667071688608,2407,4499,129708,73188,0.34853750362004055,0.6392831795599716
B-TIA_USDT,1789556734132,0.3292,0.3293,0.32925,0.00009999999999998899,0.0003037667071688608,2353,4490,129453,73179,0.34385503434166304,0.6388576335425796
B-TIA_USDT,1789556736577,0.3292,0.3293,0.32925,0.00009999999999998899,0.0003037667071688608,1886,5235,120216,73058,0.264850442353602,0.6219977855272825
B-TIA_USDT,1789556739237,0.3292,0.3293,0.32925,0.00009999999999998899,0.0003037667071688608,1708,5245,119968,73042,0.2456493599884942,0.6215636495518367
B-TIA_USDT,1789556741608,0.3291,0.3292,0.32915,0.00009999999999998899,0.0003038590094195958,2205,2768,115380,77866,0.4433943293786447,0.5970628111319252
B-TIA_USDT,1789556744901,0.3291,0.3292,0.32915,0.00009999999999998899,0.0003038590094195958,2623,2278,110090,77145,0.535196898592124,0.5879776751141613
B-TIA_USDT,1789556747500,0.3291,0.3292,0.32915,0.00009999999999998899,0.0003038590094195958,4715,2181,121854,77048,0.68372969837587,0.6126333571306473
B-TIA_USDT,1789556749886,0.3291,0.3292,0.32915,0.00009999999999998899,0.0003038590094195958,6916,2476,121820,77039,0.7363713798977853,0.6125948536400163
B-TIA_USDT,1789556752313,0.3291,0.3292,0.32915,0.00009999999999998899,0.0003038590094195958,7027,3349,114836,77064,0.6772359290670779,0.5984158415841584
B-TIA_USDT,1789556754781,0.3291,0.3292,0.32915,0.00009999999999998899,0.0003038590094195958,2930,3528,119841,77243,0.45370083617218954,0.6080706703740537
B-TIA_USDT,1789556757198,0.3291,0.3292,0.32915,0.00009999999999998899,0.0003038590094195958,930,3522,110790,82496,0.20889487870619947,0.5731920573657688
B-TIA_USDT,1789556760120,0.3291,0.3292,0.32915,0.00009999999999998899,0.0003038590094195958,1607,3484,120166,82458,0.31565507758790023,0.5930491945672773
B-TIA_USDT,1789556762962,0.329,0.3291,0.32905,0.00009999999999998899,0.00030395136778112153,11478,3040,142298,72903,0.7906047664967626,0.6612329868355631
B-TIA_USDT,1789556765328,0.329,0.3291,0.32905,0.00009999999999998899,0.00030395136778112153,5197,8133,112227,80508,0.38987246811702925,0.5822865592653125
B-TIA_USDT,1789556768127,0.329,0.3291,0.32905,0.00009999999999998899,0.00030395136778112153,4693,6392,109956,79304,0.42336490753270184,0.5809785480291663
B-TIA_USDT,1789556771231,0.3289,0.329,0.32895,0.00009999999999998899,0.00030404378230461837,8286,1062,135347,75924,0.886392811296534,0.6406321738430736
B-TIA_USDT,1789556774161,0.3289,0.329,0.32895,0.00009999999999998899,0.00030404378230461837,5354,1202,137295,114280,0.8166564978645515,0.5457418264930936
B-TIA_USDT,1789556777343,0.3289,0.329,0.32895,0.00009999999999998899,0.00030404378230461837,5760,2587,139549,114819,0.6900682880076674,0.548610674298654
B-TIA_USDT,1789556781241,0.3289,0.329,0.32895,0.00009999999999998899,0.00030404378230461837,3607,2909,129827,110086,0.5535604665438919,0.5411419973073572
B-TIA_USDT,1789556784097,0.3289,0.329,0.32895,0.00009999999999998899,0.00030404378230461837,3540,3011,129760,110188,0.5403755151885208,0.5407838364979078
B-TIA_USDT,1789556786628,0.3289,0.329,0.32895,0.00009999999999998899,0.00030404378230461837,3740,3801,137272,110444,0.49595544357512267,0.5541507209869366
B-TIA_USDT,1789556789733,0.3289,0.329,0.32895,0.00009999999999998899,0.00030404378230461837,7434,3435,136990,110078,0.6839635661054375,0.5544627390030276
B-TIA_USDT,1789556792165,0.3289,0.329,0.32895,0.00009999999999998899,0.00030404378230461837,8955,3303,141307,107232,0.7305433186490455,0.5685506097634576
B-TIA_USDT,1789556795486,0.329,0.3291,0.32905,0.00009999999999998899,0.00030395136778112153,2600,4206,117137,130411,0.3820158683514546,0.473189038085543
B-TIA_USDT,1789556797972,0.329,0.3291,0.32905,0.00009999999999998899,0.00030395136778112153,2347,4200,106749,130405,0.3584848021994807,0.45012523507931557
B-TIA_USDT,1789556800629,0.329,0.3291,0.32905,0.00009999999999998899,0.00030395136778112153,5644,6785,116649,130767,0.45409928393273796,0.471469104665826
B-TIA_USDT,1789556803047,0.329,0.3291,0.32905,0.00009999999999998899,0.00030395136778112153,7867,3854,123262,112347,0.6711884651480249,0.52316337661125
B-TIA_USDT,1789556805265,0.329,0.3291,0.32905,0.00009999999999998899,0.00030395136778112153,5877,4289,121280,112782,0.5781034821955539,0.5181533098068033
B-TIA_USDT,1789556807525,0.329,0.3291,0.32905,0.00009999999999998899,0.00030395136778112153,10371,4514,125760,112904,0.6967416862613369,0.5269332618241545
B-TIA_USDT,1789556809963,0.329,0.3291,0.32905,0.00009999999999998899,0.00030395136778112153,10371,4509,125781,112899,0.696975806451613,0.5269859225741579
B-TIA_USDT,1789556812332,0.329,0.3291,0.32905,0.00009999999999998899,0.00030395136778112153,8087,3973,125440,112374,0.670563847429519,0.5274710488028459
B-TIA_USDT,1789556815130,0.329,0.3291,0.32905,0.00009999999999998899,0.00030395136778112153,8087,4498,125440,112899,0.6425903853794199,0.5263091646772035
B-TIA_USDT,1789556817389,0.329,0.3291,0.32905,0.00009999999999998899,0.00030395136778112153,8103,4537,125475,112909,0.6410601265822785,0.526356634673468
B-TIA_USDT,1789556819625,0.329,0.3291,0.32905,0.00009999999999998899,0.00030395136778112153,6452,4765,116615,113137,0.5751983596327004,0.5075690309551169
B-TIA_USDT,1789556821828,0.329,0.3291,0.32905,0.00009999999999998899,0.00030395136778112153,5491,7496,114855,113955,0.4228074228074228,0.5019666972597352
B-TIA_USDT,1789556824224,0.329,0.3291,0.32905,0.00009999999999998899,0.00030395136778112153,5491,7740,114933,116074,0.4150102033104074,0.49753037786733734
B-TIA_USDT,1789556826444,0.3286,0.3287,0.32865,0.00009999999999998899,0.00030432136335967436,5189,6634,151168,117581,0.43889029857058276,0.5624876743727418
B-TIA_USDT,1789556829614,0.3284,0.3285,0.32845,0.00009999999999998899,0.00030450669914734767,10688,1377,154770,77517,0.8858682138416908,0.6662878249751385
B-TIA_USDT,1789556832194,0.3285,0.3286,0.32855,0.00009999999999998899,0.0003044140030441065,1490,4219,111905,99225,0.2609914170607812,0.5300288921517549
B-TIA_USDT,1789556834868,0.3285,0.3286,0.32855,0.00009999999999998899,0.0003044140030441065,792,8174,109291,105692,0.08833370510818649,0.5083704292897578
B-TIA_USDT,1789556837330,0.3285,0.3286,0.32855,0.00009999999999998899,0.0003044140030441065,5861,3855,122870,104328,0.6032317826265953,0.540805816952614
B-TIA_USDT,1789556839922,0.3285,0.3286,0.32855,0.00009999999999998899,0.0003044140030441065,6277,4007,123112,104463,0.6103656164916375,0.5409733055036801
B-TIA_USDT,1789556842586,0.3285,0.3286,0.32855,0.00009999999999998899,0.0003044140030441065,6470,3998,123293,101410,0.6180741306839893,0.548693163865191
B-TIA_USDT,1789556845527,0.3285,0.3286,0.32855,0.00009999999999998899,0.0003044140030441065,4610,3975,121400,101387,0.5369831100757134,0.5449150982777271
B-TIA_USDT,1789556848067,0.3285,0.3286,0.32855,0.00009999999999998899,0.0003044140030441065,4610,4519,121341,101949,0.5049841165516485,0.5434233507994088
B-TIA_USDT,1789556850453,0.3285,0.3286,0.32855,0.00009999999999998899,0.0003044140030441065,4610,4364,123829,101794,0.5137062625362158,0.5488314577857754
B-TIA_USDT,1789556853730,0.3285,0.3286,0.32855,0.00009999999999998899,0.0003044140030441065,5792,4870,115333,102318,0.5432376664790846,0.529898782913931
B-TIA_USDT,1789556856006,0.3284,0.3285,0.32845,0.00009999999999998899,0.00030450669914734767,5806,2166,159633,81324,0.7282990466633217,0.6624957980054532
B-TIA_USDT,1789556858434,0.3284,0.3285,0.32845,0.00009999999999998899,0.00030450669914734767,11554,2155,165197,79114,0.8428039973739879,0.6761750391918497
B-TIA_USDT,1789556860795,0.3284,0.3285,0.32845,0.00009999999999998899,0.00030450669914734767,11537,1587,165817,79688,0.879076501066748,0.6754119060711594
B-TIA_USDT,1789556863433,0.3284,0.3285,0.32845,0.00009999999999998899,0.00030450669914734767,11553,1597,168342,79699,0.8785551330798479,0.6786861849452308
B-TIA_USDT,1789556866371,0.3285,0.3286,0.32855,0.00009999999999998899,0.0003044140030441065,1605,7152,93246,106133,0.18328194587187394,0.46768215308532995
B-TIA_USDT,1789556868733,0.3285,0.3286,0.32855,0.00009999999999998899,0.0003044140030441065,475,9657,96286,110090,0.046881168574812476,0.46655618870411286
B-TIA_USDT,1789556871268,0.3285,0.3286,0.32855,0.00009999999999998899,0.0003044140030441065,3882,9651,122928,121606,0.28685435601862114,0.5027031005913288
B-TIA_USDT,1789556873825,0.3285,0.3286,0.32855,0.00009999999999998899,0.0003044140030441065,448,10507,114995,128824,0.04089456869009585,0.47164084833421516
B-TIA_USDT,1789556876519,0.3285,0.3286,0.32855,0.00009999999999998899,0.0003044140030441065,414,12201,114761,130534,0.03281807372175981,0.46784891661061173
B-TIA_USDT,1789556878903,0.3285,0.3286,0.32855,0.00009999999999998899,0.0003044140030441065,343,12195,114890,130528,0.02735683522092838,0.4681400712254195
B-TIA_USDT,1789556881476,0.3284,0.3285,0.32845,0.00009999999999998899,0.00030450669914734767,7877,2055,162843,81144,0.7930930326218284,0.6674249037858574
B-TIA_USDT,1789556883671,0.3284,0.3285,0.32845,0.00009999999999998899,0.00030450669914734767,10152,1650,167927,79403,0.8601931875953228,0.6789592851655682
B-TIA_USDT,1789556885889,0.3284,0.3285,0.32845,0.00009999999999998899,0.00030450669914734767,6699,1646,159009,82599,0.8027561414020371,0.6581280421178106
B-TIA_USDT,1789556888717,0.3284,0.3285,0.32845,0.00009999999999998899,0.00030450669914734767,9257,1821,166813,98254,0.8356201480411627,0.6293239067858315
B-TIA_USDT,1789556891525,0.3284,0.3285,0.32845,0.00009999999999998899,0.00030450669914734767,10410,818,158607,97251,0.9271464196651229,0.6199024458879535
B-TIA_USDT,1789556893704,0.3284,0.3285,0.32845,0.00009999999999998899,0.00030450669914734767,10749,1643,166493,97976,0.8674144609425436,0.6295369211514393
B-TIA_USDT,1789556896856,0.3284,0.3285,0.32845,0.00009999999999998899,0.00030450669914734767,8777,1653,166246,98380,0.8415148609779483,0.6282300303069237
B-TIA_USDT,1789556899875,0.3284,0.3285,0.32845,0.00009999999999998899,0.00030450669914734767,11889,1645,166818,98372,0.8784542633367814,0.6290508691881292
B-TIA_USDT,1789556902446,0.3284,0.3285,0.32845,0.00009999999999998899,0.00030450669914734767,16372,1559,172881,98286,0.9130556020300039,0.637544391463563
B-TIA_USDT,1789556904966,0.3284,0.3285,0.32845,0.00009999999999998899,0.00030450669914734767,11936,6065,158289,102785,0.6630742736514638,0.6062993633988831
B-TIA_USDT,1789556907519,0.3284,0.3285,0.32845,0.00009999999999998899,0.00030450669914734767,11987,8257,160303,102772,0.5921260620430745,0.6093433431530932
B-TIA_USDT,1789556910942,0.3284,0.3285,0.32845,0.00009999999999998899,0.00030450669914734767,11971,8645,160287,106194,0.5806655025223127,0.6014950409222422
B-TIA_USDT,1789556913402,0.3284,0.3285,0.32845,0.00009999999999998899,0.00030450669914734767,12155,8599,162775,106148,0.5856702322443866,0.6052847841203616
B-TIA_USDT,1789556915823,0.3282,0.3283,0.32825,0.00009999999999998899,0.0003046922608165417,774,5554,107082,86023,0.12231352718078382,0.5545273296911007
B-TIA_USDT,1789556918140,0.3282,0.3283,0.32825,0.00009999999999998899,0.0003046922608165417,10044,1822,131434,82594,0.8464520478678578,0.614097220924365
B-TIA_USDT,1789556921281,0.3283,0.3284,0.32835000000000003,0.0001000000000000445,0.00030459945172112244,2384,4829,107459,99595,0.33051434909191735,0.5189902151129657
B-TIA_USDT,1789556924012,0.3283,0.3284,0.32835000000000003,0.0001000000000000445,0.00030459945172112244,3127,10206,97582,108103,0.2345308632715818,0.47442448404113086
B-TIA_USDT,1789556926593,0.3283,0.3284,0.32835000000000003,0.0001000000000000445,0.00030459945172112244,7491,6140,110147,105966,0.5495561587557772,0.5096731802344144
B-TIA_USDT,1789556929361,0.3283,0.3284,0.32835000000000003,0.0001000000000000445,0.00030459945172112244,7565,1852,113096,101678,0.8033343952426463,0.5265814297820034
B-TIA_USDT,1789556931612,0.3283,0.3284,0.32835000000000003,0.0001000000000000445,0.00030459945172112244,8381,2144,113211,101970,0.7962945368171022,0.5261198711782175
B-TIA_USDT,1789556934018,0.3283,0.3284,0.32835000000000003,0.0001000000000000445,0.00030459945172112244,9721,4365,113215,104191,0.6901178475081642,0.5207537970433199
B-TIA_USDT,1789556937180,0.3283,0.3284,0.32835000000000003,0.0001000000000000445,0.00030459945172112244,9687,4234,103195,104060,0.6958551828173264,0.4979131987165569
B-TIA_USDT,1789556939844,0.3283,0.3284,0.32835000000000003,0.0001000000000000445,0.00030459945172112244,13309,4497,112344,104079,0.7474446815680108,0.5190945509488363
B-TIA_USDT,1789556942036,0.3283,0.3284,0.32835000000000003,0.0001000000000000445,0.00030459945172112244,13629,2317,119638,101899,0.8546971027216856,0.540036201627719
B-TIA_USDT,1789556944357,0.3283,0.3284,0.32835000000000003,0.0001000000000000445,0.00030459945172112244,11192,8464,101761,105802,0.5693935693935694,0.49026560610513437
B-TIA_USDT,1789556947036,0.3283,0.3284,0.32835000000000003,0.0001000000000000445,0.00030459945172112244,13197,6555,106254,103893,0.668134872417983,0.5056174963240018
B-TIA_USDT,1789556949423,0.3283,0.3284,0.32835000000000003,0.0001000000000000445,0.00030459945172112244,13197,2817,114246,102079,0.8240914200074935,0.5281220385993297
B-TIA_USDT,1789556952371,0.3283,0.3284,0.32835000000000003,0.0001000000000000445,0.00030459945172112244,13424,4101,114156,103363,0.7659914407988587,0.5248093270013194
B-TIA_USDT,1789556955044,0.3283,0.3284,0.32835000000000003,0.0001000000000000445,0.00030459945172112244,13304,4193,114173,103455,0.7603589186717723,0.5246245887477714
B-TIA_USDT,1789556957798,0.3283,0.3284,0.32835000000000003,0.0001000000000000445,0.00030459945172112244,11293,5169,110335,104431,0.6860041307253067,0.5137451924420067
B-TIA_USDT,1789556960417,0.3283,0.3284,0.32835000000000003,0.0001000000000000445,0.00030459945172112244,13172,6753,115877,107941,0.6610790464240903,0.5177286902751342
B-TIA_USDT,1789556962959,0.3283,0.3284,0.32835000000000003,0.0001000000000000445,0.00030459945172112244,13500,6677,118223,107865,0.6690786539128711,0.5229070096599554
B-TIA_USDT,1789556965413,0.3283,0.3284,0.32835000000000003,0.0001000000000000445,0.00030459945172112244,13107,7032,115599,104370,0.6508267540592879,0.5255240511162936
B-TIA_USDT,1789556967757,0.3283,0.3284,0.32835000000000003,0.0001000000000000445,0.00030459945172112244,13288,5057,115669,104591,0.7243390569637503,0.5251475528920366
B-TIA_USDT,1789556970252,0.3283,0.3284,0.32835000000000003,0.0001000000000000445,0.00030459945172112244,13288,5081,109265,104615,0.7233926724372585,0.5108705816345614
B-TIA_USDT,1789556972786,0.3283,0.3284,0.32835000000000003,0.0001000000000000445,0.00030459945172112244,15259,3473,118491,103026,0.8145953448644032,0.5349070274516177
B-TIA_USDT,1789556975187,0.3283,0.3284,0.32835000000000003,0.0001000000000000445,0.00030459945172112244,15259,3389,118598,102942,0.8182646932646933,0.5353344768439108
B-TIA_USDT,1789556977464,0.3283,0.3284,0.32835000000000003,0.0001000000000000445,0.00030459945172112244,15259,3137,126674,100108,0.8294737986518809,0.5585716679454278
B-TIA_USDT,1789556979848,0.3283,0.3284,0.32835000000000003,0.0001000000000000445,0.00030459945172112244,15259,3347,115403,102736,0.8201117918950876,0.5290342396361952
B-TIA_USDT,1789556982519,0.3283,0.3284,0.32835000000000003,0.0001000000000000445,0.00030459945172112244,11224,5467,104189,104856,0.6724582110119226,0.4984046497165682
B-TIA_USDT,1789556985181,0.3283,0.3284,0.32835000000000003,0.0001000000000000445,0.00030459945172112244,11022,7377,106475,104441,0.5990542964291538,0.504821824802291
B-TIA_USDT,1789556988118,0.3283,0.3284,0.32835000000000003,0.0001000000000000445,0.00030459945172112244,12941,2156,117488,101219,0.8571901702324966,0.5371935969127646
B-TIA_USDT,1789556990679,0.3283,0.3284,0.32835000000000003,0.0001000000000000445,0.00030459945172112244,12908,2150,114401,101213,0.8572187541506177,0.5305824297123564
B-TIA_USDT,1789556993235,0.3286,0.3287,0.32865,0.00009999999999998899,0.00030432136335967436,2049,11760,108162,154286,0.14838149033239192,0.4121273547521795
B-TIA_USDT,1789556995798,0.3285,0.3286,0.32855,0.00009999999999998899,0.0003044140030441065,5473,3789,128142,113659,0.5909090909090909,0.5299481805286165
B-TIA_USDT,1789556998125,0.3285,0.3286,0.32855,0.00009999999999998899,0.0003044140030441065,7133,1803,118885,111873,0.7982318710832588,0.5151934060790958
B-TIA_USDT,1789557000582,0.3284,0.3285,0.32845,0.00009999999999998899,0.00030450669914734767,5719,6160,113987,134500,0.48143783146729524,0.458724198851449
B-TIA_USDT,1789557003401,0.3284,0.3285,0.32845,0.00009999999999998899,0.00030450669914734767,8797,2255,125436,132439,0.7959645313065509,0.48642171594764905
B-TIA_USDT,1789557006297,0.3284,0.3285,0.32845,0.00009999999999998899,0.00030450669914734767,13881,2746,127370,133800,0.8348469357069827,0.48769001033809395
B-TIA_USDT,1789557009314,0.3284,0.3285,0.32845,0.00009999999999998899,0.00030450669914734767,17007,2463,130812,131441,0.873497688751926,0.4988007763495556
B-TIA_USDT,1789557011810,0.3284,0.3285,0.32845,0.00009999999999998899,0.00030450669914734767,11224,7059,111076,136019,0.6139036263195318,0.44952750966227567
B-TIA_USDT,1789557014547,0.3284,0.3285,0.32845,0.00009999999999998899,0.00030450669914734767,9055,4428,118154,133406,0.671586442186457,0.4696851645730641
B-TIA_USDT,1789557017175,0.3284,0.3285,0.32845,0.00009999999999998899,0.00030450669914734767,9360,4832,115369,133810,0.6595264937993236,0.4629964804417708
B-TIA_USDT,1789557019819,0.3284,0.3285,0.32845,0.00009999999999998899,0.00030450669914734767,11040,2766,109704,131744,0.7996523250760539,0.45435870249494714
B-TIA_USDT,1789557023009,0.3284,0.3285,0.32845,0.00009999999999998899,0.00030450669914734767,13343,2324,128472,131302,0.8516627305802004,0.4945529575708115
B-TIA_USDT,1789557025524,0.3285,0.3286,0.32855,0.00009999999999998899,0.0003044140030441065,2458,7745,82255,144947,0.24090953641085955,0.36203466518780647
B-TIA_USDT,1789557028173,0.3284,0.3285,0.32845,0.00009999999999998899,0.00030450669914734767,12390,917,130295,117019,0.9310889005786428,0.5268403729671591
B-TIA_USDT,1789557030512,0.3284,0.3285,0.32845,0.00009999999999998899,0.00030450669914734767,12390,1065,130322,117015,0.9208472686733556,0.5269005446010908
B-TIA_USDT,1789557033919,0.3284,0.3285,0.32845,0.00009999999999998899,0.00030450669914734767,13294,729,130695,118801,0.9480139770377237,0.5238360534838233
B-TIA_USDT,1789557036473,0.3284,0.3285,0.32845,0.00009999999999998899,0.00030450669914734767,12672,819,132561,118891,0.9392928619079386,0.5271821262109667
B-TIA_USDT,1789557039210,0.3285,0.3286,0.32855,0.00009999999999998899,0.0003044140030441065,4914,2903,90912,140139,0.6286299091723168,0.3934715712115507
B-TIA_USDT,1789557042029,0.3285,0.3286,0.32855,0.00009999999999998899,0.0003044140030441065,5918,2869,89227,137057,0.6734949357004666,0.39431422460271165
B-TIA_USDT,1789557044626,0.3285,0.3286,0.32855,0.00009999999999998899,0.0003044140030441065,3849,5050,90212,139238,0.43252050792223845,0.39316626716060143
B-TIA_USDT,1789557048295,0.3285,0.3286,0.32855,0.00009999999999998899,0.0003044140030441065,6637,2857,93332,137045,0.6990730987992416,0.4051272479457585
B-TIA_USDT,1789557050713,0.3285,0.3286,0.32855,0.00009999999999998899,0.0003044140030441065,9268,2476,113839,136664,0.7891689373297003,0.45444166337329295
B-TIA_USDT,1789557053222,0.3286,0.3287,0.32865,0.00009999999999998899,0.00030432136335967436,6730,4705,112800,153774,0.5885439440314822,0.4231470435976502
B-TIA_USDT,1789557055870,0.3286,0.3287,0.32865,0.00009999999999998899,0.00030432136335967436,7853,5129,116826,154182,0.6049144969958404,0.4310795253276656
B-TIA_USDT,1789557058894,0.3286,0.3287,0.32865,0.00009999999999998899,0.00030432136335967436,9009,5125,137958,154178,0.637399179283996,0.47223895719801734
B-TIA_USDT,1789557061297,0.3286,0.3287,0.32865,0.00009999999999998899,0.00030432136335967436,12780,977,145057,147775,0.9289816093625064,0.49535911375805924
B-TIA_USDT,1789557063909,0.3286,0.3287,0.32865,0.00009999999999998899,0.00030432136335967436,13909,998,149069,147796,0.9330515865029851,0.5021440722213801
B-TIA_USDT,1789557066868,0.3286,0.3287,0.32865,0.00009999999999998899,0.00030432136335967436,8903,6120,132795,150841,0.5926246422152699,0.46818810024115415
B-TIA_USDT,1789557070571,0.3286,0.3287,0.32865,0.00009999999999998899,0.00030432136335967436,8903,6098,141910,150835,0.5934937670821945,0.48475635792242394
B-TIA_USDT,1789557072963,0.3284,0.3285,0.32845,0.00009999999999998899,0.00030450669914734767,12821,250,185438,109502,0.9808736898477546,0.6287312673764155
B-TIA_USDT,1789557075557,0.3284,0.3285,0.32845,0.00009999999999998899,0.00030450669914734767,12823,348,157311,104691,0.9735783159972667,0.6004190807703758
B-TIA_USDT,1789557078797,0.3286,0.3287,0.32865,0.00009999999999998899,0.00030432136335967436,863,3152,106366,151882,0.2149439601494396,0.4118754065859174
B-TIA_USDT,1789557081423,0.3286,0.3287,0.32865,0.00009999999999998899,0.00030432136335967436,3781,3287,128145,150792,0.5349462365591398,0.45940481183923254
B-TIA_USDT,1789557083639,0.3286,0.3287,0.32865,0.00009999999999998899,0.00030432136335967436,3130,3285,108488,152034,0.48791893998441155,0.41642548422014264
B-TIA_USDT,1789557085880,0.3286,0.3287,0.32865,0.00009999999999998899,0.00030432136335967436,952,3211,106310,151941,0.22868123949075186,0.41165377868817543
B-TIA_USDT,1789557088110,0.3286,0.3287,0.32865,0.00009999999999998899,0.00030432136335967436,3741,3209,112858,151958,0.538273381294964,0.4261751555797233
B-TIA_USDT,1789557090832,0.3286,0.3287,0.32865,0.00009999999999998899,0.00030432136335967436,612,5190,98691,151704,0.10548086866597725,0.3941412568142335
B-TIA_USDT,1789557094445,0.3286,0.3287,0.32865,0.00009999999999998899,0.00030432136335967436,612,7486,97287,154000,0.07557421585576686,0.3871549264386936
B-TIA_USDT,1789557097208,0.3286,0.3287,0.32865,0.00009999999999998899,0.00030432136335967436,1773,5396,106598,150677,0.24731482773050634,0.4143348556991546
B-TIA_USDT,1789557100070,0.3286,0.3287,0.32865,0.00009999999999998899,0.00030432136335967436,7824,1068,112392,148272,0.8798920377867746,0.43117576650400513
B-TIA_USDT,1789557102617,0.3286,0.3287,0.32865,0.00009999999999998899,0.00030432136335967436,7763,711,112231,147915,0.9160962945480292,0.4314154359475064
B-TIA_USDT,1789557104837,0.3286,0.3287,0.32865,0.00009999999999998899,0.00030432136335967436,7782,708,112250,147912,0.9166077738515901,0.4314619352557253
B-TIA_USDT,1789557107430,0.3286,0.3287,0.32865,0.00009999999999998899,0.00030432136335967436,5793,1060,111293,148264,0.8453232161097329,0.4287805761354924
B-TIA_USDT,1789557109639,0.3286,0.3287,0.32865,0.00009999999999998899,0.00030432136335967436,6415,909,111584,148113,0.8758874931731294,0.4296699615320932
B-TIA_USDT,1789557112010,0.3286,0.3287,0.32865,0.00009999999999998899,0.00030432136335967436,6415,807,111584,148011,0.8882581002492385,0.4298387873418209
B-TIA_USDT,1789557114399,0.3286,0.3287,0.32865,0.00009999999999998899,0.00030432136335967436,8845,412,114221,147616,0.9554931403262396,0.4362294099000523
B-TIA_USDT,1789557116736,0.3286,0.3287,0.32865,0.00009999999999998899,0.00030432136335967436,9342,409,136473,147613,0.9580555840426623,0.4803932611955535
B-TIA_USDT,1789557119156,0.3286,0.3287,0.32865,0.00009999999999998899,0.00030432136335967436,3642,1624,132743,148828,0.6916065324724648,0.4714370442978858
B-TIA_USDT,1789557121817,0.3285,0.3286,0.32855,0.00009999999999998899,0.0003044140030441065,3693,3825,121008,129979,0.4912210694333599,0.48212855645909947
B-TIA_USDT,1789557124198,0.3285,0.3286,0.32855,0.00009999999999998899,0.0003044140030441065,1602,3802,106308,130782,0.29644707623982236,0.4483866885992661
B-TIA_USDT,1789557126387,0.3285,0.3286,0.32855,0.00009999999999998899,0.0003044140030441065,1602,3927,108796,127038,0.2897449810092241,0.4613244909555026
B-TIA_USDT,1789557128570,0.3285,0.3286,0.32855,0.00009999999999998899,0.0003044140030441065,8056,819,124913,123627,0.9077183098591549,0.502587108714895
B-TIA_USDT,1789557131130,0.3285,0.3286,0.32855,0.00009999999999998899,0.0003044140030441065,8056,1190,124854,123684,0.8712956954358642,0.5023537648166477
B-TIA_USDT,1789557133830,0.3285,0.3286,0.32855,0.00009999999999998899,0.0003044140030441065,9592,2358,114786,117497,0.8026778242677824,0.49416444595601056
B-TIA_USDT,1789557136057,0.3284,0.3285,0.32845,0.00009999999999998899,0.00030450669914734767,590,5459,99805,124487,0.09753678293932881,0.44497797513955023
B-TIA_USDT,1789557138549,0.3284,0.3285,0.32845,0.00009999999999998899,0.00030450669914734767,588,9512,99652,129838,0.05821782178217822,0.43423242842825394
B-TIA_USDT,1789557140800,0.3284,0.3285,0.32845,0.00009999999999998899,0.00030450669914734767,944,9451,102496,130008,0.09081289081289082,0.44083542648728624
B-TIA_USDT,1789557142987,0.3284,0.3285,0.32845,0.00009999999999998899,0.00030450669914734767,3052,3453,137580,119321,0.4691775557263643,0.535537035667436
B-TIA_USDT,1789557145328,0.3284,0.3285,0.32845,0.00009999999999998899,0.00030450669914734767,2547,3930,105253,121489,0.39323761000463175,0.4641971932857609
B-TIA_USDT,1789557147508,0.3284,0.3285,0.32845,0.00009999999999998899,0.00030450669914734767,2809,4063,109867,125317,0.4087601862630966,0.4671533777808014
B-TIA_USDT,1789557150127,0.3284,0.3285,0.32845,0.00009999999999998899,0.00030450669914734767,1142,7899,106251,124440,0.12631346090034287,0.460577135648985
B-TIA_USDT,1789557152344,0.3284,0.3285,0.32845,0.00009999999999998899,0.00030450669914734767,7477,2057,153763,119970,0.7842458569330816,0.5617262076549046
B-TIA_USDT,1789557154552,0.3284,0.3285,0.32845,0.00009999999999998899,0.00030450669914734767,2673,4245,109680,125203,0.38638334778837813,0.46695588867649
B-TIA_USDT,1789557157040,0.3284,0.3285,0.32845,0.00009999999999998899,0.00030450669914734767,1142,4260,108060,130520,0.21140318400592373,0.4529298348562327
B-TIA_USDT,1789557159332,0.3284,0.3285,0.32845,0.00009999999999998899,0.00030450669914734767,1058,5292,107499,131523,0.16661417322834646,0.44974521173783166
B-TIA_USDT,1789557161533,0.3284,0.3285,0.32845,0.00009999999999998899,0.00030450669914734767,1105,5272,107558,131503,0.1732789713031206,0.4499186400123818
B-TIA_USDT,1789557164026,0.3284,0.3285,0.32845,0.00009999999999998899,0.00030450669914734767,1105,5370,107558,130381,0.17065637065637065,0.4520402287981373
B-TIA_USDT,1789557166447,0.3284,0.3285,0.32845,0.00009999999999998899,0.00030450669914734767,3593,5261,200644,130262,0.4058052857465552,0.6063474219264685
B-TIA_USDT,1789557168614,0.3284,0.3285,0.32845,0.00009999999999998899,0.00030450669914734767,9364,1719,204981,119096,0.8448975909049896,0.6325070893645646
B-TIA_USDT,1789557170967,0.3284,0.3285,0.32845,0.00009999999999998899,0.00030450669914734767,9506,1957,212828,119984,0.8292768036290674,0.6394841532156292
B-TIA_USDT,1789557173403,0.3284,0.3285,0.32845,0.00009999999999998899,0.00030450669914734767,1231,5609,108184,132299,0.17997076023391814,0.4498613207586399
B-TIA_USDT,1789557175822,0.3284,0.3285,0.32845,0.00009999999999998899,0.00030450669914734767,707,7687,97343,130917,0.08422682868715749,0.4264566722158942
B-TIA_USDT,1789557178433,0.3284,0.3285,0.32845,0.00009999999999998899,0.00030450669914734767,1049,7556,104580,130786,0.12190586868099942,0.4443292574118607
B-TIA_USDT,1789557180797,0.3284,0.3285,0.32845,0.00009999999999998899,0.00030450669914734767,1109,7918,104640,131148,0.1228536612385067,0.4437884879637641
B-TIA_USDT,1789557183229,0.3284,0.3285,0.32845,0.00009999999999998899,0.00030450669914734767,1144,3536,104675,123693,0.24444444444444444,0.45836106634905066
B-TIA_USDT,1789557185405,0.3285,0.3286,0.32855,0.00009999999999998899,0.0003044140030441065,5500,1508,83745,132221,0.7848173515981736,0.38776937110471094
B-TIA_USDT,1789557187815,0.3286,0.3287,0.32865,0.00009999999999998899,0.00030432136335967436,7359,439,118250,123636,0.943703513721467,0.4888666561934134
B-TIA_USDT,1789557190722,0.3286,0.3287,0.32865,0.00009999999999998899,0.00030432136335967436,7567,437,118271,123634,0.9454022988505747,0.48891506996548234
B-TIA_USDT,1789557193936,0.3286,0.3287,0.32865,0.00009999999999998899,0.00030432136335967436,3370,1038,112263,135266,0.764519056261343,0.4535347373439072
B-TIA_USDT,1789557196569,0.3286,0.3287,0.32865,0.00009999999999998899,0.00030432136335967436,3335,1036,112228,135282,0.7629832990162434,0.4534281443174013
B-TIA_USDT,1789557199228,0.3286,0.3287,0.32865,0.00009999999999998899,0.00030432136335967436,819,6222,100203,107266,0.11631870472944184,0.4829781798726557
B-TIA_USDT,1789557201661,0.3285,0.3286,0.32855,0.00009999999999998899,0.0003044140030441065,7734,3213,116468,82467,0.7064949301178405,0.5854575615150678
B-TIA_USDT,1789557204247,0.3285,0.3286,0.32855,0.00009999999999998899,0.0003044140030441065,4897,197,115605,78532,0.9613270514330585,0.5954815413857224
B-TIA_USDT,1789557206680,0.3285,0.3286,0.32855,0.00009999999999998899,0.0003044140030441065,4948,214,115656,77414,0.9585432003099574,0.5990366188429067
B-TIA_USDT,1789557208894,0.3285,0.3286,0.32855,0.00009999999999998899,0.0003044140030441065,4668,213,115418,77413,0.956361401352182,0.5985448397819852
B-TIA_USDT,1789557212292,0.3285,0.3286,0.32855,0.00009999999999998899,0.0003044140030441065,4710,209,115460,74660,0.9575116893677577,0.6073006522196508
B-TIA_USDT,1789557214644,0.3286,0.3287,0.32865,0.00009999999999998899,0.00030432136335967436,290,8755,93248,105812,0.032061912658927584,0.4684416758766201
B-TIA_USDT,1789557217246,0.3286,0.3287,0.32865,0.00009999999999998899,0.00030432136335967436,680,8707,99764,103917,0.07244060935336104,0.4898051364633913
B-TIA_USDT,1789557220217,0.3286,0.3287,0.32865,0.00009999999999998899,0.00030432136335967436,646,8511,98822,104196,0.07054712242000655,0.4867647203696224
B-TIA_USDT,1789557222726,0.3286,0.3287,0.32865,0.00009999999999998899,0.00030432136335967436,646,8036,92679,104933,0.07440681870536743,0.468994797886768
B-TIA_USDT,1789557225340,0.3286,0.3287,0.32865,0.00009999999999998899,0.00030432136335967436,739,8118,92688,103803,0.08343682962628429,0.47171626181351817
B-TIA_USDT,1789557227563,0.3285,0.3286,0.32855,0.00009999999999998899,0.0003044140030441065,647,3009,104349,90324,0.17696936542669583,0.536021944491532
B-TIA_USDT,1789557229753,0.3285,0.3286,0.32855,0.00009999999999998899,0.0003044140030441065,596,4980,103758,90213,0.10688665710186514,0.5349150130689639
B-TIA_USDT,1789557232410,0.3285,0.3286,0.32855,0.00009999999999998899,0.0003044140030441065,596,4978,103758,90211,0.10692500897021888,0.5349205285380654
B-TIA_USDT,1789557234849,0.3285,0.3286,0.32855,0.00009999999999998899,0.0003044140030441065,596,4976,103558,90209,0.10696338837042355,0.5344460098984863
B-TIA_USDT,1789557237062,0.3284,0.3285,0.32845,0.00009999999999998899,0.00030450669914734767,2975,1056,110312,74094,0.7380302654428181,0.5982017938678785
B-TIA_USDT,1789557239299,0.3284,0.3285,0.32845,0.00009999999999998899,0.00030450669914734767,3026,1308,116189,74280,0.6982002768804799,0.6100152780767474
B-TIA_USDT,1789557241488,0.3284,0.3285,0.32845,0.00009999999999998899,0.00030450669914734767,4755,1703,112271,74675,0.7362960668937751,0.6005531008954458
B-TIA_USDT,1789557243939,0.3284,0.3285,0.32845,0.00009999999999998899,0.00030450669914734767,4925,1176,120589,74699,0.8072447139813146,0.6174931383392733
B-TIA_USDT,1789557246351,0.3284,0.3285,0.32845,0.00009999999999998899,0.00030450669914734767,4695,1836,114589,75350,0.7188791915480018,0.603293689026477
B-TIA_USDT,1789557248527,0.3284,0.3285,0.32845,0.00009999999999998899,0.00030450669914734767,4300,1570,114212,75731,0.7325383304940375,0.6012961783271824
B-TIA_USDT,1789557251037,0.3284,0.3285,0.32845,0.00009999999999998899,0.00030450669914734767,771,5706,107918,85773,0.1190365910143585,0.5571657950033817
B-TIA_USDT,1789557253330,0.3284,0.3285,0.32845,0.00009999999999998899,0.00030450669914734767,508,9582,104611,89649,0.05034687809712587,0.5385102440028827
B-TIA_USDT,1789557255727,0.3284,0.3285,0.32845,0.00009999999999998899,0.00030450669914734767,430,9464,102419,89538,0.04346068324236911,0.5335517850351902
B-TIA_USDT,1789557258150,0.3284,0.3285,0.32845,0.00009999999999998899,0.00030450669914734767,3714,1094,107317,74866,0.7724625623960066,0.5890615480039301
B-TIA_USDT,1789557260857,0.3284,0.3285,0.32845,0.00009999999999998899,0.00030450669914734767,7573,1048,111370,71377,0.8784363762904536,0.609421768893607
B-TIA_USDT,1789557263220,0.3284,0.3285,0.32845,0.00009999999999998899,0.00030450669914734767,7605,1024,98391,60940,0.8813303974968131,0.6175257796662295
B-TIA_USDT,1789557265596,0.3284,0.3285,0.32845,0.00009999999999998899,0.00030450669914734767,7632,665,98417,60581,0.9198505483909847,0.6189826287123108
B-TIA_USDT,1789557267925,0.3284,0.3285,0.32845,0.00009999999999998899,0.00030450669914734767,7709,570,98494,60486,0.9311511052059428,0.6195370486853692
B-TIA_USDT,1789557270133,0.3284,0.3285,0.32845,0.00009999999999998899,0.00030450669914734767,7638,567,122265,69975,0.9308957952468008,0.6360018726591761
B-TIA_USDT,1789557272579,0.3284,0.3285,0.32845,0.00009999999999998899,0.00030450669914734767,7638,666,116593,70074,0.9197976878612717,0.6246042417781397
B-TIA_USDT,1789557275178,0.3285,0.3286,0.32855,0.00009999999999998899,0.0003044140030441065,4072,1879,86566,85152,0.6842547471013275,0.5041172154346079
B-TIA_USDT,1789557277639,0.3285,0.3286,0.32855,0.00009999999999998899,0.0003044140030441065,654,6502,77477,91716,0.09139183901621017,0.4579208359683911
B-TIA_USDT,1789557281003,0.3285,0.3286,0.32855,0.00009999999999998899,0.0003044140030441065,3612,3821,85992,87808,0.48594107359074395,0.4947756041426927
B-TIA_USDT,1789557283188,0.3285,0.3286,0.32855,0.00009999999999998899,0.0003044140030441065,3343,3777,85677,87764,0.46952247191011237,0.49398354483657264
B-TIA_USDT,1789557285552,0.3285,0.3286,0.32855,0.00009999999999998899,0.0003044140030441065,545,8328,77368,91243,0.06142229234757128,0.4588549975980215
B-TIA_USDT,1789557287815,0.3284,0.3285,0.32845,0.00009999999999998899,0.00030450669914734767,7278,428,124886,69721,0.9444588632234623,0.641734367211868
B-TIA_USDT,1789557290036,0.3284,0.3285,0.32845,0.00009999999999998899,0.00030450669914734767,7542,505,119471,69594,0.9372436933018516,0.6319043715124428
B-TIA_USDT,1789557292328,0.3284,0.3285,0.32845,0.00009999999999998899,0.00030450669914734767,1991,6880,111909,75158,0.22443918385751324,0.5982295113515479
B-TIA_USDT,1789557295081,0.3284,0.3285,0.32845,0.00009999999999998899,0.00030450669914734767,2165,5140,106493,75351,0.29637234770704995,0.5856283407756099
B-TIA_USDT,1789557297304,0.3284,0.3285,0.32845,0.00009999999999998899,0.00030450669914734767,4745,961,114985,71172,0.8315807921486155,0.6176775517439581
B-TIA_USDT,1789557299779,0.3284,0.3285,0.32845,0.00009999999999998899,0.00030450669914734767,3012,2798,113204,73659,0.5184165232358003,0.6058128147359295
B-TIA_USDT,1789557302754,0.3285,0.3286,0.32855,0.00009999999999998899,0.0003044140030441065,3232,3047,87333,86240,0.5147316451664278,0.5031485311655615
B-TIA_USDT,1789557305287,0.3285,0.3286,0.32855,0.00009999999999998899,0.0003044140030441065,3307,2915,87354,86548,0.53150112504018,0.5023173971547193
B-TIA_USDT,1789557307826,0.3285,0.3286,0.32855,0.00009999999999998899,0.0003044140030441065,1514,6711,79748,90363,0.18407294832826748,0.4687997836706621
B-TIA_USDT,1789557310348,0.3284,0.3285,0.32845,0.00009999999999998899,0.00030450669914734767,3944,3260,110126,78228,0.5474736257634647,0.5846756639094471
B-TIA_USDT,1789557312826,0.3284,0.3285,0.32845,0.00009999999999998899,0.00030450669914734767,3665,3278,109756,82963,0.5278697969177589,0.5695131253275494
B-TIA_USDT,1789557315457,0.3284,0.3285,0.32845,0.00009999999999998899,0.00030450669914734767,3665,3276,109756,83125,0.5280218988618355,0.5690347934736962
B-TIA_USDT,1789557317806,0.3284,0.3285,0.32845,0.00009999999999998899,0.00030450669914734767,1490,7512,105961,85262,0.16551877360586537,0.554122673527766
B-TIA_USDT,1789557320223,0.3283,0.3284,0.32835000000000003,0.0001000000000000445,0.00030459945172112244,5226,531,128193,84862,0.907764460656592,0.6016897045363874
B-TIA_USDT,1789557322460,0.3283,0.3284,0.32835000000000003,0.0001000000000000445,0.00030459945172112244,5226,634,128193,78585,0.8918088737201365,0.6199547340626179
B-TIA_USDT,1789557324931,0.3283,0.3284,0.32835000000000003,0.0001000000000000445,0.00030459945172112244,5138,3162,122662,80927,0.6190361445783132,0.6024981703333677
B-TIA_USDT,1789557327715,0.3283,0.3284,0.32835000000000003,0.0001000000000000445,0.00030459945172112244,2819,1608,122337,82900,0.6367743392816806,0.5960767308038999
B-TIA_USDT,1789557330154,0.3283,0.3284,0.32835000000000003,0.0001000000000000445,0.00030459945172112244,5166,1453,129898,77769,0.7804804351110439,0.6255110344927215
B-TIA_USDT,1789557332822,0.3282,0.3283,0.32825,0.00009999999999998899,0.0003046922608165417,11749,457,128651,68257,0.9625593970178601,0.6533558819347106
B-TIA_USDT,1789557336104,0.3283,0.3284,0.32835000000000003,0.0001000000000000445,0.00030459945172112244,540,3882,97074,82689,0.12211668928086838,0.5400110145024282
B-TIA_USDT,1789557339513,0.3283,0.3284,0.32835000000000003,0.0001000000000000445,0.00030459945172112244,608,4442,97103,84239,0.12039603960396039,0.5354688930308478
B-TIA_USDT,1789557342338,0.3283,0.3284,0.32835000000000003,0.0001000000000000445,0.00030459945172112244,285,4440,91997,84156,0.06031746031746032,0.5222562204447271
B-TIA_USDT,1789557345726,0.3283,0.3284,0.32835000000000003,0.0001000000000000445,0.00030459945172112244,220,4477,85992,84239,0.0468384074941452,0.5051488859255953
B-TIA_USDT,1789557349455,0.3283,0.3284,0.32835000000000003,0.0001000000000000445,0.00030459945172112244,467,6553,85344,84126,0.06652421652421653,0.5035935563816605
B-TIA_USDT,1789557352197,0.3283,0.3284,0.32835000000000003,0.0001000000000000445,0.00030459945172112244,823,6550,90790,82916,0.11162349111623492,0.5226647323638792
B-TIA_USDT,1789557354861,0.3283,0.3284,0.32835000000000003,0.0001000000000000445,0.00030459945172112244,823,4496,90790,83976,0.15472833239330702,0.5194946385452548
B-TIA_USDT,1789557357350,0.3283,0.3284,0.32835000000000003,0.0001000000000000445,0.00030459945172112244,467,4538,85344,84018,0.0933066933066933,0.5039146916073263
B-TIA_USDT,1789557360337,0.3282,0.3283,0.32825,0.00009999999999998899,0.0003046922608165417,1912,4885,104830,80314,0.28130057378255113,0.5662079246424405
B-TIA_USDT,1789557363965,0.3282,0.3283,0.32825,0.00009999999999998899,0.0003046922608165417,1825,5513,104857,80501,0.24870536931043882,0.5656998888637124
B-TIA_USDT,1789557366811,0.3282,0.3283,0.32825,0.00009999999999998899,0.0003046922608165417,1628,5509,104392,80497,0.22810704777917892,0.5646198529928768
B-TIA_USDT,1789557369570,0.3282,0.3283,0.32825,0.00009999999999998899,0.0003046922608165417,2085,5506,104849,80494,0.27466736925306284,0.5657025083224076
B-TIA_USDT,1789557372347,0.3283,0.3284,0.32835000000000003,0.0001000000000000445,0.00030459945172112244,4045,3918,90441,85626,0.5079743815145046,0.5136737719163728
B-TIA_USDT,1789557374987,0.3283,0.3284,0.32835000000000003,0.0001000000000000445,0.00030459945172112244,7868,1536,102860,84084,0.836665248830285,0.5502182471756247
B-TIA_USDT,1789557378124,0.3283,0.3284,0.32835000000000003,0.0001000000000000445,0.00030459945172112244,8055,840,100320,74941,0.9055649241146712,0.5724034440063677
B-TIA_USDT,1789557381262,0.3283,0.3284,0.32835000000000003,0.0001000000000000445,0.00030459945172112244,10508,862,102536,73252,0.9241864555848724,0.5832935126402258
B-TIA_USDT,1789557383549,0.3284,0.3285,0.32845,0.00009999999999998899,0.00030450669914734767,3762,906,112249,77897,0.8059125964010283,0.5903305880744271
B-TIA_USDT,1789557385763,0.3284,0.3285,0.32845,0.00009999999999998899,0.00030450669914734767,853,2943,103854,79934,0.22471022128556375,0.5650749776916882
B-TIA_USDT,1789557387985,0.3285,0.3286,0.32855,0.00009999999999998899,0.0003044140030441065,2912,6343,84399,95611,0.3146407347379795,0.46885728570634966
B-TIA_USDT,1789557390208,0.3288,0.3289,0.32885,0.0001000000000000445,0.0003041362530414979,9776,80,106300,54424,0.9918831168831169,0.6613822453398372
B-TIA_USDT,1789557392442,0.3288,0.3289,0.32885,0.0001000000000000445,0.0003041362530414979,8949,1118,105742,58522,0.8889440746995133,0.6437320411045634
B-TIA_USDT,1789557394683,0.3288,0.3289,0.32885,0.0001000000000000445,0.0003041362530414979,14393,311,108107,55348,0.9788492927094669,0.6613869260652779
B-TIA_USDT,1789557396965,0.3288,0.3289,0.32885,0.0001000000000000445,0.0003041362530414979,14588,281,108748,56123,0.9811016208218442,0.6595944708287085
B-TIA_USDT,1789557399202,0.3288,0.3289,0.32885,0.0001000000000000445,0.0003041362530414979,11081,735,105294,57598,0.9377962085308057,0.6464037521793581
B-TIA_USDT,1789557401497,0.3288,0.3289,0.32885,0.0001000000000000445,0.0003041362530414979,3968,5432,100037,62134,0.4221276595744681,0.6168612143971487
B-TIA_USDT,1789557403727,0.3288,0.3289,0.32885,0.0001000000000000445,0.0003041362530414979,4050,4974,93777,74343,0.4488031914893617,0.5577980014275518
B-TIA_USDT,1789557405937,0.3288,0.3289,0.32885,0.0001000000000000445,0.0003041362530414979,4668,4710,95029,74079,0.49776071657069737,0.5619426638597819
B-TIA_USDT,1789557408185,0.3288,0.3289,0.32885,0.0001000000000000445,0.0003041362530414979,4821,4946,95176,74315,0.4936009009931402,0.5615401407744364
B-TIA_USDT,1789557410481,0.3287,0.3288,0.32875,0.00009999999999998899,0.0003042287800425585,8687,21,136743,56208,0.997588424437299,0.7086928805758975
B-TIA_USDT,1789557412757,0.3286,0.3287,0.32865,0.00009999999999998899,0.00030432136335967436,12606,21,160068,48985,0.9983368971252079,0.7656814300679732
B-TIA_USDT,1789557415008,0.3286,0.3287,0.32865,0.00009999999999998899,0.00030432136335967436,12606,19,160068,46938,0.9984950495049505,0.7732529491898785
B-TIA_USDT,1789557417235,0.3287,0.3288,0.32875,0.00009999999999998899,0.0003042287800425585,1289,10021,119918,72135,0.11396993810786914,0.6244005560964941
B-TIA_USDT,1789557419753,0.3287,0.3288,0.32875,0.00009999999999998899,0.0003042287800425585,1062,10019,114498,72151,0.09583972565652919,0.613440200590413
B-TIA_USDT,1789557422063,0.3286,0.3287,0.32865,0.00009999999999998899,0.00030432136335967436,2861,5833,150732,54275,0.32907752472969864,0.7352529425824484
B-TIA_USDT,1789557424348,0.3286,0.3287,0.32865,0.00009999999999998899,0.00030432136335967436,5159,6145,152482,55972,0.4563871196036801,0.7314899210377349
B-TIA_USDT,1789557426600,0.3286,0.3287,0.32865,0.00009999999999998899,0.00030432136335967436,5148,6305,152542,56132,0.44948921679909193,0.7310062585659929
B-TIA_USDT,1789557429169,0.3285,0.3286,0.32855,0.00009999999999998899,0.0003044140030441065,1327,4661,128025,63935,0.22160988643954577,0.6669358199624922
B-TIA_USDT,1789557431416,0.3285,0.3286,0.32855,0.00009999999999998899,0.0003044140030441065,1527,4676,135448,63968,0.24617120748025148,0.6792233321298191
B-TIA_USDT,1789557433921,0.3285,0.3286,0.32855,0.00009999999999998899,0.0003044140030441065,1545,4773,128344,64065,0.24453941120607786,0.6670374046952066
B-TIA_USDT,1789557436165,0.3285,0.3286,0.32855,0.00009999999999998899,0.0003044140030441065,7895,945,139551,60022,0.8930995475113123,0.6992478942542328
B-TIA_USDT,1789557439224,0.3285,0.3286,0.32855,0.00009999999999998899,0.0003044140030441065,7895,652,139469,59729,0.9237159237159237,0.7001526119740158
B-TIA_USDT,1789557442713,0.3285,0.3286,0.32855,0.00009999999999998899,0.0003044140030441065,7361,608,138886,59693,0.9237043543731961,0.6993992315400923
B-TIA_USDT,1789557445207,0.3285,0.3286,0.32855,0.00009999999999998899,0.0003044140030441065,10546,248,142021,58156,0.9770242727441171,0.7094771127552116
B-TIA_USDT,1789557447486,0.3285,0.3286,0.32855,0.00009999999999998899,0.0003044140030441065,12388,407,143118,58159,0.9681906994919891,0.7110499460941886
B-TIA_USDT,1789557449703,0.3286,0.3287,0.32865,0.00009999999999998899,0.00030432136335967436,661,6622,117816,72429,0.0907593024852396,0.6192856579673579
B-TIA_USDT,1789557451925,0.3285,0.3286,0.32855,0.00009999999999998899,0.0003044140030441065,2675,6343,126989,65441,0.29662896429363494,0.6599230889154498
B-TIA_USDT,1789557454100,0.3285,0.3286,0.32855,0.00009999999999998899,0.0003044140030441065,2831,6297,130538,65444,0.3101446099912358,0.6660713739016848
B-TIA_USDT,1789557456311,0.3285,0.3286,0.32855,0.00009999999999998899,0.0003044140030441065,2675,6295,122824,65442,0.29821627647714605,0.6523960778897943
B-TIA_USDT,1789557458478,0.3285,0.3286,0.32855,0.00009999999999998899,0.0003044140030441065,2675,6294,122824,65441,0.2982495261456127,0.6523995431970893
B-TIA_USDT,1789557460708,0.3284,0.3285,0.32845,0.00009999999999998899,0.00030450669914734767,1226,7755,131129,61863,0.13651041086738672,0.6794530343226662
B-TIA_USDT,1789557462928,0.3284,0.3285,0.32845,0.00009999999999998899,0.00030450669914734767,738,9654,133042,63052,0.0710161662817552,0.6784603302497781
B-TIA_USDT,1789557465140,0.3283,0.3284,0.32835000000000003,0.0001000000000000445,0.00030459945172112244,4788,11508,136595,71345,0.29381443298969073,0.6568962200634798
B-TIA_USDT,1789557467325,0.3283,0.3284,0.32835000000000003,0.0001000000000000445,0.00030459945172112244,6614,6080,146143,69072,0.5210335591618087,0.6790558278930372
B-TIA_USDT,1789557469545,0.3283,0.3284,0.32835000000000003,0.0001000000000000445,0.00030459945172112244,1339,9763,131440,71518,0.12060889929742388,0.6476216754205304
B-TIA_USDT,1789557471725,0.3282,0.3283,0.32825,0.00009999999999998899,0.0003046922608165417,8313,1537,159340,54961,0.8439593908629441,0.7435336279345407
B-TIA_USDT,1789557473925,0.3282,0.3283,0.32825,0.00009999999999998899,0.0003046922608165417,10313,606,161426,53812,0.9445004121256525,0.7499883849506128
B-TIA_USDT,1789557476141,0.3282,0.3283,0.32825,0.00009999999999998899,0.0003046922608165417,10313,959,161426,54165,0.9149219304471257,0.7487603842460956
B-TIA_USDT,1789557478372,0.3283,0.3284,0.32835000000000003,0.0001000000000000445,0.00030459945172112244,5195,3347,132782,67438,0.6081713884336221,0.6631805014484068
B-TIA_USDT,1789557480602,0.3283,0.3284,0.32835000000000003,0.0001000000000000445,0.00030459945172112244,4979,3453,137401,68187,0.590488614800759,0.6683318092495671
B-TIA_USDT,1789557482796,0.3283,0.3284,0.32835000000000003,0.0001000000000000445,0.00030459945172112244,7083,810,141855,65832,0.8973774230330672,0.6830230105880484
B-TIA_USDT,1789557485017,0.3283,0.3284,0.32835000000000003,0.0001000000000000445,0.00030459945172112244,6876,1116,141648,66449,0.8603603603603603,0.6806825663032143
B-TIA_USDT,1789557487485,0.3283,0.3284,0.32835000000000003,0.0001000000000000445,0.00030459945172112244,6034,1963,141702,67296,0.7545329498561961,0.6780064881003646
B-TIA_USDT,1789557489710,0.3283,0.3284,0.32835000000000003,0.0001000000000000445,0.00030459945172112244,8685,1152,146046,64464,0.8828911253430924,0.6937722673507197
B-TIA_USDT,1789557492055,0.3284,0.3285,0.32845,0.00009999999999998899,0.00030450669914734767,3063,4378,125601,94186,0.41163822066926486,0.5714669202455104
B-TIA_USDT,1789557494249,0.3284,0.3285,0.32845,0.00009999999999998899,0.00030450669914734767,1901,3756,116671,97208,0.3360438394908962,0.5455000257154746
B-TIA_USDT,1789557496703,0.3285,0.3286,0.32855,0.00009999999999998899,0.0003044140030441065,5857,5574,90247,74836,0.5123786195433471,0.5466765202958512
B-TIA_USDT,1789557498913,0.3286,0.3287,0.32865,0.00009999999999998899,0.00030432136335967436,2839,4815,119994,97800,0.37091716749412074,0.5509518168544588
B-TIA_USDT,1789557501406,0.3286,0.3287,0.32865,0.00009999999999998899,0.00030432136335967436,4863,4829,118956,97830,0.5017540239372679,0.5487254712020149
B-TIA_USDT,1789557503657,0.3286,0.3287,0.32865,0.00009999999999998899,0.00030432136335967436,4863,4599,118908,97889,0.5139505389980976,0.5484762243019968
B-TIA_USDT,1789557505854,0.3285,0.3286,0.32855,0.00009999999999998899,0.0003044140030441065,5200,3962,119479,73170,0.5675616677581314,0.6201900866342416
B-TIA_USDT,1789557508493,0.3286,0.3287,0.32865,0.00009999999999998899,0.00030432136335967436,252,10789,92689,106723,0.02282401956344534,0.4648115459450785
B-TIA_USDT,1789557511226,0.3286,0.3287,0.32865,0.00009999999999998899,0.00030432136335967436,608,10787,99444,106721,0.05335673541026766,0.4823515145635777
B-TIA_USDT,1789557514522,0.3285,0.3286,0.32855,0.00009999999999998899,0.0003044140030441065,882,9088,121070,74477,0.08846539618856569,0.6191350417035291
B-TIA_USDT,1789557517136,0.3284,0.3285,0.32845,0.00009999999999998899,0.00030450669914734767,3475,3490,158017,65848,0.4989231873653984,0.7058584414714225
B-TIA_USDT,1789557519729,0.3283,0.3284,0.32835000000000003,0.0001000000000000445,0.00030459945172112244,1462,8190,140849,75696,0.15147119767923747,0.6504375533953681
B-TIA_USDT,1789557522464,0.3283,0.3284,0.32835000000000003,0.0001000000000000445,0.00030459945172112244,2743,8187,148680,75709,0.25096065873741996,0.6625993252788684
B-TIA_USDT,1789557525081,0.3283,0.3284,0.32835000000000003,0.0001000000000000445,0.00030459945172112244,2743,7834,148347,75256,0.259336295736031,0.6634392204040196
B-TIA_USDT,1789557527296,0.3283,0.3284,0.32835000000000003,0.0001000000000000445,0.00030459945172112244,2743,7901,147387,75323,0.2577038707252912,0.6617888734228369
B-TIA_USDT,1789557529527,0.3284,0.3285,0.32845,0.00009999999999998899,0.00030450669914734767,965,6180,129288,76489,0.1350594821553534,0.6282917915996443
B-TIA_USDT,1789557531724,0.3285,0.3286,0.32855,0.00009999999999998899,0.0003044140030441065,282,9558,93507,81604,0.028658536585365855,0.533987013951151
B-TIA_USDT,1789557533917,0.3286,0.3287,0.32865,0.00009999999999998899,0.00030432136335967436,3923,4329,117688,107550,0.47539990305380514,0.5225050835116632
B-TIA_USDT,1789557536151,0.3286,0.3287,0.32865,0.00009999999999998899,0.00030432136335967436,9447,93,135644,72010,0.990251572327044,0.6532212237664576
B-TIA_USDT,1789557538730,0.3287,0.3288,0.32875,0.00009999999999998899,0.0003042287800425585,958,6097,97808,89424,0.13579021970233876,0.5223893351563835
B-TIA_USDT,1789557541883,0.3287,0.3288,0.32875,0.00009999999999998899,0.0003042287800425585,969,8621,99086,96059,0.10104275286757039,0.5077557713495093
B-TIA_USDT,1789557545393,0.3287,0.3288,0.32875,0.00009999999999998899,0.0003042287800425585,1024,6460,97646,96375,0.136825227151256,0.5032754186402503
B-TIA_USDT,1789557548600,0.3287,0.3288,0.32875,0.00009999999999998899,0.0003042287800425585,1024,6444,97646,96359,0.13711837171933583,0.5033169248215252
B-TIA_USDT,1789557550883,0.3287,0.3288,0.32875,0.00009999999999998899,0.0003042287800425585,1063,6443,97457,96358,0.14162003730349054,0.5028351778758094
B-TIA_USDT,1789557553792,0.3287,0.3288,0.32875,0.00009999999999998899,0.0003042287800425585,1043,6298,91001,94416,0.14207873586704808,0.4907910277914107
B-TIA_USDT,1789557556917,0.3287,0.3288,0.32875,0.00009999999999998899,0.0003042287800425585,8507,1192,137305,91294,0.8771007320342303,0.6006369231711425
B-TIA_USDT,1789557560670,0.3288,0.3289,0.32885,0.0001000000000000445,0.0003041362530414979,4268,2528,111852,108502,0.6280164802825191,0.5076014050119353
B-TIA_USDT,1789557563472,0.3288,0.3289,0.32885,0.0001000000000000445,0.0003041362530414979,6300,2542,113854,105468,0.7125084822438362,0.5191180091372503
B-TIA_USDT,1789557566060,0.3289,0.329,0.32895,0.00009999999999998899,0.00030404378230461837,4274,891,135262,86511,0.8274927395934172,0.6099119369806063
B-TIA_USDT,1789557568651,0.3289,0.329,0.32895,0.00009999999999998899,0.00030404378230461837,4156,849,134006,86457,0.8303696303696304,0.6078389571039131
B-TIA_USDT,1789557570950,0.3289,0.329,0.32895,0.00009999999999998899,0.00030404378230461837,6238,406,131976,79531,0.9388922335942204,0.6239793482012416
B-TIA_USDT,1789557573492,0.3289,0.329,0.32895,0.00009999999999998899,0.00030404378230461837,2321,1114,129440,80178,0.6756914119359534,0.6175042219656709
B-TIA_USDT,1789557576627,0.3289,0.329,0.32895,0.00009999999999998899,0.00030404378230461837,4276,806,131340,79870,0.8414010232192051,0.6218455565550873
B-TIA_USDT,1789557579402,0.3289,0.329,0.32895,0.00009999999999998899,0.00030404378230461837,3635,908,130387,79972,0.800132071318512,0.6198308605764431
B-TIA_USDT,1789557582516,0.3289,0.329,0.32895,0.00009999999999998899,0.00030404378230461837,2069,2375,128154,81421,0.4655715571557156,0.6114946916378384
B-TIA_USDT,1789557586012,0.3289,0.329,0.32895,0.00009999999999998899,0.00030404378230461837,16615,155,145550,72105,0.990757304710793,0.6687188440421769
B-TIA_USDT,1789557588681,0.3289,0.329,0.32895,0.00009999999999998899,0.00030404378230461837,7822,101,130958,71838,0.9872523034204216,0.6457622438312393
B-TIA_USDT,1789557591059,0.3289,0.329,0.32895,0.00009999999999998899,0.00030404378230461837,6937,505,130167,72242,0.9321418973394249,0.643088993078371
B-TIA_USDT,1789557594746,0.3289,0.329,0.32895,0.00009999999999998899,0.00030404378230461837,6953,571,130169,72308,0.9241095162147793,0.6428828953411992
B-TIA_USDT,1789557597544,0.3289,0.329,0.32895,0.00009999999999998899,0.00030404378230461837,7561,588,130801,72325,0.9278439072278807,0.6439402144481751
B-TIA_USDT,1789557600935,0.3289,0.329,0.32895,0.00009999999999998899,0.00030404378230461837,7811,245,130997,71764,0.9695878848063555,0.6460660580683663
B-TIA_USDT,1789557604004,0.3289,0.329,0.32895,0.00009999999999998899,0.00030404378230461837,7786,221,138454,71740,0.9723991507430998,0.6586962520338354
B-TIA_USDT,1789557606634,0.3289,0.329,0.32895,0.00009999999999998899,0.00030404378230461837,9935,553,134248,73661,0.9472730739893211,0.6457055731113132
B-TIA_USDT,1789557608975,0.3289,0.329,0.32895,0.00009999999999998899,0.00030404378230461837,9935,566,134250,73674,0.9461003713932007,0.6456686096843077
B-TIA_USDT,1789557611578,0.3289,0.329,0.32895,0.00009999999999998899,0.00030404378230461837,10268,564,134583,73672,0.9479320531757754,0.6462413867614223
B-TIA_USDT,1789557614127,0.329,0.3291,0.32905,0.00009999999999998899,0.00030395136778112153,3302,5374,94694,116414,0.3805901337021669,0.4485571366314872
B-TIA_USDT,1789557616351,0.329,0.3291,0.32905,0.00009999999999998899,0.00030395136778112153,3302,2329,94694,108917,0.5863967323743562,0.4650731050876426
B-TIA_USDT,1789557618586,0.329,0.3291,0.32905,0.00009999999999998899,0.00030395136778112153,5567,2362,96984,105889,0.7021061924580654,0.4780527719312082
B-TIA_USDT,1789557621012,0.329,0.3291,0.32905,0.00009999999999998899,0.00030395136778112153,5670,2910,97828,106531,0.6608391608391608,0.4787065898737026
B-TIA_USDT,1789557623282,0.329,0.3291,0.32905,0.00009999999999998899,0.00030395136778112153,1768,7489,92919,109325,0.19099060170681648,0.4594400822768537
B-TIA_USDT,1789557625629,0.329,0.3291,0.32905,0.00009999999999998899,0.00030395136778112153,2360,2905,93450,106787,0.4482431149097816,0.4666969640975444
B-TIA_USDT,1789557627846,0.329,0.3291,0.32905,0.00009999999999998899,0.00030395136778112153,2360,2902,94117,106784,0.4484986697073356,0.4684745222771415
B-TIA_USDT,1789557630089,0.329,0.3291,0.32905,0.00009999999999998899,0.00030395136778112153,4228,2657,100225,106539,0.6140885984023239,0.4847313845737169
B-TIA_USDT,1789557632305,0.3291,0.3292,0.32915,0.00009999999999998899,0.0003038590094195958,12322,537,117144,81786,0.9582393654249942,0.5888704569446539
B-TIA_USDT,1789557634623,0.3291,0.3292,0.32915,0.00009999999999998899,0.0003038590094195958,12304,971,119163,82220,0.9268549905838042,0.5917232338380102
B-TIA_USDT,1789557636921,0.3291,0.3292,0.32915,0.00009999999999998899,0.0003038590094195958,12365,969,119104,82036,0.9273286335683216,0.5921447747837327
B-TIA_USDT,1789557639521,0.3291,0.3292,0.32915,0.00009999999999998899,0.0003038590094195958,12125,967,123239,77966,0.9261380996028109,0.6125046594269526
B-TIA_USDT,1789557641751,0.3291,0.3292,0.32915,0.00009999999999998899,0.0003038590094195958,12148,1038,116868,78037,0.9212801456089792,0.5996151971473281
B-TIA_USDT,1789557644228,0.3291,0.3292,0.32915,0.00009999999999998899,0.0003038590094195958,12152,1033,116885,78050,0.9216533940083428,0.5996101264524072
B-TIA_USDT,1789557646904,0.3291,0.3292,0.32915,0.00009999999999998899,0.0003038590094195958,12173,1028,116970,78045,0.9221271115824559,0.5998000153834321
B-TIA_USDT,1789557649099,0.3291,0.3292,0.32915,0.00009999999999998899,0.0003038590094195958,8003,1262,114441,78255,0.8637884511602806,0.5938940092165899
B-TIA_USDT,1789557651728,0.3291,0.3292,0.32915,0.00009999999999998899,0.0003038590094195958,6688,2487,113170,79628,0.7289373297002725,0.5869874168819179
B-TIA_USDT,1789557654360,0.3291,0.3292,0.32915,0.00009999999999998899,0.0003038590094195958,10510,1100,117677,78241,0.905254091300603,0.600644147041109
B-TIA_USDT,1789557656795,0.3291,0.3292,0.32915,0.00009999999999998899,0.0003038590094195958,10512,1130,117695,78271,0.9029376395808281,0.6005888776624516
B-TIA_USDT,1789557659312,0.3291,0.3292,0.32915,0.00009999999999998899,0.0003038590094195958,10594,1049,117793,81251,0.909902945976123,0.5917937742408713
B-TIA_USDT,1789557662339,0.3291,0.3292,0.32915,0.00009999999999998899,0.0003038590094195958,10639,3124,124652,84580,0.7730146043740463,0.5957597308251128
B-TIA_USDT,1789557665258,0.3291,0.3292,0.32915,0.00009999999999998899,0.0003038590094195958,10626,3630,117930,85086,0.7453703703703703,0.5808901761437523
B-TIA_USDT,1789557668113,0.3291,0.3292,0.32915,0.00009999999999998899,0.0003038590094195958,5921,5717,108444,87173,0.5087643925073037,0.5543689965596037
B-TIA_USDT,1789557670510,0.3291,0.3292,0.32915,0.00009999999999998899,0.0003038590094195958,9919,1009,117240,82465,0.9076683748169839,0.5870659222352971
B-TIA_USDT,1789557673178,0.3291,0.3292,0.32915,0.00009999999999998899,0.0003038590094195958,9930,1023,117676,72730,0.9066009312517118,0.618026742854742
B-TIA_USDT,1789557675479,0.3291,0.3292,0.32915,0.00009999999999998899,0.0003038590094195958,9764,1341,117745,73048,0.8792435839711842,0.6171348005429969
B-TIA_USDT,1789557678898,0.3291,0.3292,0.32915,0.00009999999999998899,0.0003038590094195958,9884,833,120903,72522,0.922273024167211,0.6250639782861575
B-TIA_USDT,1789557681266,0.3291,0.3292,0.32915,0.00009999999999998899,0.0003038590094195958,9910,831,120929,72596,0.9226329019644354,0.624875339103475
B-TIA_USDT,1789557683837,0.3292,0.3293,0.32925,0.00009999999999998899,0.0003037667071688608,8158,1361,135178,76626,0.8570227965122387,0.6382221298936753
B-TIA_USDT,1789557686351,0.3292,0.3293,0.32925,0.00009999999999998899,0.0003037667071688608,8201,1359,135593,72605,0.8578451882845188,0.6512694646442329
B-TIA_USDT,1789557689009,0.3292,0.3293,0.32925,0.00009999999999998899,0.0003037667071688608,7617,1356,134980,72802,0.8488799732530926,0.6496231627378695
B-TIA_USDT,1789557691316,0.3292,0.3293,0.32925,0.00009999999999998899,0.0003037667071688608,7617,1355,141933,72801,0.848974587605885,0.6609712481488725
B-TIA_USDT,1789557693809,0.3292,0.3293,0.32925,0.00009999999999998899,0.0003037667071688608,8117,1332,134978,72778,0.8590327018732141,0.6496948343248811
B-TIA_USDT,1789557696487,0.3293,0.3294,0.32935000000000003,0.0001000000000000445,0.00030367446097796693,3474,419,106687,78631,0.8923709221679939,0.5756969101760218
B-TIA_USDT,1789557698740,0.3293,0.3294,0.32935000000000003,0.0001000000000000445,0.00030367446097796693,3042,2605,106325,70208,0.5386931113865769,0.6022953215546102
B-TIA_USDT,1789557701093,0.3293,0.3294,0.32935000000000003,0.0001000000000000445,0.00030367446097796693,3652,597,109069,68200,0.859496352082843,0.6152739621704867
B-TIA_USDT,1789557703373,0.3293,0.3294,0.32935000000000003,0.0001000000000000445,0.00030367446097796693,3917,613,109025,68216,0.8646799116997792,0.6151229117416399
B-TIA_USDT,1789557705593,0.3293,0.3294,0.32935000000000003,0.0001000000000000445,0.00030367446097796693,3936,831,109002,68434,0.8256765261170548,0.6143172749611128
B-TIA_USDT,1789557707956,0.3293,0.3294,0.32935000000000003,0.0001000000000000445,0.00030367446097796693,3936,796,108975,68399,0.8317836010143702,0.6143797850868786
B-TIA_USDT,1789557710335,0.3293,0.3294,0.32935000000000003,0.0001000000000000445,0.00030367446097796693,3933,616,108915,68184,0.8645856232138932,0.6149950027950468
B-TIA_USDT,1789557712850,0.3293,0.3294,0.32935000000000003,0.0001000000000000445,0.00030367446097796693,11697,77,116162,63875,0.9934601664684899,0.6452118175708327
B-TIA_USDT,1789557715254,0.3294,0.3295,0.32945,0.00009999999999998899,0.00030358227079535207,3906,642,119342,77463,0.8588390501319261,0.6063971951932116
B-TIA_USDT,1789557717751,0.3294,0.3295,0.32945,0.00009999999999998899,0.00030358227079535207,269,14766,106131,102752,0.017891586298636516,0.5080882599349875
B-TIA_USDT,1789557719998,0.3294,0.3295,0.32945,0.00009999999999998899,0.00030358227079535207,269,14765,105036,103922,0.017892776373553278,0.502665607442644
B-TIA_USDT,1789557722590,0.3293,0.3294,0.32935000000000003,0.0001000000000000445,0.00030367446097796693,5168,3949,136972,86578,0.566853131512559,0.6127130395884589
B-TIA_USDT,1789557725606,0.329,0.3291,0.32905,0.00009999999999998899,0.00030395136778112153,5743,4507,108144,90098,0.5602926829268293,0.5455150775315019
B-TIA_USDT,1789557728296,0.329,0.3291,0.32905,0.00009999999999998899,0.00030395136778112153,2268,5619,100086,96348,0.28756181057436286,0.5095146461406884
B-TIA_USDT,1789557730734,0.329,0.3291,0.32905,0.00009999999999998899,0.00030395136778112153,2364,5601,100704,96330,0.2967984934086629,0.5110996071743963
B-TIA_USDT,1789557733629,0.329,0.3291,0.32905,0.00009999999999998899,0.00030395136778112153,1606,8579,92904,99355,0.15768286696121747,0.48322315210211225
B-TIA_USDT,1789557736215,0.329,0.3291,0.32905,0.00009999999999998899,0.00030395136778112153,2313,8578,93611,99354,0.2123771921770269,0.48511906304252067
B-TIA_USDT,1789557738896,0.3291,0.3292,0.32915,0.00009999999999998899,0.0003038590094195958,4682,7371,73444,114956,0.3884510080477889,0.3898301486199575
B-TIA_USDT,1789557741524,0.3291,0.3292,0.32915,0.00009999999999998899,0.0003038590094195958,4342,3218,72365,107410,0.5743386243386244,0.402530941454596
B-TIA_USDT,1789557744081,0.3291,0.3292,0.32915,0.00009999999999998899,0.0003038590094195958,4698,4618,72622,109395,0.504293688278231,0.3989847102193751
B-TIA_USDT,1789557746925,0.3291,0.3292,0.32915,0.00009999999999998899,0.0003038590094195958,5045,2888,72632,107665,0.6359510903819489,0.4028464145271413
B-TIA_USDT,1789557749375,0.3291,0.3292,0.32915,0.00009999999999998899,0.0003038590094195958,5045,2886,73264,107663,0.6361114613541798,0.40493679771399516
B-TIA_USDT,1789557751790,0.3291,0.3292,0.32915,0.00009999999999998899,0.0003038590094195958,5045,5138,72573,109915,0.49543356574683295,0.39768642321686903
B-TIA_USDT,1789557754772,0.3291,0.3292,0.32915,0.00009999999999998899,0.0003038590094195958,1223,4878,75961,113768,0.20045894115718735,0.4003657848826484
B-TIA_USDT,1789557757227,0.3291,0.3292,0.32915,0.00009999999999998899,0.0003038590094195958,832,5689,68182,113857,0.12758779328323877,0.37454611374485686
B-TIA_USDT,1789557759618,0.3291,0.3292,0.32915,0.00009999999999998899,0.0003038590094195958,440,12765,67594,121133,0.03332071185157137,0.358157550324013
B-TIA_USDT,1789557762036,0.3291,0.3292,0.32915,0.00009999999999998899,0.0003038590094195958,996,5667,75451,114035,0.1494822152183701,0.39818772890873205
B-TIA_USDT,1789557764579,0.3291,0.3292,0.32915,0.00009999999999998899,0.0003038590094195958,996,5666,75451,114034,0.1495046532572801,0.39818983032957755
B-TIA_USDT,1789557767592,0.3291,0.3292,0.32915,0.00009999999999998899,0.0003038590094195958,996,5637,75451,114005,0.15015829941203077,0.39825078118402163
B-TIA_USDT,1789557771019,0.3291,0.3292,0.32915,0.00009999999999998899,0.0003038590094195958,1591,5581,76046,113816,0.22183491355270496,0.40053301871885894
B-TIA_USDT,1789557773372,0.329,0.3291,0.32905,0.00009999999999998899,0.00030395136778112153,4890,2269,106489,93635,0.683056292778321,0.5321150886450401
B-TIA_USDT,1789557776043,0.329,0.3291,0.32905,0.00009999999999998899,0.00030395136778112153,8900,2446,111006,90573,0.7844174158293672,0.5506823627461194
B-TIA_USDT,1789557778535,0.3291,0.3292,0.32915,0.00009999999999998899,0.0003038590094195958,4686,2289,82952,108602,0.6718279569892474,0.4330476001545256
B-TIA_USDT,1789557780782,0.3291,0.3292,0.32915,0.00009999999999998899,0.0003038590094195958,4686,2287,83867,108600,0.6720206510827478,0.4357474268316127
B-TIA_USDT,1789557783151,0.3291,0.3292,0.32915,0.00009999999999998899,0.0003038590094195958,4687,1206,83836,109224,0.795350415747497,0.43424842018025483
B-TIA_USDT,1789557785392,0.3291,0.3292,0.32915,0.00009999999999998899,0.0003038590094195958,4687,1836,82667,109854,0.718534416679442,0.4293921182624233
B-TIA_USDT,1789557787607,0.3291,0.3292,0.32915,0.00009999999999998899,0.0003038590094195958,7232,1332,86834,103825,0.844465203176086,0.45544139012582674
B-TIA_USDT,1789557789936,0.3291,0.3292,0.32915,0.00009999999999998899,0.0003038590094195958,6551,1328,86232,102247,0.8314506917121463,0.4575151608401997
B-TIA_USDT,1789557792146,0.3291,0.3292,0.32915,0.00009999999999998899,0.0003038590094195958,557,6440,71163,112892,0.07960554523367157,0.3866398630844041
B-TIA_USDT,1789557794717,0.3291,0.3292,0.32915,0.00009999999999998899,0.0003038590094195958,99,7571,69545,114023,0.012907431551499348,0.3788514338010982
B-TIA_USDT,1789557797005,0.3291,0.3292,0.32915,0.00009999999999998899,0.0003038590094195958,68,7603,69514,114055,0.008864554816842654,0.37868049616220606
B-TIA_USDT,1789557799223,0.3291,0.3292,0.32915,0.00009999999999998899,0.0003038590094195958,68,7584,69514,114112,0.008886565603763722,0.3785629486020498
B-TIA_USDT,1789557801651,0.3291,0.3292,0.32915,0.00009999999999998899,0.0003038590094195958,166,6886,69861,113414,0.023539421440726037,0.38118128495430365
B-TIA_USDT,1789557804744,0.329,0.3291,0.32905,0.00009999999999998899,0.00030395136778112153,6154,1548,109401,80967,0.799013243313425,0.5746816691880988
B-TIA_USDT,1789557807130,0.329,0.3291,0.32905,0.00009999999999998899,0.00030395136778112153,6154,1545,116488,80964,0.7993245876087803,0.5899560399489496
B-TIA_USDT,1789557809473,0.329,0.3291,0.32905,0.00009999999999998899,0.00030395136778112153,6267,1542,116601,80961,0.8025355359200922,0.5901995322987215
B-TIA_USDT,1789557811909,0.329,0.3291,0.32905,0.00009999999999998899,0.00030395136778112153,6399,1524,116724,80943,0.8076486179477471,0.5905082790754147
B-TIA_USDT,1789557814217,0.329,0.3291,0.32905,0.00009999999999998899,0.00030395136778112153,6399,1520,116717,80939,0.8080565727995959,0.5905057271218683
B-TIA_USDT,1789557816443,0.329,0.3291,0.32905,0.00009999999999998899,0.00030395136778112153,850,8015,120803,127154,0.09588268471517203,0.4871933440072271
B-TIA_USDT,1789557819026,0.329,0.3291,0.32905,0.00009999999999998899,0.00030395136778112153,822,8064,115048,129126,0.0925050641458474,0.47117219687599826
B-TIA_USDT,1789557821731,0.329,0.3291,0.32905,0.00009999999999998899,0.00030395136778112153,826,8061,115080,129123,0.0929447507595364,0.4712472819744229
B-TIA_USDT,1789557824231,0.3289,0.329,0.32895,0.00009999999999998899,0.00030404378230461837,1512,8164,148877,108039,0.156262918561389,0.57947733889676
B-TIA_USDT,1789557827250,0.3289,0.329,0.32895,0.00009999999999998899,0.00030404378230461837,1512,9374,148877,108070,0.13889399228366708,0.5794074264342451
B-TIA_USDT,1789557829584,0.3289,0.329,0.32895,0.00009999999999998899,0.00030404378230461837,3737,1640,174608,98226,0.6949972103403385,0.6399788882617269
B-TIA_USDT,1789557832032,0.3289,0.329,0.32895,0.00009999999999998899,0.00030404378230461837,10872,901,179641,97505,0.923468954387157,0.6481818247421937
B-TIA_USDT,1789557834283,0.329,0.3291,0.32905,0.00009999999999998899,0.00030395136778112153,961,8734,102125,132646,0.09912325941206808,0.4349983601041014
B-TIA_USDT,1789557836531,0.329,0.3291,0.32905,0.00009999999999998899,0.00030395136778112153,1161,6581,109185,131646,0.14996125032291396,0.4533677142892734
B-TIA_USDT,1789557838763,0.329,0.3291,0.32905,0.00009999999999998899,0.00030395136778112153,2735,2645,115984,127710,0.508364312267658,0.47594113929764376
B-TIA_USDT,1789557840982,0.329,0.3291,0.32905,0.00009999999999998899,0.00030395136778112153,1557,2842,117734,127907,0.35394407819959084,0.47929295190949395
B-TIA_USDT,1789557843200,0.3289,0.329,0.32895,0.00009999999999998899,0.00030404378230461837,1501,4549,151778,102526,0.24809917355371902,0.596836856675475
B-TIA_USDT,1789557845441,0.3289,0.329,0.32895,0.00009999999999998899,0.00030404378230461837,1501,4868,151778,104788,0.23567279007693515,0.5915748774194555
B-TIA_USDT,1789557847618,0.3289,0.329,0.32895,0.00009999999999998899,0.00030404378230461837,1684,4915,151961,104835,0.25519018033035307,0.5917576597766321
B-TIA_USDT,1789557849826,0.3289,0.329,0.32895,0.00009999999999998899,0.00030404378230461837,1164,8040,146234,111577,0.12646675358539766,0.5672139668206554
B-TIA_USDT,1789557852045,0.3289,0.329,0.32895,0.00009999999999998899,0.00030404378230461837,1202,6813,147656,110366,0.14996880848409233,0.5722612800458876
B-TIA_USDT,1789557854281,0.3289,0.329,0.32895,0.00009999999999998899,0.00030404378230461837,3702,2736,156755,105511,0.5750232991612302,0.5976947069006276
B-TIA_USDT,1789557856506,0.3289,0.329,0.32895,0.00009999999999998899,0.00030404378230461837,3702,2732,156755,105507,0.5753807895554864,0.5977038228946626
B-TIA_USDT,1789557858721,0.3289,0.329,0.32895,0.00009999999999998899,0.00030404378230461837,3788,2746,156807,105597,0.5797367615549434,0.5975785430100151
B-TIA_USDT,1789557860899,0.3289,0.329,0.32895,0.00009999999999998899,0.00030404378230461837,3788,2761,150390,105612,0.5784089173919682,0.5874563479972813
B-TIA_USDT,1789557863085,0.3289,0.329,0.32895,0.00009999999999998899,0.00030404378230461837,1558,4653,148330,106409,0.2508452745129609,0.5822822575263309
B-TIA_USDT,1789557865317,0.3289,0.329,0.32895,0.00009999999999998899,0.00030404378230461837,1758,2647,153756,105687,0.39909194097616346,0.5926388455267632
B-TIA_USDT,1789557867488,0.3289,0.329,0.32895,0.00009999999999998899,0.00030404378230461837,3384,2702,155382,105760,0.5560302333223792,0.5950096116289222
B-TIA_USDT,1789557869672,0.3289,0.329,0.32895,0.00009999999999998899,0.00030404378230461837,1770,2701,153768,105759,0.3958845895772758,0.5924932665965391
B-TIA_USDT,1789557871911,0.3289,0.329,0.32895,0.00009999999999998899,0.00030404378230461837,3696,2697,161621,105735,0.5781323322383858,0.6045160759436856
B-TIA_USDT,1789557874116,0.3289,0.329,0.32895,0.00009999999999998899,0.00030404378230461837,3696,2696,155524,105734,0.5782227784730913,0.5952889480896278
B-TIA_USDT,1789557876352,0.3289,0.329,0.32895,0.00009999999999998899,0.00030404378230461837,2261,2560,154089,105598,0.46898983613358225,0.5933643193536835
B-TIA_USDT,1789557878550,0.3289,0.329,0.32895,0.00009999999999998899,0.00030404378230461837,4169,2101,161871,105139,0.6649122807017543,0.6062357215085578
B-TIA_USDT,1789557880742,0.329,0.3291,0.32905,0.00009999999999998899,0.00030395136778112153,504,9765,98363,130327,0.049079754601226995,0.43011500284227555
B-TIA_USDT,1789557882927,0.3291,0.3292,0.32915,0.00009999999999998899,0.0003038590094195958,2363,2327,74681,167283,0.5038379530916844,0.30864508769899657
B-TIA_USDT,1789557885102,0.3291,0.3292,0.32915,0.00009999999999998899,0.0003038590094195958,5991,455,86904,139743,0.9294135898231461,0.3834332684747647
B-TIA_USDT,1789557887286,0.3291,0.3292,0.32915,0.00009999999999998899,0.0003038590094195958,6290,451,89166,139739,0.9330959798249517,0.38953277560560057
B-TIA_USDT,1789557889491,0.3291,0.3292,0.32915,0.00009999999999998899,0.0003038590094195958,6290,478,89091,139734,0.9293735224586288,0.38934119960668634
B-TIA_USDT,1789557891721,0.3291,0.3292,0.32915,0.00009999999999998899,0.0003038590094195958,3373,3100,84771,142356,0.521087594623822,0.3732317161764123
B-TIA_USDT,1789557893903,0.3291,0.3292,0.32915,0.00009999999999998899,0.0003038590094195958,4232,1227,85672,140483,0.7752335592599378,0.37881983595321794
B-TIA_USDT,1789557896584,0.3291,0.3292,0.32915,0.00009999999999998899,0.0003038590094195958,2432,3196,76437,142683,0.43212508884150674,0.34883625410733843
B-TIA_USDT,1789557898839,0.3291,0.3292,0.32915,0.00009999999999998899,0.0003038590094195958,2432,3193,84090,142680,0.43235555555555555,0.3708162455351237
B-TIA_USDT,1789557901054,0.3291,0.3292,0.32915,0.00009999999999998899,0.0003038590094195958,2432,3995,84486,144655,0.3784036097712774,0.368707477055612
B-TIA_USDT,1789557903249,0.3291,0.3292,0.32915,0.00009999999999998899,0.0003038590094195958,3900,1754,94089,144185,0.6897771489211177,0.39487732610356147
B-TIA_USDT,1789557905597,0.3291,0.3292,0.32915,0.00009999999999998899,0.0003038590094195958,2232,6062,77372,148693,0.2691102001446829,0.34225554597129143
B-TIA_USDT,1789557907817,0.3291,0.3292,0.32915,0.00009999999999998899,0.0003038590094195958,2468,6061,84318,148692,0.2893656935162387,0.3618642976696279
B-TIA_USDT,1789557910291,0.3291,0.3292,0.32915,0.00009999999999998899,0.0003038590094195958,2387,6506,84087,149137,0.26841335882154504,0.3605417967276095
B-TIA_USDT,1789557912539,0.3291,0.3292,0.32915,0.00009999999999998899,0.0003038590094195958,13212,1625,96984,143807,0.8904765114241423,0.40277252887358744
B-TIA_USDT,1789557914855,0.3291,0.3292,0.32915,0.00009999999999998899,0.0003038590094195958,13297,1605,97265,143574,0.8922963360622735,0.4038590095457962
B-TIA_USDT,1789557917083,0.3291,0.3292,0.32915,0.00009999999999998899,0.0003038590094195958,13624,1619,97630,143190,0.8937873122088827,0.4054065276970351
B-TIA_USDT,1789557919407,0.3291,0.3292,0.32915,0.00009999999999998899,0.0003038590094195958,13601,1601,97647,138335,0.8946849098802789,0.41379003483316523
B-TIA_USDT,1789557921610,0.3292,0.3293,0.32925,0.00009999999999998899,0.0003037667071688608,2976,5502,74463,148567,0.3510261854210899,0.3338698829753845
B-TIA_USDT,1789557924131,0.3292,0.3293,0.32925,0.00009999999999998899,0.0003037667071688608,1300,7185,77357,150707,0.15321154979375368,0.33918987652588745
B-TIA_USDT,1789557926353,0.3292,0.3293,0.32925,0.00009999999999998899,0.0003037667071688608,544,5736,71059,139032,0.08662420382165605,0.338229624305658
B-TIA_USDT,1789557928572,0.3292,0.3293,0.32925,0.00009999999999998899,0.0003037667071688608,1397,5471,78944,141456,0.20340710541642398,0.3581851179673321
B-TIA_USDT,1789557930769,0.3292,0.3293,0.32925,0.00009999999999998899,0.0003037667071688608,1213,5470,78760,141843,0.1815053119856352,0.35702143669850367
B-TIA_USDT,1789557933022,0.3292,0.3293,0.32925,0.00009999999999998899,0.0003037667071688608,1749,3438,94593,139811,0.33718912666281087,0.4035468678008908
B-TIA_USDT,1789557935229,0.3292,0.3293,0.32925,0.00009999999999998899,0.0003037667071688608,2112,3436,83548,139809,0.38067772170151404,0.37405588363024217
B-TIA_USDT,1789557937396,0.3292,0.3293,0.32925,0.00009999999999998899,0.0003037667071688608,2086,3474,72562,139847,0.3751798561151079,0.3416145266914302
B-TIA_USDT,1789557939598,0.3292,0.3293,0.32925,0.00009999999999998899,0.0003037667071688608,2005,3235,83225,139705,0.38263358778625955,0.37332346476472433
B-TIA_USDT,1789557941834,0.3292,0.3293,0.32925,0.00009999999999998899,0.0003037667071688608,1052,6612,75378,142597,0.1372651356993737,0.3458102993462553
B-TIA_USDT,1789557944050,0.3292,0.3293,0.32925,0.00009999999999998899,0.0003037667071688608,2015,4323,83092,140308,0.3179236352161565,0.3719427036705461
B-TIA_USDT,1789557946286,0.3293,0.3294,0.32935000000000003,0.0001000000000000445,0.00030367446097796693,988,6456,74151,190297,0.13272434175174638,0.2803991711035818
B-TIA_USDT,1789557948491,0.3293,0.3294,0.32935000000000003,0.0001000000000000445,0.00030367446097796693,988,5279,67122,189183,0.15765118876655498,0.2618833030959209
B-TIA_USDT,1789557950698,0.3293,0.3294,0.32935000000000003,0.0001000000000000445,0.00030367446097796693,988,5278,67122,189182,0.15767634854771784,0.26188432486422375
B-TIA_USDT,1789557952909,0.3293,0.3294,0.32935000000000003,0.0001000000000000445,0.00030367446097796693,988,5276,67122,189180,0.15772669220945082,0.26188636842474894
B-TIA_USDT,1789557955364,0.3292,0.3293,0.32925,0.00009999999999998899,0.0003037667071688608,1657,5745,96258,131595,0.22385841664415024,0.42245658385011386
B-TIA_USDT,1789557957889,0.3292,0.3293,0.32925,0.00009999999999998899,0.0003037667071688608,7185,3449,104256,129402,0.6756629678390069,0.44619058624142977
B-TIA_USDT,1789557960196,0.3292,0.3293,0.32925,0.00009999999999998899,0.0003037667071688608,7185,3484,97364,129437,0.6734464335926517,0.42929263980317545
B-TIA_USDT,1789557962967,0.3292,0.3293,0.32925,0.00009999999999998899,0.0003037667071688608,7319,2837,104372,128790,0.7206577392674282,0.4476372650774998
B-TIA_USDT,1789557965239,0.3292,0.3293,0.32925,0.00009999999999998899,0.0003037667071688608,7538,3199,104591,129869,0.7020583030641706,0.4460931502175211
B-TIA_USDT,1789557967608,0.3292,0.3293,0.32925,0.00009999999999998899,0.0003037667071688608,7745,3433,97888,130103,0.6928788692073716,0.42935028137075587
B-TIA_USDT,1789557969900,0.3292,0.3293,0.32925,0.00009999999999998899,0.0003037667071688608,7761,3231,97904,129901,0.7060589519650655,0.42977107613968085
B-TIA_USDT,1789557972648,0.3292,0.3293,0.32925,0.00009999999999998899,0.0003037667071688608,7858,1683,105096,128353,0.8236033958704538,0.4501882638177932
B-TIA_USDT,1789557974886,0.3292,0.3293,0.32925,0.00009999999999998899,0.0003037667071688608,12012,448,107165,126918,0.9640449438202248,0.45780770068736304
B-TIA_USDT,1789557977088,0.3291,0.3292,0.32915,0.00009999999999998899,0.0003038590094195958,6621,1411,88973,136286,0.8243276892430279,0.39498088866593567
B-TIA_USDT,1789557979328,0.3291,0.3292,0.32915,0.00009999999999998899,0.0003038590094195958,6637,1431,85312,137499,0.8226326227069906,0.38288953417919225
B-TIA_USDT,1789557981567,0.3291,0.3292,0.32915,0.00009999999999998899,0.0003038590094195958,6637,1442,91242,136378,0.8215125634360688,0.400852297689131
B-TIA_USDT,1789557983770,0.3292,0.3293,0.32925,0.00009999999999998899,0.0003037667071688608,1091,8176,68050,143197,0.1177295780727312,0.32213475220949883
B-TIA_USDT,1789557985956,0.3292,0.3293,0.32925,0.00009999999999998899,0.0003037667071688608,371,11022,59813,141047,0.0325638549986834,0.29778452653589566
B-TIA_USDT,1789557988146,0.3292,0.3293,0.32925,0.00009999999999998899,0.0003037667071688608,727,8037,60169,139859,0.08295298950251027,0.3008028875957366
B-TIA_USDT,1789557990338,0.3292,0.3293,0.32925,0.00009999999999998899,0.0003037667071688608,371,8050,73900,139484,0.04405652535328346,0.346323998050463
B-TIA_USDT,1789557992553,0.3292,0.3293,0.32925,0.00009999999999998899,0.0003037667071688608,371,8206,73900,139063,0.043255217441996036,0.34700863530284604
B-TIA_USDT,1789557994749,0.3294,0.3296,0.3295,0.00019999999999997797,0.0006071645415907041,12200,11984,80580,157952,0.5044657624875951,0.3378163097613737
B-TIA_USDT,1789557996932,0.3294,0.3295,0.32945,0.00009999999999998899,0.00030358227079535207,6965,1517,135756,74183,0.8211506720113181,0.6466449778268926
B-TIA_USDT,1789557999121,0.3294,0.3295,0.32945,0.00009999999999998899,0.00030358227079535207,4858,1539,124833,62604,0.7594184774112865,0.6659997759247107
B-TIA_USDT,1789558001328,0.3294,0.3295,0.32945,0.00009999999999998899,0.00030358227079535207,4874,1535,123480,62618,0.7604930566391013,0.663521370460725
B-TIA_USDT,1789558003541,0.3294,0.3295,0.32945,0.00009999999999998899,0.00030358227079535207,3066,6363,112116,67446,0.32516703786191536,0.6243860059478064
B-TIA_USDT,1789558005775,0.3294,0.3295,0.32945,0.00009999999999998899,0.00030358227079535207,3422,4346,133797,66603,0.4405252317198764,0.6676497005988024
B-TIA_USDT,1789558007999,0.3294,0.3295,0.32945,0.00009999999999998899,0.00030358227079535207,3602,4143,120622,66400,0.46507424144609427,0.644961555325042
B-TIA_USDT,1789558010205,0.3294,0.3295,0.32945,0.00009999999999998899,0.00030358227079535207,3046,10147,112441,69084,0.23088001212764345,0.6194243217187715
B-TIA_USDT,1789558012522,0.3294,0.3295,0.32945,0.00009999999999998899,0.00030358227079535207,3402,10143,112797,69080,0.25116279069767444,0.6201828708412829
B-TIA_USDT,1789558014780,0.3294,0.3295,0.32945,0.00009999999999998899,0.00030358227079535207,4154,10128,113549,69065,0.2908556224618401,0.6217978906327006
B-TIA_USDT,1789558016990,0.3296,0.3297,0.32965,0.00009999999999998899,0.00030339805825239376,3784,4589,77234,102633,0.4519288188224054,0.42939505301139175
B-TIA_USDT,1789558019200,0.3296,0.3297,0.32965,0.00009999999999998899,0.00030339805825239376,2472,7694,83445,105032,0.24316348613023805,0.4427330655729877
B-TIA_USDT,1789558021394,0.3295,0.3296,0.32955,0.00009999999999998899,0.000303490136570528,10057,1353,126232,67429,0.8814198071866783,0.6518194164028895
B-TIA_USDT,1789558023597,0.3296,0.3297,0.32965,0.00009999999999998899,0.00030339805825239376,611,11845,83258,113190,0.04905266538214515,0.4238169897377423
B-TIA_USDT,1789558025818,0.3296,0.3297,0.32965,0.00009999999999998899,0.00030339805825239376,3305,12949,83258,114294,0.20333456379968007,0.4214485300072892
B-TIA_USDT,1789558028074,0.3296,0.3297,0.32965,0.00009999999999998899,0.00030339805825239376,3327,13040,80792,114385,0.20327488238528746,0.41394221655215524
B-TIA_USDT,1789558030268,0.3296,0.3297,0.32965,0.00009999999999998899,0.00030339805825239376,5205,10795,93334,109306,0.3253125,0.46059020923805766
B-TIA_USDT,1789558032484,0.3296,0.3297,0.32965,0.00009999999999998899,0.00030339805825239376,3321,10792,80153,109303,0.2353149578402891,0.42306920868169917
B-TIA_USDT,1789558034661,0.3296,0.3297,0.32965,0.00009999999999998899,0.00030339805825239376,5544,10788,89789,109299,0.33945628214548124,0.4510015671461866
B-TIA_USDT,1789558037080,0.3296,0.3297,0.32965,0.00009999999999998899,0.00030339805825239376,3321,10712,82772,109223,0.2366564526473313,0.4311153936300425
B-TIA_USDT,1789558039306,0.3295,0.3296,0.32955,0.00009999999999998899,0.000303490136570528,5223,8689,140578,80997,0.37543128234617595,0.634448832223852
B-TIA_USDT,1789558041521,0.3295,0.3296,0.32955,0.00009999999999998899,0.000303490136570528,5023,9943,137344,79233,0.33562742215688895,0.6341578283935967
B-TIA_USDT,1789558043723,0.3295,0.3296,0.32955,0.00009999999999998899,0.000303490136570528,4725,7398,122509,76688,0.3897550111358575,0.6150142823436096
B-TIA_USDT,1789558046074,0.3295,0.3296,0.32955,0.00009999999999998899,0.000303490136570528,4725,7393,122509,76683,0.389915827694339,0.6150297200690791
B-TIA_USDT,1789558048297,0.3295,0.3296,0.32955,0.00009999999999998899,0.000303490136570528,4725,7343,122509,76633,0.39153132250580047,0.6151841399604302
B-TIA_USDT,1789558050509,0.3295,0.3296,0.32955,0.00009999999999998899,0.000303490136570528,4613,7181,116695,75900,0.39113108360183146,0.6059087722941925
B-TIA_USDT,1789558052945,0.3295,0.3296,0.32955,0.00009999999999998899,0.000303490136570528,5241,2344,125507,72225,0.6909690177982861,0.6347328707543544
B-TIA_USDT,1789558055165,0.3295,0.3296,0.32955,0.00009999999999998899,0.000303490136570528,7759,1993,128254,71674,0.7956316652994257,0.6415009403385219
B-TIA_USDT,1789558057692,0.3295,0.3296,0.32955,0.00009999999999998899,0.000303490136570528,10457,1941,131820,71622,0.8434424907243103,0.6479488011325095
B-TIA_USDT,1789558060008,0.3295,0.3296,0.32955,0.00009999999999998899,0.000303490136570528,8434,799,129757,70487,0.9134625798765298,0.6479944467749346
B-TIA_USDT,1789558062644,0.3295,0.3296,0.32955,0.00009999999999998899,0.000303490136570528,8093,1719,129416,71407,0.8248063595597228,0.6444281780473352
B-TIA_USDT,1789558064887,0.3295,0.3296,0.32955,0.00009999999999998899,0.000303490136570528,8122,807,129445,70495,0.9096203382237653,0.6474192257677304
B-TIA_USDT,1789558067280,0.3295,0.3296,0.32955,0.00009999999999998899,0.000303490136570528,10122,375,131415,68633,0.9642755072877965,0.6569173398384388
B-TIA_USDT,1789558069749,0.3295,0.3296,0.32955,0.00009999999999998899,0.000303490136570528,10228,837,132149,69095,0.9243560777225486,0.6566605712468446
B-TIA_USDT,1789558071970,0.3295,0.3296,0.32955,0.00009999999999998899,0.000303490136570528,10228,1401,149316,69659,0.8795253246194857,0.6818860600525174
B-TIA_USDT,1789558074398,0.3295,0.3296,0.32955,0.00009999999999998899,0.000303490136570528,11048,421,149058,68679,0.9632923533002006,0.6845781837721655
B-TIA_USDT,1789558076781,0.3296,0.3297,0.32965,0.00009999999999998899,0.00030339805825239376,6930,3323,114340,95188,0.6758997366624403,0.5457027223091901
B-TIA_USDT,1789558079123,0.3296,0.3297,0.32965,0.00009999999999998899,0.00030339805825239376,6494,3317,114751,69718,0.6619101009071451,0.6220611593275835
B-TIA_USDT,1789558081335,0.3295,0.3296,0.32955,0.00009999999999998899,0.000303490136570528,12720,1718,142407,63563,0.8810084499238121,0.6913968053600039
B-TIA_USDT,1789558083546,0.3295,0.3296,0.32955,0.00009999999999998899,0.000303490136570528,12279,1298,142251,62682,0.9043971422258231,0.6941341804394607
B-TIA_USDT,1789558086167,0.3294,0.3295,0.32945,0.00009999999999998899,0.00030358227079535207,1525,8850,131562,77382,0.14698795180722893,0.6296519641626465
B-TIA_USDT,1789558088557,0.3294,0.3295,0.32945,0.00009999999999998899,0.00030358227079535207,2850,9288,133578,77151,0.23479980227385072,0.633885226997708
B-TIA_USDT,1789558090879,0.3294,0.3295,0.32945,0.00009999999999998899,0.00030358227079535207,2887,9281,133615,77144,0.23726166995397766,0.6339705540451416
B-TIA_USDT,1789558093105,0.3294,0.3295,0.32945,0.00009999999999998899,0.00030358227079535207,2887,9278,133615,77159,0.23732018084669132,0.6339254367236946
B-TIA_USDT,1789558095580,0.3294,0.3295,0.32945,0.00009999999999998899,0.00030358227079535207,2987,9274,133815,77155,0.24361797569529403,0.6342844954258899
B-TIA_USDT,1789558098002,0.3294,0.3295,0.32945,0.00009999999999998899,0.00030358227079535207,2789,11472,133617,77055,0.1955683332164645,0.6342418546365914
B-TIA_USDT,1789558100195,0.3293,0.3294,0.32935000000000003,0.0001000000000000445,0.00030367446097796693,6442,3461,136608,70324,0.6505099464808644,0.660158892776371
B-TIA_USDT,1789558102396,0.3293,0.3294,0.32935000000000003,0.0001000000000000445,0.00030367446097796693,5969,3314,135984,70177,0.6430033394376817,0.6596009914581322
B-TIA_USDT,1789558104811,0.3293,0.3294,0.32935000000000003,0.0001000000000000445,0.00030367446097796693,2165,7795,124300,78395,0.2173694779116466,0.6132366363255137
B-TIA_USDT,1789558107159,0.3292,0.3293,0.32925,0.00009999999999998899,0.0003037667071688608,5529,4305,145522,68467,0.5622330689444783,0.6800443013425924
B-TIA_USDT,1789558109769,0.3292,0.3293,0.32925,0.00009999999999998899,0.0003037667071688608,8009,2021,149367,66960,0.7985044865403789,0.6904685961530461
B-TIA_USDT,1789558111951,0.3292,0.3293,0.32925,0.00009999999999998899,0.0003037667071688608,8009,2725,148118,71729,0.7461337805105273,0.6737321864751395
B-TIA_USDT,1789558114225,0.3292,0.3293,0.32925,0.00009999999999998899,0.0003037667071688608,9976,2187,157586,70017,0.8201923867466908,0.6923722446540687
B-TIA_USDT,1789558116587,0.3292,0.3293,0.32925,0.00009999999999998899,0.0003037667071688608,12097,2038,157723,69868,0.8558188892819243,0.6930107078047901
B-TIA_USDT,1789558119205,0.3292,0.3293,0.32925,0.00009999999999998899,0.0003037667071688608,12128,1677,157754,69507,0.8785222745382107,0.6941534183163851
B-TIA_USDT,1789558121783,0.3292,0.3293,0.32925,0.00009999999999998899,0.0003037667071688608,4046,2498,154127,68914,0.6182762836185819,0.6910254168516102
B-TIA_USDT,1789558124366,0.3292,0.3293,0.32925,0.00009999999999998899,0.0003037667071688608,4065,2497,154436,68913,0.6194757695824443,0.6914559724914819
B-TIA_USDT,1789558127032,0.3292,0.3293,0.32925,0.00009999999999998899,0.0003037667071688608,4061,2492,154428,68908,0.6197161605371585,0.6914604004728302
B-TIA_USDT,1789558129315,0.3292,0.3293,0.32925,0.00009999999999998899,0.0003037667071688608,3358,5428,145906,69468,0.38219895287958117,0.6774541030950811
B-TIA_USDT,1789558131498,0.3292,0.3293,0.32925,0.00009999999999998899,0.0003037667071688608,3579,10919,146234,74935,0.24686163608773623,0.6611866943378141
B-TIA_USDT,1789558133897,0.3292,0.3293,0.32925,0.00009999999999998899,0.0003037667071688608,4505,2461,154713,66908,0.6467126040769452,0.6980972019799567
B-TIA_USDT,1789558136350,0.3292,0.3293,0.32925,0.00009999999999998899,0.0003037667071688608,10231,608,158060,63458,0.9439062644155365,0.7135311803104036
B-TIA_USDT,1789558138918,0.3292,0.3293,0.32925,0.00009999999999998899,0.0003037667071688608,10231,596,158060,63446,0.9449524337304885,0.7135698355800746
B-TIA_USDT,1789558141383,0.3293,0.3294,0.32935000000000003,0.0001000000000000445,0.00030367446097796693,7732,3440,128313,74432,0.6920873612602936,0.6328787393030654
B-TIA_USDT,1789558144049,0.3293,0.3294,0.32935000000000003,0.0001000000000000445,0.00030367446097796693,1837,6303,116759,79983,0.22567567567567567,0.593462504193309
B-TIA_USDT,1789558146395,0.3293,0.3294,0.32935000000000003,0.0001000000000000445,0.00030367446097796693,3849,4324,125911,78020,0.47094090297320446,0.6174196174196174
B-TIA_USDT,1789558149200,0.3293,0.3294,0.32935000000000003,0.0001000000000000445,0.00030367446097796693,3865,2127,126320,78100,0.6450267022696929,0.6179434497602975
B-TIA_USDT,1789558151880,0.3293,0.3294,0.32935000000000003,0.0001000000000000445,0.00030367446097796693,3901,2346,126356,78319,0.6244597406755242,0.6173494564553561
B-TIA_USDT,1789558154582,0.3293,0.3294,0.32935000000000003,0.0001000000000000445,0.00030367446097796693,3920,2210,126356,78183,0.6394779771615008,0.6177599382024944
B-TIA_USDT,1789558157255,0.3293,0.3294,0.32935000000000003,0.0001000000000000445,0.00030367446097796693,4013,1853,133822,77826,0.6841118308898738,0.6322856818869066
B-TIA_USDT,1789558160180,0.3293,0.3294,0.32935000000000003,0.0001000000000000445,0.00030367446097796693,3896,1780,125972,77829,0.6863988724453841,0.618112766865717
B-TIA_USDT,1789558162751,0.3293,0.3294,0.32935000000000003,0.0001000000000000445,0.00030367446097796693,5896,1801,135245,77850,0.7660127322333377,0.6346699828714892
B-TIA_USDT,1789558165130,0.3293,0.3294,0.32935000000000003,0.0001000000000000445,0.00030367446097796693,7424,1692,136655,77725,0.8143922773146117,0.6374428584756041
B-TIA_USDT,1789558167490,0.3293,0.3294,0.32935000000000003,0.0001000000000000445,0.00030367446097796693,5435,1688,127399,80358,0.7630211989330339,0.613211588538533
B-TIA_USDT,1789558169710,0.3293,0.3294,0.32935000000000003,0.0001000000000000445,0.00030367446097796693,5435,1685,134631,80355,0.7633426966292135,0.626231475537942
B-TIA_USDT,1789558172244,0.3293,0.3294,0.32935000000000003,0.0001000000000000445,0.00030367446097796693,5387,1986,127258,80656,0.7306388173063881,0.6120703752513058
B-TIA_USDT,1789558174744,0.3293,0.3294,0.32935000000000003,0.0001000000000000445,0.00030367446097796693,9727,1356,129580,78147,0.8776504556528016,0.6237995060825026
B-TIA_USDT,1789558177133,0.3293,0.3294,0.32935000000000003,0.0001000000000000445,0.00030367446097796693,9805,1168,129579,77959,0.893556912421398,0.6243627673004462
B-TIA_USDT,1789558179382,0.3294,0.3295,0.32945,0.00009999999999998899,0.00030358227079535207,7247,3271,130202,96320,0.6890093173607149,0.5747874378647548
B-TIA_USDT,1789558182003,0.3294,0.3295,0.32945,0.00009999999999998899,0.00030358227079535207,2920,3678,118492,96927,0.4425583510154592,0.5500536164405182
B-TIA_USDT,1789558184838,0.3294,0.3295,0.32945,0.00009999999999998899,0.00030358227079535207,3335,3675,119313,96924,0.47574893009985736,0.5517695861485314
B-TIA_USDT,1789558187231,0.3295,0.3296,0.32955,0.00009999999999998899,0.000303490136570528,358,8289,85354,98897,0.0414016421880421,0.4632485034002529
B-TIA_USDT,1789558189424,0.3294,0.3295,0.32945,0.00009999999999998899,0.00030358227079535207,5509,1744,124346,66641,0.7595477733351716,0.6510704917088598
B-TIA_USDT,1789558192315,0.3294,0.3295,0.32945,0.00009999999999998899,0.00030358227079535207,3113,3951,120708,68848,0.44068516421291054,0.6367933486674122
B-TIA_USDT,1789558194956,0.3294,0.3295,0.32945,0.00009999999999998899,0.00030358227079535207,4300,4144,114095,70471,0.5092373282804358,0.6181799464690138
B-TIA_USDT,1789558197635,0.3294,0.3295,0.32945,0.00009999999999998899,0.00030358227079535207,4896,3953,121625,86368,0.5532828568199797,0.5847552561865063
B-TIA_USDT,1789558200009,0.3294,0.3295,0.32945,0.00009999999999998899,0.00030358227079535207,4901,4009,114696,86408,0.5500561167227834,0.5703317686371231
B-TIA_USDT,1789558202434,0.3295,0.3296,0.32955,0.00009999999999998899,0.000303490136570528,1491,3912,89939,100058,0.27595780122154356,0.47337063216787634
B-TIA_USDT,1789558204625,0.3295,0.3296,0.32955,0.00009999999999998899,0.000303490136570528,3354,2845,92106,97877,0.5410550088723988,0.4848117989504324
B-TIA_USDT,1789558207207,0.3295,0.3296,0.32955,0.00009999999999998899,0.000303490136570528,7242,598,103062,90504,0.9237244897959184,0.5324385480921237
B-TIA_USDT,1789558209700,0.3295,0.3296,0.32955,0.00009999999999998899,0.000303490136570528,8759,595,104579,90320,0.9363908488347231,0.5365804852769896
B-TIA_USDT,1789558211887,0.3295,0.3296,0.32955,0.00009999999999998899,0.000303490136570528,8910,593,104730,90318,0.9375986530569294,0.5369447520610311
B-TIA_USDT,1789558214264,0.3295,0.3296,0.32955,0.00009999999999998899,0.000303490136570528,4615,1311,124372,91236,0.778771515356058,0.5768431598085414
B-TIA_USDT,1789558217230,0.3295,0.3296,0.32955,0.00009999999999998899,0.000303490136570528,4615,1329,126152,91272,0.7764131897711979,0.5802119361248068
B-TIA_USDT,1789558219825,0.3295,0.3296,0.32955,0.00009999999999998899,0.000303490136570528,2734,799,124253,93834,0.7738465893008775,0.5697405163994186
B-TIA_USDT,1789558222191,0.3295,0.3296,0.32955,0.00009999999999998899,0.000303490136570528,8413,463,130254,90264,0.9478368634520055,0.590672870241885
B-TIA_USDT,1789558224379,0.3295,0.3296,0.32955,0.00009999999999998899,0.000303490136570528,9093,1742,159677,91543,0.8392247346562067,0.6356062415412785
B-TIA_USDT,1789558226572,0.3295,0.3296,0.32955,0.00009999999999998899,0.000303490136570528,8714,1740,127831,91541,0.8335565333843505,0.5827133818354211
B-TIA_USDT,1789558228788,0.3295,0.3296,0.32955,0.00009999999999998899,0.000303490136570528,8714,1758,127865,91559,0.8321237585943468,0.5827302391716495
B-TIA_USDT,1789558231051,0.3296,0.3297,0.32965,0.00009999999999998899,0.00030339805825239376,345,9433,104789,138084,0.03528328901615872,0.43145594611175386
B-TIA_USDT,1789558233233,0.3296,0.3297,0.32965,0.00009999999999998899,0.00030339805825239376,877,7189,112258,138101,0.10872799404909497,0.4483881146673377
B-TIA_USDT,1789558235401,0.3296,0.3297,0.32965,0.00009999999999998899,0.00030339805825239376,3139,5017,114630,135929,0.38487003433055417,0.457497036626104
B-TIA_USDT,1789558237599,0.3296,0.3297,0.32965,0.00009999999999998899,0.00030339805825239376,1050,6839,112541,137751,0.13309671694764863,0.4496388218560721
B-TIA_USDT,1789558239807,0.3295,0.3296,0.32955,0.00009999999999998899,0.000303490136570528,6202,1313,124000,90774,0.8252827677977379,0.5773510760147876
B-TIA_USDT,1789558242371,0.3294,0.3295,0.32945,0.00009999999999998899,0.00030358227079535207,12267,1332,128050,81981,0.9020516214427532,0.6096719055758436
B-TIA_USDT,1789558244562,0.3294,0.3295,0.32945,0.00009999999999998899,0.00030358227079535207,12267,761,130436,81410,0.9415873503223826,0.615711413007562
B-TIA_USDT,1789558246945,0.3294,0.3295,0.32945,0.00009999999999998899,0.00030358227079535207,12267,455,130485,81104,0.9642351831473038,0.6166908487681306
B-TIA_USDT,1789558249388,0.3295,0.3296,0.32955,0.00009999999999998899,0.000303490136570528,9651,724,125044,121553,0.9302168674698795,0.5070783505071027
B-TIA_USDT,1789558251631,0.3295,0.3296,0.32955,0.00009999999999998899,0.000303490136570528,10317,1077,127077,119094,0.9054765666140073,0.516214338813264
B-TIA_USDT,1789558253830,0.3295,0.3296,0.32955,0.00009999999999998899,0.000303490136570528,11069,1066,165198,122091,0.9121549237742068,0.5750237565656882
B-TIA_USDT,1789558256013,0.3295,0.3296,0.32955,0.00009999999999998899,0.000303490136570528,4837,5525,122836,128222,0.4668017757189732,0.4892733949923922
B-TIA_USDT,1789558258242,0.3295,0.3296,0.32955,0.00009999999999998899,0.000303490136570528,4315,5539,115128,125198,0.43789324132332047,0.47904929137920993
B-TIA_USDT,1789558260520,0.3295,0.3296,0.32955,0.00009999999999998899,0.000303490136570528,4348,5329,121716,124988,0.4493128035548207,0.49336857124327127
B-TIA_USDT,1789558262723,0.3295,0.3296,0.32955,0.00009999999999998899,0.000303490136570528,4348,4736,121716,124395,0.47864376926464114,0.49455733388592954
B-TIA_USDT,1789558265155,0.3295,0.3296,0.32955,0.00009999999999998899,0.000303490136570528,1132,8846,111826,129412,0.11344958909601123,0.4635505185750172
B-TIA_USDT,1789558268141,0.3294,0.3295,0.32945,0.00009999999999998899,0.00030358227079535207,5836,4261,118212,88910,0.5779934634049718,0.5707360879095412
B-TIA_USDT,1789558271592,0.3294,0.3295,0.32945,0.00009999999999998899,0.00030358227079535207,5046,4541,117599,89171,0.5263377490351517,0.5687430478309232
B-TIA_USDT,1789558273934,0.3294,0.3295,0.32945,0.00009999999999998899,0.00030358227079535207,5148,4269,117701,88899,0.5466709143039185,0.569704743465634
B-TIA_USDT,1789558276254,0.3294,0.3295,0.32945,0.00009999999999998899,0.00030358227079535207,4983,4267,123464,88897,0.5387027027027027,0.5813873545519187
B-TIA_USDT,1789558278460,0.3294,0.3295,0.32945,0.00009999999999998899,0.00030358227079535207,4983,4303,123979,88933,0.53661425802283,0.5823016081761478
B-TIA_USDT,1789558280651,0.3294,0.3295,0.32945,0.00009999999999998899,0.00030358227079535207,5158,6415,124119,89006,0.44569256026959303,0.5823765395894428
B-TIA_USDT,1789558283140,0.3294,0.3295,0.32945,0.00009999999999998899,0.00030358227079535207,4580,7000,116172,89591,0.3955094991364421,0.5645913016431525
B-TIA_USDT,1789558285387,0.3294,0.3295,0.32945,0.00009999999999998899,0.00030358227079535207,9986,1994,119391,86498,0.8335559265442404,0.5798804210035504
B-TIA_USDT,1789558287876,0.3294,0.3295,0.32945,0.00009999999999998899,0.00030358227079535207,5962,4206,123596,88710,0.5863493312352478,0.5821597128672765
B-TIA_USDT,1789558290891,0.3295,0.3296,0.32955,0.00009999999999998899,0.000303490136570528,6904,1111,116294,114857,0.8613849033063007,0.5031083577401785
B-TIA_USDT,1789558293718,0.3296,0.3297,0.32965,0.00009999999999998899,0.00030339805825239376,9161,639,148322,98436,0.934795918367347,0.6010828422989326
B-TIA_USDT,1789558295935,0.3296,0.3297,0.32965,0.00009999999999998899,0.00030339805825239376,15176,280,161505,92137,0.9818840579710145,0.636743914651359
B-TIA_USDT,1789558298651,0.3296,0.3297,0.32965,0.00009999999999998899,0.00030339805825239376,13971,493,155227,92362,0.9659153761061947,0.6269543477295033
B-TIA_USDT,1789558301352,0.3296,0.3297,0.32965,0.00009999999999998899,0.00030339805825239376,11861,458,162429,91984,0.962821657602078,0.6384461485851745
B-TIA_USDT,1789558303913,0.3296,0.3297,0.32965,0.00009999999999998899,0.00030339805825239376,12644,399,163295,91925,0.9694088783255386,0.6398205469790769
B-TIA_USDT,1789558307647,0.3297,0.3298,0.32975,0.00009999999999998899,0.00030330603579007884,11397,452,137153,84346,0.9618533209553549,0.6192036984365618
B-TIA_USDT,1789558309900,0.3297,0.3298,0.32975,0.00009999999999998899,0.00030330603579007884,500,7016,114633,101755,0.06652474720596062,0.5297567332754127
B-TIA_USDT,1789558312509,0.3296,0.3297,0.32965,0.00009999999999998899,0.00030339805825239376,5958,1577,163848,84168,0.7907100199071002,0.6606347977549836
B-TIA_USDT,1789558315767,0.3296,0.3297,0.32965,0.00009999999999998899,0.00030339805825239376,10699,403,167586,82812,0.9637002341920374,0.6692785086142861
B-TIA_USDT,1789558318608,0.3297,0.3298,0.32975,0.00009999999999998899,0.00030330603579007884,484,4832,119785,117601,0.09104589917231001,0.5046001027861795
B-TIA_USDT,1789558321238,0.3296,0.3297,0.32965,0.00009999999999998899,0.00030339805825239376,11516,1488,171584,85182,0.8855736696401107,0.6682504692988948
B-TIA_USDT,1789558323441,0.3296,0.3297,0.32965,0.00009999999999998899,0.00030339805825239376,9993,743,170405,84419,0.9307935916542474,0.6687164474303833
B-TIA_USDT,1789558325927,0.3298,0.3299,0.32985,0.0001000000000000445,0.0003032140691329427,3273,7110,99701,132068,0.3152268130598093,0.43017400946632206
B-TIA_USDT,1789558328438,0.3299,0.33,0.32995,0.00009999999999998899,0.0003031221582297332,13054,407,106101,57991,0.9697645048659089,0.6465945932769422
B-TIA_USDT,1789558331098,0.33,0.3301,0.33005,0.00009999999999998899,0.00030303030303026964,2535,6789,90960,80323,0.27187902187902185,0.5310509507656919
B-TIA_USDT,1789558333930,0.3299,0.33,0.32995,0.00009999999999998899,0.0003031221582297332,4300,3384,103275,79922,0.5596043727225404,0.5637373974464648
B-TIA_USDT,1789558337047,0.3299,0.33,0.32995,0.00009999999999998899,0.0003031221582297332,6243,1950,106039,81303,0.7619919443427317,0.5660182980858537
B-TIA_USDT,1789558339819,0.3297,0.3298,0.32975,0.00009999999999998899,0.00030330603579007884,5324,15515,154572,97580,0.2554825087576179,0.6130111995938957
B-TIA_USDT,1789558342245,0.3295,0.3296,0.32955,0.00009999999999998899,0.000303490136570528,3440,15541,135695,75759,0.18123386544439177,0.641723495417443
B-TIA_USDT,1789558345520,0.3295,0.3296,0.32955,0.00009999999999998899,0.000303490136570528,13092,11319,154039,104484,0.5363155954282905,0.5958425362540277
B-TIA_USDT,1789558348372,0.3294,0.3295,0.32945,0.00009999999999998899,0.00030358227079535207,5655,11889,190878,105713,0.3223324213406293,0.6435731360695368
B-TIA_USDT,1789558350991,0.3292,0.3293,0.32925,0.00009999999999998899,0.0003037667071688608,6985,14828,153135,94493,0.3202218860312658,0.6184074498845041
B-TIA_USDT,1789558353388,0.3292,0.3293,0.32925,0.00009999999999998899,0.0003037667071688608,620,19964,132833,98479,0.030120481927710843,0.5742590094763782
B-TIA_USDT,1789558355970,0.3292,0.3293,0.32925,0.00009999999999998899,0.0003037667071688608,14035,2198,179658,80709,0.8645968089693834,0.6900183202940465
B-TIA_USDT,1789558358510,0.3292,0.3293,0.32925,0.00009999999999998899,0.0003037667071688608,15630,2060,178399,80346,0.8835500282645562,0.6894780575470058
B-TIA_USDT,1789558360974,0.3293,0.3294,0.32935000000000003,0.0001000000000000445,0.00030367446097796693,7772,423,138696,86949,0.9483831604636974,0.6146646280662103
B-TIA_USDT,1789558363199,0.3293,0.3294,0.32935000000000003,0.0001000000000000445,0.00030367446097796693,835,5271,130564,97091,0.13675073698001966,0.5735169444993521
B-TIA_USDT,1789558365684,0.3294,0.3295,0.32945,0.00009999999999998899,0.00030358227079535207,1235,5447,192408,118407,0.18482490272373542,0.6190434824574104
B-TIA_USDT,1789558368085,0.3295,0.3296,0.32955,0.00009999999999998899,0.000303490136570528,1013,6939,163505,169566,0.1273893360160966,0.49090133935407165
B-TIA_USDT,1789558370548,0.3296,0.3297,0.32965,0.00009999999999998899,0.00030339805825239376,1257,11930,152765,156928,0.09532114961704709,0.4932788277423126
B-TIA_USDT,1789558373326,0.3296,0.3297,0.32965,0.00009999999999998899,0.00030339805825239376,1257,7403,153392,153407,0.14515011547344112,0.49997555402722954
B-TIA_USDT,1789558375732,0.3296,0.3297,0.32965,0.00009999999999998899,0.00030339805825239376,2009,7433,155028,149616,0.21277271764456682,0.5088824989167684
B-TIA_USDT,1789558378837,0.3296,0.3297,0.32965,0.00009999999999998899,0.00030339805825239376,2009,11076,146750,150003,0.1535345815819641,0.4945190107597901
B-TIA_USDT,1789558382008,0.3296,0.3297,0.32965,0.00009999999999998899,0.00030339805825239376,2257,11461,145653,150856,0.16452835690333867,0.491226235965856
B-TIA_USDT,1789558384367,0.3296,0.3297,0.32965,0.00009999999999998899,0.00030339805825239376,410,11877,141327,151272,0.03336860096036461,0.4830057518993571
B-TIA_USDT,1789558386975,0.3296,0.3297,0.32965,0.00009999999999998899,0.00030339805825239376,648,14051,144652,155246,0.04408463160759235,0.4823373280248618
B-TIA_USDT,1789558389179,0.3296,0.3297,0.32965,0.00009999999999998899,0.00030339805825239376,6714,5495,158867,145312,0.5499221885494308,0.522281288320364
B-TIA_USDT,1789558391392,0.3296,0.3297,0.32965,0.00009999999999998899,0.00030339805825239376,10368,584,166639,115355,0.9466764061358656,0.5909310127165827
B-TIA_USDT,1789558393728,0.3297,0.3298,0.32975,0.00009999999999998899,0.00030330603579007884,4829,2728,141628,139180,0.6390101892285298,0.5043588501752087
B-TIA_USDT,1789558396236,0.3297,0.3298,0.32975,0.00009999999999998899,0.00030330603579007884,11944,1018,139872,107290,0.9214627372319086,0.5659122356996625
B-TIA_USDT,1789558399003,0.3298,0.3299,0.32985,0.0001000000000000445,0.0003032140691329427,7621,598,112088,107952,0.927241756904733,0.5093982912197782
B-TIA_USDT,1789558401480,0.3299,0.33,0.32995,0.00009999999999998899,0.0003031221582297332,274,6654,98253,118192,0.03954965357967667,0.45393979994917877
B-TIA_USDT,1789558404385,0.3299,0.33,0.32995,0.00009999999999998899,0.0003031221582297332,396,4648,98723,104928,0.07850911974623315,0.48476560390079104
B-TIA_USDT,1789558406779,0.3298,0.3299,0.32985,0.0001000000000000445,0.0003032140691329427,6204,2902,127142,88826,0.6813090270151548,0.5887075863090828
B-TIA_USDT,1789558409197,0.3298,0.3299,0.32985,0.0001000000000000445,0.0003032140691329427,4661,4466,134037,88786,0.5106825901172346,0.6015402359720495
B-TIA_USDT,1789558411720,0.3298,0.3299,0.32985,0.0001000000000000445,0.0003032140691329427,3140,4548,125180,88868,0.4084287200832466,0.5848220959784721
B-TIA_USDT,1789558414858,0.3299,0.33,0.32995,0.00009999999999998899,0.0003031221582297332,672,3435,89348,107672,0.16362308254200147,0.45349710689270123
B-TIA_USDT,1789558417615,0.3299,0.33,0.32995,0.00009999999999998899,0.0003031221582297332,350,4025,86255,90762,0.08,0.48726958427721634
B-TIA_USDT,1789558420053,0.3299,0.33,0.32995,0.00009999999999998899,0.0003031221582297332,406,7847,86255,92699,0.04919423240033927,0.48199537311264345
B-TIA_USDT,1789558422238,0.3299,0.33,0.32995,0.00009999999999998899,0.0003031221582297332,406,5657,86140,90509,0.06696354939798779,0.48763366902728006
B-TIA_USDT,1789558424415,0.3299,0.33,0.32995,0.00009999999999998899,0.0003031221582297332,4435,1062,99345,87828,0.8068037111151537,0.5307656553028481
B-TIA_USDT,1789558427018,0.3299,0.33,0.32995,0.00009999999999998899,0.0003031221582297332,4507,1450,99278,88216,0.7565888870236697,0.5294996106542076
B-TIA_USDT,1789558429799,0.3299,0.33,0.32995,0.00009999999999998899,0.0003031221582297332,2391,2469,94604,89252,0.4919753086419753,0.5145548690279349
B-TIA_USDT,1789558432552,0.3299,0.33,0.32995,0.00009999999999998899,0.0003031221582297332,406,5198,86140,91981,0.07244825124910778,0.48360384233189796
B-TIA_USDT,1789558435209,0.3299,0.33,0.32995,0.00009999999999998899,0.0003031221582297332,5450,1404,102412,101729,0.7951561132185585,0.5016728633640474
B-TIA_USDT,1789558437425,0.3299,0.33,0.32995,0.00009999999999998899,0.0003031221582297332,5450,1629,106402,99807,0.7698827518011019,0.5159910576163019
B-TIA_USDT,1789558439606,0.3299,0.33,0.32995,0.00009999999999998899,0.0003031221582297332,5450,1630,102823,99808,0.769774011299435,0.5074396316457008
B-TIA_USDT,1789558441791,0.3299,0.33,0.32995,0.00009999999999998899,0.0003031221582297332,3828,1999,100029,100177,0.6569418225501974,0.4996303807078709
B-TIA_USDT,1789558443971,0.3299,0.33,0.32995,0.00009999999999998899,0.0003031221582297332,878,10439,80322,117588,0.07758239816205709,0.40585114445960285
B-TIA_USDT,1789558446182,0.3298,0.3299,0.32985,0.0001000000000000445,0.0003032140691329427,1724,5079,114713,100280,0.253417609877995,0.5335662091323904
B-TIA_USDT,1789558448649,0.3298,0.3299,0.32985,0.0001000000000000445,0.0003032140691329427,1031,9508,114211,104860,0.09782711832242148,0.5213423958442697
B-TIA_USDT,1789558450848,0.3298,0.3299,0.32985,0.0001000000000000445,0.0003032140691329427,5262,3011,126105,97310,0.6360449655505862,0.5644428529865945
B-TIA_USDT,1789558453520,0.3298,0.3299,0.32985,0.0001000000000000445,0.0003032140691329427,1344,5224,115835,102555,0.2046285018270402,0.5304043225422409
B-TIA_USDT,1789558455791,0.3298,0.3299,0.32985,0.0001000000000000445,0.0003032140691329427,647,9504,113614,104766,0.06373756280169442,0.5202582654089203
B-TIA_USDT,1789558458036,0.3298,0.3299,0.32985,0.0001000000000000445,0.0003032140691329427,2935,9116,115902,104378,0.24354825325699112,0.5261576175776285
B-TIA_USDT,1789558460371,0.3298,0.3299,0.32985,0.0001000000000000445,0.0003032140691329427,2935,9504,115902,103732,0.23595144304204518,0.5277051822577561
B-TIA_USDT,1789558462861,0.33,0.3301,0.33005,0.00009999999999998899,0.00030303030303026964,202,11479,80366,141242,0.017293039979453813,0.36264936283888666
B-TIA_USDT,1789558465103,0.33,0.3301,0.33005,0.00009999999999998899,0.00030303030303026964,202,10175,81396,127614,0.0194661270116604,0.38943591215731305
B-TIA_USDT,1789558467465,0.3299,0.33,0.32995,0.00009999999999998899,0.0003031221582297332,5982,625,105552,79341,0.9054033600726502,0.5708815368889033
B-TIA_USDT,1789558469713,0.3299,0.33,0.32995,0.00009999999999998899,0.0003031221582297332,10534,424,105826,76003,0.9613068078116445,0.5820083705019551
B-TIA_USDT,1789558471976,0.3299,0.33,0.32995,0.00009999999999998899,0.0003031221582297332,7209,1492,104553,78426,0.8285254568440409,0.5713934385913138
B-TIA_USDT,1789558474199,0.3299,0.33,0.32995,0.00009999999999998899,0.0003031221582297332,5417,3491,102772,81257,0.608105074090705,0.5584554608241092
B-TIA_USDT,1789558476424,0.3299,0.33,0.32995,0.00009999999999998899,0.0003031221582297332,7493,962,105283,80762,0.88622117090479,0.5659007229433739
B-TIA_USDT,1789558479002,0.3299,0.33,0.32995,0.00009999999999998899,0.0003031221582297332,7493,962,105283,80762,0.88622117090479,0.5659007229433739
B-TIA_USDT,1789558481238,0.3299,0.33,0.32995,0.00009999999999998899,0.0003031221582297332,5493,1060,103259,81060,0.838242026552724,0.5602189682018675
B-TIA_USDT,1789558483473,0.3299,0.33,0.32995,0.00009999999999998899,0.0003031221582297332,5493,2153,97011,82153,0.7184148574417997,0.5414648031970708
B-TIA_USDT,1789558485653,0.3299,0.33,0.32995,0.00009999999999998899,0.0003031221582297332,5716,2153,103222,82153,0.7263947134324564,0.5568280512474714
B-TIA_USDT,1789558487864,0.3299,0.33,0.32995,0.00009999999999998899,0.0003031221582297332,7716,1451,136825,81272,0.8417148467328461,0.6273584689381331
B-TIA_USDT,1789558490072,0.3299,0.33,0.32995,0.00009999999999998899,0.0003031221582297332,11745,1761,143257,78551,0.8696135051088405,0.64586038375532
B-TIA_USDT,1789558492254,0.33,0.3301,0.33005,0.00009999999999998899,0.00030303030303026964,1269,6406,81964,114712,0.16534201954397393,0.4167463239032724
B-TIA_USDT,1789558494436,0.33,0.3301,0.33005,0.00009999999999998899,0.00030303030303026964,1641,6425,82336,114703,0.20344656583188694,0.4178665137358594
B-TIA_USDT,1789558496606,0.33,0.3301,0.33005,0.00009999999999998899,0.00030303030303026964,2393,6116,83088,114394,0.2812316370901399,0.4207370798351242
B-TIA_USDT,1789558498783,0.33,0.3301,0.33005,0.00009999999999998899,0.00030303030303026964,2393,5780,92551,114026,0.2927933439373547,0.4480218030080793
B-TIA_USDT,1789558500977,0.33,0.3301,0.33005,0.00009999999999998899,0.00030303030303026964,2393,3818,92534,112064,0.385284173241024,0.4522722607259113
B-TIA_USDT,1789558503160,0.33,0.3301,0.33005,0.00009999999999998899,0.00030303030303026964,2393,5971,87124,114226,0.28610712577714015,0.43269927986093865
B-TIA_USDT,1789558505415,0.33,0.3301,0.33005,0.00009999999999998899,0.00030303030303026964,1478,7826,83710,112937,0.15885640584694755,0.4256866364602562
B-TIA_USDT,1789558507622,0.33,0.3301,0.33005,0.00009999999999998899,0.00030303030303026964,3863,660,92746,104722,0.8540791510059695,0.46967609941863997
B-TIA_USDT,1789558509806,0.33,0.3301,0.33005,0.00009999999999998899,0.00030303030303026964,5863,1509,98755,105571,0.7953065653825285,0.4833207717079569
B-TIA_USDT,1789558512069,0.33,0.3301,0.33005,0.00009999999999998899,0.00030303030303026964,5863,1098,92566,105160,0.8422640425226261,0.46815289845543834
B-TIA_USDT,1789558514256,0.33,0.3301,0.33005,0.00009999999999998899,0.00030303030303026964,5882,1225,92567,105287,0.8276347263261573,0.467855085062723
B-TIA_USDT,1789558516457,0.33,0.3301,0.33005,0.00009999999999998899,0.00030303030303026964,7415,10955,116513,115573,0.4036472509526402,0.5020251113811259
B-TIA_USDT,1789558518677,0.33,0.3301,0.33005,0.00009999999999998899,0.00030303030303026964,642,15168,103131,119948,0.040607210626185955,0.46230707507205965
B-TIA_USDT,1789558520909,0.33,0.3301,0.33005,0.00009999999999998899,0.00030303030303026964,643,15154,107802,120010,0.0407039311261632,0.47320597685811105
B-TIA_USDT,1789558523116,0.33,0.3301,0.33005,0.00009999999999998899,0.00030303030303026964,3831,13009,111301,117865,0.22749406175771972,0.48567850379201105
B-TIA_USDT,1789558525324,0.3299,0.33,0.32995,0.00009999999999998899,0.0003031221582297332,10023,11139,112273,81146,0.4736319818542671,0.580465207657986
B-TIA_USDT,1789558527539,0.3303,0.3304,0.33035000000000003,0.0001000000000000445,0.0003027550711475765,12089,1565,104290,69161,0.8853815731653728,0.6012649105511066
B-TIA_USDT,1789558529736,0.3303,0.3304,0.33035000000000003,0.0001000000000000445,0.0003027550711475765,12071,1806,102321,69594,0.8698565972472436,0.5951836663467411
B-TIA_USDT,1789558531977,0.3303,0.3304,0.33035000000000003,0.0001000000000000445,0.0003027550711475765,6476,942,119092,93588,0.8730115934214074,0.5599586232838066
B-TIA_USDT,1789558534439,0.3303,0.3304,0.33035000000000003,0.0001000000000000445,0.0003027550711475765,8092,209,121284,90773,0.9748223105649921,0.5719405631504737
B-TIA_USDT,1789558536626,0.3306,0.3307,0.33065,0.00009999999999998899,0.0003024803387779461,9814,1079,107896,72310,0.900945561369687,0.5987370009877585
B-TIA_USDT,1789558538816,0.3307,0.3308,0.33075,0.00009999999999998899,0.00030238887208947383,3834,7289,108082,78060,0.3446911804369325,0.5806427351162016
B-TIA_USDT,1789558541008,0.3305,0.3306,0.33055,0.00009999999999998899,0.00030257186081691066,10780,781,152844,63674,0.9324452901998097,0.7059182146518996
B-TIA_USDT,1789558543195,0.3305,0.3306,0.33055,0.00009999999999998899,0.00030257186081691066,10822,1158,153501,66081,0.903338898163606,0.69906003224308
B-TIA_USDT,1789558545413,0.3305,0.3306,0.33055,0.00009999999999998899,0.00030257186081691066,10822,1309,146286,66232,0.8920946335833814,0.6883463988932702
B-TIA_USDT,1789558547644,0.3305,0.3306,0.33055,0.00009999999999998899,0.00030257186081691066,13366,151,125244,52203,0.9888288821484057,0.7058107491250909
B-TIA_USDT,1789558549823,0.3306,0.3307,0.33065,0.00009999999999998899,0.0003024803387779461,4567,453,77186,85526,0.9097609561752988,0.47437189635675303
B-TIA_USDT,1789558552014,0.3306,0.3307,0.33065,0.00009999999999998899,0.0003024803387779461,3843,1088,80189,85092,0.7793551003853174,0.48516768412582206
B-TIA_USDT,1789558554289,0.3305,0.3306,0.33055,0.00009999999999998899,0.00030257186081691066,10850,576,123322,61776,0.9495886574479258,0.6662524716636592
B-TIA_USDT,1789558556525,0.3305,0.3306,0.33055,0.00009999999999998899,0.00030257186081691066,13512,19,131997,61219,0.9985958170127854,0.683157709506459
B-TIA_USDT,1789558558721,0.3305,0.3306,0.33055,0.00009999999999998899,0.00030257186081691066,7600,557,127626,62448,0.9317150913325978,0.6714542757031472
B-TIA_USDT,1789558560921,0.3306,0.3307,0.33065,0.00009999999999998899,0.0003024803387779461,5132,478,88236,84907,0.914795008912656,0.5096134409130025
B-TIA_USDT,1789558563126,0.3306,0.3307,0.33065,0.00009999999999998899,0.0003024803387779461,7197,438,88141,85565,0.9426326129666012,0.5074148273519625
B-TIA_USDT,1789558565347,0.3306,0.3307,0.33065,0.00009999999999998899,0.0003024803387779461,12732,1144,100573,83988,0.9175554914961084,0.5449309442406576
B-TIA_USDT,1789558567646,0.3306,0.3307,0.33065,0.00009999999999998899,0.0003024803387779461,12698,1483,99379,84327,0.8954234539172131,0.540967633065877
B-TIA_USDT,1789558569864,0.3306,0.3307,0.33065,0.00009999999999998899,0.0003024803387779461,12698,1496,99412,87374,0.8946033535296605,0.5322240424871243
B-TIA_USDT,1789558572089,0.3306,0.3307,0.33065,0.00009999999999998899,0.0003024803387779461,7230,1685,97388,89254,0.8109927089175547,0.5217903794429978
B-TIA_USDT,1789558574311,0.3303,0.3304,0.33035000000000003,0.0001000000000000445,0.0003027550711475765,5591,1439,107971,86035,0.7953058321479374,0.5565343339896704
B-TIA_USDT,1789558576504,0.3303,0.3304,0.33035000000000003,0.0001000000000000445,0.0003027550711475765,7591,2278,110885,83112,0.7691762083291114,0.5715810038299561
B-TIA_USDT,1789558578679,0.3303,0.3304,0.33035000000000003,0.0001000000000000445,0.0003027550711475765,5329,2881,104266,85512,0.6490864799025579,0.5494103636880987
B-TIA_USDT,1789558580850,0.3303,0.3304,0.33035000000000003,0.0001000000000000445,0.0003027550711475765,4581,5086,100714,85655,0.47388021102720596,0.540401032360532
B-TIA_USDT,1789558583031,0.3303,0.3304,0.33035000000000003,0.0001000000000000445,0.0003027550711475765,4954,4873,108074,85442,0.5041212984634171,0.5584757849480146
B-TIA_USDT,1789558585271,0.3303,0.3304,0.33035000000000003,0.0001000000000000445,0.0003027550711475765,4954,2607,107844,85349,0.6552043380505225,0.5582189830894494
B-TIA_USDT,1789558587479,0.3303,0.3304,0.33035000000000003,0.0001000000000000445,0.0003027550711475765,5368,2626,101271,85368,0.6715036277207906,0.5426036358960346
B-TIA_USDT,1789558589660,0.3303,0.3304,0.33035000000000003,0.0001000000000000445,0.0003027550711475765,5310,2600,101213,87900,0.6713021491782554,0.5351985320945678
B-TIA_USDT,1789558591897,0.3303,0.3304,0.33035000000000003,0.0001000000000000445,0.0003027550711475765,5295,4147,108069,89447,0.5607922050413048,0.5471404848214828
B-TIA_USDT,1789558594085,0.3303,0.3304,0.33035000000000003,0.0001000000000000445,0.0003027550711475765,7295,3947,116939,89247,0.648905888631916,0.5671529589787861
B-TIA_USDT,1789558596295,0.3303,0.3304,0.33035000000000003,0.0001000000000000445,0.0003027550711475765,7295,3880,110068,91881,0.6527964205816554,0.5450286953636809
B-TIA_USDT,1789558598490,0.3303,0.3304,0.33035000000000003,0.0001000000000000445,0.0003027550711475765,7370,3974,109131,91975,0.6496826516220028,0.542654122701461
B-TIA_USDT,1789558600650,0.3303,0.3304,0.33035000000000003,0.0001000000000000445,0.0003027550711475765,7370,3988,109137,91989,0.6488818453953161,0.5426299931386295
B-TIA_USDT,1789558602823,0.3303,0.3304,0.33035000000000003,0.0001000000000000445,0.0003027550711475765,8987,3467,119458,89112,0.7216155452063594,0.5727477585462915
B-TIA_USDT,1789558605006,0.3304,0.3305,0.33045,0.00009999999999998899,0.0003026634382566252,3293,3531,86400,102117,0.48256154747948415,0.4583141042982861
B-TIA_USDT,1789558607186,0.3304,0.3305,0.33045,0.00009999999999998899,0.0003026634382566252,3293,3531,86400,102099,0.48256154747948415,0.45835786927251604
B-TIA_USDT,1789558609379,0.3304,0.3305,0.33045,0.00009999999999998899,0.0003026634382566252,1886,3531,96971,102009,0.3481631899575411,0.4873404362247462
B-TIA_USDT,1789558611540,0.3304,0.3305,0.33045,0.00009999999999998899,0.0003026634382566252,1601,15438,82635,113735,0.0939609131991314,0.4208127514386108
B-TIA_USDT,1789558613719,0.3304,0.3305,0.33045,0.00009999999999998899,0.0003026634382566252,6092,2272,92964,98126,0.7283596365375419,0.4864932754199592
B-TIA_USDT,1789558615891,0.3305,0.3306,0.33055,0.00009999999999998899,0.00030257186081691066,1907,1927,61855,97413,0.49739175795513824,0.38837054524449355
B-TIA_USDT,1789558618057,0.3305,0.3306,0.33055,0.00009999999999998899,0.00030257186081691066,1987,5924,63529,99541,0.25116925799519657,0.3895811614644018
B-TIA_USDT,1789558620246,0.3305,0.3306,0.33055,0.00009999999999998899,0.00030257186081691066,1686,3744,71198,97331,0.3104972375690608,0.4224673498329664
B-TIA_USDT,1789558622441,0.3305,0.3306,0.33055,0.00009999999999998899,0.00030257186081691066,6310,466,82106,93841,0.9312278630460449,0.4666518894894485
B-TIA_USDT,1789558624619,0.3305,0.3306,0.33055,0.00009999999999998899,0.00030257186081691066,5160,1101,80956,97952,0.8241494968854816,0.45250072663044694
B-TIA_USDT,1789558626787,0.3307,0.3308,0.33075,0.00009999999999998899,0.00030238887208947383,5208,3719,114124,88304,0.5833986781673575,0.5637757622463295
B-TIA_USDT,1789558628965,0.3307,0.3308,0.33075,0.00009999999999998899,0.00030238887208947383,4775,4051,116355,94325,0.5410151824155903,0.5522830833491551
B-TIA_USDT,1789558631154,0.3307,0.3308,0.33075,0.00009999999999998899,0.00030238887208947383,12459,166,127301,72269,0.9868514851485148,0.6378764343338177
B-TIA_USDT,1789558633370,0.3308,0.3309,0.33085,0.0001000000000000445,0.00030229746070146464,1526,6582,79936,115653,0.1882091761223483,0.4086937404455261
B-TIA_USDT,1789558635550,0.3307,0.3308,0.33075,0.00009999999999998899,0.00030238887208947383,5777,1028,113063,88017,0.8489346069066862,0.5622786950467475
B-TIA_USDT,1789558637733,0.3307,0.3308,0.33075,0.00009999999999998899,0.00030238887208947383,5714,3279,108250,92097,0.6353830757255643,0.5403125577123691
B-TIA_USDT,1789558639931,0.3306,0.3307,0.33065,0.00009999999999998899,0.0003024803387779461,9584,3282,120601,77333,0.744909062645733,0.609299059282387
B-TIA_USDT,1789558642166,0.3306,0.3307,0.33065,0.00009999999999998899,0.0003024803387779461,6218,85,121185,72467,0.986514358242107,0.6257874950942929
B-TIA_USDT,1789558644393,0.3306,0.3307,0.33065,0.00009999999999998899,0.0003024803387779461,9132,245,128162,72627,0.9738722405886744,0.6382919383033931
B-TIA_USDT,1789558646637,0.3307,0.3308,0.33075,0.00009999999999998899,0.00030238887208947383,1378,3941,101168,111575,0.2590712539951119,0.47554091086428224
B-TIA_USDT,1789558648904,0.3307,0.3308,0.33075,0.00009999999999998899,0.00030238887208947383,1610,6630,100055,112196,0.1953883495145631,0.47139942803567475
B-TIA_USDT,1789558651148,0.3307,0.3308,0.33075,0.00009999999999998899,0.00030238887208947383,3038,3429,106643,85711,0.46976959950518016,0.5544100980483899
B-TIA_USDT,1789558653344,0.3307,0.3308,0.33075,0.00009999999999998899,0.00030238887208947383,4399,1200,107622,83464,0.7856760135738525,0.5632123755795819
B-TIA_USDT,1789558655514,0.3306,0.3307,0.33065,0.00009999999999998899,0.0003024803387779461,2142,1002,111199,75241,0.6812977099236641,0.5964331688478868
B-TIA_USDT,1789558657695,0.3306,0.3307,0.33065,0.00009999999999998899,0.0003024803387779461,2126,1002,114012,75241,0.6796675191815856,0.6024316655482344
B-TIA_USDT,1789558659886,0.3305,0.3306,0.33055,0.00009999999999998899,0.00030257186081691066,2011,5173,103713,70867,0.27992761692650336,0.5940714858517585
B-TIA_USDT,1789558662044,0.3303,0.3304,0.33035000000000003,0.0001000000000000445,0.0003027550711475765,7041,422,109149,95953,0.9434543749162535,0.5321693596356935
B-TIA_USDT,1789558664214,0.3303,0.3304,0.33035000000000003,0.0001000000000000445,0.0003027550711475765,4906,5531,99632,103266,0.4700584459135767,0.49104476140720954
B-TIA_USDT,1789558666409,0.3303,0.3304,0.33035000000000003,0.0001000000000000445,0.0003027550711475765,567,6102,67610,108484,0.08502024291497975,0.38394266698467866
B-TIA_USDT,1789558668584,0.3303,0.3304,0.33035000000000003,0.0001000000000000445,0.0003027550711475765,567,6007,73377,108406,0.08624885914207484,0.40365160658587435
B-TIA_USDT,1789558670772,0.3303,0.3304,0.33035000000000003,0.0001000000000000445,0.0003027550711475765,718,4167,73528,106391,0.14698055271238486,0.4086727916451292
B-TIA_USDT,1789558672971,0.3303,0.3304,0.33035000000000003,0.0001000000000000445,0.0003027550711475765,527,6049,67794,108291,0.08013990267639903,0.3850072408211943
B-TIA_USDT,1789558675161,0.3303,0.3304,0.33035000000000003,0.0001000000000000445,0.0003027550711475765,3689,3465,69742,104278,0.5156555772994129,0.40077002643374326
B-TIA_USDT,1789558677337,0.3303,0.3304,0.33035000000000003,0.0001000000000000445,0.0003027550711475765,3689,7451,71948,109915,0.33114901256732493,0.3956164805375475
B-TIA_USDT,1789558679527,0.3303,0.3304,0.33035000000000003,0.0001000000000000445,0.0003027550711475765,3413,10466,71672,112930,0.24591108869515094,0.38825148156574685
B-TIA_USDT,1789558681708,0.3301,0.3302,0.33015,0.00009999999999998899,0.0003029385034837594,3233,406,135704,86843,0.8884308876064853,0.6097768111904451
B-TIA_USDT,1789558683875,0.33,0.3301,0.33005,0.00009999999999998899,0.00030303030303026964,2138,5601,104845,130241,0.27626308308567,0.4459857243732081
B-TIA_USDT,1789558686057,0.33,0.3301,0.33005,0.00009999999999998899,0.00030303030303026964,4396,3142,112383,127782,0.5831785619527726,0.46794079070638933
B-TIA_USDT,1789558688242,0.3299,0.33,0.32995,0.00009999999999998899,0.0003031221582297332,4622,426,87996,106186,0.9156101426307448,0.45316249703886047
B-TIA_USDT,1789558690440,0.33,0.3301,0.33005,0.00009999999999998899,0.00030303030303026964,6278,3725,78250,125251,0.6276117164850545,0.3845189949926536
B-TIA_USDT,1789558692624,0.33,0.3301,0.33005,0.00009999999999998899,0.00030303030303026964,6296,4081,78283,123675,0.6067264141852173,0.387620198259044
B-TIA_USDT,1789558694828,0.33,0.3301,0.33005,0.00009999999999998899,0.00030303030303026964,8000,2832,98777,120410,0.7385524372230429,0.4506517266078736
B-TIA_USDT,1789558697036,0.3301,0.3302,0.33015,0.00009999999999998899,0.0003029385034837594,8856,17,88516,98165,0.9980840752845712,0.47415644870126045
B-TIA_USDT,1789558699209,0.3302,0.3303,0.33025,0.00009999999999998899,0.0003028467595396396,6080,17,108758,82751,0.9972117434804002,0.567900203123613
B-TIA_USDT,1789558701375,0.3303,0.3304,0.33035000000000003,0.0001000000000000445,0.0003027550711475765,3198,1021,79944,97447,0.7579995259540175,0.4506654790829298
B-TIA_USDT,1789558703561,0.3303,0.3304,0.33035000000000003,0.0001000000000000445,0.0003027550711475765,3109,5530,77061,101988,0.35987961569626115,0.430390563477037
B-TIA_USDT,1789558706091,0.3301,0.3302,0.33015,0.00009999999999998899,0.0003029385034837594,2128,2067,114114,99617,0.5072705601907033,0.5339141257000622
B-TIA_USDT,1789558708265,0.3303,0.3304,0.33035000000000003,0.0001000000000000445,0.0003027550711475765,4226,2745,83913,102098,0.6062257925692153,0.4511184822402976
B-TIA_USDT,1789558710453,0.3303,0.3304,0.33035000000000003,0.0001000000000000445,0.0003027550711475765,4226,2949,83683,101259,0.5889895470383275,0.4524823998875323
B-TIA_USDT,1789558712688,0.3303,0.3304,0.33035000000000003,0.0001000000000000445,0.0003027550711475765,3061,5111,75924,108128,0.3745717082721488,0.41251385478017083
B-TIA_USDT,1789558714869,0.3303,0.3304,0.33035000000000003,0.0001000000000000445,0.0003027550711475765,4758,828,82406,100097,0.8517722878625135,0.4515323035785713
B-TIA_USDT,1789558717037,0.3303,0.3304,0.33035000000000003,0.0001000000000000445,0.0003027550711475765,4758,828,82406,100097,0.8517722878625135,0.4515323035785713
B-TIA_USDT,1789558719236,0.3303,0.3304,0.33035000000000003,0.0001000000000000445,0.0003027550711475765,2812,2924,80440,102193,0.4902370990237099,0.44044614062080784
B-TIA_USDT,1789558721452,0.3303,0.3304,0.33035000000000003,0.0001000000000000445,0.0003027550711475765,3213,5465,80863,105720,0.37024660059921644,0.4333888939506815
B-TIA_USDT,1789558723853,0.3303,0.3304,0.33035000000000003,0.0001000000000000445,0.0003027550711475765,3473,3075,81123,103980,0.5303909590714722,0.4382586992107097
B-TIA_USDT,1789558726078,0.3303,0.3304,0.33035000000000003,0.0001000000000000445,0.0003027550711475765,6633,1141,88208,100232,0.8532287110882428,0.46809594565909574
B-TIA_USDT,1789558728295,0.3303,0.3304,0.33035000000000003,0.0001000000000000445,0.0003027550711475765,6900,3311,102134,101659,0.6757418470277152,0.5011653982227063
B-TIA_USDT,1789558730543,0.3303,0.3304,0.33035000000000003,0.0001000000000000445,0.0003027550711475765,10095,813,114311,98084,0.9254675467546755,0.5382000517902964
B-TIA_USDT,1789558732837,0.3305,0.3306,0.33055,0.00009999999999998899,0.00030257186081691066,1133,1171,84482,138867,0.4917534722222222,0.3782510779094601
B-TIA_USDT,1789558735031,0.3305,0.3306,0.33055,0.00009999999999998899,0.00030257186081691066,2537,1371,87152,138828,0.6491811668372569,0.38566244800424815
B-TIA_USDT,1789558737589,0.3305,0.3306,0.33055,0.00009999999999998899,0.00030257186081691066,1118,4409,84545,139865,0.20227971774923104,0.37674346063009667
B-TIA_USDT,1789558739787,0.3305,0.3306,0.33055,0.00009999999999998899,0.00030257186081691066,1296,2334,85003,135382,0.35702479338842974,0.3857022937132745
B-TIA_USDT,1789558741965,0.3305,0.3306,0.33055,0.00009999999999998899,0.00030257186081691066,1964,2334,84591,135461,0.45695672405770127,0.3844136840383182
B-TIA_USDT,1789558744170,0.3305,0.3306,0.33055,0.00009999999999998899,0.00030257186081691066,3124,2984,84815,138004,0.5114603798297315,0.3806452771083256
B-TIA_USDT,1789558746394,0.3305,0.3306,0.33055,0.00009999999999998899,0.00030257186081691066,4812,3083,89688,138103,0.6094996833438885,0.39372933961394435
B-TIA_USDT,1789558748594,0.3304,0.3305,0.33045,0.00009999999999998899,0.0003026634382566252,3365,853,94368,116983,0.7977714556661926,0.44649895198035494
B-TIA_USDT,1789558750820,0.3303,0.3304,0.33035000000000003,0.0001000000000000445,0.0003027550711475765,6049,473,111328,84949,0.927476234283962,0.5671983981821609
B-TIA_USDT,1789558753006,0.3303,0.3304,0.33035000000000003,0.0001000000000000445,0.0003027550711475765,8399,2217,114033,87060,0.7911642803315749,0.5670659843952798
B-TIA_USDT,1789558755266,0.3303,0.3304,0.33035000000000003,0.0001000000000000445,0.0003027550711475765,4440,2166,110244,87009,0.6721162579473207,0.5588964426396557
B-TIA_USDT,1789558757477,0.3303,0.3304,0.33035000000000003,0.0001000000000000445,0.0003027550711475765,4440,2498,110242,87099,0.6399538771980398,0.5586370799783117
B-TIA_USDT,1789558759681,0.3304,0.3305,0.33045,0.00009999999999998899,0.0003026634382566252,2217,3324,106013,113465,0.40010828370330265,0.4830233554160326
B-TIA_USDT,1789558761880,0.3304,0.3305,0.33045,0.00009999999999998899,0.0003026634382566252,5400,3140,109166,111263,0.6323185011709602,0.4952433663447187
B-TIA_USDT,1789558764765,0.3304,0.3305,0.33045,0.00009999999999998899,0.0003026634382566252,5987,3156,107900,111315,0.6548178934704145,0.49221084323609243
B-TIA_USDT,1789558766992,0.3304,0.3305,0.33045,0.00009999999999998899,0.0003026634382566252,4799,3190,106314,111349,0.6007009638252597,0.48843395524273764
B-TIA_USDT,1789558769183,0.3304,0.3305,0.33045,0.00009999999999998899,0.0003026634382566252,2938,3190,106439,111349,0.47943864229765015,0.488727569930391
B-TIA_USDT,1789558771361,0.3304,0.3305,0.33045,0.00009999999999998899,0.0003026634382566252,6408,3190,113436,109890,0.6676390914773911,0.50793906665592
B-TIA_USDT,1789558773561,0.3304,0.3305,0.33045,0.00009999999999998899,0.0003026634382566252,3961,3190,112159,109890,0.5539085442595442,0.5051092326468483
B-TIA_USDT,1789558775754,0.3304,0.3305,0.33045,0.00009999999999998899,0.0003026634382566252,6092,3209,111966,109909,0.6549833351252553,0.5046354929577465
B-TIA_USDT,1789558777969,0.3304,0.3305,0.33045,0.00009999999999998899,0.0003026634382566252,6092,3438,111973,110122,0.6392444910807975,0.5041671356851798
B-TIA_USDT,1789558780183,0.3304,0.3305,0.33045,0.00009999999999998899,0.0003026634382566252,6092,3438,111973,110122,0.6392444910807975,0.5041671356851798
B-TIA_USDT,1789558782380,0.3303,0.3304,0.33035000000000003,0.0001000000000000445,0.0003027550711475765,3968,836,107281,78817,0.8259783513738551,0.5764758353125773
B-TIA_USDT,1789558784558,0.3303,0.3304,0.33035000000000003,0.0001000000000000445,0.0003027550711475765,3968,852,107042,78833,0.8232365145228215,0.5758816408876933
B-TIA_USDT,1789558786758,0.3303,0.3304,0.33035000000000003,0.0001000000000000445,0.0003027550711475765,7581,1013,113762,77147,0.8821270653944613,0.5958964742364163
B-TIA_USDT,1789558788933,0.3303,0.3304,0.33035000000000003,0.0001000000000000445,0.0003027550711475765,8035,813,114216,79104,0.908114828209765,0.5908131595282433
B-TIA_USDT,1789558791103,0.3303,0.3304,0.33035000000000003,0.0001000000000000445,0.0003027550711475765,4858,1010,113369,79267,0.8278800272665303,0.58851408874769
B-TIA_USDT,1789558793282,0.3303,0.3304,0.33035000000000003,0.0001000000000000445,0.0003027550711475765,4584,3315,107847,81572,0.5803266236232435,0.5693568227052197
B-TIA_USDT,1789558795466,0.3303,0.3304,0.33035000000000003,0.0001000000000000445,0.0003027550711475765,8409,819,114572,79076,0.9112483745123537,0.5916508303726349
B-TIA_USDT,1789558797665,0.3303,0.3304,0.33035000000000003,0.0001000000000000445,0.0003027550711475765,6201,1048,109123,79305,0.8554283349427507,0.5791230602670516
B-TIA_USDT,1789558799853,0.3303,0.3304,0.33035000000000003,0.0001000000000000445,0.0003027550711475765,6101,1048,109023,79305,0.85340607077913,0.5788995794571173
B-TIA_USDT,1789558802035,0.3303,0.3304,0.33035000000000003,0.0001000000000000445,0.0003027550711475765,6095,994,119860,80793,0.8597827620256736,0.5973496533817088
B-TIA_USDT,1789558804267,0.3303,0.3304,0.33035000000000003,0.0001000000000000445,0.0003027550711475765,6413,1316,120305,83228,0.8297321775132618,0.5910835097993937
B-TIA_USDT,1789558806489,0.3303,0.3304,0.33035000000000003,0.0001000000000000445,0.0003027550711475765,622,9694,74907,105154,0.06029468786351299,0.4160090191657272
B-TIA_USDT,1789558808670,0.3301,0.3302,0.33015,0.00009999999999998899,0.0003029385034837594,1280,7061,108212,76410,0.15345881788754345,0.586127330437326
B-TIA_USDT,1789558810914,0.3303,0.3304,0.33035000000000003,0.0001000000000000445,0.0003027550711475765,5812,713,87763,95931,0.890727969348659,0.4777673740024171
B-TIA_USDT,1789558813121,0.3304,0.3305,0.33045,0.00009999999999998899,0.0003026634382566252,12139,329,122580,62688,0.9736124478665383,0.6616361163287777
B-TIA_USDT,1789558815338,0.3304,0.3305,0.33045,0.00009999999999998899,0.0003026634382566252,5209,279,115205,62638,0.9491618075801749,0.6477904668724661
B-TIA_USDT,1789558817526,0.3304,0.3305,0.33045,0.00009999999999998899,0.0003026634382566252,388,7028,99877,105835,0.052319309600863,0.4855185890954344
B-TIA_USDT,1789558819716,0.3303,0.3304,0.33035000000000003,0.0001000000000000445,0.0003027550711475765,2491,3014,107130,89184,0.4524977293369664,0.5457073871450839
B-TIA_USDT,1789558821933,0.3303,0.3304,0.33035000000000003,0.0001000000000000445,0.0003027550711475765,2491,3355,107145,95151,0.4261033185083818,0.5296446790841144
B-TIA_USDT,1789558824111,0.3303,0.3304,0.33035000000000003,0.0001000000000000445,0.0003027550711475765,1608,5029,106482,94573,0.24227813771282206,0.5296162741538385
B-TIA_USDT,1789558826273,0.3303,0.3304,0.33035000000000003,0.0001000000000000445,0.0003027550711475765,5578,758,115941,92424,0.8803661616161617,0.55643222230221
B-TIA_USDT,1789558828514,0.3303,0.3304,0.33035000000000003,0.0001000000000000445,0.0003027550711475765,5430,1157,115747,92823,0.8243509943828754,0.5549551709258282
B-TIA_USDT,1789558830699,0.3303,0.3304,0.33035000000000003,0.0001000000000000445,0.0003027550711475765,5430,1425,115747,93091,0.7921225382932167,0.5542430017525546
B-TIA_USDT,1789558832883,0.3303,0.3304,0.33035000000000003,0.0001000000000000445,0.0003027550711475765,7449,1244,117744,92910,0.8568963533877832,0.5589449998575864
B-TIA_USDT,1789558835066,0.3303,0.3304,0.33035000000000003,0.0001000000000000445,0.0003027550711475765,5719,1426,116038,93092,0.8004198740377887,0.5548606130158275
B-TIA_USDT,1789558837245,0.3303,0.3304,0.33035000000000003,0.0001000000000000445,0.0003027550711475765,8543,671,117756,88726,0.927176036466247,0.5702966844567565
B-TIA_USDT,1789558839427,0.3303,0.3304,0.33035000000000003,0.0001000000000000445,0.0003027550711475765,8543,687,117756,88942,0.9255687973997833,0.5697007227936409
B-TIA_USDT,1789558841631,0.3304,0.3305,0.33045,0.00009999999999998899,0.0003026634382566252,3464,3865,100282,110714,0.4726429253649884,0.4752791522114163
B-TIA_USDT,1789558843814,0.3305,0.3306,0.33055,0.00009999999999998899,0.00030257186081691066,4504,3685,88523,102931,0.550006105751618,0.4623721625037868
B-TIA_USDT,1789558845981,0.3305,0.3306,0.33055,0.00009999999999998899,0.00030257186081691066,1202,5550,78867,102555,0.17802132701421802,0.4347157456096835
B-TIA_USDT,1789558848156,0.3303,0.3304,0.33035000000000003,0.0001000000000000445,0.0003027550711475765,7625,356,122767,62325,0.9553940608946248,0.6632755602619238
B-TIA_USDT,1789558850338,0.3304,0.3305,0.33045,0.00009999999999998899,0.0003026634382566252,572,5221,99196,96287,0.09873985844985327,0.5074405447020969
B-TIA_USDT,1789558852560,0.3304,0.3305,0.33045,0.00009999999999998899,0.0003026634382566252,8475,17,117179,87904,0.9979981158737635,0.5713735414441957
B-TIA_USDT,1789558854747,0.3304,0.3305,0.33045,0.00009999999999998899,0.0003026634382566252,8542,33,122363,89451,0.9961516034985423,0.5776908041961344
B-TIA_USDT,1789558856912,0.3305,0.3306,0.33055,0.00009999999999998899,0.00030257186081691066,627,7677,73880,103594,0.0755057803468208,0.4162863292651318
B-TIA_USDT,1789558859103,0.3304,0.3305,0.33045,0.00009999999999998899,0.0003026634382566252,9134,20,113645,61556,0.9978151627703736,0.6486549734305169
B-TIA_USDT,1789558861279,0.3306,0.3307,0.33065,0.00009999999999998899,0.0003024803387779461,3072,3287,78765,119870,0.4830948262305394,0.3965313263020112
B-TIA_USDT,1789558863471,0.3307,0.3308,0.33075,0.00009999999999998899,0.00030238887208947383,5321,1120,91455,64019,0.8261139574600217,0.588233402369528
B-TIA_USDT,1789558865674,0.3308,0.3309,0.33085,0.0001000000000000445,0.00030229746070146464,2540,5387,73646,81882,0.32042386779361676,0.4735224525487372
B-TIA_USDT,1789558867853,0.3308,0.3309,0.33085,0.0001000000000000445,0.00030229746070146464,3248,5363,70108,79779,0.37719196376727443,0.4677390300693189
B-TIA_USDT,1789558870050,0.3308,0.3309,0.33085,0.0001000000000000445,0.00030229746070146464,5114,5342,85182,75754,0.489097169089518,0.5292911467912711
B-TIA_USDT,1789558872239,0.3309,0.331,0.33095,0.00009999999999998899,0.0003022061045632789,3464,2094,83785,112108,0.6232457718603814,0.42770798343993915
B-TIA_USDT,1789558874427,0.331,0.3311,0.33105,0.00009999999999998899,0.00030211480362534436,2135,3473,73134,89426,0.3807061340941512,0.4498892716535433
B-TIA_USDT,1789558876606,0.331,0.3311,0.33105,0.00009999999999998899,0.00030211480362534436,1477,2759,77673,74162,0.34867799811142586,0.5115618928442058
B-TIA_USDT,1789558878990,0.3309,0.331,0.33095,0.00009999999999998899,0.0003022061045632789,6722,406,81118,65187,0.9430415263748597,0.5544444824168688
B-TIA_USDT,1789558881173,0.3309,0.331,0.33095,0.00009999999999998899,0.0003022061045632789,5102,819,86291,61559,0.8616787704779598,0.5836388231315522
B-TIA_USDT,1789558883353,0.3309,0.331,0.33095,0.00009999999999998899,0.0003022061045632789,4817,458,86015,61198,0.913175355450237,0.584289430960581
B-TIA_USDT,1789558885540,0.3309,0.331,0.33095,0.00009999999999998899,0.0003022061045632789,4420,869,85572,61609,0.8356967290603139,0.5814065674237843
B-TIA_USDT,1789558887714,0.3309,0.331,0.33095,0.00009999999999998899,0.0003022061045632789,236,14707,63089,75834,0.015793348055945927,0.4541292658523067
B-TIA_USDT,1789558889901,0.3308,0.3309,0.33085,0.0001000000000000445,0.00030229746070146464,2553,3685,85489,97604,0.40926579031740945,0.4669157204262315
B-TIA_USDT,1789558892077,0.3308,0.3309,0.33085,0.0001000000000000445,0.00030229746070146464,8326,571,106777,66265,0.9358210632797572,0.6170582864275725
B-TIA_USDT,1789558894270,0.3308,0.3309,0.33085,0.0001000000000000445,0.00030229746070146464,1857,4437,95149,76059,0.2950428979980934,0.555750899490678
B-TIA_USDT,1789558896446,0.3308,0.3309,0.33085,0.0001000000000000445,0.00030229746070146464,2350,2422,103113,74044,0.49245599329421624,0.5820430465632179
B-TIA_USDT,1789558898627,0.3307,0.3308,0.33075,0.00009999999999998899,0.00030238887208947383,1830,2840,107439,70717,0.39186295503211993,0.6030613619524462
B-TIA_USDT,1789558900844,0.3307,0.3308,0.33075,0.00009999999999998899,0.00030238887208947383,3512,2938,109121,70831,0.5444961240310078,0.6063894816395483
B-TIA_USDT,1789558903069,0.3307,0.3308,0.33075,0.00009999999999998899,0.00030238887208947383,1528,7658,107035,74153,0.16634008273459613,0.5907400048568338
B-TIA_USDT,1789558905287,0.3306,0.3307,0.33065,0.00009999999999998899,0.0003024803387779461,3221,3143,99556,68172,0.5061282212445003,0.5935562339025088
B-TIA_USDT,1789558907524,0.3306,0.3307,0.33065,0.00009999999999998899,0.0003024803387779461,957,2141,100947,86998,0.3089089735313105,0.5371092606879673
B-TIA_USDT,1789558909774,0.3306,0.3307,0.33065,0.00009999999999998899,0.0003024803387779461,1033,2141,101023,86998,0.3254568367989918,0.5372963658314762
B-TIA_USDT,1789558912031,0.3305,0.3306,0.33055,0.00009999999999998899,0.00030257186081691066,1264,2888,123960,68997,0.3044315992292871,0.6424229232419658
B-TIA_USDT,1789558914351,0.3304,0.3305,0.33045,0.00009999999999998899,0.0003026634382566252,711,5268,125205,85615,0.11891620672353237,0.5938952661037852
B-TIA_USDT,1789558916857,0.3304,0.3305,0.33045,0.00009999999999998899,0.0003026634382566252,7831,726,133465,80035,0.9151571812551128,0.6251288056206089
B-TIA_USDT,1789558919077,0.3304,0.3305,0.33045,0.00009999999999998899,0.0003026634382566252,4303,574,133488,66808,0.8823046955095345,0.666453648600072
B-TIA_USDT,1789558921297,0.3305,0.3306,0.33055,0.00009999999999998899,0.00030257186081691066,8495,605,102284,82376,0.9335164835164835,0.5539044730856709
B-TIA_USDT,1789558923530,0.3305,0.3306,0.33055,0.00009999999999998899,0.00030257186081691066,3814,1777,94966,85435,0.6821677696297621,0.5264161506865261
B-TIA_USDT,1789558925712,0.3305,0.3306,0.33055,0.00009999999999998899,0.00030257186081691066,1839,1857,92991,88174,0.49756493506493504,0.5132945105290757
B-TIA_USDT,1789558927890,0.3306,0.3307,0.33065,0.00009999999999998899,0.0003024803387779461,1180,5569,65856,134047,0.17484071714328048,0.32943977829247184
B-TIA_USDT,1789558930097,0.3306,0.3307,0.33065,0.00009999999999998899,0.0003024803387779461,1196,5553,65314,134031,0.17721143873166395,0.32764303092628355
B-TIA_USDT,1789558932308,0.3306,0.3307,0.33065,0.00009999999999998899,0.0003024803387779461,4527,2516,71254,131212,0.6427658668181173,0.3519306945363666
B-TIA_USDT,1789558934554,0.3306,0.3307,0.33065,0.00009999999999998899,0.0003024803387779461,4546,2516,74283,105725,0.6437269895213821,0.4126649926669926
B-TIA_USDT,1789558936785,0.3307,0.3308,0.33075,0.00009999999999998899,0.00030238887208947383,5673,1013,75712,112552,0.8484893807956925,0.40215867080270257
B-TIA_USDT,1789558939028,0.3307,0.3308,0.33075,0.00009999999999998899,0.00030238887208947383,2017,3345,70109,105824,0.376165609847072,0.3984982919634179
B-TIA_USDT,1789558941281,0.3306,0.3307,0.33065,0.00009999999999998899,0.0003024803387779461,3293,1028,97957,90132,0.762092108308262,0.5208013227780466
B-TIA_USDT,1789558943533,0.3308,0.331,0.33089999999999997,0.00020000000000003348,0.0006045949214027615,4853,6389,74568,127035,0.4316847536025618,0.3698754482820196
B-TIA_USDT,1789558945782,0.3311,0.3312,0.33115,0.00009999999999998899,0.00030202355783747804,3986,2947,68932,69297,0.5749314870907255,0.4986797271194901
B-TIA_USDT,1789558948018,0.3311,0.3312,0.33115,0.00009999999999998899,0.00030202355783747804,3745,5185,98220,51713,0.41937290033594626,0.6550926080315874
B-TIA_USDT,1789558950210,0.3313,0.3314,0.33135,0.00009999999999998899,0.0003018412315121913,1878,4387,72705,83832,0.2997605746209098,0.4644588819256789
B-TIA_USDT,1789558952392,0.3313,0.3314,0.33135,0.00009999999999998899,0.0003018412315121913,2975,2621,65398,57235,0.5316297355253753,0.5332822323518139
B-TIA_USDT,1789558954608,0.3314,0.3315,0.33145,0.0001000000000000445,0.0003017501508752097,1979,3362,69793,67111,0.37052986332147536,0.5097951849471162
B-TIA_USDT,1789558956797,0.3312,0.3313,0.33125,0.00009999999999998899,0.0003019323671497252,3702,606,98204,56727,0.8593314763231198,0.6338563618643138
B-TIA_USDT,1789558958971,0.3312,0.3313,0.33125,0.00009999999999998899,0.0003019323671497252,1820,961,94257,59626,0.6544408486156059,0.6125238005497683
B-TIA_USDT,1789558961205,0.3312,0.3313,0.33125,0.00009999999999998899,0.0003019323671497252,3587,390,94819,59072,0.9019361327633895,0.616143894054883
B-TIA_USDT,1789558963682,0.3312,0.3313,0.33125,0.00009999999999998899,0.0003019323671497252,2266,606,91167,61675,0.7889972144846796,0.5964787165831381
B-TIA_USDT,1789558965919,0.3312,0.3313,0.33125,0.00009999999999998899,0.0003019323671497252,579,8156,80392,68114,0.06628506010303377,0.5413383971018007
B-TIA_USDT,1789558968172,0.3312,0.3313,0.33125,0.00009999999999998899,0.0003019323671497252,579,6094,80392,66052,0.08676757080773266,0.5489606948731256
B-TIA_USDT,1789558970646,0.3312,0.3313,0.33125,0.00009999999999998899,0.0003019323671497252,500,6090,80313,68852,0.07587253414264036,0.5384171890188717
B-TIA_USDT,1789558972859,0.3313,0.3314,0.33135,0.00009999999999998899,0.0003018412315121913,8090,31,95477,64193,0.9961827361162419,0.5979645518882696
B-TIA_USDT,1789558975084,0.3314,0.3315,0.33145,0.0001000000000000445,0.0003017501508752097,6272,35,78645,62866,0.9944506104328524,0.5557518496795302
B-TIA_USDT,1789558977303,0.3315,0.3316,0.33155,0.00009999999999998899,0.00030165912518850373,1416,4324,64635,112425,0.24668989547038328,0.3650457472043375
B-TIA_USDT,1789558979547,0.3316,0.3317,0.33165,0.00009999999999998899,0.00030156815440286186,1311,1593,69078,87880,0.45144628099173556,0.4401049962410326
B-TIA_USDT,1789558981807,0.3317,0.3318,0.33175,0.00009999999999998899,0.00030147723846846245,1146,9987,51533,115808,0.10293721368903261,0.30795202610238975
B-TIA_USDT,1789558984048,0.3316,0.3317,0.33165,0.00009999999999998899,0.00030156815440286186,1254,3061,68123,58229,0.2906141367323291,0.5391525262758009
B-TIA_USDT,1789558986235,0.3317,0.3318,0.33175,0.00009999999999998899,0.00030147723846846245,757,9043,62688,112302,0.07724489795918367,0.3582376135779187
B-TIA_USDT,1789558988407,0.3317,0.3318,0.33175,0.00009999999999998899,0.00030147723846846245,278,12523,56297,113541,0.021717053355206625,0.3314746994194468
B-TIA_USDT,1789558990573,0.3317,0.3318,0.33175,0.00009999999999998899,0.00030147723846846245,564,6439,65463,110375,0.08053691275167785,0.3722915410775828
B-TIA_USDT,1789558992779,0.3317,0.3318,0.33175,0.00009999999999998899,0.00030147723846846245,4195,6104,68636,101077,0.4073210991358384,0.40442393923859693
B-TIA_USDT,1789558994977,0.3318,0.3319,0.33185,0.00009999999999998899,0.00030138637733571124,8147,1632,93329,58164,0.8331117701196441,0.6160614681866489
B-TIA_USDT,1789558997177,0.3318,0.3319,0.33185,0.00009999999999998899,0.00030138637733571124,12992,1524,91524,54104,0.8950124001102232,0.6284780399373747
B-TIA_USDT,1789558999373,0.3316,0.3317,0.33165,0.00009999999999998899,0.00030156815440286186,8565,406,85739,61743,0.9547430609742503,0.5813523006197366
B-TIA_USDT,1789559001557,0.3316,0.3317,0.33165,0.00009999999999998899,0.00030156815440286186,7049,422,101296,62201,0.9435149243742471,0.619558768662422
B-TIA_USDT,1789559003726,0.3316,0.3317,0.33165,0.00009999999999998899,0.00030156815440286186,9348,379,107586,62176,0.9610362907371235,0.6337460680246463
B-TIA_USDT,1789559005916,0.3316,0.3317,0.33165,0.00009999999999998899,0.00030156815440286186,3289,1366,92970,62972,0.7065520945220193,0.5961831963165792
B-TIA_USDT,1789559008111,0.3315,0.3316,0.33155,0.00009999999999998899,0.00030165912518850373,1049,12435,83943,91951,0.07779590625927024,0.4772362900383185
B-TIA_USDT,1789559010303,0.3313,0.3314,0.33135,0.00009999999999998899,0.0003018412315121913,5148,875,103060,70963,0.8547235596878632,0.5922205685455371
B-TIA_USDT,1789559012492,0.3314,0.3315,0.33145,0.0001000000000000445,0.0003017501508752097,1247,4526,78430,66910,0.21600554304521047,0.5396312095775423
B-TIA_USDT,1789559014655,0.3314,0.3315,0.33145,0.0001000000000000445,0.0003017501508752097,5441,3038,95732,63316,0.6417030310178087,0.6019063427392989
B-TIA_USDT,1789559016850,0.3314,0.3315,0.33145,0.0001000000000000445,0.0003017501508752097,7486,549,97762,60845,0.9316739265712508,0.6163788483484336
B-TIA_USDT,1789559019042,0.3314,0.3315,0.33145,0.0001000000000000445,0.0003017501508752097,5687,1047,90275,61343,0.8445203445203445,0.595410835125117
B-TIA_USDT,1789559021228,0.3315,0.3316,0.33155,0.00009999999999998899,0.00030165912518850373,3387,6590,72399,90582,0.33948080585346296,0.4442174241169216
B-TIA_USDT,1789559023418,0.3317,0.3318,0.33175,0.00009999999999998899,0.00030147723846846245,4922,6476,64954,75364,0.4318301456395859,0.46290568565686513
B-TIA_USDT,1789559025605,0.3318,0.3319,0.33185,0.00009999999999998899,0.00030138637733571124,5945,881,94761,76355,0.8709346615880457,0.5537822295986349
B-TIA_USDT,1789559027787,0.3318,0.3319,0.33185,0.00009999999999998899,0.00030138637733571124,1023,7203,88575,81995,0.12436177972283005,0.5192882687459695
B-TIA_USDT,1789559029969,0.3318,0.3319,0.33185,0.00009999999999998899,0.00030138637733571124,1023,8000,83201,83157,0.11337692563448963,0.5001322449175873
B-TIA_USDT,1789559032209,0.3319,0.332,0.33194999999999997,0.0001000000000000445,0.0003012955709552411,942,3171,60036,84688,0.22902990517870167,0.41483098864044665
B-TIA_USDT,1789559034424,0.332,0.3321,0.33205,0.00009999999999998899,0.00030120481927707523,1855,1129,55858,73261,0.6216487935656837,0.43260867881566617
B-TIA_USDT,1789559036632,0.332,0.3321,0.33205,0.00009999999999998899,0.00030120481927707523,1855,3329,82256,76160,0.3578317901234568,0.5192404807595192
B-TIA_USDT,1789559038847,0.332,0.3321,0.33205,0.00009999999999998899,0.00030120481927707523,1464,5459,77860,72585,0.21146901632240359,0.5175313237395726
B-TIA_USDT,1789559041367,0.332,0.3321,0.33205,0.00009999999999998899,0.00030120481927707523,581,6912,78409,73607,0.07753903643400507,0.5157943900642038
B-TIA_USDT,1789559043790,0.3321,0.3322,0.33215,0.00009999999999998899,0.00030111412225230046,1877,3832,56083,96342,0.3287791206866351,0.36793833032639
B-TIA_USDT,1789559046014,0.332,0.3321,0.33205,0.00009999999999998899,0.00030120481927707523,577,10099,87456,79688,0.05404645934807044,0.5232374479490739
B-TIA_USDT,1789559048208,0.3318,0.3319,0.33185,0.00009999999999998899,0.00030138637733571124,3050,3651,89787,73226,0.45515594687360095,0.5507965622373676
B-TIA_USDT,1789559050387,0.3318,0.3319,0.33185,0.00009999999999998899,0.00030138637733571124,275,7115,86891,74425,0.03721244925575101,0.5386384487589576
B-TIA_USDT,1789559052568,0.3317,0.3318,0.33175,0.00009999999999998899,0.00030147723846846245,364,3990,92525,71052,0.08360128617363344,0.5656357556380176
B-TIA_USDT,1789559054782,0.3316,0.3317,0.33165,0.00009999999999998899,0.00030156815440286186,1164,8372,97609,72432,0.12206375838926174,0.5740321451885133
B-TIA_USDT,1789559057013,0.3316,0.3317,0.33165,0.00009999999999998899,0.00030156815440286186,1370,3129,90308,82637,0.30451211380306736,0.5221775709040446
B-TIA_USDT,1789559059693,0.3315,0.3316,0.33155,0.00009999999999998899,0.00030165912518850373,4475,556,119104,57100,0.8894851918107732,0.6759437924224194
B-TIA_USDT,1789559061942,0.3315,0.3316,0.33155,0.00009999999999998899,0.00030165912518850373,1310,7709,114845,66948,0.1452489189488857,0.6317349952968486
B-TIA_USDT,1789559064176,0.3315,0.3316,0.33155,0.00009999999999998899,0.00030165912518850373,2552,606,112803,62883,0.8081063964534515,0.6420716505583826
B-TIA_USDT,1789559066433,0.3314,0.3315,0.33145,0.0001000000000000445,0.0003017501508752097,3075,5070,102875,69515,0.3775322283609576,0.596757352514647
B-TIA_USDT,1789559068663,0.3314,0.3315,0.33145,0.0001000000000000445,0.0003017501508752097,4410,3262,109640,67707,0.5748175182481752,0.6182230316836484
B-TIA_USDT,1789559071209,0.3314,0.3315,0.33145,0.0001000000000000445,0.0003017501508752097,2050,3262,106668,65833,0.3859186746987952,0.6183616326861874
B-TIA_USDT,1789559073674,0.3314,0.3315,0.33145,0.0001000000000000445,0.0003017501508752097,3198,2519,105804,67160,0.559384292461081,0.6117111075137023
B-TIA_USDT,1789559075965,0.3314,0.3315,0.33145,0.0001000000000000445,0.0003017501508752097,4215,815,113198,65456,0.8379721669980119,0.6336158160466601
B-TIA_USDT,1789559078219,0.3314,0.3315,0.33145,0.0001000000000000445,0.0003017501508752097,6756,606,116048,59639,0.9176854115729421,0.6605383437590715
B-TIA_USDT,1789559080456,0.3314,0.3315,0.33145,0.0001000000000000445,0.0003017501508752097,1238,9493,97160,70029,0.1153666946230547,0.5811387112788521
B-TIA_USDT,1789559082719,0.3314,0.3315,0.33145,0.0001000000000000445,0.0003017501508752097,1238,8583,99417,69119,0.12605640973424295,0.5898858404139175
B-TIA_USDT,1789559084930,0.3314,0.3315,0.33145,0.0001000000000000445,0.0003017501508752097,9007,55,115354,59207,0.9939306996248068,0.6608234370793018
B-TIA_USDT,1789559087128,0.3313,0.3314,0.33135,0.00009999999999998899,0.0003018412315121913,407,7356,96624,72699,0.052428184980033495,0.5706489962970182
B-TIA_USDT,1789559089414,0.3313,0.3314,0.33135,0.00009999999999998899,0.0003018412315121913,800,5581,96820,72961,0.12537219871493496,0.5702640460357755
B-TIA_USDT,1789559091672,0.3313,0.3314,0.33135,0.00009999999999998899,0.0003018412315121913,686,13393,125741,78702,0.0487250514951346,0.6150418454043425
B-TIA_USDT,1789559093941,0.3313,0.3314,0.33135,0.00009999999999998899,0.0003018412315121913,3222,8382,134480,76024,0.2776628748707342,0.6388477178580929
B-TIA_USDT,1789559096422,0.3313,0.3314,0.33135,0.00009999999999998899,0.0003018412315121913,6645,2148,143199,67398,0.7557147731149778,0.6799669510961694
B-TIA_USDT,1789559098641,0.3313,0.3314,0.33135,0.00009999999999998899,0.0003018412315121913,509,5948,123072,71436,0.07882917763667338,0.6327349003639953
B-TIA_USDT,1789559100904,0.3312,0.3313,0.33125,0.00009999999999998899,0.0003019323671497252,9313,1538,132156,58858,0.8582619113445765,0.6918655177107437
B-TIA_USDT,1789559103164,0.3313,0.3314,0.33135,0.00009999999999998899,0.0003018412315121913,8578,247,110987,63627,0.9720113314447592,0.6356134101503889
B-TIA_USDT,1789559105436,0.3314,0.3315,0.33145,0.0001000000000000445,0.0003017501508752097,630,9364,66986,85483,0.06303782269361617,0.43934176783477297
B-TIA_USDT,1789559107710,0.3314,0.3315,0.33145,0.0001000000000000445,0.0003017501508752097,630,9425,79138,85544,0.0626553953257086,0.48055039409285777
B-TIA_USDT,1789559109963,0.3313,0.3314,0.33135,0.00009999999999998899,0.0003018412315121913,1468,6921,123981,70692,0.1749910597210633,0.636867978610285
B-TIA_USDT,1789559112158,0.3312,0.3313,0.33125,0.00009999999999998899,0.0003019323671497252,247,3610,132942,71207,0.06403940886699508,0.6512008386031771
B-TIA_USDT,1789559114400,0.3312,0.3313,0.33125,0.00009999999999998899,0.0003019323671497252,297,5440,132792,72900,0.051769217360990064,0.645586605215565
B-TIA_USDT,1789559116634,0.3312,0.3313,0.33125,0.00009999999999998899,0.0003019323671497252,4468,3744,135640,72783,0.5440818314661471,0.6507918991665987
B-TIA_USDT,1789559118862,0.3312,0.3313,0.33125,0.00009999999999998899,0.0003019323671497252,2736,9535,128777,77440,0.22296471355227773,0.6244732490531818
B-TIA_USDT,1789559121100,0.3312,0.3313,0.33125,0.00009999999999998899,0.0003019323671497252,4145,3999,130202,73200,0.5089636542239686,0.6401215327282918
B-TIA_USDT,1789559123348,0.3311,0.3312,0.33115,0.00009999999999998899,0.00030202355783747804,7859,375,170009,68826,0.9544571289774108,0.7118261561328951
B-TIA_USDT,1789559125522,0.331,0.3311,0.33105,0.00009999999999998899,0.00030211480362534436,2624,4410,155969,64372,0.3730452089849303,0.7078528281164196
B-TIA_USDT,1789559128784,0.3309,0.331,0.33095,0.00009999999999998899,0.0003022061045632789,1203,2532,159268,69655,0.3220883534136546,0.6957273843169974
B-TIA_USDT,1789559130998,0.3308,0.3309,0.33085,0.0001000000000000445,0.00030229746070146464,4157,1612,157804,69401,0.7205754896862541,0.6945445742831364
B-TIA_USDT,1789559133221,0.3308,0.3309,0.33085,0.0001000000000000445,0.00030229746070146464,5404,1523,158275,64115,0.7801357008806121,0.7117001663743874
B-TIA_USDT,1789559135421,0.3305,0.3306,0.33055,0.00009999999999998899,0.00030257186081691066,9440,1188,137339,56327,0.8882197967632668,0.7091539041442484
B-TIA_USDT,1789559137643,0.3305,0.3306,0.33055,0.00009999999999998899,0.00030257186081691066,1295,7750,120129,66117,0.14317302377003868,0.6450017718501337
B-TIA_USDT,1789559139873,0.3305,0.3306,0.33055,0.00009999999999998899,0.00030257186081691066,4088,1720,136989,60126,0.7038567493112947,0.6949699414047638
B-TIA_USDT,1789559142053,0.3305,0.3306,0.33055,0.00009999999999998899,0.00030257186081691066,4478,1428,131385,64364,0.7582119878090078,0.6711911682818303
B-TIA_USDT,1789559144388,0.3307,0.3308,0.33075,0.00009999999999998899,0.00030238887208947383,3090,4047,106380,72490,0.43295502311895756,0.5947336054117516
B-TIA_USDT,1789559146592,0.3307,0.3308,0.33075,0.00009999999999998899,0.00030238887208947383,3090,3996,108380,72456,0.4360711261642676,0.5993275675197417
B-TIA_USDT,1789559148789,0.3307,0.3308,0.33075,0.00009999999999998899,0.00030238887208947383,11760,406,137839,48188,0.9666283084004603,0.740962333424718
B-TIA_USDT,1789559151032,0.3308,0.3309,0.33085,0.0001000000000000445,0.00030229746070146464,208,6935,103979,67632,0.02911941761164777,0.6058993887338224
B-TIA_USDT,1789559153272,0.3308,0.3309,0.33085,0.0001000000000000445,0.00030229746070146464,208,6908,103979,67806,0.02922990444069702,0.6052856768635213
B-TIA_USDT,1789559155472,0.3308,0.3309,0.33085,0.0001000000000000445,0.00030229746070146464,11141,4979,119398,61996,0.6911290322580645,0.6582246380806421
B-TIA_USDT,1789559157697,0.3308,0.3309,0.33085,0.0001000000000000445,0.00030229746070146464,11141,3133,119502,77664,0.7805100182149363,0.606098414533946
B-TIA_USDT,1789559159902,0.3308,0.3309,0.33085,0.0001000000000000445,0.00030229746070146464,15493,252,158222,59488,0.9839949190219117,0.7267557760323365
B-TIA_USDT,1789559162118,0.3309,0.331,0.33095,0.00009999999999998899,0.0003022061045632789,230,6413,114463,78986,0.034622911335240106,0.5916960025639832
B-TIA_USDT,1789559164377,0.3308,0.3309,0.33085,0.0001000000000000445,0.00030229746070146464,16632,206,176857,58224,0.9877657679059271,0.7523236671615315
B-TIA_USDT,1789559166611,0.3308,0.3309,0.33085,0.0001000000000000445,0.00030229746070146464,13631,570,176624,58588,0.959861981550595,0.7509140690100845
B-TIA_USDT,1789559168788,0.3308,0.3309,0.33085,0.0001000000000000445,0.00030229746070146464,13569,6077,170624,61582,0.6906749465540059,0.7347958278425192
B-TIA_USDT,1789559170970,0.3308,0.3309,0.33085,0.0001000000000000445,0.00030229746070146464,293,7378,126082,71093,0.03819580237257202,0.639442119944212
B-TIA_USDT,1789559173154,0.3308,0.3309,0.33085,0.0001000000000000445,0.00030229746070146464,293,9864,125882,72855,0.028847100521807622,0.6334099840492712
B-TIA_USDT,1789559175321,0.3307,0.3308,0.33075,0.00009999999999998899,0.00030238887208947383,4289,5411,155988,65539,0.44216494845360826,0.7041489299272775
B-TIA_USDT,1789559177495,0.3306,0.3307,0.33065,0.00009999999999998899,0.0003024803387779461,1306,4090,121366,64827,0.24203113417346184,0.6518290161284259
B-TIA_USDT,1789559179699,0.3306,0.3307,0.33065,0.00009999999999998899,0.0003024803387779461,5403,1287,129209,60350,0.8076233183856503,0.6816294662875411
B-TIA_USDT,1789559181861,0.3306,0.3307,0.33065,0.00009999999999998899,0.0003024803387779461,3359,3865,123328,62560,0.4649778516057586,0.6634532621793768
B-TIA_USDT,1789559184057,0.3305,0.3306,0.33055,0.00009999999999998899,0.00030257186081691066,3049,576,154965,66867,0.841103448275862,0.6985691874932382
B-TIA_USDT,1789559186257,0.3305,0.3306,0.33055,0.00009999999999998899,0.00030257186081691066,5049,740,161574,67031,0.8721713594748661,0.7067824413289299
B-TIA_USDT,1789559188459,0.3305,0.3306,0.33055,0.00009999999999998899,0.00030257186081691066,6499,695,162987,66930,0.9033917153183209,0.7088949490468299
B-TIA_USDT,1789559190692,0.3305,0.3306,0.33055,0.00009999999999998899,0.00030257186081691066,325,2723,145289,69214,0.10662729658792651,0.6773285222118105
B-TIA_USDT,1789559192871,0.3304,0.3305,0.33045,0.00009999999999998899,0.0003026634382566252,6910,672,190742,66819,0.9113690319176998,0.7405701950217618
B-TIA_USDT,1789559195125,0.3304,0.3305,0.33045,0.00009999999999998899,0.0003026634382566252,8027,316,195059,66722,0.9621239362339686,0.7451228316799157
B-TIA_USDT,1789559197327,0.3305,0.3306,0.33055,0.00009999999999998899,0.00030257186081691066,623,5233,129292,71304,0.10638661202185792,0.6445392729665597
B-TIA_USDT,1789559199528,0.3305,0.3306,0.33055,0.00009999999999998899,0.00030257186081691066,251,8795,122809,75274,0.027747070528410345,0.6199875809635355
B-TIA_USDT,1789559201818,0.3305,0.3306,0.33055,0.00009999999999998899,0.00030257186081691066,251,9432,122809,75911,0.025921718475679024,0.6180002012882447
B-TIA_USDT,1789559203995,0.3305,0.3306,0.33055,0.00009999999999998899,0.00030257186081691066,574,9575,123775,75764,0.05655729628534831,0.6203048025699237
B-TIA_USDT,1789559206202,0.3305,0.3306,0.33055,0.00009999999999998899,0.00030257186081691066,574,9532,123975,75721,0.05679794181674253,0.6208186443393959
B-TIA_USDT,1789559208381,0.3305,0.3306,0.33055,0.00009999999999998899,0.00030257186081691066,21062,2236,154294,68652,0.9040260966606576,0.6920689314901366
B-TIA_USDT,1789559210609,0.3305,0.3306,0.33055,0.00009999999999998899,0.00030257186081691066,23273,2263,148083,68679,0.9113800125313283,0.6831594098596617
B-TIA_USDT,1789559212815,0.3305,0.3306,0.33055,0.00009999999999998899,0.00030257186081691066,14277,3560,142754,69859,0.8004148679710714,0.6714264885025845
B-TIA_USDT,1789559215008,0.3305,0.3306,0.33055,0.00009999999999998899,0.00030257186081691066,14277,3747,142841,70046,0.7921105193075899,0.6709709846068571
B-TIA_USDT,1789559217186,0.3305,0.3306,0.33055,0.00009999999999998899,0.00030257186081691066,18026,1380,144515,60629,0.92888797279192,0.7044563818585969
B-TIA_USDT,1789559219416,0.3305,0.3306,0.33055,0.00009999999999998899,0.00030257186081691066,14530,6245,136211,67110,0.6993983152827918,0.6699307990812557
B-TIA_USDT,1789559221645,0.3305,0.3306,0.33055,0.00009999999999998899,0.00030257186081691066,14530,6245,136826,67110,0.6993983152827918,0.6709261729169935
B-TIA_USDT,1789559223852,0.3305,0.3306,0.33055,0.00009999999999998899,0.00030257186081691066,14528,3252,136824,66206,0.8170978627671541,0.6739102595675516
B-TIA_USDT,1789559226053,0.3305,0.3306,0.33055,0.00009999999999998899,0.00030257186081691066,14528,1122,140024,64076,0.9283067092651757,0.6860558549730524
B-TIA_USDT,1789559228254,0.3305,0.3306,0.33055,0.00009999999999998899,0.00030257186081691066,14528,893,153788,63847,0.9420919525322612,0.7066326647827785
B-TIA_USDT,1789559230444,0.3305,0.3306,0.33055,0.00009999999999998899,0.00030257186081691066,16696,866,154250,63820,0.9506889875868352,0.7073416792772963
B-TIA_USDT,1789559232615,0.3306,0.3307,0.33065,0.00009999999999998899,0.0003024803387779461,1417,2486,105892,67207,0.3630540609787343,0.6117424133010589
B-TIA_USDT,1789559234803,0.3305,0.3306,0.33055,0.00009999999999998899,0.00030257186081691066,14248,356,144202,61434,0.9756231169542591,0.7012488085743741
B-TIA_USDT,1789559236965,0.3304,0.3305,0.33045,0.00009999999999998899,0.0003026634382566252,6028,406,191693,56524,0.936897730805098,0.7722799002485728
B-TIA_USDT,1789559239193,0.3305,0.3306,0.33055,0.00009999999999998899,0.00030257186081691066,692,10304,123469,71062,0.06293197526373226,0.6347008960011515
B-TIA_USDT,1789559241389,0.3305,0.3306,0.33055,0.00009999999999998899,0.00030257186081691066,692,10336,121752,71112,0.0627493652520856,0.6312842210054753
B-TIA_USDT,1789559243613,0.3305,0.3306,0.33055,0.00009999999999998899,0.00030257186081691066,692,10336,123044,74410,0.0627493652520856,0.6231527343077375
B-TIA_USDT,1789559245810,0.3305,0.3306,0.33055,0.00009999999999998899,0.00030257186081691066,1048,6920,127820,70994,0.13152610441767068,0.6429124709527498
B-TIA_USDT,1789559247994,0.3305,0.3306,0.33055,0.00009999999999998899,0.00030257186081691066,404,8449,127849,74482,0.04563424827742008,0.6318804335470096
B-TIA_USDT,1789559250166,0.3305,0.3306,0.33055,0.00009999999999998899,0.00030257186081691066,1038,2311,136365,66547,0.30994326664676025,0.6720400961993377
B-TIA_USDT,1789559252673,0.3304,0.3305,0.33045,0.00009999999999998899,0.0003026634382566252,2539,7679,137829,75018,0.24848306909375611,0.6475496483389477
B-TIA_USDT,1789559254881,0.3304,0.3305,0.33045,0.00009999999999998899,0.0003026634382566252,407,8333,133396,79619,0.0465675057208238,0.6262281998920264
B-TIA_USDT,1789559257060,0.3304,0.3305,0.33045,0.00009999999999998899,0.0003026634382566252,2729,8352,133513,79638,0.2462774117859399,0.6263775445576141
B-TIA_USDT,1789559259245,0.3304,0.3305,0.33045,0.00009999999999998899,0.0003026634382566252,2794,6173,136048,79397,0.3115869298539088,0.6314743902156003
B-TIA_USDT,1789559261458,0.3304,0.3305,0.33045,0.00009999999999998899,0.0003026634382566252,2794,6205,137393,83131,0.3104789421046783,0.623029692913243
B-TIA_USDT,1789559263674,0.3304,0.3305,0.33045,0.00009999999999998899,0.0003026634382566252,3724,5737,138330,87895,0.39361589683965753,0.611470880760305
B-TIA_USDT,1789559265887,0.3304,0.3305,0.33045,0.00009999999999998899,0.0003026634382566252,3006,5753,137612,82679,0.3431898618563763,0.6246828059248902
B-TIA_USDT,1789559268093,0.3304,0.3305,0.33045,0.00009999999999998899,0.0003026634382566252,3062,11087,150809,86075,0.21641105378471978,0.6366364971884974
B-TIA_USDT,1789559270272,0.3304,0.3305,0.33045,0.00009999999999998899,0.0003026634382566252,3348,5725,171940,67271,0.36900694367904774,0.7187796547817618
B-TIA_USDT,1789559272472,0.3304,0.3305,0.33045,0.00009999999999998899,0.0003026634382566252,5354,5725,174337,67271,0.4832566116075458,0.721569650011589
B-TIA_USDT,1789559274760,0.3304,0.3305,0.33045,0.00009999999999998899,0.0003026634382566252,5709,5677,174699,66330,0.5014052344985069,0.7248048989955566
B-TIA_USDT,1789559276951,0.3305,0.3306,0.33055,0.00009999999999998899,0.00030257186081691066,1065,956,134091,69621,0.5269668480950025,0.6582381008482564
B-TIA_USDT,1789559279146,0.3305,0.3306,0.33055,0.00009999999999998899,0.00030257186081691066,674,692,140036,63616,0.493411420204978,0.6876239860153596
B-TIA_USDT,1789559281334,0.3305,0.3306,0.33055,0.00009999999999998899,0.00030257186081691066,819,711,133015,63635,0.5352941176470588,0.6764047800661073
B-TIA_USDT,1789559283535,0.3304,0.3305,0.33045,0.00009999999999998899,0.0003026634382566252,2857,6459,163440,66885,0.3066766852726492,0.7096059915337024
B-TIA_USDT,1789559285743,0.3304,0.3305,0.33045,0.00009999999999998899,0.0003026634382566252,9846,336,176002,62221,0.9670005892751915,0.7388119535057488
B-TIA_USDT,1789559288026,0.3304,0.3305,0.33045,0.00009999999999998899,0.0003026634382566252,5817,588,176162,62473,0.9081967213114754,0.7382068849917237
B-TIA_USDT,1789559290229,0.3304,0.3305,0.33045,0.00009999999999998899,0.0003026634382566252,7921,208,176194,62093,0.9744125968753844,0.7394192717185579
B-TIA_USDT,1789559292431,0.3304,0.3305,0.33045,0.00009999999999998899,0.0003026634382566252,16562,208,182647,60167,0.9875968992248062,0.7522095101600402
B-TIA_USDT,1789559294627,0.3304,0.3305,0.33045,0.00009999999999998899,0.0003026634382566252,1680,2958,139743,61641,0.36222509702457956,0.6939131212012871
B-TIA_USDT,1789559296811,0.3304,0.3305,0.33045,0.00009999999999998899,0.0003026634382566252,710,4264,135592,62965,0.14274225975070365,0.6828870299208791
B-TIA_USDT,1789559298991,0.3304,0.3305,0.33045,0.00009999999999998899,0.0003026634382566252,590,4394,135121,63095,0.11837881219903691,0.6816856358719781
B-TIA_USDT,1789559301201,0.3304,0.3305,0.33045,0.00009999999999998899,0.0003026634382566252,234,4855,134765,63429,0.04598152878758106,0.6799650847149762
B-TIA_USDT,1789559303414,0.3303,0.3304,0.33035000000000003,0.0001000000000000445,0.0003027550711475765,3434,4014,152092,58642,0.4610633727175081,0.7217250182694772
B-TIA_USDT,1789559305595,0.3303,0.3304,0.33035000000000003,0.0001000000000000445,0.0003027550711475765,5510,1475,152090,56104,0.7888332140300645,0.7305205721586597
B-TIA_USDT,1789559307802,0.3303,0.3304,0.33035000000000003,0.0001000000000000445,0.0003027550711475765,7510,1872,154090,56501,0.8004689831592411,0.7317026843502334
B-TIA_USDT,1789559309987,0.3303,0.3304,0.33035000000000003,0.0001000000000000445,0.0003027550711475765,7495,1556,154075,56170,0.828085294442603,0.7328355014387976
B-TIA_USDT,1789559312172,0.3303,0.3304,0.33035000000000003,0.0001000000000000445,0.0003027550711475765,6119,1556,152687,56170,0.7972638436482085,0.7310600075649847
B-TIA_USDT,1789559314364,0.3303,0.3304,0.33035000000000003,0.0001000000000000445,0.0003027550711475765,6062,1596,152649,56210,0.7915904936014625,0.730871066125951
B-TIA_USDT,1789559316537,0.3303,0.3304,0.33035000000000003,0.0001000000000000445,0.0003027550711475765,3910,3519,146441,61983,0.5263157894736842,0.7026110236824934
B-TIA_USDT,1789559318708,0.3303,0.3304,0.33035000000000003,0.0001000000000000445,0.0003027550711475765,3910,3493,147554,61957,0.5281642577333513,0.7042780569993938
B-TIA_USDT,1789559320879,0.3303,0.3304,0.33035000000000003,0.0001000000000000445,0.0003027550711475765,4193,2512,153788,60976,0.6253542132736764,0.7160790449051051
B-TIA_USDT,1789559323059,0.3304,0.3305,0.33045,0.00009999999999998899,0.0003026634382566252,254,8357,119028,62533,0.029497154801997445,0.6555813197768243
B-TIA_USDT,1789559325236,0.3303,0.3304,0.33035000000000003,0.0001000000000000445,0.0003027550711475765,4281,406,154073,53181,0.9133774269255387,0.7434018161290011
B-TIA_USDT,1789559327471,0.3303,0.3304,0.33035000000000003,0.0001000000000000445,0.0003027550711475765,6823,423,154621,52532,0.9416229643941485,0.7464096585615463
B-TIA_USDT,1789559329682,0.3302,0.3303,0.33025,0.00009999999999998899,0.0003028467595396396,2371,4028,135135,57960,0.37052664478824815,0.6998368678629691
B-TIA_USDT,1789559331959,0.3302,0.3303,0.33025,0.00009999999999998899,0.0003028467595396396,898,7832,113336,65808,0.10286368843069874,0.6326530612244898
B-TIA_USDT,1789559334167,0.3302,0.3303,0.33025,0.00009999999999998899,0.0003028467595396396,969,10467,106541,66169,0.0847324239244491,0.6168780035898327
B-TIA_USDT,1789559336345,0.3301,0.3302,0.33015,0.00009999999999998899,0.0003029385034837594,5852,2945,161007,67053,0.6652267818574514,0.7059852670349908
B-TIA_USDT,1789559338522,0.3301,0.3302,0.33015,0.00009999999999998899,0.0003029385034837594,3251,4702,148854,68674,0.40877656230353326,0.6842981133463278
B-TIA_USDT,1789559340691,0.3301,0.3302,0.33015,0.00009999999999998899,0.0003029385034837594,3206,3218,149107,67190,0.49906600249066,0.6893623120061767
B-TIA_USDT,1789559342860,0.3301,0.3302,0.33015,0.00009999999999998899,0.0003029385034837594,3565,3805,149346,67795,0.4837177747625509,0.6877835139379481
B-TIA_USDT,1789559345030,0.3301,0.3302,0.33015,0.00009999999999998899,0.0003029385034837594,4046,3855,150152,67897,0.5120870775851158,0.6886158615723988
B-TIA_USDT,1789559347207,0.33,0.3301,0.33005,0.00009999999999998899,0.00030303030303026964,959,2396,110474,65062,0.28584202682563337,0.6293523835566494
B-TIA_USDT,1789559349400,0.33,0.3301,0.33005,0.00009999999999998899,0.00030303030303026964,552,4154,112083,66622,0.11729706757331067,0.6271956576480793
B-TIA_USDT,1789559351646,0.3301,0.3302,0.33015,0.00009999999999998899,0.0003029385034837594,3025,5683,83328,78488,0.3473817179604961,0.514955257823701
B-TIA_USDT,1789559353876,0.3301,0.3302,0.33015,0.00009999999999998899,0.0003029385034837594,207,6536,91624,79037,0.03069850215037817,0.5368772010008145
B-TIA_USDT,1789559356231,0.33,0.3301,0.33005,0.00009999999999998899,0.00030303030303026964,604,4969,116746,67923,0.10837968778036965,0.6321905679892131
B-TIA_USDT,1789559358427,0.33,0.3301,0.33005,0.00009999999999998899,0.00030303030303026964,654,5098,116846,71068,0.11369958275382476,0.6218057196377066
B-TIA_USDT,1789559360611,0.33,0.3301,0.33005,0.00009999999999998899,0.00030303030303026964,298,6805,117621,73633,0.04195410389976066,0.6149989019837494
B-TIA_USDT,1789559363260,0.33,0.3301,0.33005,0.00009999999999998899,0.00030303030303026964,3120,4509,125677,70207,0.40896578843885173,0.6415888995527965
B-TIA_USDT,1789559365454,0.33,0.3301,0.33005,0.00009999999999998899,0.00030303030303026964,7368,467,136170,62523,0.9403956604977665,0.6853286225483535
B-TIA_USDT,1789559367626,0.33,0.3301,0.33005,0.00009999999999998899,0.00030303030303026964,7371,499,130024,62830,0.9365946632782719,0.6742095056363882
B-TIA_USDT,1789559369813,0.3301,0.3302,0.33015,0.00009999999999998899,0.0003029385034837594,907,2934,92599,79203,0.2361364228065608,0.5389867405501683
B-TIA_USDT,1789559371990,0.3301,0.3302,0.33015,0.00009999999999998899,0.0003029385034837594,907,3134,94645,79409,0.22444939371442713,0.5437680260149149
B-TIA_USDT,1789559374182,0.33,0.3301,0.33005,0.00009999999999998899,0.00030303030303026964,3516,2824,126942,60517,0.5545741324921135,0.6771720749603913
B-TIA_USDT,1789559376370,0.33,0.3301,0.33005,0.00009999999999998899,0.00030303030303026964,3636,368,135013,59858,0.9080919080919081,0.6928326944491484
B-TIA_USDT,1789559378614,0.3301,0.3302,0.33015,0.00009999999999998899,0.0003029385034837594,1637,5028,83009,80314,0.24561140285071267,0.5082505219717982
B-TIA_USDT,1789559380803,0.3301,0.3302,0.33015,0.00009999999999998899,0.0003029385034837594,1607,4900,77182,80186,0.24696480713078223,0.49045549285750595
B-TIA_USDT,1789559383032,0.3301,0.3302,0.33015,0.00009999999999998899,0.0003029385034837594,1135,4870,82663,80156,0.18900915903413823,0.5076987329488574
B-TIA_USDT,1789559385228,0.33,0.3301,0.33005,0.00009999999999998899,0.00030303030303026964,9375,379,135783,57602,0.9611441459913882,0.7021382216821367
B-TIA_USDT,1789559387433,0.33,0.3301,0.33005,0.00009999999999998899,0.00030303030303026964,7007,2465,133392,60839,0.7397592905405406,0.6867698771050965
B-TIA_USDT,1789559389637,0.33,0.3301,0.33005,0.00009999999999998899,0.00030303030303026964,2821,2788,125572,62730,0.502941700837939,0.6668649297405232
B-TIA_USDT,1789559391817,0.33,0.3301,0.33005,0.00009999999999998899,0.00030303030303026964,2227,4477,129646,70500,0.33218973747016706,0.6477571372897785
B-TIA_USDT,1789559394009,0.33,0.3301,0.33005,0.00009999999999998899,0.00030303030303026964,2427,4604,129839,71590,0.3451856065993458,0.644589408675017
B-TIA_USDT,1789559396220,0.33,0.3301,0.33005,0.00009999999999998899,0.00030303030303026964,6962,574,133262,63239,0.9238322717622081,0.6781746657777823
B-TIA_USDT,1789559398416,0.33,0.3301,0.33005,0.00009999999999998899,0.00030303030303026964,7095,609,133392,60624,0.9209501557632399,0.6875309252845127
B-TIA_USDT,1789559400586,0.33,0.3301,0.33005,0.00009999999999998899,0.00030303030303026964,7360,609,133657,60624,0.9235788681139415,0.687957134253993
B-TIA_USDT,1789559402763,0.3301,0.3302,0.33015,0.00009999999999998899,0.0003029385034837594,570,2531,92544,76684,0.1838116736536601,0.5468598577067625
B-TIA_USDT,1789559404962,0.3301,0.3302,0.33015,0.00009999999999998899,0.0003029385034837594,963,2483,92569,77046,0.279454439930354,0.5457595141939098
B-TIA_USDT,1789559407138,0.3304,0.3305,0.33045,0.00009999999999998899,0.0003026634382566252,2360,1670,166243,45769,0.5856079404466501,0.7841207101484822
B-TIA_USDT,1789559409324,0.3304,0.3305,0.33045,0.00009999999999998899,0.0003026634382566252,1804,3731,160440,47102,0.32592592592592595,0.7730483468406395
B-TIA_USDT,1789559411503,0.3304,0.3305,0.33045,0.00009999999999998899,0.0003026634382566252,2216,1731,166054,45302,0.5614390676463137,0.7856602131001722
B-TIA_USDT,1789559413752,0.3304,0.3305,0.33045,0.00009999999999998899,0.0003026634382566252,1982,1489,165780,45260,0.5710169979832901,0.785538286580743
B-TIA_USDT,1789559415941,0.3304,0.3305,0.33045,0.00009999999999998899,0.0003026634382566252,8965,1275,170512,41897,0.87548828125,0.8027531790084225
B-TIA_USDT,1789559418112,0.3304,0.3305,0.33045,0.00009999999999998899,0.0003026634382566252,9388,1275,176192,41821,0.8804276470036575,0.8081719897437308
B-TIA_USDT,1789559420289,0.3304,0.3305,0.33045,0.00009999999999998899,0.0003026634382566252,9388,1325,170979,42132,0.8763184915523197,0.8023002097498487
B-TIA_USDT,1789559422487,0.3306,0.3307,0.33065,0.00009999999999998899,0.0003024803387779461,2415,5414,98907,64961,0.30846851449738155,0.6035772695096053
B-TIA_USDT,1789559424702,0.3306,0.3307,0.33065,0.00009999999999998899,0.0003024803387779461,5338,686,111280,62681,0.8861221779548473,0.6396836072453022
B-TIA_USDT,1789559426906,0.3307,0.3308,0.33075,0.00009999999999998899,0.00030238887208947383,2034,5103,99531,52509,0.2849936948297604,0.6546369376479874
B-TIA_USDT,1789559429103,0.3307,0.3308,0.33075,0.00009999999999998899,0.00030238887208947383,4265,6705,121269,53240,0.3887876025524157,0.6949154484868976
B-TIA_USDT,1789559431289,0.3307,0.3308,0.33075,0.00009999999999998899,0.00030238887208947383,9972,1995,144139,43942,0.8332915517673603,0.7663666186377146
B-TIA_USDT,1789559433478,0.3308,0.3309,0.33085,0.0001000000000000445,0.00030229746070146464,3638,1564,99317,47364,0.6993464052287581,0.6770951929697779
B-TIA_USDT,1789559435812,0.3306,0.3307,0.33065,0.00009999999999998899,0.0003024803387779461,2218,5816,138748,57559,0.27607667413492654,0.7067908938550332
B-TIA_USDT,1789559438026,0.3306,0.3307,0.33065,0.00009999999999998899,0.0003024803387779461,2830,2972,138897,54808,0.4877628403998621,0.7170542835755401
B-TIA_USDT,1789559440225,0.3305,0.3306,0.33055,0.00009999999999998899,0.00030257186081691066,1312,2675,176857,64459,0.3290694757963381,0.7328855111140579
B-TIA_USDT,1789559442387,0.3305,0.3306,0.33055,0.00009999999999998899,0.00030257186081691066,4777,606,180591,62427,0.8874233698681033,0.7431177937436733
B-TIA_USDT,1789559444556,0.3306,0.3307,0.33065,0.00009999999999998899,0.0003024803387779461,720,7981,126916,69315,0.08274910929778187,0.6467683495472173
B-TIA_USDT,1789559446736,0.3305,0.3306,0.33055,0.00009999999999998899,0.00030257186081691066,10801,406,197357,57767,0.9637726420986883,0.773572850848999
B-TIA_USDT,1789559448941,0.3305,0.3306,0.33055,0.00009999999999998899,0.00030257186081691066,5337,2758,189261,68459,0.6592958616429895,0.7343667546174143
B-TIA_USDT,1789559451132,0.3305,0.3306,0.33055,0.00009999999999998899,0.00030257186081691066,3175,2758,189248,69575,0.5351424237316703,0.7311869501551254
B-TIA_USDT,1789559453351,0.3305,0.3306,0.33055,0.00009999999999998899,0.00030257186081691066,2779,2991,188852,69792,0.481629116117851,0.730161921405484
B-TIA_USDT,1789559455535,0.3305,0.3306,0.33055,0.00009999999999998899,0.00030257186081691066,12323,303,209483,64861,0.9760019008395374,0.7635778438748433
B-TIA_USDT,1789559457724,0.3305,0.3306,0.33055,0.00009999999999998899,0.00030257186081691066,10305,472,201089,63897,0.9562030249605642,0.7588665061550421
B-TIA_USDT,1789559459931,0.3305,0.3306,0.33055,0.00009999999999998899,0.00030257186081691066,10305,529,194631,63954,0.9511722355547351,0.7526770694355821
B-TIA_USDT,1789559462139,0.3307,0.3308,0.33075,0.00009999999999998899,0.00030238887208947383,644,8481,106246,92438,0.07057534246575342,0.5347486460912806
B-TIA_USDT,1789559464377,0.3307,0.3308,0.33075,0.00009999999999998899,0.00030238887208947383,2297,8218,105867,87301,0.2184498335710889,0.5480566139319142
B-TIA_USDT,1789559466639,0.3305,0.3306,0.33055,0.00009999999999998899,0.00030257186081691066,6641,901,181237,62016,0.8805356669318484,0.7450555594381159
B-TIA_USDT,1789559468864,0.3305,0.3306,0.33055,0.00009999999999998899,0.00030257186081691066,8315,625,197559,60515,0.930089485458613,0.7655129923975293
B-TIA_USDT,1789559471058,0.3306,0.3307,0.33065,0.00009999999999998899,0.0003024803387779461,8815,432,143574,62441,0.9532821455607224,0.6969104191442371
B-TIA_USDT,1789559473240,0.3305,0.3306,0.33055,0.00009999999999998899,0.00030257186081691066,9728,451,192982,59042,0.9556930936241281,0.765728660762467
B-TIA_USDT,1789559475406,0.3306,0.3307,0.33065,0.00009999999999998899,0.0003024803387779461,2671,2921,134327,62619,0.47764663805436336,0.6820499020035949
B-TIA_USDT,1789559477589,0.3307,0.3308,0.33075,0.00009999999999998899,0.00030238887208947383,608,7202,89039,90105,0.07784891165172855,0.4970247398740678
B-TIA_USDT,1789559479773,0.3307,0.3308,0.33075,0.00009999999999998899,0.00030238887208947383,554,7236,95469,93680,0.07111681643132221,0.5047290760194344
B-TIA_USDT,1789559481971,0.3306,0.3307,0.33065,0.00009999999999998899,0.0003024803387779461,4175,2702,143726,61078,0.6070961174930929,0.7017734028632253
B-TIA_USDT,1789559484333,0.3305,0.3306,0.33055,0.00009999999999998899,0.00030257186081691066,7785,1272,196918,64067,0.8595561444186817,0.7545184589152634
B-TIA_USDT,1789559486519,0.3306,0.3307,0.33065,0.00009999999999998899,0.0003024803387779461,4667,8591,140501,67405,0.35201387841303367,0.6757909824632286
B-TIA_USDT,1789559488769,0.3305,0.3306,0.33055,0.00009999999999998899,0.00030257186081691066,4405,3380,187459,69130,0.5658317276814386,0.730580812115874
B-TIA_USDT,1789559491550,0.3305,0.3306,0.33055,0.00009999999999998899,0.00030257186081691066,7766,360,190720,64493,0.9556977602756583,0.7472973555422333
B-TIA_USDT,1789559493790,0.3306,0.3307,0.33065,0.00009999999999998899,0.0003024803387779461,578,11134,122128,76613,0.04935109289617486,0.6145083299369531
B-TIA_USDT,1789559496021,0.3306,0.3307,0.33065,0.00009999999999998899,0.0003024803387779461,578,11379,122128,76858,0.04833988458643473,0.6137517212266189
B-TIA_USDT,1789559498223,0.3306,0.3307,0.33065,0.00009999999999998899,0.0003024803387779461,2314,3701,132136,64281,0.3847049044056525,0.672731993666536
B-TIA_USDT,1789559500518,0.3305,0.3306,0.33055,0.00009999999999998899,0.00030257186081691066,2104,5466,163762,70407,0.27793923381770147,0.6993325333413047
B-TIA_USDT,1789559502996,0.3305,0.3306,0.33055,0.00009999999999998899,0.00030257186081691066,3477,5164,166728,67666,0.4023839833352621,0.7113151360529706
B-TIA_USDT,1789559505188,0.3306,0.3307,0.33065,0.00009999999999998899,0.0003024803387779461,463,5303,112035,74556,0.080298300381547,0.6004308889496278
B-TIA_USDT,1789559507371,0.3306,0.3307,0.33065,0.00009999999999998899,0.0003024803387779461,157,8335,113456,76534,0.018487988695242583,0.5971682720143165
B-TIA_USDT,1789559509546,0.3306,0.3307,0.33065,0.00009999999999998899,0.0003024803387779461,157,7206,111562,75405,0.0213228303680565,0.5966935341530858
B-TIA_USDT,1789559511740,0.3305,0.3306,0.33055,0.00009999999999998899,0.00030257186081691066,5183,3383,166590,62911,0.6050665421433574,0.7258791900688886
B-TIA_USDT,1789559513936,0.3305,0.3306,0.33055,0.00009999999999998899,0.00030257186081691066,7474,577,177005,60105,0.9283318842379829,0.7465100586225802
B-TIA_USDT,1789559517520,0.3305,0.3306,0.33055,0.00009999999999998899,0.00030257186081691066,5200,2295,174729,62475,0.6937958639092728,0.7366191126625183
B-TIA_USDT,1789559519721,0.3305,0.3306,0.33055,0.00009999999999998899,0.00030257186081691066,5200,3077,168424,65268,0.6282469493777939,0.7207093096896771
B-TIA_USDT,1789559521941,0.3305,0.3306,0.33055,0.00009999999999998899,0.00030257186081691066,3578,6784,163228,69390,0.34530013510905233,0.7016997824759906
B-TIA_USDT,1789559524174,0.3304,0.3305,0.33045,0.00009999999999998899,0.0003026634382566252,6270,1440,181124,62869,0.8132295719844358,0.7423327718418151
B-TIA_USDT,1789559526358,0.3304,0.3305,0.33045,0.00009999999999998899,0.0003026634382566252,2126,3875,172354,64178,0.3542742876187302,0.7286709620685573
B-TIA_USDT,1789559528695,0.3304,0.3305,0.33045,0.00009999999999998899,0.0003026634382566252,2725,3528,172953,63831,0.43579082040620504,0.7304251976484898
B-TIA_USDT,1789559530873,0.3303,0.3304,0.33035000000000003,0.0001000000000000445,0.0003027550711475765,5649,1289,189992,58501,0.8142115883539925,0.7645768693685536
B-TIA_USDT,1789559533080,0.3303,0.3304,0.33035000000000003,0.0001000000000000445,0.0003027550711475765,3330,1640,171729,62555,0.670020120724346,0.7329949975243721
B-TIA_USDT,1789559535259,0.3303,0.3304,0.33035000000000003,0.0001000000000000445,0.0003027550711475765,3330,1659,171429,62574,0.6674684305472038,0.7325931718824118
B-TIA_USDT,1789559537445,0.3303,0.3304,0.33035000000000003,0.0001000000000000445,0.0003027550711475765,3498,1659,177593,63050,0.6783013379872018,0.7379936254119173
B-TIA_USDT,1789559539634,0.3303,0.3304,0.33035000000000003,0.0001000000000000445,0.0003027550711475765,6224,3051,178620,65715,0.6710512129380054,0.7310454908220272
B-TIA_USDT,1789559541832,0.3303,0.3304,0.33035000000000003,0.0001000000000000445,0.0003027550711475765,6224,3002,172667,64537,0.6746152178625623,0.7279261732517158
B-TIA_USDT,1789559544036,0.3303,0.3304,0.33035000000000003,0.0001000000000000445,0.0003027550711475765,8634,716,175077,61601,0.9234224598930482,0.7397265483061375
B-TIA_USDT,1789559546210,0.3304,0.3305,0.33045,0.00009999999999998899,0.0003026634382566252,3602,2335,147717,58690,0.60670372241873,0.7156588681585412
B-TIA_USDT,1789559548386,0.3304,0.3305,0.33045,0.00009999999999998899,0.0003026634382566252,4808,422,148408,54332,0.9193116634799235,0.7320114432277794
B-TIA_USDT,1789559550575,0.3305,0.3306,0.33055,0.00009999999999998899,0.00030257186081691066,636,6249,113920,69684,0.09237472766884532,0.6204657850591491
B-TIA_USDT,1789559552767,0.3303,0.3304,0.33035000000000003,0.0001000000000000445,0.0003027550711475765,809,4687,168650,67564,0.14719796215429404,0.7139712294783543
B-TIA_USDT,1789559554982,0.3302,0.3303,0.33025,0.00009999999999998899,0.0003028467595396396,887,5560,155041,68495,0.13758337211105942,0.6935840312075012
B-TIA_USDT,1789559557189,0.3303,0.3304,0.33035000000000003,0.0001000000000000445,0.0003027550711475765,1010,3249,129559,67847,0.2371448696877201,0.6563073057556508
B-TIA_USDT,1789559559399,0.3304,0.3305,0.33045,0.00009999999999998899,0.0003026634382566252,5508,17,113106,59499,0.9969230769230769,0.6552880855131659
B-TIA_USDT,1789559561623,0.3305,0.3306,0.33055,0.00009999999999998899,0.00030257186081691066,952,7193,107983,77815,0.11688152240638429,0.5811849427873281
B-TIA_USDT,1789559563827,0.3305,0.3306,0.33055,0.00009999999999998899,0.00030257186081691066,4451,900,122942,68111,0.831807138852551,0.643496830722365
B-TIA_USDT,1789559566008,0.3305,0.3306,0.33055,0.00009999999999998899,0.00030257186081691066,7578,17,128287,68004,0.997761685319289,0.6535551808284639
B-TIA_USDT,1789559568221,0.3306,0.3307,0.33065,0.00009999999999998899,0.0003024803387779461,286,8198,93819,107672,0.03371051390853371,0.4656237747591704
B-TIA_USDT,1789559570456,0.3306,0.3307,0.33065,0.00009999999999998899,0.0003024803387779461,702,4953,97229,101699,0.12413793103448276,0.488764779216601
B-TIA_USDT,1789559572678,0.3305,0.3306,0.33055,0.00009999999999998899,0.00030257186081691066,1032,1971,111569,72769,0.3436563436563437,0.6052414586249173
B-TIA_USDT,1789559574878,0.3305,0.3306,0.33055,0.00009999999999998899,0.00030257186081691066,4973,1050,124394,67455,0.8256682716254359,0.6483953525950096
B-TIA_USDT,1789559577093,0.3306,0.3307,0.33065,0.00009999999999998899,0.0003024803387779461,7525,85,109899,69993,0.9888304862023654,0.6109165499299579
B-TIA_USDT,1789559579327,0.3306,0.3307,0.33065,0.00009999999999998899,0.0003024803387779461,10947,127,118952,68975,0.9885316958641864,0.6329691848430508
B-TIA_USDT,1789559581598,0.3306,0.3307,0.33065,0.00009999999999998899,0.0003024803387779461,10913,127,119355,68975,0.9884963768115942,0.6337545797270748
B-TIA_USDT,1789559583776,0.3308,0.3309,0.33085,0.0001000000000000445,0.00030229746070146464,4244,2202,92191,69223,0.6583928017375117,0.5711462450592886
B-TIA_USDT,1789559585988,0.3308,0.3309,0.33085,0.0001000000000000445,0.00030229746070146464,6229,1002,86500,65682,0.8614299543631586,0.5683983651154538
B-TIA_USDT,1789559588190,0.3307,0.3309,0.3308,0.00020000000000003348,0.0006047777441791155,8724,14308,106719,88680,0.37877735324765544,0.5461593969262892
B-TIA_USDT,1789559590387,0.3308,0.3309,0.33085,0.0001000000000000445,0.00030229746070146464,356,11661,65438,84115,0.02962469834401265,0.43755725395010464
B-TIA_USDT,1789559592617,0.3308,0.3309,0.33085,0.0001000000000000445,0.00030229746070146464,622,9559,74503,80081,0.06109419506924663,0.4819580292915179
B-TIA_USDT,1789559594869,0.3308,0.3309,0.33085,0.0001000000000000445,0.00030229746070146464,622,5937,77990,76459,0.09483152919652386,0.5049563286262779
B-TIA_USDT,1789559597091,0.3308,0.3309,0.33085,0.0001000000000000445,0.00030229746070146464,606,7251,77974,77773,0.07712867506681939,0.5006452772766089
B-TIA_USDT,1789559599299,0.3308,0.3309,0.33085,0.0001000000000000445,0.00030229746070146464,3794,974,91278,73742,0.7957214765100671,0.553132953581384
B-TIA_USDT,1789559601491,0.3308,0.3309,0.33085,0.0001000000000000445,0.00030229746070146464,626,3403,80281,67324,0.155373541821792,0.5438907896073981
B-TIA_USDT,1789559603656,0.3308,0.3309,0.33085,0.0001000000000000445,0.00030229746070146464,626,3709,80265,67630,0.14440599769319493,0.5427161161634944
B-TIA_USDT,1789559605829,0.3308,0.3309,0.33085,0.0001000000000000445,0.00030229746070146464,4029,1364,90985,63231,0.747079547561654,0.5899841780360014
B-TIA_USDT,1789559609090,0.3308,0.3309,0.33085,0.0001000000000000445,0.00030229746070146464,6144,802,93861,62669,0.8845378635185719,0.5996358525522264
B-TIA_USDT,1789559611290,0.3308,0.3309,0.33085,0.0001000000000000445,0.00030229746070146464,6408,1191,94037,63058,0.8432688511646269,0.598599573506477
B-TIA_USDT,1789559613510,0.3308,0.3309,0.33085,0.0001000000000000445,0.00030229746070146464,815,3430,85038,65297,0.19199057714958775,0.565656700036585
B-TIA_USDT,1789559615708,0.3308,0.3309,0.33085,0.0001000000000000445,0.00030229746070146464,2818,1168,89076,63007,0.7069744104365279,0.5857064892197024
B-TIA_USDT,1789559617919,0.3309,0.331,0.33095,0.00009999999999998899,0.0003022061045632789,2131,4089,88347,74718,0.34260450160771705,0.5417900837089504
B-TIA_USDT,1789559620109,0.3309,0.331,0.33095,0.00009999999999998899,0.0003022061045632789,1953,4085,91136,76471,0.3234514739980126,0.5437481728090116
B-TIA_USDT,1789559622318,0.3309,0.331,0.33095,0.00009999999999998899,0.0003022061045632789,554,6290,91591,76629,0.08094681472822911,0.5444715253834265
B-TIA_USDT,1789559624523,0.3309,0.331,0.33095,0.00009999999999998899,0.0003022061045632789,620,3739,91369,76050,0.14223445744436797,0.5457504823227949
B-TIA_USDT,1789559626823,0.3309,0.331,0.33095,0.00009999999999998899,0.0003022061045632789,264,8484,88402,78823,0.03017832647462277,0.5286410524742113
B-TIA_USDT,1789559629046,0.3309,0.331,0.33095,0.00009999999999998899,0.0003022061045632789,264,8489,88402,78828,0.030161087627099282,0.528625246666268
B-TIA_USDT,1789559631243,0.3309,0.331,0.33095,0.00009999999999998899,0.0003022061045632789,264,8433,84552,78790,0.030355294929285962,0.5176378396248362
B-TIA_USDT,1789559633479,0.3309,0.331,0.33095,0.00009999999999998899,0.0003022061045632789,288,8606,84576,78935,0.032381380706094,0.5172496040021772
B-TIA_USDT,1789559635675,0.3309,0.331,0.33095,0.00009999999999998899,0.0003022061045632789,357,8606,88495,78935,0.0398304139239094,0.5285492444603715
B-TIA_USDT,1789559637878,0.3309,0.331,0.33095,0.00009999999999998899,0.0003022061045632789,939,8594,86730,78923,0.09849994755061366,0.5235643181831902
B-TIA_USDT,1789559640351,0.3309,0.331,0.33095,0.00009999999999998899,0.0003022061045632789,939,8667,86985,78996,0.09775140537164273,0.5240660075550816
B-TIA_USDT,1789559642561,0.3308,0.3309,0.33085,0.0001000000000000445,0.00030229746070146464,4363,1333,131848,68230,0.7659761235955056,0.6589829966313138
B-TIA_USDT,1789559644767,0.3308,0.3309,0.33085,0.0001000000000000445,0.00030229746070146464,160,5982,122041,70805,0.026050146532074242,0.632841749375149
B-TIA_USDT,1789559646955,0.3308,0.3309,0.33085,0.0001000000000000445,0.00030229746070146464,160,7939,122041,72762,0.0197555253735029,0.6264841917218934
B-TIA_USDT,1789559649173,0.3307,0.3308,0.33075,0.00009999999999998899,0.00030238887208947383,7041,2396,151747,63518,0.746105753947229,0.7049311313961861
B-TIA_USDT,1789559651383,0.3306,0.3307,0.33065,0.00009999999999998899,0.0003024803387779461,2030,2713,140307,77952,0.4279991566519081,0.6428463431061262
B-TIA_USDT,1789559653619,0.3304,0.3305,0.33045,0.00009999999999998899,0.0003026634382566252,2612,3683,144521,64856,0.41493248610007943,0.6902429588732287
B-TIA_USDT,1789559655815,0.3304,0.3305,0.33045,0.00009999999999998899,0.0003026634382566252,541,4294,142450,65484,0.11189245087900723,0.6850731482104898
B-TIA_USDT,1789559658018,0.3304,0.3305,0.33045,0.00009999999999998899,0.0003026634382566252,4691,3578,149927,64768,0.5672995525456525,0.6983255315680383
B-TIA_USDT,1789559660201,0.3304,0.3305,0.33045,0.00009999999999998899,0.0003026634382566252,724,3973,128846,66207,0.15414094102618692,0.6605691786334996
B-TIA_USDT,1789559662435,0.3304,0.3305,0.33045,0.00009999999999998899,0.0003026634382566252,1443,4226,129565,69504,0.2545422473099312,0.6508547287623889
B-TIA_USDT,1789559664629,0.3304,0.3305,0.33045,0.00009999999999998899,0.0003026634382566252,796,4345,128936,69527,0.15483368994359073,0.6496727349682309
B-TIA_USDT,1789559666837,0.3304,0.3305,0.33045,0.00009999999999998899,0.0003026634382566252,1488,4364,129628,69546,0.254272043745728,0.6508279193067368
B-TIA_USDT,1789559669058,0.3304,0.3305,0.33045,0.00009999999999998899,0.0003026634382566252,784,4456,128924,69638,0.14961832061068703,0.6492883834772011
B-TIA_USDT,1789559671284,0.3304,0.3305,0.33045,0.00009999999999998899,0.0003026634382566252,1488,4472,129628,69654,0.24966442953020135,0.6504752059895023
B-TIA_USDT,1789559673495,0.3304,0.3305,0.33045,0.00009999999999998899,0.0003026634382566252,5344,2356,140583,67538,0.694025974025974,0.675486856203843
B-TIA_USDT,1789559675708,0.3304,0.3305,0.33045,0.00009999999999998899,0.0003026634382566252,4274,2161,132598,70804,0.6641802641802642,0.6519011612471853
B-TIA_USDT,1789559677927,0.3304,0.3305,0.33045,0.00009999999999998899,0.0003026634382566252,2082,2213,132407,70856,0.4847497089639115,0.6514072900626282
B-TIA_USDT,1789559680134,0.3304,0.3305,0.33045,0.00009999999999998899,0.0003026634382566252,1595,6797,128525,73365,0.19006196377502382,0.6366090445291991
B-TIA_USDT,1789559682339,0.3304,0.3305,0.33045,0.00009999999999998899,0.0003026634382566252,1595,6826,128325,77056,0.18940743379646122,0.6248143693915211
B-TIA_USDT,1789559684545,0.3304,0.3305,0.33045,0.00009999999999998899,0.0003026634382566252,1595,6807,128325,75147,0.1898357533920495,0.6306764567114885
B-TIA_USDT,1789559686725,0.3304,0.3305,0.33045,0.00009999999999998899,0.0003026634382566252,1589,6807,128319,78173,0.18925678894711767,0.6214235902601554
B-TIA_USDT,1789559688902,0.3304,0.3305,0.33045,0.00009999999999998899,0.0003026634382566252,1761,6807,128679,78173,0.20553221288515405,0.6220824550886624
B-TIA_USDT,1789559691089,0.3304,0.3305,0.33045,0.00009999999999998899,0.0003026634382566252,1709,4828,128827,73168,0.26143490897965427,0.637773212208223
B-TIA_USDT,1789559693583,0.3304,0.3305,0.33045,0.00009999999999998899,0.0003026634382566252,7555,1626,137515,66993,0.8228951094651998,0.672418682887711
B-TIA_USDT,1789559696065,0.3304,0.3305,0.33045,0.00009999999999998899,0.0003026634382566252,7485,1626,137445,66993,0.8215344089562068,0.6723065183576439
B-TIA_USDT,1789559698810,0.3305,0.3306,0.33055,0.00009999999999998899,0.00030257186081691066,1961,2482,99788,78968,0.44136844474454195,0.5582358074693996
B-TIA_USDT,1789559701468,0.3305,0.3306,0.33055,0.00009999999999998899,0.00030257186081691066,2042,2500,99951,79839,0.44958168207837956,0.555931920574003
B-TIA_USDT,1789559704638,0.3305,0.3306,0.33055,0.00009999999999998899,0.00030257186081691066,2249,1272,99782,78616,0.6387389946038058,0.5593224139284073
B-TIA_USDT,1789559707182,0.3304,0.3305,0.33045,0.00009999999999998899,0.0003026634382566252,2854,3338,129822,65739,0.4609173126614987,0.6638440179790449
B-TIA_USDT,1789559709451,0.3304,0.3305,0.33045,0.00009999999999998899,0.0003026634382566252,5861,355,135599,62751,0.9428893178893178,0.6836349886564155
B-TIA_USDT,1789559711648,0.3304,0.3305,0.33045,0.00009999999999998899,0.0003026634382566252,7913,355,137648,62751,0.9570633768746977,0.6868696949585577
B-TIA_USDT,1789559713826,0.3304,0.3305,0.33045,0.00009999999999998899,0.0003026634382566252,5913,3091,130700,66137,0.6567081297201244,0.6640011786401947
B-TIA_USDT,1789559716016,0.3304,0.3305,0.33045,0.00009999999999998899,0.0003026634382566252,5983,1126,135727,68200,0.8416092277394852,0.6655665998126781
B-TIA_USDT,1789559718356,0.3304,0.3305,0.33045,0.00009999999999998899,0.0003026634382566252,5983,2647,135727,69825,0.693279258400927,0.6603049350042811
B-TIA_USDT,1789559720546,0.3304,0.3305,0.33045,0.00009999999999998899,0.0003026634382566252,2381,1232,129187,67730,0.6590091336839192,0.6560479796056207
B-TIA_USDT,1789559722737,0.3303,0.3304,0.33035000000000003,0.0001000000000000445,0.0003027550711475765,5817,1011,135061,63559,0.8519332161687171,0.6799969791561776
B-TIA_USDT,1789559724953,0.3303,0.3304,0.33035000000000003,0.0001000000000000445,0.0003027550711475765,10727,655,142714,63203,0.942452995958531,0.6930656526658799
B-TIA_USDT,1789559727160,0.3303,0.3304,0.33035000000000003,0.0001000000000000445,0.0003027550711475765,9979,655,137113,63203,0.9384051156667294,0.6844835160446494
B-TIA_USDT,1789559729338,0.3303,0.3304,0.33035000000000003,0.0001000000000000445,0.0003027550711475765,3786,1891,117988,64439,0.6669015324995596,0.6467682963596397
B-TIA_USDT,1789559731537,0.3303,0.3304,0.33035000000000003,0.0001000000000000445,0.0003027550711475765,5216,1845,119418,67420,0.7387055657838834,0.639152634902964
B-TIA_USDT,1789559733731,0.3303,0.3304,0.33035000000000003,0.0001000000000000445,0.0003027550711475765,4561,1891,114957,64439,0.7069125852448853,0.6408002408080448
B-TIA_USDT,1789559735943,0.3303,0.3304,0.33035000000000003,0.0001000000000000445,0.0003027550711475765,3791,1891,114187,64439,0.6671946497712073,0.6392518446362792
B-TIA_USDT,1789559738144,0.3303,0.3304,0.33035000000000003,0.0001000000000000445,0.0003027550711475765,4888,7308,112924,70981,0.40078714332568055,0.6140344199450803
B-TIA_USDT,1789559740332,0.3303,0.3304,0.33035000000000003,0.0001000000000000445,0.0003027550711475765,5267,7141,113303,67787,0.4244842037395229,0.6256723176321166
B-TIA_USDT,1789559742564,0.3303,0.3304,0.33035000000000003,0.0001000000000000445,0.0003027550711475765,5267,5141,120248,65787,0.5060530361260569,0.6463729943290241
B-TIA_USDT,1789559744836,0.3302,0.3303,0.33025,0.00009999999999998899,0.0003028467595396396,1066,3597,150459,61738,0.22860819215097578,0.709053379642502
B-TIA_USDT,1789559747345,0.3302,0.3303,0.33025,0.00009999999999998899,0.0003028467595396396,3898,1307,160677,59209,0.748895292987512,0.7307286503006103
B-TIA_USDT,1789559749532,0.3302,0.3303,0.33025,0.00009999999999998899,0.0003028467595396396,3851,1947,160617,59633,0.6641945498447741,0.7292485811577752
B-TIA_USDT,1789559751724,0.3302,0.3303,0.33025,0.00009999999999998899,0.0003028467595396396,6851,1193,161395,58879,0.8516907011437096,0.7327010904600634
B-TIA_USDT,1789559753943,0.3302,0.3303,0.33025,0.00009999999999998899,0.0003028467595396396,8571,1193,163151,58879,0.8778164686603851,0.7348151150745394
B-TIA_USDT,1789559756149,0.3302,0.3303,0.33025,0.00009999999999998899,0.0003028467595396396,6571,1958,156162,59644,0.77043029663501,0.7236221421091166
B-TIA_USDT,1789559758362,0.3302,0.3303,0.33025,0.00009999999999998899,0.0003028467595396396,6571,1958,156162,59644,0.77043029663501,0.7236221421091166
B-TIA_USDT,1789559763468,0.3302,0.3303,0.33025,0.00009999999999998899,0.0003028467595396396,532,6252,149946,64531,0.07841981132075472,0.6991239153848664
B-TIA_USDT,1789559765687,0.3302,0.3303,0.33025,0.00009999999999998899,0.0003028467595396396,532,5733,149946,67040,0.08491620111731843,0.6910399749292581
B-TIA_USDT,1789559767893,0.33,0.3301,0.33005,0.00009999999999998899,0.00030303030303026964,1695,6113,121121,74986,0.21708504098360656,0.617627111729821
B-TIA_USDT,1789559770153,0.33,0.3301,0.33005,0.00009999999999998899,0.00030303030303026964,5457,3450,125615,72035,0.6126641966992253,0.635542625853782
B-TIA_USDT,1789559772394,0.33,0.3301,0.33005,0.00009999999999998899,0.00030303030303026964,7365,3739,129525,72363,0.6632744956772334,0.6415685924869234
B-TIA_USDT,1789559774620,0.33,0.3301,0.33005,0.00009999999999998899,0.00030303030303026964,7381,3654,129615,72296,0.6688717716357045,0.6419412513434137
B-TIA_USDT,1789559776896,0.33,0.3301,0.33005,0.00009999999999998899,0.00030303030303026964,8612,852,131347,68258,0.9099746407438715,0.6580346183712833
B-TIA_USDT,1789559779140,0.33,0.3301,0.33005,0.00009999999999998899,0.00030303030303026964,8397,726,130719,64793,0.9204209141729695,0.6685983469045378
B-TIA_USDT,1789559781332,0.33,0.3301,0.33005,0.00009999999999998899,0.00030303030303026964,4077,1733,123164,65777,0.7017211703958692,0.6518648678688056
B-TIA_USDT,1789559783530,0.33,0.3301,0.33005,0.00009999999999998899,0.00030303030303026964,4017,958,134461,66162,0.8074371859296482,0.6702172731940007
B-TIA_USDT,1789559785704,0.33,0.3301,0.33005,0.00009999999999998899,0.00030303030303026964,4782,958,130088,66162,0.8331010452961672,0.6628687898089172
B-TIA_USDT,1789559787902,0.33,0.3301,0.33005,0.00009999999999998899,0.00030303030303026964,4791,1488,130097,66318,0.7630195891065457,0.6623577628999822
B-TIA_USDT,1789559790072,0.33,0.3301,0.33005,0.00009999999999998899,0.00030303030303026964,5794,1108,140295,65723,0.8394668212112432,0.6809841858478385
B-TIA_USDT,1789559792288,0.33,0.3301,0.33005,0.00009999999999998899,0.00030303030303026964,4237,745,127914,65854,0.8504616619831393,0.6601399611907023
B-TIA_USDT,1789559794481,0.3299,0.33,0.32995,0.00009999999999998899,0.0003031221582297332,10801,22,161062,54302,0.997967291878407,0.7478594379747776
B-TIA_USDT,1789559796943,0.33,0.3301,0.33005,0.00009999999999998899,0.00030303030303026964,9226,894,145307,67462,0.9116600790513834,0.6829331340561829
B-TIA_USDT,1789559799164,0.33,0.3301,0.33005,0.00009999999999998899,0.00030303030303026964,8668,614,134600,67182,0.933850463262228,0.6670565263502195
B-TIA_USDT,1789559801364,0.33,0.3301,0.33005,0.00009999999999998899,0.00030303030303026964,6668,924,137704,67453,0.8782929399367756,0.6712127785062172
B-TIA_USDT,1789559803537,0.33,0.3301,0.33005,0.00009999999999998899,0.00030303030303026964,6668,1500,137704,67882,0.816356513222331,0.6698121467415097
B-TIA_USDT,1789559805706,0.33,0.3301,0.33005,0.00009999999999998899,0.00030303030303026964,1166,9312,112002,79908,0.1112807787745753,0.5836173206190401
B-TIA_USDT,1789559807907,0.33,0.3301,0.33005,0.00009999999999998899,0.00030303030303026964,1196,9312,108963,82938,0.11381804339550819,0.5678084012068723
B-TIA_USDT,1789559810109,0.33,0.3301,0.33005,0.00009999999999998899,0.00030303030303026964,1187,9272,108954,82967,0.11349077349651018,0.5677023358569412
B-TIA_USDT,1789559812291,0.33,0.3301,0.33005,0.00009999999999998899,0.00030303030303026964,1187,7209,108954,80922,0.14137684611719867,0.5738165960942931
B-TIA_USDT,1789559814500,0.33,0.3301,0.33005,0.00009999999999998899,0.00030303030303026964,465,7256,108232,80969,0.06022535940940293,0.5720477164497016
B-TIA_USDT,1789559816683,0.3299,0.33,0.32995,0.00009999999999998899,0.0003031221582297332,4859,513,137126,74194,0.9045048399106478,0.6489021389362105
B-TIA_USDT,1789559818890,0.3299,0.33,0.32995,0.00009999999999998899,0.0003031221582297332,1007,6904,113366,78353,0.1272911136392365,0.591313328360778
B-TIA_USDT,1789559821091,0.3299,0.33,0.32995,0.00009999999999998899,0.0003031221582297332,1329,7254,113295,78784,0.15484096469765815,0.5898354322960865
B-TIA_USDT,1789559823279,0.3299,0.33,0.32995,0.00009999999999998899,0.0003031221582297332,955,7439,112921,80322,0.11377174172027639,0.5843471691083247
B-TIA_USDT,1789559825445,0.3299,0.33,0.32995,0.00009999999999998899,0.0003031221582297332,927,7534,112893,83446,0.10956151755111689,0.5749901955291613
B-TIA_USDT,1789559827622,0.3299,0.33,0.32995,0.00009999999999998899,0.0003031221582297332,217,8641,110930,84553,0.024497629261684355,0.5674662246844994
B-TIA_USDT,1789559829854,0.3299,0.33,0.32995,0.00009999999999998899,0.0003031221582297332,3118,1453,126690,79490,0.682126449354627,0.6144630905034436
B-TIA_USDT,1789559832135,0.3299,0.33,0.32995,0.00009999999999998899,0.0003031221582297332,3118,1413,136540,73390,0.6881483116309866,0.6504072786166818
B-TIA_USDT,1789559834375,0.3299,0.33,0.32995,0.00009999999999998899,0.0003031221582297332,8560,1292,154325,68840,0.8688591149005278,0.6915286895346493
B-TIA_USDT,1789559836695,0.3299,0.33,0.32995,0.00009999999999998899,0.0003031221582297332,7148,1292,154625,69035,0.8469194312796209,0.6913395332200661
B-TIA_USDT,1789559838894,0.3299,0.33,0.32995,0.00009999999999998899,0.0003031221582297332,7148,1292,154625,68836,0.8469194312796209,0.691955195761229
B-TIA_USDT,1789559841087,0.3299,0.33,0.32995,0.00009999999999998899,0.0003031221582297332,7148,1291,154625,68835,0.8470197890745349,0.6919582923118232
B-TIA_USDT,1789559843433,0.33,0.3301,0.33005,0.00009999999999998899,0.00030303030303026964,4152,2233,130593,73133,0.6502740798747063,0.6410227462375936
B-TIA_USDT,1789559845878,0.33,0.3301,0.33005,0.00009999999999998899,0.00030303030303026964,2641,3478,131819,77466,0.43160647164569377,0.6298540268055522
B-TIA_USDT,1789559848043,0.33,0.3301,0.33005,0.00009999999999998899,0.00030303030303026964,523,5602,125851,79590,0.08538775510204082,0.6125895025822499
B-TIA_USDT,1789559850220,0.33,0.3301,0.33005,0.00009999999999998899,0.00030303030303026964,1130,7389,126258,79508,0.13264467660523535,0.6135999144659467
B-TIA_USDT,1789559852414,0.33,0.3301,0.33005,0.00009999999999998899,0.00030303030303026964,182,10014,122716,88098,0.01785013730874853,0.5821055527621505
B-TIA_USDT,1789559854674,0.3299,0.33,0.32995,0.00009999999999998899,0.0003031221582297332,6376,407,165723,68397,0.9399970514521598,0.7078549461814454
B-TIA_USDT,1789559857121,0.3299,0.33,0.32995,0.00009999999999998899,0.0003031221582297332,8316,492,170874,68482,0.944141689373297,0.7138906064606695
B-TIA_USDT,1789559859340,0.3299,0.33,0.32995,0.00009999999999998899,0.0003031221582297332,2483,2960,150911,70913,0.4561822524343193,0.6803186309867282
B-TIA_USDT,1789559861498,0.3299,0.33,0.32995,0.00009999999999998899,0.0003031221582297332,9241,559,148772,67755,0.9429591836734694,0.6870829042105604
B-TIA_USDT,1789559863692,0.3299,0.33,0.32995,0.00009999999999998899,0.0003031221582297332,7410,524,147112,67720,0.9339551298210235,0.6847769419825724
B-TIA_USDT,1789559865899,0.3299,0.33,0.32995,0.00009999999999998899,0.0003031221582297332,868,4012,137106,76202,0.1778688524590164,0.6427607028334614
B-TIA_USDT,1789559868075,0.3299,0.33,0.32995,0.00009999999999998899,0.0003031221582297332,1380,4012,137539,76667,0.2559347181008902,0.6420875232253065
B-TIA_USDT,1789559870258,0.3299,0.33,0.32995,0.00009999999999998899,0.0003031221582297332,1580,3919,137739,76574,0.287324968176032,0.6427001628459309
B-TIA_USDT,1789559872622,0.3299,0.33,0.32995,0.00009999999999998899,0.0003031221582297332,1519,4296,137678,76574,0.2612209802235598,0.6425984354871833
B-TIA_USDT,1789559874806,0.3299,0.33,0.32995,0.00009999999999998899,0.0003031221582297332,1319,4296,132550,76574,0.23490650044523598,0.6338344714140892
B-TIA_USDT,1789559876983,0.3299,0.33,0.32995,0.00009999999999998899,0.0003031221582297332,2722,3309,138071,75569,0.45133477035317526,0.6462787867440554
