candidate,TP,SL,fee_pct,signal_ts,direction,entry,exit_ts,exit_price,reason,hold_ms,gross_pnl,fees,net_pnl
A,0.1,0.1,0.001,1789736948296,SHORT,105.62,1789737385210,105.75,SL,436914,-0.0182,0.0296,-0.0478
A,0.1,0.1,0.001,1789736949811,SHORT,105.62,1789737385210,105.75,SL,435399,-0.0182,0.0296,-0.0478
A,0.1,0.1,0.001,1789736955383,SHORT,105.62,1789737385210,105.75,SL,429827,-0.0182,0.0296,-0.0478
A,0.1,0.1,0.001,1789736971127,SHORT,105.62,1789737385210,105.75,SL,414083,-0.0182,0.0296,-0.0478
A,0.1,0.1,0.001,1789736979772,LONG,105.64,1789737388108,105.76,TP,408336,0.0168,0.0296,-0.0128
A,0.1,0.1,0.001,1789736988436,LONG,105.64,1789737388108,105.76,TP,399672,0.0168,0.0296,-0.0128
A,0.1,0.1,0.001,1789737002128,LONG,105.61,1789737385210,105.74,TP,383082,0.0182,0.0296,-0.0114
A,0.1,0.1,0.001,1789737004165,SHORT,105.59,1789737385210,105.75,SL,381045,-0.0224,0.0296,-0.0520
A,0.1,0.1,0.001,1789737006174,LONG,105.61,1789737385210,105.74,TP,379036,0.0182,0.0296,-0.0114
A,0.1,0.1,0.001,1789737013730,LONG,105.62,1789737385210,105.74,TP,371480,0.0168,0.0296,-0.0128
A,0.1,0.1,0.001,1789737018795,SHORT,105.61,1789737385210,105.75,SL,366415,-0.0196,0.0296,-0.0492
A,0.1,0.1,0.001,1789737019818,SHORT,105.6,1789737385210,105.75,SL,365392,-0.0210,0.0296,-0.0506
A,0.1,0.1,0.001,1789737027429,LONG,105.6,1789737385210,105.74,TP,357781,0.0196,0.0296,-0.0100
A,0.1,0.1,0.001,1789737029476,LONG,105.61,1789737385210,105.74,TP,355734,0.0182,0.0296,-0.0114
A,0.1,0.1,0.001,1789737030479,LONG,105.62,1789737385210,105.74,TP,354731,0.0168,0.0296,-0.0128
A,0.1,0.1,0.001,1789737031485,SHORT,105.62,1789737385210,105.75,SL,353725,-0.0182,0.0296,-0.0478
A,0.1,0.1,0.001,1789737032494,LONG,105.64,1789737388108,105.76,TP,355614,0.0168,0.0296,-0.0128
A,0.1,0.1,0.001,1789737033513,LONG,105.64,1789737388108,105.76,TP,354595,0.0168,0.0296,-0.0128
A,0.1,0.1,0.001,1789737036025,LONG,105.65,1789737388108,105.76,TP,352083,0.0154,0.0296,-0.0142
A,0.1,0.1,0.001,1789737047655,SHORT,105.63,1789737385210,105.75,SL,337555,-0.0168,0.0296,-0.0464
A,0.1,0.15,0.001,1789736948296,SHORT,105.62,1789737390622,105.78,SL,442326,-0.0224,0.0296,-0.0520
A,0.1,0.15,0.001,1789736949811,SHORT,105.62,1789737390622,105.78,SL,440811,-0.0224,0.0296,-0.0520
A,0.1,0.15,0.001,1789736955383,SHORT,105.62,1789737390622,105.78,SL,435239,-0.0224,0.0296,-0.0520
A,0.1,0.15,0.001,1789736971127,SHORT,105.62,1789737390622,105.78,SL,419495,-0.0224,0.0296,-0.0520
A,0.1,0.15,0.001,1789736979772,LONG,105.64,1789737388108,105.76,TP,408336,0.0168,0.0296,-0.0128
A,0.1,0.15,0.001,1789736988436,LONG,105.64,1789737388108,105.76,TP,399672,0.0168,0.0296,-0.0128
A,0.1,0.15,0.001,1789737002128,LONG,105.61,1789737385210,105.74,TP,383082,0.0182,0.0296,-0.0114
A,0.1,0.15,0.001,1789737004165,SHORT,105.59,1789737385210,105.75,SL,381045,-0.0224,0.0296,-0.0520
A,0.1,0.15,0.001,1789737006174,LONG,105.61,1789737385210,105.74,TP,379036,0.0182,0.0296,-0.0114
A,0.1,0.15,0.001,1789737013730,LONG,105.62,1789737385210,105.74,TP,371480,0.0168,0.0296,-0.0128
A,0.1,0.15,0.001,1789737018795,SHORT,105.61,1789737388108,105.77,SL,369313,-0.0224,0.0296,-0.0520
A,0.1,0.15,0.001,1789737019818,SHORT,105.6,1789737388108,105.77,SL,368290,-0.0238,0.0296,-0.0534
A,0.1,0.15,0.001,1789737027429,LONG,105.6,1789737385210,105.74,TP,357781,0.0196,0.0296,-0.0100
A,0.1,0.15,0.001,1789737029476,LONG,105.61,1789737385210,105.74,TP,355734,0.0182,0.0296,-0.0114
A,0.1,0.15,0.001,1789737030479,LONG,105.62,1789737385210,105.74,TP,354731,0.0168,0.0296,-0.0128
A,0.1,0.15,0.001,1789737031485,SHORT,105.62,1789737390622,105.78,SL,359137,-0.0224,0.0296,-0.0520
A,0.1,0.15,0.001,1789737032494,LONG,105.64,1789737388108,105.76,TP,355614,0.0168,0.0296,-0.0128
A,0.1,0.15,0.001,1789737033513,LONG,105.64,1789737388108,105.76,TP,354595,0.0168,0.0296,-0.0128
A,0.1,0.2,0.001,1789736948296,SHORT,105.62,1789737494555,105.86,SL,546259,-0.0336,0.0296,-0.0632
A,0.1,0.2,0.001,1789736949811,SHORT,105.62,1789737494555,105.86,SL,544744,-0.0336,0.0296,-0.0632
A,0.1,0.2,0.001,1789736955383,SHORT,105.62,1789737494555,105.86,SL,539172,-0.0336,0.0296,-0.0632
A,0.1,0.2,0.001,1789736971127,SHORT,105.62,1789737494555,105.86,SL,523428,-0.0336,0.0296,-0.0632
A,0.1,0.2,0.001,1789736979772,LONG,105.64,1789737388108,105.76,TP,408336,0.0168,0.0296,-0.0128
A,0.1,0.2,0.001,1789736988436,LONG,105.64,1789737388108,105.76,TP,399672,0.0168,0.0296,-0.0128
A,0.1,0.2,0.001,1789737002128,LONG,105.61,1789737385210,105.74,TP,383082,0.0182,0.0296,-0.0114
A,0.1,0.2,0.001,1789737004165,SHORT,105.59,1789737485445,105.81,SL,481280,-0.0308,0.0296,-0.0604
A,0.1,0.2,0.001,1789737006174,LONG,105.61,1789737385210,105.74,TP,379036,0.0182,0.0296,-0.0114
A,0.1,0.2,0.001,1789737013730,LONG,105.62,1789737385210,105.74,TP,371480,0.0168,0.0296,-0.0128
A,0.1,0.2,0.001,1789737018795,SHORT,105.61,1789737494073,105.83,SL,475278,-0.0308,0.0296,-0.0604
A,0.1,0.2,0.001,1789737019818,SHORT,105.6,1789737494073,105.83,SL,474255,-0.0322,0.0296,-0.0618
A,0.1,0.2,0.001,1789737027429,LONG,105.6,1789737385210,105.74,TP,357781,0.0196,0.0296,-0.0100
A,0.1,0.2,0.001,1789737029476,LONG,105.61,1789737385210,105.74,TP,355734,0.0182,0.0296,-0.0114
A,0.1,0.2,0.001,1789737030479,LONG,105.62,1789737385210,105.74,TP,354731,0.0168,0.0296,-0.0128
A,0.1,0.2,0.001,1789737031485,SHORT,105.62,1789737494555,105.86,SL,463070,-0.0336,0.0296,-0.0632
A,0.1,0.25,0.001,1789736948296,SHORT,105.62,1789737515255,105.89,SL,566959,-0.0378,0.0296,-0.0674
A,0.1,0.25,0.001,1789736949811,SHORT,105.62,1789737515255,105.89,SL,565444,-0.0378,0.0296,-0.0674
A,0.1,0.25,0.001,1789736955383,SHORT,105.62,1789737515255,105.89,SL,559872,-0.0378,0.0296,-0.0674
A,0.1,0.25,0.001,1789736971127,SHORT,105.62,1789737515255,105.89,SL,544128,-0.0378,0.0296,-0.0674
A,0.1,0.25,0.001,1789736979772,LONG,105.64,1789737388108,105.76,TP,408336,0.0168,0.0296,-0.0128
A,0.1,0.25,0.001,1789736988436,LONG,105.64,1789737388108,105.76,TP,399672,0.0168,0.0296,-0.0128
A,0.1,0.25,0.001,1789737002128,LONG,105.61,1789737385210,105.74,TP,383082,0.0182,0.0296,-0.0114
A,0.1,0.25,0.001,1789737004165,SHORT,105.59,1789737494555,105.86,SL,490390,-0.0378,0.0296,-0.0674
A,0.1,0.25,0.001,1789737006174,LONG,105.61,1789737385210,105.74,TP,379036,0.0182,0.0296,-0.0114
A,0.1,0.25,0.001,1789737013730,LONG,105.62,1789737385210,105.74,TP,371480,0.0168,0.0296,-0.0128
A,0.1,0.25,0.001,1789737018795,SHORT,105.61,1789737515255,105.89,SL,496460,-0.0392,0.0296,-0.0688
A,0.1,0.25,0.001,1789737019818,SHORT,105.6,1789737495061,105.87,SL,475243,-0.0378,0.0296,-0.0674
A,0.1,0.3,0.001,1789736948296,SHORT,105.62,1789737607864,105.95,SL,659568,-0.0462,0.0296,-0.0758
A,0.1,0.3,0.001,1789736949811,SHORT,105.62,1789737607864,105.95,SL,658053,-0.0462,0.0296,-0.0758
A,0.1,0.3,0.001,1789736955383,SHORT,105.62,1789737607864,105.95,SL,652481,-0.0462,0.0296,-0.0758
A,0.1,0.3,0.001,1789736971127,SHORT,105.62,1789737607864,105.95,SL,636737,-0.0462,0.0296,-0.0758
A,0.1,0.3,0.001,1789736979772,LONG,105.64,1789737388108,105.76,TP,408336,0.0168,0.0296,-0.0128
A,0.1,0.3,0.001,1789736988436,LONG,105.64,1789737388108,105.76,TP,399672,0.0168,0.0296,-0.0128
A,0.1,0.3,0.001,1789737002128,LONG,105.61,1789737385210,105.74,TP,383082,0.0182,0.0296,-0.0114
A,0.1,0.3,0.001,1789737004165,SHORT,105.59,1789737558228,105.91,SL,554063,-0.0448,0.0296,-0.0744
A,0.1,0.3,0.001,1789737006174,LONG,105.61,1789737385210,105.74,TP,379036,0.0182,0.0296,-0.0114
A,0.1,0.3,0.001,1789737013730,LONG,105.62,1789737385210,105.74,TP,371480,0.0168,0.0296,-0.0128
A,0.1,0.3,0.001,1789737018795,SHORT,105.61,1789737578521,105.93,SL,559726,-0.0448,0.0296,-0.0744
A,0.1,0.3,0.001,1789737019818,SHORT,105.6,1789737578521,105.93,SL,558703,-0.0462,0.0296,-0.0758
A,0.1,0.5,0.001,1789736979772,LONG,105.64,1789737388108,105.76,TP,408336,0.0168,0.0296,-0.0128
A,0.1,0.5,0.001,1789736988436,LONG,105.64,1789737388108,105.76,TP,399672,0.0168,0.0296,-0.0128
A,0.1,0.5,0.001,1789737002128,LONG,105.61,1789737385210,105.74,TP,383082,0.0182,0.0296,-0.0114
A,0.1,0.5,0.001,1789737006174,LONG,105.61,1789737385210,105.74,TP,379036,0.0182,0.0296,-0.0114
A,0.1,0.5,0.001,1789737013730,LONG,105.62,1789737385210,105.74,TP,371480,0.0168,0.0296,-0.0128
A,0.1,0.5,0.001,1789737027429,LONG,105.6,1789737385210,105.74,TP,357781,0.0196,0.0296,-0.0100
A,0.1,0.5,0.001,1789737029476,LONG,105.61,1789737385210,105.74,TP,355734,0.0182,0.0296,-0.0114
A,0.1,0.5,0.001,1789737030479,LONG,105.62,1789737385210,105.74,TP,354731,0.0168,0.0296,-0.0128
A,0.1,0.5,0.001,1789737032494,LONG,105.64,1789737388108,105.76,TP,355614,0.0168,0.0296,-0.0128
A,0.1,0.5,0.001,1789737033513,LONG,105.64,1789737388108,105.76,TP,354595,0.0168,0.0296,-0.0128
A,0.1,0.5,0.001,1789737036025,LONG,105.65,1789737388108,105.76,TP,352083,0.0154,0.0296,-0.0142
A,0.1,0.5,0.001,1789737057793,LONG,105.62,1789737385210,105.74,TP,327417,0.0168,0.0296,-0.0128
A,0.1,0.5,0.001,1789737075515,LONG,105.6,1789737385210,105.74,TP,309695,0.0196,0.0296,-0.0100
A,0.1,0.5,0.001,1789737082590,LONG,105.61,1789737385210,105.74,TP,302620,0.0182,0.0296,-0.0114
A,0.1,0.5,0.001,1789737087151,LONG,105.63,1789737385210,105.74,TP,298059,0.0154,0.0296,-0.0142
A,0.1,0.5,0.001,1789737088659,LONG,105.63,1789737385210,105.74,TP,296551,0.0154,0.0296,-0.0142
A,0.1,0.5,0.001,1789737089666,LONG,105.62,1789737385210,105.74,TP,295544,0.0168,0.0296,-0.0128
A,0.1,0.5,0.001,1789737094209,LONG,105.63,1789737385210,105.74,TP,291001,0.0154,0.0296,-0.0142
A,0.1,0.5,0.001,1789737114960,LONG,105.6,1789737385210,105.74,TP,270250,0.0196,0.0296,-0.0100
A,0.1,0.5,0.001,1789737116986,LONG,105.6,1789737385210,105.74,TP,268224,0.0196,0.0296,-0.0100
A,0.1,0.5,0.001,1789737125618,LONG,105.61,1789737385210,105.74,TP,259592,0.0182,0.0296,-0.0114
A,0.1,0.5,0.001,1789737133261,LONG,105.61,1789737385210,105.74,TP,251949,0.0182,0.0296,-0.0114
A,0.1,0.5,0.001,1789737152452,LONG,105.59,1789737385210,105.74,TP,232758,0.0210,0.0296,-0.0086
A,0.1,0.5,0.001,1789737153452,LONG,105.59,1789737385210,105.74,TP,231758,0.0210,0.0296,-0.0086
A,0.1,0.5,0.001,1789737167359,LONG,105.6,1789737385210,105.74,TP,217851,0.0196,0.0296,-0.0100
A,0.1,0.5,0.001,1789737169664,LONG,105.61,1789737385210,105.74,TP,215546,0.0182,0.0296,-0.0114
A,0.1,0.5,0.001,1789737170670,LONG,105.62,1789737385210,105.74,TP,214540,0.0168,0.0296,-0.0128
A,0.1,0.5,0.001,1789737173194,LONG,105.59,1789737385210,105.74,TP,212016,0.0210,0.0296,-0.0086
A,0.1,0.5,0.001,1789737184910,LONG,105.6,1789737385210,105.74,TP,200300,0.0196,0.0296,-0.0100
A,0.1,0.5,0.001,1789737187440,LONG,105.59,1789737385210,105.74,TP,197770,0.0210,0.0296,-0.0086
A,0.1,0.5,0.001,1789737193502,LONG,105.6,1789737385210,105.74,TP,191708,0.0196,0.0296,-0.0100
A,0.1,0.5,0.001,1789737199279,LONG,105.61,1789737385210,105.74,TP,185931,0.0182,0.0296,-0.0114
A,0.1,0.5,0.001,1789737202275,LONG,105.61,1789737385210,105.74,TP,182935,0.0182,0.0296,-0.0114
A,0.1,0.5,0.001,1789737211173,LONG,105.61,1789737385210,105.74,TP,174037,0.0182,0.0296,-0.0114
A,0.1,0.5,0.001,1789737215717,LONG,105.59,1789737385210,105.74,TP,169493,0.0210,0.0296,-0.0086
A,0.1,0.5,0.001,1789737219262,LONG,105.61,1789737385210,105.74,TP,165948,0.0182,0.0296,-0.0114
A,0.1,0.5,0.001,1789737244125,LONG,105.64,1789737388108,105.76,TP,143983,0.0168,0.0296,-0.0128
A,0.1,0.5,0.001,1789737250194,LONG,105.64,1789737388108,105.76,TP,137914,0.0168,0.0296,-0.0128
A,0.1,0.5,0.001,1789737258858,LONG,105.63,1789737385210,105.74,TP,126352,0.0154,0.0296,-0.0142
A,0.1,0.5,0.001,1789737266477,LONG,105.63,1789737385210,105.74,TP,118733,0.0154,0.0296,-0.0142
A,0.1,0.5,0.001,1789737267498,LONG,105.64,1789737388108,105.76,TP,120610,0.0168,0.0296,-0.0128
A,0.1,0.5,0.001,1789737285799,LONG,105.63,1789737385210,105.74,TP,99411,0.0154,0.0296,-0.0142
A,0.1,0.5,0.001,1789737287830,LONG,105.63,1789737385210,105.74,TP,97380,0.0154,0.0296,-0.0142
A,0.1,0.5,0.001,1789737289864,LONG,105.63,1789737385210,105.74,TP,95346,0.0154,0.0296,-0.0142
A,0.1,0.5,0.001,1789737308112,LONG,105.61,1789737385210,105.74,TP,77098,0.0182,0.0296,-0.0114
A,0.1,0.5,0.001,1789737318204,LONG,105.62,1789737385210,105.74,TP,67006,0.0168,0.0296,-0.0128
A,0.15,0.1,0.001,1789736948296,SHORT,105.62,1789737385210,105.75,SL,436914,-0.0182,0.0296,-0.0478
A,0.15,0.1,0.001,1789736949811,SHORT,105.62,1789737385210,105.75,SL,435399,-0.0182,0.0296,-0.0478
A,0.15,0.1,0.001,1789736955383,SHORT,105.62,1789737385210,105.75,SL,429827,-0.0182,0.0296,-0.0478
A,0.15,0.1,0.001,1789736971127,SHORT,105.62,1789737385210,105.75,SL,414083,-0.0182,0.0296,-0.0478
A,0.15,0.1,0.001,1789736979772,LONG,105.64,1789737485445,105.8,TP,505673,0.0224,0.0296,-0.0072
A,0.15,0.1,0.001,1789736988436,LONG,105.64,1789737485445,105.8,TP,497009,0.0224,0.0296,-0.0072
A,0.15,0.1,0.001,1789737002128,LONG,105.61,1789737390622,105.77,TP,388494,0.0224,0.0296,-0.0072
A,0.15,0.1,0.001,1789737004165,SHORT,105.59,1789737385210,105.75,SL,381045,-0.0224,0.0296,-0.0520
A,0.15,0.1,0.001,1789737006174,LONG,105.61,1789737390622,105.77,TP,384448,0.0224,0.0296,-0.0072
A,0.15,0.1,0.001,1789737013730,LONG,105.62,1789737392141,105.78,TP,378411,0.0224,0.0296,-0.0072
A,0.15,0.1,0.001,1789737018795,SHORT,105.61,1789737385210,105.75,SL,366415,-0.0196,0.0296,-0.0492
A,0.15,0.1,0.001,1789737019818,SHORT,105.6,1789737385210,105.75,SL,365392,-0.0210,0.0296,-0.0506
A,0.15,0.1,0.001,1789737027429,LONG,105.6,1789737388108,105.76,TP,360679,0.0224,0.0296,-0.0072
A,0.15,0.1,0.001,1789737029476,LONG,105.61,1789737390622,105.77,TP,361146,0.0224,0.0296,-0.0072
A,0.15,0.1,0.001,1789737030479,LONG,105.62,1789737392141,105.78,TP,361662,0.0224,0.0296,-0.0072
A,0.15,0.1,0.001,1789737031485,SHORT,105.62,1789737385210,105.75,SL,353725,-0.0182,0.0296,-0.0478
A,0.15,0.1,0.001,1789737032494,LONG,105.64,1789737485445,105.8,TP,452951,0.0224,0.0296,-0.0072
A,0.15,0.1,0.001,1789737033513,LONG,105.64,1789737485445,105.8,TP,451932,0.0224,0.0296,-0.0072
A,0.15,0.1,0.001,1789737036025,LONG,105.65,1789737494073,105.82,TP,458048,0.0238,0.0296,-0.0058
A,0.15,0.1,0.001,1789737047655,SHORT,105.63,1789737385210,105.75,SL,337555,-0.0168,0.0296,-0.0464
A,0.15,0.1,0.001,1789737054270,SHORT,105.63,1789737385210,105.75,SL,330940,-0.0168,0.0296,-0.0464
A,0.15,0.15,0.001,1789736948296,SHORT,105.62,1789737390622,105.78,SL,442326,-0.0224,0.0296,-0.0520
A,0.15,0.15,0.001,1789736949811,SHORT,105.62,1789737390622,105.78,SL,440811,-0.0224,0.0296,-0.0520
A,0.15,0.15,0.001,1789736955383,SHORT,105.62,1789737390622,105.78,SL,435239,-0.0224,0.0296,-0.0520
A,0.15,0.15,0.001,1789736971127,SHORT,105.62,1789737390622,105.78,SL,419495,-0.0224,0.0296,-0.0520
A,0.15,0.15,0.001,1789736979772,LONG,105.64,1789737485445,105.8,TP,505673,0.0224,0.0296,-0.0072
A,0.15,0.15,0.001,1789736988436,LONG,105.64,1789737485445,105.8,TP,497009,0.0224,0.0296,-0.0072
A,0.15,0.15,0.001,1789737002128,LONG,105.61,1789737390622,105.77,TP,388494,0.0224,0.0296,-0.0072
A,0.15,0.15,0.001,1789737004165,SHORT,105.59,1789737385210,105.75,SL,381045,-0.0224,0.0296,-0.0520
A,0.15,0.15,0.001,1789737006174,LONG,105.61,1789737390622,105.77,TP,384448,0.0224,0.0296,-0.0072
A,0.15,0.15,0.001,1789737013730,LONG,105.62,1789737392141,105.78,TP,378411,0.0224,0.0296,-0.0072
A,0.15,0.15,0.001,1789737018795,SHORT,105.61,1789737388108,105.77,SL,369313,-0.0224,0.0296,-0.0520
A,0.15,0.15,0.001,1789737019818,SHORT,105.6,1789737388108,105.77,SL,368290,-0.0238,0.0296,-0.0534
A,0.15,0.15,0.001,1789737027429,LONG,105.6,1789737388108,105.76,TP,360679,0.0224,0.0296,-0.0072
A,0.15,0.15,0.001,1789737029476,LONG,105.61,1789737390622,105.77,TP,361146,0.0224,0.0296,-0.0072
A,0.15,0.15,0.001,1789737030479,LONG,105.62,1789737392141,105.78,TP,361662,0.0224,0.0296,-0.0072
A,0.15,0.15,0.001,1789737031485,SHORT,105.62,1789737390622,105.78,SL,359137,-0.0224,0.0296,-0.0520
A,0.15,0.15,0.001,1789737032494,LONG,105.64,1789737485445,105.8,TP,452951,0.0224,0.0296,-0.0072
A,0.15,0.15,0.001,1789737033513,LONG,105.64,1789737485445,105.8,TP,451932,0.0224,0.0296,-0.0072
A,0.15,0.15,0.001,1789737036025,LONG,105.65,1789737494073,105.82,TP,458048,0.0238,0.0296,-0.0058
A,0.15,0.15,0.001,1789737047655,SHORT,105.63,1789737392141,105.79,SL,344486,-0.0224,0.0296,-0.0520
A,0.15,0.2,0.001,1789736948296,SHORT,105.62,1789737494555,105.86,SL,546259,-0.0336,0.0296,-0.0632
A,0.15,0.2,0.001,1789736949811,SHORT,105.62,1789737494555,105.86,SL,544744,-0.0336,0.0296,-0.0632
A,0.15,0.2,0.001,1789736955383,SHORT,105.62,1789737494555,105.86,SL,539172,-0.0336,0.0296,-0.0632
A,0.15,0.2,0.001,1789736971127,SHORT,105.62,1789737494555,105.86,SL,523428,-0.0336,0.0296,-0.0632
A,0.15,0.2,0.001,1789736979772,LONG,105.64,1789737485445,105.8,TP,505673,0.0224,0.0296,-0.0072
A,0.15,0.2,0.001,1789736988436,LONG,105.64,1789737485445,105.8,TP,497009,0.0224,0.0296,-0.0072
A,0.15,0.2,0.001,1789737002128,LONG,105.61,1789737390622,105.77,TP,388494,0.0224,0.0296,-0.0072
A,0.15,0.2,0.001,1789737004165,SHORT,105.59,1789737485445,105.81,SL,481280,-0.0308,0.0296,-0.0604
A,0.15,0.2,0.001,1789737006174,LONG,105.61,1789737390622,105.77,TP,384448,0.0224,0.0296,-0.0072
A,0.15,0.2,0.001,1789737013730,LONG,105.62,1789737392141,105.78,TP,378411,0.0224,0.0296,-0.0072
A,0.15,0.2,0.001,1789737018795,SHORT,105.61,1789737494073,105.83,SL,475278,-0.0308,0.0296,-0.0604
A,0.15,0.2,0.001,1789737019818,SHORT,105.6,1789737494073,105.83,SL,474255,-0.0322,0.0296,-0.0618
A,0.15,0.2,0.001,1789737027429,LONG,105.6,1789737388108,105.76,TP,360679,0.0224,0.0296,-0.0072
A,0.15,0.2,0.001,1789737029476,LONG,105.61,1789737390622,105.77,TP,361146,0.0224,0.0296,-0.0072
A,0.15,0.2,0.001,1789737030479,LONG,105.62,1789737392141,105.78,TP,361662,0.0224,0.0296,-0.0072
A,0.15,0.2,0.001,1789737031485,SHORT,105.62,1789737494555,105.86,SL,463070,-0.0336,0.0296,-0.0632
A,0.15,0.25,0.001,1789736948296,SHORT,105.62,1789737515255,105.89,SL,566959,-0.0378,0.0296,-0.0674
A,0.15,0.25,0.001,1789736949811,SHORT,105.62,1789737515255,105.89,SL,565444,-0.0378,0.0296,-0.0674
A,0.15,0.25,0.001,1789736955383,SHORT,105.62,1789737515255,105.89,SL,559872,-0.0378,0.0296,-0.0674
A,0.15,0.25,0.001,1789736971127,SHORT,105.62,1789737515255,105.89,SL,544128,-0.0378,0.0296,-0.0674
A,0.15,0.25,0.001,1789736979772,LONG,105.64,1789737485445,105.8,TP,505673,0.0224,0.0296,-0.0072
A,0.15,0.25,0.001,1789736988436,LONG,105.64,1789737485445,105.8,TP,497009,0.0224,0.0296,-0.0072
A,0.15,0.25,0.001,1789737002128,LONG,105.61,1789737390622,105.77,TP,388494,0.0224,0.0296,-0.0072
A,0.15,0.25,0.001,1789737004165,SHORT,105.59,1789737494555,105.86,SL,490390,-0.0378,0.0296,-0.0674
A,0.15,0.25,0.001,1789737006174,LONG,105.61,1789737390622,105.77,TP,384448,0.0224,0.0296,-0.0072
A,0.15,0.25,0.001,1789737013730,LONG,105.62,1789737392141,105.78,TP,378411,0.0224,0.0296,-0.0072
A,0.15,0.25,0.001,1789737018795,SHORT,105.61,1789737515255,105.89,SL,496460,-0.0392,0.0296,-0.0688
A,0.15,0.25,0.001,1789737019818,SHORT,105.6,1789737495061,105.87,SL,475243,-0.0378,0.0296,-0.0674
A,0.15,0.25,0.001,1789737027429,LONG,105.6,1789737388108,105.76,TP,360679,0.0224,0.0296,-0.0072
A,0.15,0.25,0.001,1789737029476,LONG,105.61,1789737390622,105.77,TP,361146,0.0224,0.0296,-0.0072
A,0.15,0.25,0.001,1789737030479,LONG,105.62,1789737392141,105.78,TP,361662,0.0224,0.0296,-0.0072
A,0.15,0.25,0.001,1789737031485,SHORT,105.62,1789737515255,105.89,SL,483770,-0.0378,0.0296,-0.0674
A,0.15,0.3,0.001,1789736948296,SHORT,105.62,1789737607864,105.95,SL,659568,-0.0462,0.0296,-0.0758
A,0.15,0.3,0.001,1789736949811,SHORT,105.62,1789737607864,105.95,SL,658053,-0.0462,0.0296,-0.0758
A,0.15,0.3,0.001,1789736955383,SHORT,105.62,1789737607864,105.95,SL,652481,-0.0462,0.0296,-0.0758
A,0.15,0.3,0.001,1789736971127,SHORT,105.62,1789737607864,105.95,SL,636737,-0.0462,0.0296,-0.0758
A,0.15,0.3,0.001,1789736979772,LONG,105.64,1789737485445,105.8,TP,505673,0.0224,0.0296,-0.0072
A,0.15,0.3,0.001,1789736988436,LONG,105.64,1789737485445,105.8,TP,497009,0.0224,0.0296,-0.0072
A,0.15,0.3,0.001,1789737002128,LONG,105.61,1789737390622,105.77,TP,388494,0.0224,0.0296,-0.0072
A,0.15,0.3,0.001,1789737004165,SHORT,105.59,1789737558228,105.91,SL,554063,-0.0448,0.0296,-0.0744
A,0.15,0.3,0.001,1789737006174,LONG,105.61,1789737390622,105.77,TP,384448,0.0224,0.0296,-0.0072
A,0.15,0.3,0.001,1789737013730,LONG,105.62,1789737392141,105.78,TP,378411,0.0224,0.0296,-0.0072
A,0.15,0.3,0.001,1789737018795,SHORT,105.61,1789737578521,105.93,SL,559726,-0.0448,0.0296,-0.0744
A,0.15,0.3,0.001,1789737019818,SHORT,105.6,1789737578521,105.93,SL,558703,-0.0462,0.0296,-0.0758
A,0.15,0.5,0.001,1789736979772,LONG,105.64,1789737485445,105.8,TP,505673,0.0224,0.0296,-0.0072
A,0.15,0.5,0.001,1789736988436,LONG,105.64,1789737485445,105.8,TP,497009,0.0224,0.0296,-0.0072
A,0.15,0.5,0.001,1789737002128,LONG,105.61,1789737390622,105.77,TP,388494,0.0224,0.0296,-0.0072
A,0.15,0.5,0.001,1789737006174,LONG,105.61,1789737390622,105.77,TP,384448,0.0224,0.0296,-0.0072
A,0.15,0.5,0.001,1789737013730,LONG,105.62,1789737392141,105.78,TP,378411,0.0224,0.0296,-0.0072
A,0.15,0.5,0.001,1789737027429,LONG,105.6,1789737388108,105.76,TP,360679,0.0224,0.0296,-0.0072
A,0.15,0.5,0.001,1789737029476,LONG,105.61,1789737390622,105.77,TP,361146,0.0224,0.0296,-0.0072
A,0.15,0.5,0.001,1789737030479,LONG,105.62,1789737392141,105.78,TP,361662,0.0224,0.0296,-0.0072
A,0.15,0.5,0.001,1789737032494,LONG,105.64,1789737485445,105.8,TP,452951,0.0224,0.0296,-0.0072
A,0.15,0.5,0.001,1789737033513,LONG,105.64,1789737485445,105.8,TP,451932,0.0224,0.0296,-0.0072
A,0.15,0.5,0.001,1789737036025,LONG,105.65,1789737494073,105.82,TP,458048,0.0238,0.0296,-0.0058
A,0.15,0.5,0.001,1789737057793,LONG,105.62,1789737392141,105.78,TP,334348,0.0224,0.0296,-0.0072
A,0.15,0.5,0.001,1789737075515,LONG,105.6,1789737388108,105.76,TP,312593,0.0224,0.0296,-0.0072
A,0.15,0.5,0.001,1789737082590,LONG,105.61,1789737390622,105.77,TP,308032,0.0224,0.0296,-0.0072
A,0.15,0.5,0.001,1789737087151,LONG,105.63,1789737482425,105.79,TP,395274,0.0224,0.0296,-0.0072
A,0.15,0.5,0.001,1789737088659,LONG,105.63,1789737482425,105.79,TP,393766,0.0224,0.0296,-0.0072
A,0.15,0.5,0.001,1789737089666,LONG,105.62,1789737392141,105.78,TP,302475,0.0224,0.0296,-0.0072
A,0.15,0.5,0.001,1789737094209,LONG,105.63,1789737482425,105.79,TP,388216,0.0224,0.0296,-0.0072
A,0.15,0.5,0.001,1789737114960,LONG,105.6,1789737388108,105.76,TP,273148,0.0224,0.0296,-0.0072
A,0.15,0.5,0.001,1789737116986,LONG,105.6,1789737388108,105.76,TP,271122,0.0224,0.0296,-0.0072
A,0.15,0.5,0.001,1789737125618,LONG,105.61,1789737390622,105.77,TP,265004,0.0224,0.0296,-0.0072
A,0.15,0.5,0.001,1789737133261,LONG,105.61,1789737390622,105.77,TP,257361,0.0224,0.0296,-0.0072
A,0.15,0.5,0.001,1789737152452,LONG,105.59,1789737388108,105.76,TP,235656,0.0238,0.0296,-0.0058
A,0.15,0.5,0.001,1789737153452,LONG,105.59,1789737388108,105.76,TP,234656,0.0238,0.0296,-0.0058
A,0.15,0.5,0.001,1789737167359,LONG,105.6,1789737388108,105.76,TP,220749,0.0224,0.0296,-0.0072
A,0.15,0.5,0.001,1789737169664,LONG,105.61,1789737390622,105.77,TP,220958,0.0224,0.0296,-0.0072
A,0.15,0.5,0.001,1789737170670,LONG,105.62,1789737392141,105.78,TP,221471,0.0224,0.0296,-0.0072
A,0.15,0.5,0.001,1789737173194,LONG,105.59,1789737388108,105.76,TP,214914,0.0238,0.0296,-0.0058
A,0.15,0.5,0.001,1789737184910,LONG,105.6,1789737388108,105.76,TP,203198,0.0224,0.0296,-0.0072
A,0.15,0.5,0.001,1789737187440,LONG,105.59,1789737388108,105.76,TP,200668,0.0238,0.0296,-0.0058
A,0.15,0.5,0.001,1789737193502,LONG,105.6,1789737388108,105.76,TP,194606,0.0224,0.0296,-0.0072
A,0.15,0.5,0.001,1789737199279,LONG,105.61,1789737390622,105.77,TP,191343,0.0224,0.0296,-0.0072
A,0.15,0.5,0.001,1789737202275,LONG,105.61,1789737390622,105.77,TP,188347,0.0224,0.0296,-0.0072
A,0.15,0.5,0.001,1789737211173,LONG,105.61,1789737390622,105.77,TP,179449,0.0224,0.0296,-0.0072
A,0.15,0.5,0.001,1789737215717,LONG,105.59,1789737388108,105.76,TP,172391,0.0238,0.0296,-0.0058
A,0.15,0.5,0.001,1789737219262,LONG,105.61,1789737390622,105.77,TP,171360,0.0224,0.0296,-0.0072
A,0.15,0.5,0.001,1789737244125,LONG,105.64,1789737485445,105.8,TP,241320,0.0224,0.0296,-0.0072
A,0.15,0.5,0.001,1789737250194,LONG,105.64,1789737485445,105.8,TP,235251,0.0224,0.0296,-0.0072
A,0.15,0.5,0.001,1789737258858,LONG,105.63,1789737482425,105.79,TP,223567,0.0224,0.0296,-0.0072
A,0.15,0.5,0.001,1789737266477,LONG,105.63,1789737482425,105.79,TP,215948,0.0224,0.0296,-0.0072
A,0.15,0.5,0.001,1789737267498,LONG,105.64,1789737485445,105.8,TP,217947,0.0224,0.0296,-0.0072
A,0.15,0.5,0.001,1789737285799,LONG,105.63,1789737482425,105.79,TP,196626,0.0224,0.0296,-0.0072
A,0.15,0.5,0.001,1789737287830,LONG,105.63,1789737482425,105.79,TP,194595,0.0224,0.0296,-0.0072
A,0.15,0.5,0.001,1789737289864,LONG,105.63,1789737482425,105.79,TP,192561,0.0224,0.0296,-0.0072
A,0.15,0.5,0.001,1789737308112,LONG,105.61,1789737390622,105.77,TP,82510,0.0224,0.0296,-0.0072
A,0.15,0.5,0.001,1789737318204,LONG,105.62,1789737392141,105.78,TP,73937,0.0224,0.0296,-0.0072
A,0.15,0.5,0.001,1789737322782,LONG,105.63,1789737482425,105.79,TP,159643,0.0224,0.0296,-0.0072
A,0.15,0.5,0.001,1789737332922,LONG,105.61,1789737390622,105.77,TP,57700,0.0224,0.0296,-0.0072
A,0.15,0.5,0.001,1789737345308,LONG,105.61,1789737390622,105.77,TP,45314,0.0224,0.0296,-0.0072
A,0.15,0.5,0.001,1789737360307,LONG,105.63,1789737482425,105.79,TP,122118,0.0224,0.0296,-0.0072
A,0.15,0.5,0.001,1789737367417,LONG,105.64,1789737485445,105.8,TP,118028,0.0224,0.0296,-0.0072
A,0.15,0.5,0.001,1789737373993,LONG,105.66,1789737494073,105.82,TP,120080,0.0224,0.0296,-0.0072
A,0.15,0.5,0.001,1789737385716,LONG,105.73,1789737527858,105.89,TP,142142,0.0224,0.0296,-0.0072
A,0.15,0.5,0.001,1789737386601,LONG,105.73,1789737527858,105.89,TP,141257,0.0224,0.0296,-0.0072
A,0.15,0.5,0.001,1789737390622,LONG,105.78,1789737607864,105.94,TP,217242,0.0224,0.0296,-0.0072
A,0.15,0.5,0.001,1789737409393,LONG,105.78,1789737607864,105.94,TP,198471,0.0224,0.0296,-0.0072
A,0.15,0.5,0.001,1789737438326,LONG,105.79,1789737663466,105.95,TP,225140,0.0224,0.0296,-0.0072
A,0.15,0.5,0.001,1789737451491,LONG,105.78,1789737607864,105.94,TP,156373,0.0224,0.0296,-0.0072
A,0.15,0.5,0.001,1789737481382,LONG,105.78,1789737607864,105.94,TP,126482,0.0224,0.0296,-0.0072
A,0.15,0.5,0.001,1789737485445,LONG,105.81,1789737691313,105.97,TP,205868,0.0224,0.0296,-0.0072
A,0.15,0.5,0.001,1789737489507,LONG,105.81,1789737691313,105.97,TP,201806,0.0224,0.0296,-0.0072
A,0.15,0.5,0.001,1789737491019,LONG,105.81,1789737691313,105.97,TP,200294,0.0224,0.0296,-0.0072
A,0.15,0.5,0.001,1789737495571,LONG,105.87,1789737778917,106.03,TP,283346,0.0224,0.0297,-0.0073
A,0.15,0.5,0.001,1789737507686,LONG,105.86,1789737777384,106.02,TP,269698,0.0224,0.0297,-0.0073
A,0.2,0.1,0.001,1789736948296,SHORT,105.62,1789737385210,105.75,SL,436914,-0.0182,0.0296,-0.0478
A,0.2,0.1,0.001,1789736949811,SHORT,105.62,1789737385210,105.75,SL,435399,-0.0182,0.0296,-0.0478
A,0.2,0.1,0.001,1789736955383,SHORT,105.62,1789737385210,105.75,SL,429827,-0.0182,0.0296,-0.0478
A,0.2,0.1,0.001,1789736971127,SHORT,105.62,1789737385210,105.75,SL,414083,-0.0182,0.0296,-0.0478
A,0.2,0.1,0.001,1789736979772,LONG,105.64,1789737495061,105.86,TP,515289,0.0308,0.0296,0.0012
A,0.2,0.1,0.001,1789736988436,LONG,105.64,1789737495061,105.86,TP,506625,0.0308,0.0296,0.0012
A,0.2,0.1,0.001,1789737002128,LONG,105.61,1789737494555,105.85,TP,492427,0.0336,0.0296,0.0040
A,0.2,0.1,0.001,1789737004165,SHORT,105.59,1789737385210,105.75,SL,381045,-0.0224,0.0296,-0.0520
A,0.2,0.1,0.001,1789737006174,LONG,105.61,1789737494555,105.85,TP,488381,0.0336,0.0296,0.0040
A,0.2,0.1,0.001,1789737013730,LONG,105.62,1789737494555,105.85,TP,480825,0.0322,0.0296,0.0026
A,0.2,0.1,0.001,1789737018795,SHORT,105.61,1789737385210,105.75,SL,366415,-0.0196,0.0296,-0.0492
A,0.2,0.1,0.001,1789737019818,SHORT,105.6,1789737385210,105.75,SL,365392,-0.0210,0.0296,-0.0506
A,0.2,0.1,0.001,1789737027429,LONG,105.6,1789737494073,105.82,TP,466644,0.0308,0.0296,0.0012
A,0.2,0.1,0.001,1789737029476,LONG,105.61,1789737494555,105.85,TP,465079,0.0336,0.0296,0.0040
A,0.2,0.1,0.001,1789737030479,LONG,105.62,1789737494555,105.85,TP,464076,0.0322,0.0296,0.0026
A,0.2,0.1,0.001,1789737031485,SHORT,105.62,1789737385210,105.75,SL,353725,-0.0182,0.0296,-0.0478
A,0.2,0.1,0.001,1789737032494,LONG,105.64,1789737495061,105.86,TP,462567,0.0308,0.0296,0.0012
A,0.2,0.1,0.001,1789737033513,LONG,105.64,1789737495061,105.86,TP,461548,0.0308,0.0296,0.0012
A,0.2,0.1,0.001,1789737036025,LONG,105.65,1789737515255,105.88,TP,479230,0.0322,0.0296,0.0026
A,0.2,0.1,0.001,1789737047655,SHORT,105.63,1789737385210,105.75,SL,337555,-0.0168,0.0296,-0.0464
A,0.2,0.1,0.001,1789737054270,SHORT,105.63,1789737385210,105.75,SL,330940,-0.0168,0.0296,-0.0464
A,0.2,0.1,0.001,1789737055270,SHORT,105.61,1789737385210,105.75,SL,329940,-0.0196,0.0296,-0.0492
A,0.2,0.1,0.001,1789737057793,LONG,105.62,1789737494555,105.85,TP,436762,0.0322,0.0296,0.0026
A,0.2,0.1,0.001,1789737062335,SHORT,105.62,1789737385210,105.75,SL,322875,-0.0182,0.0296,-0.0478
A,0.2,0.15,0.001,1789736948296,SHORT,105.62,1789737390622,105.78,SL,442326,-0.0224,0.0296,-0.0520
A,0.2,0.15,0.001,1789736949811,SHORT,105.62,1789737390622,105.78,SL,440811,-0.0224,0.0296,-0.0520
A,0.2,0.15,0.001,1789736955383,SHORT,105.62,1789737390622,105.78,SL,435239,-0.0224,0.0296,-0.0520
A,0.2,0.15,0.001,1789736971127,SHORT,105.62,1789737390622,105.78,SL,419495,-0.0224,0.0296,-0.0520
A,0.2,0.15,0.001,1789736979772,LONG,105.64,1789737495061,105.86,TP,515289,0.0308,0.0296,0.0012
A,0.2,0.15,0.001,1789736988436,LONG,105.64,1789737495061,105.86,TP,506625,0.0308,0.0296,0.0012
A,0.2,0.15,0.001,1789737002128,LONG,105.61,1789737494555,105.85,TP,492427,0.0336,0.0296,0.0040
A,0.2,0.15,0.001,1789737004165,SHORT,105.59,1789737385210,105.75,SL,381045,-0.0224,0.0296,-0.0520
A,0.2,0.15,0.001,1789737006174,LONG,105.61,1789737494555,105.85,TP,488381,0.0336,0.0296,0.0040
A,0.2,0.15,0.001,1789737013730,LONG,105.62,1789737494555,105.85,TP,480825,0.0322,0.0296,0.0026
A,0.2,0.15,0.001,1789737018795,SHORT,105.61,1789737388108,105.77,SL,369313,-0.0224,0.0296,-0.0520
A,0.2,0.15,0.001,1789737019818,SHORT,105.6,1789737388108,105.77,SL,368290,-0.0238,0.0296,-0.0534
A,0.2,0.15,0.001,1789737027429,LONG,105.6,1789737494073,105.82,TP,466644,0.0308,0.0296,0.0012
A,0.2,0.15,0.001,1789737029476,LONG,105.61,1789737494555,105.85,TP,465079,0.0336,0.0296,0.0040
A,0.2,0.15,0.001,1789737030479,LONG,105.62,1789737494555,105.85,TP,464076,0.0322,0.0296,0.0026
A,0.2,0.15,0.001,1789737031485,SHORT,105.62,1789737390622,105.78,SL,359137,-0.0224,0.0296,-0.0520
A,0.2,0.15,0.001,1789737032494,LONG,105.64,1789737495061,105.86,TP,462567,0.0308,0.0296,0.0012
A,0.2,0.15,0.001,1789737033513,LONG,105.64,1789737495061,105.86,TP,461548,0.0308,0.0296,0.0012
A,0.2,0.15,0.001,1789737036025,LONG,105.65,1789737515255,105.88,TP,479230,0.0322,0.0296,0.0026
A,0.2,0.15,0.001,1789737047655,SHORT,105.63,1789737392141,105.79,SL,344486,-0.0224,0.0296,-0.0520
A,0.2,0.15,0.001,1789737054270,SHORT,105.63,1789737392141,105.79,SL,337871,-0.0224,0.0296,-0.0520
A,0.2,0.15,0.001,1789737055270,SHORT,105.61,1789737388108,105.77,SL,332838,-0.0224,0.0296,-0.0520
A,0.2,0.2,0.001,1789736948296,SHORT,105.62,1789737494555,105.86,SL,546259,-0.0336,0.0296,-0.0632
A,0.2,0.2,0.001,1789736949811,SHORT,105.62,1789737494555,105.86,SL,544744,-0.0336,0.0296,-0.0632
A,0.2,0.2,0.001,1789736955383,SHORT,105.62,1789737494555,105.86,SL,539172,-0.0336,0.0296,-0.0632
A,0.2,0.2,0.001,1789736971127,SHORT,105.62,1789737494555,105.86,SL,523428,-0.0336,0.0296,-0.0632
A,0.2,0.2,0.001,1789736979772,LONG,105.64,1789737495061,105.86,TP,515289,0.0308,0.0296,0.0012
A,0.2,0.2,0.001,1789736988436,LONG,105.64,1789737495061,105.86,TP,506625,0.0308,0.0296,0.0012
A,0.2,0.2,0.001,1789737002128,LONG,105.61,1789737494555,105.85,TP,492427,0.0336,0.0296,0.0040
A,0.2,0.2,0.001,1789737004165,SHORT,105.59,1789737485445,105.81,SL,481280,-0.0308,0.0296,-0.0604
A,0.2,0.2,0.001,1789737006174,LONG,105.61,1789737494555,105.85,TP,488381,0.0336,0.0296,0.0040
A,0.2,0.2,0.001,1789737013730,LONG,105.62,1789737494555,105.85,TP,480825,0.0322,0.0296,0.0026
A,0.2,0.2,0.001,1789737018795,SHORT,105.61,1789737494073,105.83,SL,475278,-0.0308,0.0296,-0.0604
A,0.2,0.2,0.001,1789737019818,SHORT,105.6,1789737494073,105.83,SL,474255,-0.0322,0.0296,-0.0618
A,0.2,0.2,0.001,1789737027429,LONG,105.6,1789737494073,105.82,TP,466644,0.0308,0.0296,0.0012
A,0.2,0.2,0.001,1789737029476,LONG,105.61,1789737494555,105.85,TP,465079,0.0336,0.0296,0.0040
A,0.2,0.2,0.001,1789737030479,LONG,105.62,1789737494555,105.85,TP,464076,0.0322,0.0296,0.0026
A,0.2,0.2,0.001,1789737031485,SHORT,105.62,1789737494555,105.86,SL,463070,-0.0336,0.0296,-0.0632
A,0.2,0.2,0.001,1789737032494,LONG,105.64,1789737495061,105.86,TP,462567,0.0308,0.0296,0.0012
A,0.2,0.2,0.001,1789737033513,LONG,105.64,1789737495061,105.86,TP,461548,0.0308,0.0296,0.0012
A,0.2,0.2,0.001,1789737036025,LONG,105.65,1789737515255,105.88,TP,479230,0.0322,0.0296,0.0026
A,0.2,0.2,0.001,1789737047655,SHORT,105.63,1789737494555,105.86,SL,446900,-0.0322,0.0296,-0.0618
A,0.2,0.25,0.001,1789736948296,SHORT,105.62,1789737515255,105.89,SL,566959,-0.0378,0.0296,-0.0674
A,0.2,0.25,0.001,1789736949811,SHORT,105.62,1789737515255,105.89,SL,565444,-0.0378,0.0296,-0.0674
A,0.2,0.25,0.001,1789736955383,SHORT,105.62,1789737515255,105.89,SL,559872,-0.0378,0.0296,-0.0674
A,0.2,0.25,0.001,1789736971127,SHORT,105.62,1789737515255,105.89,SL,544128,-0.0378,0.0296,-0.0674
A,0.2,0.25,0.001,1789736979772,LONG,105.64,1789737495061,105.86,TP,515289,0.0308,0.0296,0.0012
A,0.2,0.25,0.001,1789736988436,LONG,105.64,1789737495061,105.86,TP,506625,0.0308,0.0296,0.0012
A,0.2,0.25,0.001,1789737002128,LONG,105.61,1789737494555,105.85,TP,492427,0.0336,0.0296,0.0040
A,0.2,0.25,0.001,1789737004165,SHORT,105.59,1789737494555,105.86,SL,490390,-0.0378,0.0296,-0.0674
A,0.2,0.25,0.001,1789737006174,LONG,105.61,1789737494555,105.85,TP,488381,0.0336,0.0296,0.0040
A,0.2,0.25,0.001,1789737013730,LONG,105.62,1789737494555,105.85,TP,480825,0.0322,0.0296,0.0026
A,0.2,0.25,0.001,1789737018795,SHORT,105.61,1789737515255,105.89,SL,496460,-0.0392,0.0296,-0.0688
A,0.2,0.25,0.001,1789737019818,SHORT,105.6,1789737495061,105.87,SL,475243,-0.0378,0.0296,-0.0674
A,0.2,0.25,0.001,1789737027429,LONG,105.6,1789737494073,105.82,TP,466644,0.0308,0.0296,0.0012
A,0.2,0.25,0.001,1789737029476,LONG,105.61,1789737494555,105.85,TP,465079,0.0336,0.0296,0.0040
A,0.2,0.25,0.001,1789737030479,LONG,105.62,1789737494555,105.85,TP,464076,0.0322,0.0296,0.0026
A,0.2,0.25,0.001,1789737031485,SHORT,105.62,1789737515255,105.89,SL,483770,-0.0378,0.0296,-0.0674
A,0.2,0.25,0.001,1789737032494,LONG,105.64,1789737495061,105.86,TP,462567,0.0308,0.0296,0.0012
A,0.2,0.25,0.001,1789737033513,LONG,105.64,1789737495061,105.86,TP,461548,0.0308,0.0296,0.0012
A,0.2,0.25,0.001,1789737036025,LONG,105.65,1789737515255,105.88,TP,479230,0.0322,0.0296,0.0026
A,0.2,0.25,0.001,1789737047655,SHORT,105.63,1789737527858,105.9,SL,480203,-0.0378,0.0296,-0.0674
A,0.2,0.3,0.001,1789736948296,SHORT,105.62,1789737607864,105.95,SL,659568,-0.0462,0.0296,-0.0758
A,0.2,0.3,0.001,1789736949811,SHORT,105.62,1789737607864,105.95,SL,658053,-0.0462,0.0296,-0.0758
A,0.2,0.3,0.001,1789736955383,SHORT,105.62,1789737607864,105.95,SL,652481,-0.0462,0.0296,-0.0758
A,0.2,0.3,0.001,1789736971127,SHORT,105.62,1789737607864,105.95,SL,636737,-0.0462,0.0296,-0.0758
A,0.2,0.3,0.001,1789736979772,LONG,105.64,1789737495061,105.86,TP,515289,0.0308,0.0296,0.0012
A,0.2,0.3,0.001,1789736988436,LONG,105.64,1789737495061,105.86,TP,506625,0.0308,0.0296,0.0012
A,0.2,0.3,0.001,1789737002128,LONG,105.61,1789737494555,105.85,TP,492427,0.0336,0.0296,0.0040
A,0.2,0.3,0.001,1789737004165,SHORT,105.59,1789737558228,105.91,SL,554063,-0.0448,0.0296,-0.0744
A,0.2,0.3,0.001,1789737006174,LONG,105.61,1789737494555,105.85,TP,488381,0.0336,0.0296,0.0040
A,0.2,0.3,0.001,1789737013730,LONG,105.62,1789737494555,105.85,TP,480825,0.0322,0.0296,0.0026
A,0.2,0.3,0.001,1789737018795,SHORT,105.61,1789737578521,105.93,SL,559726,-0.0448,0.0296,-0.0744
A,0.2,0.3,0.001,1789737019818,SHORT,105.6,1789737578521,105.93,SL,558703,-0.0462,0.0296,-0.0758
A,0.2,0.3,0.001,1789737027429,LONG,105.6,1789737494073,105.82,TP,466644,0.0308,0.0296,0.0012
A,0.2,0.3,0.001,1789737029476,LONG,105.61,1789737494555,105.85,TP,465079,0.0336,0.0296,0.0040
A,0.2,0.3,0.001,1789737030479,LONG,105.62,1789737494555,105.85,TP,464076,0.0322,0.0296,0.0026
A,0.2,0.3,0.001,1789737031485,SHORT,105.62,1789737607864,105.95,SL,576379,-0.0462,0.0296,-0.0758
A,0.2,0.5,0.001,1789736979772,LONG,105.64,1789737495061,105.86,TP,515289,0.0308,0.0296,0.0012
A,0.2,0.5,0.001,1789736988436,LONG,105.64,1789737495061,105.86,TP,506625,0.0308,0.0296,0.0012
A,0.2,0.5,0.001,1789737002128,LONG,105.61,1789737494555,105.85,TP,492427,0.0336,0.0296,0.0040
A,0.2,0.5,0.001,1789737006174,LONG,105.61,1789737494555,105.85,TP,488381,0.0336,0.0296,0.0040
A,0.2,0.5,0.001,1789737013730,LONG,105.62,1789737494555,105.85,TP,480825,0.0322,0.0296,0.0026
A,0.2,0.5,0.001,1789737027429,LONG,105.6,1789737494073,105.82,TP,466644,0.0308,0.0296,0.0012
A,0.2,0.5,0.001,1789737029476,LONG,105.61,1789737494555,105.85,TP,465079,0.0336,0.0296,0.0040
A,0.2,0.5,0.001,1789737030479,LONG,105.62,1789737494555,105.85,TP,464076,0.0322,0.0296,0.0026
A,0.2,0.5,0.001,1789737032494,LONG,105.64,1789737495061,105.86,TP,462567,0.0308,0.0296,0.0012
A,0.2,0.5,0.001,1789737033513,LONG,105.64,1789737495061,105.86,TP,461548,0.0308,0.0296,0.0012
A,0.2,0.5,0.001,1789737036025,LONG,105.65,1789737515255,105.88,TP,479230,0.0322,0.0296,0.0026
A,0.2,0.5,0.001,1789737057793,LONG,105.62,1789737494555,105.85,TP,436762,0.0322,0.0296,0.0026
A,0.2,0.5,0.001,1789737075515,LONG,105.6,1789737494073,105.82,TP,418558,0.0308,0.0296,0.0012
A,0.2,0.5,0.001,1789737082590,LONG,105.61,1789737494555,105.85,TP,411965,0.0336,0.0296,0.0040
A,0.2,0.5,0.001,1789737087151,LONG,105.63,1789737494555,105.85,TP,407404,0.0308,0.0296,0.0012
A,0.2,0.5,0.001,1789737088659,LONG,105.63,1789737494555,105.85,TP,405896,0.0308,0.0296,0.0012
A,0.2,0.5,0.001,1789737089666,LONG,105.62,1789737494555,105.85,TP,404889,0.0322,0.0296,0.0026
A,0.2,0.5,0.001,1789737094209,LONG,105.63,1789737494555,105.85,TP,400346,0.0308,0.0296,0.0012
A,0.2,0.5,0.001,1789737114960,LONG,105.6,1789737494073,105.82,TP,379113,0.0308,0.0296,0.0012
A,0.2,0.5,0.001,1789737116986,LONG,105.6,1789737494073,105.82,TP,377087,0.0308,0.0296,0.0012
A,0.2,0.5,0.001,1789737125618,LONG,105.61,1789737494555,105.85,TP,368937,0.0336,0.0296,0.0040
A,0.2,0.5,0.001,1789737133261,LONG,105.61,1789737494555,105.85,TP,361294,0.0336,0.0296,0.0040
A,0.2,0.5,0.001,1789737152452,LONG,105.59,1789737494073,105.82,TP,341621,0.0322,0.0296,0.0026
A,0.2,0.5,0.001,1789737153452,LONG,105.59,1789737494073,105.82,TP,340621,0.0322,0.0296,0.0026
A,0.2,0.5,0.001,1789737167359,LONG,105.6,1789737494073,105.82,TP,326714,0.0308,0.0296,0.0012
A,0.2,0.5,0.001,1789737169664,LONG,105.61,1789737494555,105.85,TP,324891,0.0336,0.0296,0.0040
A,0.2,0.5,0.001,1789737170670,LONG,105.62,1789737494555,105.85,TP,323885,0.0322,0.0296,0.0026
A,0.2,0.5,0.001,1789737173194,LONG,105.59,1789737494073,105.82,TP,320879,0.0322,0.0296,0.0026
A,0.2,0.5,0.001,1789737184910,LONG,105.6,1789737494073,105.82,TP,309163,0.0308,0.0296,0.0012
A,0.2,0.5,0.001,1789737187440,LONG,105.59,1789737494073,105.82,TP,306633,0.0322,0.0296,0.0026
A,0.2,0.5,0.001,1789737193502,LONG,105.6,1789737494073,105.82,TP,300571,0.0308,0.0296,0.0012
A,0.2,0.5,0.001,1789737199279,LONG,105.61,1789737494555,105.85,TP,295276,0.0336,0.0296,0.0040
A,0.2,0.5,0.001,1789737202275,LONG,105.61,1789737494555,105.85,TP,292280,0.0336,0.0296,0.0040
A,0.2,0.5,0.001,1789737211173,LONG,105.61,1789737494555,105.85,TP,283382,0.0336,0.0296,0.0040
A,0.2,0.5,0.001,1789737215717,LONG,105.59,1789737494073,105.82,TP,278356,0.0322,0.0296,0.0026
A,0.2,0.5,0.001,1789737219262,LONG,105.61,1789737494555,105.85,TP,275293,0.0336,0.0296,0.0040
A,0.2,0.5,0.001,1789737244125,LONG,105.64,1789737495061,105.86,TP,250936,0.0308,0.0296,0.0012
A,0.2,0.5,0.001,1789737250194,LONG,105.64,1789737495061,105.86,TP,244867,0.0308,0.0296,0.0012
A,0.2,0.5,0.001,1789737258858,LONG,105.63,1789737494555,105.85,TP,235697,0.0308,0.0296,0.0012
A,0.2,0.5,0.001,1789737266477,LONG,105.63,1789737494555,105.85,TP,228078,0.0308,0.0296,0.0012
A,0.2,0.5,0.001,1789737267498,LONG,105.64,1789737495061,105.86,TP,227563,0.0308,0.0296,0.0012
A,0.2,0.5,0.001,1789737285799,LONG,105.63,1789737494555,105.85,TP,208756,0.0308,0.0296,0.0012
A,0.2,0.5,0.001,1789737287830,LONG,105.63,1789737494555,105.85,TP,206725,0.0308,0.0296,0.0012
A,0.2,0.5,0.001,1789737289864,LONG,105.63,1789737494555,105.85,TP,204691,0.0308,0.0296,0.0012
A,0.2,0.5,0.001,1789737308112,LONG,105.61,1789737494555,105.85,TP,186443,0.0336,0.0296,0.0040
A,0.2,0.5,0.001,1789737318204,LONG,105.62,1789737494555,105.85,TP,176351,0.0322,0.0296,0.0026
A,0.2,0.5,0.001,1789737322782,LONG,105.63,1789737494555,105.85,TP,171773,0.0308,0.0296,0.0012
A,0.2,0.5,0.001,1789737332922,LONG,105.61,1789737494555,105.85,TP,161633,0.0336,0.0296,0.0040
A,0.2,0.5,0.001,1789737345308,LONG,105.61,1789737494555,105.85,TP,149247,0.0336,0.0296,0.0040
A,0.2,0.5,0.001,1789737360307,LONG,105.63,1789737494555,105.85,TP,134248,0.0308,0.0296,0.0012
A,0.2,0.5,0.001,1789737367417,LONG,105.64,1789737495061,105.86,TP,127644,0.0308,0.0296,0.0012
A,0.2,0.5,0.001,1789737373993,LONG,105.66,1789737515255,105.88,TP,141262,0.0308,0.0296,0.0012
A,0.2,0.5,0.001,1789737385716,LONG,105.73,1789737663466,105.95,TP,277750,0.0308,0.0296,0.0012
A,0.2,0.5,0.001,1789737386601,LONG,105.73,1789737663466,105.95,TP,276865,0.0308,0.0296,0.0012
A,0.2,0.5,0.001,1789737390622,LONG,105.78,1789737769743,106,TP,379121,0.0308,0.0296,0.0012
A,0.2,0.5,0.001,1789737409393,LONG,105.78,1789737769743,106,TP,360350,0.0308,0.0296,0.0012
A,0.2,0.5,0.001,1789737438326,LONG,105.79,1789737773819,106.01,TP,335493,0.0308,0.0297,0.0011
A,0.2,0.5,0.001,1789737451491,LONG,105.78,1789737769743,106,TP,318252,0.0308,0.0296,0.0012
A,0.2,0.5,0.001,1789737481382,LONG,105.78,1789737769743,106,TP,288361,0.0308,0.0296,0.0012
A,0.2,0.5,0.001,1789737485445,LONG,105.81,1789737778917,106.03,TP,293472,0.0308,0.0297,0.0011
A,0.2,0.5,0.001,1789737489507,LONG,105.81,1789737778917,106.03,TP,289410,0.0308,0.0297,0.0011
A,0.2,0.5,0.001,1789737491019,LONG,105.81,1789737778917,106.03,TP,287898,0.0308,0.0297,0.0011
A,0.25,0.1,0.001,1789736948296,SHORT,105.62,1789737385210,105.75,SL,436914,-0.0182,0.0296,-0.0478
A,0.25,0.1,0.001,1789736949811,SHORT,105.62,1789737385210,105.75,SL,435399,-0.0182,0.0296,-0.0478
A,0.25,0.1,0.001,1789736955383,SHORT,105.62,1789737385210,105.75,SL,429827,-0.0182,0.0296,-0.0478
A,0.25,0.1,0.001,1789736971127,SHORT,105.62,1789737385210,105.75,SL,414083,-0.0182,0.0296,-0.0478
A,0.25,0.1,0.001,1789736979772,LONG,105.64,1789737578521,105.92,TP,598749,0.0392,0.0296,0.0096
A,0.25,0.1,0.001,1789736988436,LONG,105.64,1789737578521,105.92,TP,590085,0.0392,0.0296,0.0096
A,0.25,0.1,0.001,1789737002128,LONG,105.61,1789737515255,105.88,TP,513127,0.0378,0.0296,0.0082
A,0.25,0.1,0.001,1789737004165,SHORT,105.59,1789737385210,105.75,SL,381045,-0.0224,0.0296,-0.0520
A,0.25,0.1,0.001,1789737006174,LONG,105.61,1789737515255,105.88,TP,509081,0.0378,0.0296,0.0082
A,0.25,0.1,0.001,1789737013730,LONG,105.62,1789737527858,105.89,TP,514128,0.0378,0.0296,0.0082
A,0.25,0.1,0.001,1789737018795,SHORT,105.61,1789737385210,105.75,SL,366415,-0.0196,0.0296,-0.0492
A,0.25,0.1,0.001,1789737019818,SHORT,105.6,1789737385210,105.75,SL,365392,-0.0210,0.0296,-0.0506
A,0.25,0.1,0.001,1789737027429,LONG,105.6,1789737515255,105.88,TP,487826,0.0392,0.0296,0.0096
A,0.25,0.1,0.001,1789737029476,LONG,105.61,1789737515255,105.88,TP,485779,0.0378,0.0296,0.0082
A,0.25,0.1,0.001,1789737030479,LONG,105.62,1789737527858,105.89,TP,497379,0.0378,0.0296,0.0082
A,0.25,0.1,0.001,1789737031485,SHORT,105.62,1789737385210,105.75,SL,353725,-0.0182,0.0296,-0.0478
A,0.25,0.1,0.001,1789737032494,LONG,105.64,1789737578521,105.92,TP,546027,0.0392,0.0296,0.0096
A,0.25,0.1,0.001,1789737033513,LONG,105.64,1789737578521,105.92,TP,545008,0.0392,0.0296,0.0096
A,0.25,0.1,0.001,1789737036025,LONG,105.65,1789737578521,105.92,TP,542496,0.0378,0.0296,0.0082
A,0.25,0.1,0.001,1789737047655,SHORT,105.63,1789737385210,105.75,SL,337555,-0.0168,0.0296,-0.0464
A,0.25,0.1,0.001,1789737054270,SHORT,105.63,1789737385210,105.75,SL,330940,-0.0168,0.0296,-0.0464
A,0.25,0.1,0.001,1789737055270,SHORT,105.61,1789737385210,105.75,SL,329940,-0.0196,0.0296,-0.0492
A,0.25,0.1,0.001,1789737057793,LONG,105.62,1789737527858,105.89,TP,470065,0.0378,0.0296,0.0082
A,0.25,0.1,0.001,1789737062335,SHORT,105.62,1789737385210,105.75,SL,322875,-0.0182,0.0296,-0.0478
A,0.25,0.1,0.001,1789737069934,SHORT,105.62,1789737385210,105.75,SL,315276,-0.0182,0.0296,-0.0478
A,0.25,0.1,0.001,1789737075515,LONG,105.6,1789737515255,105.88,TP,439740,0.0392,0.0296,0.0096
A,0.25,0.1,0.001,1789737082590,LONG,105.61,1789737515255,105.88,TP,432665,0.0378,0.0296,0.0082
A,0.25,0.1,0.001,1789737087151,LONG,105.63,1789737558228,105.9,TP,471077,0.0378,0.0296,0.0082
A,0.25,0.1,0.001,1789737088659,LONG,105.63,1789737558228,105.9,TP,469569,0.0378,0.0296,0.0082
A,0.25,0.1,0.001,1789737089666,LONG,105.62,1789737527858,105.89,TP,438192,0.0378,0.0296,0.0082
A,0.25,0.1,0.001,1789737094209,LONG,105.63,1789737558228,105.9,TP,464019,0.0378,0.0296,0.0082
A,0.25,0.1,0.001,1789737098787,SHORT,105.62,1789737385210,105.75,SL,286423,-0.0182,0.0296,-0.0478
A,0.25,0.1,0.001,1789737099790,SHORT,105.62,1789737385210,105.75,SL,285420,-0.0182,0.0296,-0.0478
A,0.25,0.15,0.001,1789736948296,SHORT,105.62,1789737390622,105.78,SL,442326,-0.0224,0.0296,-0.0520
A,0.25,0.15,0.001,1789736949811,SHORT,105.62,1789737390622,105.78,SL,440811,-0.0224,0.0296,-0.0520
A,0.25,0.15,0.001,1789736955383,SHORT,105.62,1789737390622,105.78,SL,435239,-0.0224,0.0296,-0.0520
A,0.25,0.15,0.001,1789736971127,SHORT,105.62,1789737390622,105.78,SL,419495,-0.0224,0.0296,-0.0520
A,0.25,0.15,0.001,1789736979772,LONG,105.64,1789737578521,105.92,TP,598749,0.0392,0.0296,0.0096
A,0.25,0.15,0.001,1789736988436,LONG,105.64,1789737578521,105.92,TP,590085,0.0392,0.0296,0.0096
A,0.25,0.15,0.001,1789737002128,LONG,105.61,1789737515255,105.88,TP,513127,0.0378,0.0296,0.0082
A,0.25,0.15,0.001,1789737004165,SHORT,105.59,1789737385210,105.75,SL,381045,-0.0224,0.0296,-0.0520
A,0.25,0.15,0.001,1789737006174,LONG,105.61,1789737515255,105.88,TP,509081,0.0378,0.0296,0.0082
A,0.25,0.15,0.001,1789737013730,LONG,105.62,1789737527858,105.89,TP,514128,0.0378,0.0296,0.0082
A,0.25,0.15,0.001,1789737018795,SHORT,105.61,1789737388108,105.77,SL,369313,-0.0224,0.0296,-0.0520
A,0.25,0.15,0.001,1789737019818,SHORT,105.6,1789737388108,105.77,SL,368290,-0.0238,0.0296,-0.0534
A,0.25,0.15,0.001,1789737027429,LONG,105.6,1789737515255,105.88,TP,487826,0.0392,0.0296,0.0096
A,0.25,0.15,0.001,1789737029476,LONG,105.61,1789737515255,105.88,TP,485779,0.0378,0.0296,0.0082
A,0.25,0.15,0.001,1789737030479,LONG,105.62,1789737527858,105.89,TP,497379,0.0378,0.0296,0.0082
A,0.25,0.15,0.001,1789737031485,SHORT,105.62,1789737390622,105.78,SL,359137,-0.0224,0.0296,-0.0520
A,0.25,0.15,0.001,1789737032494,LONG,105.64,1789737578521,105.92,TP,546027,0.0392,0.0296,0.0096
A,0.25,0.15,0.001,1789737033513,LONG,105.64,1789737578521,105.92,TP,545008,0.0392,0.0296,0.0096
A,0.25,0.15,0.001,1789737036025,LONG,105.65,1789737578521,105.92,TP,542496,0.0378,0.0296,0.0082
A,0.25,0.15,0.001,1789737047655,SHORT,105.63,1789737392141,105.79,SL,344486,-0.0224,0.0296,-0.0520
A,0.25,0.15,0.001,1789737054270,SHORT,105.63,1789737392141,105.79,SL,337871,-0.0224,0.0296,-0.0520
A,0.25,0.15,0.001,1789737055270,SHORT,105.61,1789737388108,105.77,SL,332838,-0.0224,0.0296,-0.0520
A,0.25,0.15,0.001,1789737057793,LONG,105.62,1789737527858,105.89,TP,470065,0.0378,0.0296,0.0082
A,0.25,0.15,0.001,1789737062335,SHORT,105.62,1789737390622,105.78,SL,328287,-0.0224,0.0296,-0.0520
A,0.25,0.15,0.001,1789737069934,SHORT,105.62,1789737390622,105.78,SL,320688,-0.0224,0.0296,-0.0520
A,0.25,0.2,0.001,1789736948296,SHORT,105.62,1789737494555,105.86,SL,546259,-0.0336,0.0296,-0.0632
A,0.25,0.2,0.001,1789736949811,SHORT,105.62,1789737494555,105.86,SL,544744,-0.0336,0.0296,-0.0632
A,0.25,0.2,0.001,1789736955383,SHORT,105.62,1789737494555,105.86,SL,539172,-0.0336,0.0296,-0.0632
A,0.25,0.2,0.001,1789736971127,SHORT,105.62,1789737494555,105.86,SL,523428,-0.0336,0.0296,-0.0632
A,0.25,0.2,0.001,1789736979772,LONG,105.64,1789737578521,105.92,TP,598749,0.0392,0.0296,0.0096
A,0.25,0.2,0.001,1789736988436,LONG,105.64,1789737578521,105.92,TP,590085,0.0392,0.0296,0.0096
A,0.25,0.2,0.001,1789737002128,LONG,105.61,1789737515255,105.88,TP,513127,0.0378,0.0296,0.0082
A,0.25,0.2,0.001,1789737004165,SHORT,105.59,1789737485445,105.81,SL,481280,-0.0308,0.0296,-0.0604
A,0.25,0.2,0.001,1789737006174,LONG,105.61,1789737515255,105.88,TP,509081,0.0378,0.0296,0.0082
A,0.25,0.2,0.001,1789737013730,LONG,105.62,1789737527858,105.89,TP,514128,0.0378,0.0296,0.0082
A,0.25,0.2,0.001,1789737018795,SHORT,105.61,1789737494073,105.83,SL,475278,-0.0308,0.0296,-0.0604
A,0.25,0.2,0.001,1789737019818,SHORT,105.6,1789737494073,105.83,SL,474255,-0.0322,0.0296,-0.0618
A,0.25,0.2,0.001,1789737027429,LONG,105.6,1789737515255,105.88,TP,487826,0.0392,0.0296,0.0096
A,0.25,0.2,0.001,1789737029476,LONG,105.61,1789737515255,105.88,TP,485779,0.0378,0.0296,0.0082
A,0.25,0.2,0.001,1789737030479,LONG,105.62,1789737527858,105.89,TP,497379,0.0378,0.0296,0.0082
A,0.25,0.2,0.001,1789737031485,SHORT,105.62,1789737494555,105.86,SL,463070,-0.0336,0.0296,-0.0632
A,0.25,0.2,0.001,1789737032494,LONG,105.64,1789737578521,105.92,TP,546027,0.0392,0.0296,0.0096
A,0.25,0.2,0.001,1789737033513,LONG,105.64,1789737578521,105.92,TP,545008,0.0392,0.0296,0.0096
A,0.25,0.2,0.001,1789737036025,LONG,105.65,1789737578521,105.92,TP,542496,0.0378,0.0296,0.0082
A,0.25,0.2,0.001,1789737047655,SHORT,105.63,1789737494555,105.86,SL,446900,-0.0322,0.0296,-0.0618
A,0.25,0.2,0.001,1789737054270,SHORT,105.63,1789737494555,105.86,SL,440285,-0.0322,0.0296,-0.0618
A,0.25,0.2,0.001,1789737055270,SHORT,105.61,1789737494073,105.83,SL,438803,-0.0308,0.0296,-0.0604
A,0.25,0.25,0.001,1789736948296,SHORT,105.62,1789737515255,105.89,SL,566959,-0.0378,0.0296,-0.0674
A,0.25,0.25,0.001,1789736949811,SHORT,105.62,1789737515255,105.89,SL,565444,-0.0378,0.0296,-0.0674
A,0.25,0.25,0.001,1789736955383,SHORT,105.62,1789737515255,105.89,SL,559872,-0.0378,0.0296,-0.0674
A,0.25,0.25,0.001,1789736971127,SHORT,105.62,1789737515255,105.89,SL,544128,-0.0378,0.0296,-0.0674
A,0.25,0.25,0.001,1789736979772,LONG,105.64,1789737578521,105.92,TP,598749,0.0392,0.0296,0.0096
A,0.25,0.25,0.001,1789736988436,LONG,105.64,1789737578521,105.92,TP,590085,0.0392,0.0296,0.0096
A,0.25,0.25,0.001,1789737002128,LONG,105.61,1789737515255,105.88,TP,513127,0.0378,0.0296,0.0082
A,0.25,0.25,0.001,1789737004165,SHORT,105.59,1789737494555,105.86,SL,490390,-0.0378,0.0296,-0.0674
A,0.25,0.25,0.001,1789737006174,LONG,105.61,1789737515255,105.88,TP,509081,0.0378,0.0296,0.0082
A,0.25,0.25,0.001,1789737013730,LONG,105.62,1789737527858,105.89,TP,514128,0.0378,0.0296,0.0082
A,0.25,0.25,0.001,1789737018795,SHORT,105.61,1789737515255,105.89,SL,496460,-0.0392,0.0296,-0.0688
A,0.25,0.25,0.001,1789737019818,SHORT,105.6,1789737495061,105.87,SL,475243,-0.0378,0.0296,-0.0674
A,0.25,0.25,0.001,1789737027429,LONG,105.6,1789737515255,105.88,TP,487826,0.0392,0.0296,0.0096
A,0.25,0.25,0.001,1789737029476,LONG,105.61,1789737515255,105.88,TP,485779,0.0378,0.0296,0.0082
A,0.25,0.25,0.001,1789737030479,LONG,105.62,1789737527858,105.89,TP,497379,0.0378,0.0296,0.0082
A,0.25,0.25,0.001,1789737031485,SHORT,105.62,1789737515255,105.89,SL,483770,-0.0378,0.0296,-0.0674
A,0.25,0.25,0.001,1789737032494,LONG,105.64,1789737578521,105.92,TP,546027,0.0392,0.0296,0.0096
A,0.25,0.25,0.001,1789737033513,LONG,105.64,1789737578521,105.92,TP,545008,0.0392,0.0296,0.0096
A,0.25,0.25,0.001,1789737036025,LONG,105.65,1789737578521,105.92,TP,542496,0.0378,0.0296,0.0082
A,0.25,0.25,0.001,1789737047655,SHORT,105.63,1789737527858,105.9,SL,480203,-0.0378,0.0296,-0.0674
A,0.25,0.25,0.001,1789737054270,SHORT,105.63,1789737527858,105.9,SL,473588,-0.0378,0.0296,-0.0674
A,0.25,0.3,0.001,1789736948296,SHORT,105.62,1789737607864,105.95,SL,659568,-0.0462,0.0296,-0.0758
A,0.25,0.3,0.001,1789736949811,SHORT,105.62,1789737607864,105.95,SL,658053,-0.0462,0.0296,-0.0758
A,0.25,0.3,0.001,1789736955383,SHORT,105.62,1789737607864,105.95,SL,652481,-0.0462,0.0296,-0.0758
A,0.25,0.3,0.001,1789736971127,SHORT,105.62,1789737607864,105.95,SL,636737,-0.0462,0.0296,-0.0758
A,0.25,0.3,0.001,1789736979772,LONG,105.64,1789737578521,105.92,TP,598749,0.0392,0.0296,0.0096
A,0.25,0.3,0.001,1789736988436,LONG,105.64,1789737578521,105.92,TP,590085,0.0392,0.0296,0.0096
A,0.25,0.3,0.001,1789737002128,LONG,105.61,1789737515255,105.88,TP,513127,0.0378,0.0296,0.0082
A,0.25,0.3,0.001,1789737004165,SHORT,105.59,1789737558228,105.91,SL,554063,-0.0448,0.0296,-0.0744
A,0.25,0.3,0.001,1789737006174,LONG,105.61,1789737515255,105.88,TP,509081,0.0378,0.0296,0.0082
A,0.25,0.3,0.001,1789737013730,LONG,105.62,1789737527858,105.89,TP,514128,0.0378,0.0296,0.0082
A,0.25,0.3,0.001,1789737018795,SHORT,105.61,1789737578521,105.93,SL,559726,-0.0448,0.0296,-0.0744
A,0.25,0.3,0.001,1789737019818,SHORT,105.6,1789737578521,105.93,SL,558703,-0.0462,0.0296,-0.0758
A,0.25,0.3,0.001,1789737027429,LONG,105.6,1789737515255,105.88,TP,487826,0.0392,0.0296,0.0096
A,0.25,0.3,0.001,1789737029476,LONG,105.61,1789737515255,105.88,TP,485779,0.0378,0.0296,0.0082
A,0.25,0.3,0.001,1789737030479,LONG,105.62,1789737527858,105.89,TP,497379,0.0378,0.0296,0.0082
A,0.25,0.3,0.001,1789737031485,SHORT,105.62,1789737607864,105.95,SL,576379,-0.0462,0.0296,-0.0758
A,0.25,0.5,0.001,1789736979772,LONG,105.64,1789737578521,105.92,TP,598749,0.0392,0.0296,0.0096
A,0.25,0.5,0.001,1789736988436,LONG,105.64,1789737578521,105.92,TP,590085,0.0392,0.0296,0.0096
A,0.25,0.5,0.001,1789737002128,LONG,105.61,1789737515255,105.88,TP,513127,0.0378,0.0296,0.0082
A,0.25,0.5,0.001,1789737006174,LONG,105.61,1789737515255,105.88,TP,509081,0.0378,0.0296,0.0082
A,0.25,0.5,0.001,1789737013730,LONG,105.62,1789737527858,105.89,TP,514128,0.0378,0.0296,0.0082
A,0.25,0.5,0.001,1789737027429,LONG,105.6,1789737515255,105.88,TP,487826,0.0392,0.0296,0.0096
A,0.25,0.5,0.001,1789737029476,LONG,105.61,1789737515255,105.88,TP,485779,0.0378,0.0296,0.0082
A,0.25,0.5,0.001,1789737030479,LONG,105.62,1789737527858,105.89,TP,497379,0.0378,0.0296,0.0082
A,0.25,0.5,0.001,1789737032494,LONG,105.64,1789737578521,105.92,TP,546027,0.0392,0.0296,0.0096
A,0.25,0.5,0.001,1789737033513,LONG,105.64,1789737578521,105.92,TP,545008,0.0392,0.0296,0.0096
A,0.25,0.5,0.001,1789737036025,LONG,105.65,1789737578521,105.92,TP,542496,0.0378,0.0296,0.0082
A,0.25,0.5,0.001,1789737057793,LONG,105.62,1789737527858,105.89,TP,470065,0.0378,0.0296,0.0082
A,0.25,0.5,0.001,1789737075515,LONG,105.6,1789737515255,105.88,TP,439740,0.0392,0.0296,0.0096
A,0.25,0.5,0.001,1789737082590,LONG,105.61,1789737515255,105.88,TP,432665,0.0378,0.0296,0.0082
A,0.25,0.5,0.001,1789737087151,LONG,105.63,1789737558228,105.9,TP,471077,0.0378,0.0296,0.0082
A,0.25,0.5,0.001,1789737088659,LONG,105.63,1789737558228,105.9,TP,469569,0.0378,0.0296,0.0082
A,0.25,0.5,0.001,1789737089666,LONG,105.62,1789737527858,105.89,TP,438192,0.0378,0.0296,0.0082
A,0.25,0.5,0.001,1789737094209,LONG,105.63,1789737558228,105.9,TP,464019,0.0378,0.0296,0.0082
A,0.25,0.5,0.001,1789737114960,LONG,105.6,1789737515255,105.88,TP,400295,0.0392,0.0296,0.0096
A,0.25,0.5,0.001,1789737116986,LONG,105.6,1789737515255,105.88,TP,398269,0.0392,0.0296,0.0096
A,0.25,0.5,0.001,1789737125618,LONG,105.61,1789737515255,105.88,TP,389637,0.0378,0.0296,0.0082
A,0.25,0.5,0.001,1789737133261,LONG,105.61,1789737515255,105.88,TP,381994,0.0378,0.0296,0.0082
A,0.25,0.5,0.001,1789737152452,LONG,105.59,1789737495061,105.86,TP,342609,0.0378,0.0296,0.0082
A,0.25,0.5,0.001,1789737153452,LONG,105.59,1789737495061,105.86,TP,341609,0.0378,0.0296,0.0082
A,0.25,0.5,0.001,1789737167359,LONG,105.6,1789737515255,105.88,TP,347896,0.0392,0.0296,0.0096
A,0.25,0.5,0.001,1789737169664,LONG,105.61,1789737515255,105.88,TP,345591,0.0378,0.0296,0.0082
A,0.25,0.5,0.001,1789737170670,LONG,105.62,1789737527858,105.89,TP,357188,0.0378,0.0296,0.0082
A,0.25,0.5,0.001,1789737173194,LONG,105.59,1789737495061,105.86,TP,321867,0.0378,0.0296,0.0082
A,0.25,0.5,0.001,1789737184910,LONG,105.6,1789737515255,105.88,TP,330345,0.0392,0.0296,0.0096
A,0.25,0.5,0.001,1789737187440,LONG,105.59,1789737495061,105.86,TP,307621,0.0378,0.0296,0.0082
A,0.25,0.5,0.001,1789737193502,LONG,105.6,1789737515255,105.88,TP,321753,0.0392,0.0296,0.0096
A,0.25,0.5,0.001,1789737199279,LONG,105.61,1789737515255,105.88,TP,315976,0.0378,0.0296,0.0082
A,0.25,0.5,0.001,1789737202275,LONG,105.61,1789737515255,105.88,TP,312980,0.0378,0.0296,0.0082
A,0.25,0.5,0.001,1789737211173,LONG,105.61,1789737515255,105.88,TP,304082,0.0378,0.0296,0.0082
A,0.25,0.5,0.001,1789737215717,LONG,105.59,1789737495061,105.86,TP,279344,0.0378,0.0296,0.0082
A,0.25,0.5,0.001,1789737219262,LONG,105.61,1789737515255,105.88,TP,295993,0.0378,0.0296,0.0082
A,0.25,0.5,0.001,1789737244125,LONG,105.64,1789737578521,105.92,TP,334396,0.0392,0.0296,0.0096
A,0.25,0.5,0.001,1789737250194,LONG,105.64,1789737578521,105.92,TP,328327,0.0392,0.0296,0.0096
A,0.25,0.5,0.001,1789737258858,LONG,105.63,1789737558228,105.9,TP,299370,0.0378,0.0296,0.0082
A,0.25,0.5,0.001,1789737266477,LONG,105.63,1789737558228,105.9,TP,291751,0.0378,0.0296,0.0082
A,0.25,0.5,0.001,1789737267498,LONG,105.64,1789737578521,105.92,TP,311023,0.0392,0.0296,0.0096
A,0.25,0.5,0.001,1789737285799,LONG,105.63,1789737558228,105.9,TP,272429,0.0378,0.0296,0.0082
A,0.25,0.5,0.001,1789737287830,LONG,105.63,1789737558228,105.9,TP,270398,0.0378,0.0296,0.0082
A,0.25,0.5,0.001,1789737289864,LONG,105.63,1789737558228,105.9,TP,268364,0.0378,0.0296,0.0082
A,0.25,0.5,0.001,1789737308112,LONG,105.61,1789737515255,105.88,TP,207143,0.0378,0.0296,0.0082
A,0.25,0.5,0.001,1789737318204,LONG,105.62,1789737527858,105.89,TP,209654,0.0378,0.0296,0.0082
A,0.25,0.5,0.001,1789737322782,LONG,105.63,1789737558228,105.9,TP,235446,0.0378,0.0296,0.0082
A,0.25,0.5,0.001,1789737332922,LONG,105.61,1789737515255,105.88,TP,182333,0.0378,0.0296,0.0082
A,0.25,0.5,0.001,1789737345308,LONG,105.61,1789737515255,105.88,TP,169947,0.0378,0.0296,0.0082
A,0.25,0.5,0.001,1789737360307,LONG,105.63,1789737558228,105.9,TP,197921,0.0378,0.0296,0.0082
A,0.25,0.5,0.001,1789737367417,LONG,105.64,1789737578521,105.92,TP,211104,0.0392,0.0296,0.0096
A,0.25,0.5,0.001,1789737373993,LONG,105.66,1789737607864,105.94,TP,233871,0.0392,0.0296,0.0096
A,0.25,0.5,0.001,1789737385716,LONG,105.73,1789737769743,106,TP,384027,0.0378,0.0296,0.0082
A,0.25,0.5,0.001,1789737386601,LONG,105.73,1789737769743,106,TP,383142,0.0378,0.0296,0.0082
A,0.3,0.1,0.001,1789736948296,SHORT,105.62,1789737385210,105.75,SL,436914,-0.0182,0.0296,-0.0478
A,0.3,0.1,0.001,1789736949811,SHORT,105.62,1789737385210,105.75,SL,435399,-0.0182,0.0296,-0.0478
A,0.3,0.1,0.001,1789736955383,SHORT,105.62,1789737385210,105.75,SL,429827,-0.0182,0.0296,-0.0478
A,0.3,0.1,0.001,1789736971127,SHORT,105.62,1789737385210,105.75,SL,414083,-0.0182,0.0296,-0.0478
A,0.3,0.1,0.001,1789736979772,LONG,105.64,1789737668031,105.96,TP,688259,0.0448,0.0296,0.0152
A,0.3,0.1,0.001,1789736988436,LONG,105.64,1789737668031,105.96,TP,679595,0.0448,0.0296,0.0152
A,0.3,0.1,0.001,1789737002128,LONG,105.61,1789737607864,105.94,TP,605736,0.0462,0.0296,0.0166
A,0.3,0.1,0.001,1789737004165,SHORT,105.59,1789737385210,105.75,SL,381045,-0.0224,0.0296,-0.0520
A,0.3,0.1,0.001,1789737006174,LONG,105.61,1789737607864,105.94,TP,601690,0.0462,0.0296,0.0166
A,0.3,0.1,0.001,1789737013730,LONG,105.62,1789737607864,105.94,TP,594134,0.0448,0.0296,0.0152
A,0.3,0.1,0.001,1789737018795,SHORT,105.61,1789737385210,105.75,SL,366415,-0.0196,0.0296,-0.0492
A,0.3,0.1,0.001,1789737019818,SHORT,105.6,1789737385210,105.75,SL,365392,-0.0210,0.0296,-0.0506
A,0.3,0.1,0.001,1789737027429,LONG,105.6,1789737578521,105.92,TP,551092,0.0448,0.0296,0.0152
A,0.3,0.1,0.001,1789737029476,LONG,105.61,1789737607864,105.94,TP,578388,0.0462,0.0296,0.0166
A,0.3,0.1,0.001,1789737030479,LONG,105.62,1789737607864,105.94,TP,577385,0.0448,0.0296,0.0152
A,0.3,0.1,0.001,1789737031485,SHORT,105.62,1789737385210,105.75,SL,353725,-0.0182,0.0296,-0.0478
A,0.3,0.1,0.001,1789737032494,LONG,105.64,1789737668031,105.96,TP,635537,0.0448,0.0296,0.0152
A,0.3,0.1,0.001,1789737033513,LONG,105.64,1789737668031,105.96,TP,634518,0.0448,0.0296,0.0152
A,0.3,0.1,0.001,1789737036025,LONG,105.65,1789737691313,105.97,TP,655288,0.0448,0.0296,0.0152
A,0.3,0.1,0.001,1789737047655,SHORT,105.63,1789737385210,105.75,SL,337555,-0.0168,0.0296,-0.0464
A,0.3,0.1,0.001,1789737054270,SHORT,105.63,1789737385210,105.75,SL,330940,-0.0168,0.0296,-0.0464
A,0.3,0.1,0.001,1789737055270,SHORT,105.61,1789737385210,105.75,SL,329940,-0.0196,0.0296,-0.0492
A,0.3,0.1,0.001,1789737057793,LONG,105.62,1789737607864,105.94,TP,550071,0.0448,0.0296,0.0152
A,0.3,0.1,0.001,1789737062335,SHORT,105.62,1789737385210,105.75,SL,322875,-0.0182,0.0296,-0.0478
A,0.3,0.1,0.001,1789737069934,SHORT,105.62,1789737385210,105.75,SL,315276,-0.0182,0.0296,-0.0478
A,0.3,0.1,0.001,1789737075515,LONG,105.6,1789737578521,105.92,TP,503006,0.0448,0.0296,0.0152
A,0.3,0.1,0.001,1789737082590,LONG,105.61,1789737607864,105.94,TP,525274,0.0462,0.0296,0.0166
A,0.3,0.1,0.001,1789737087151,LONG,105.63,1789737663466,105.95,TP,576315,0.0448,0.0296,0.0152
A,0.3,0.1,0.001,1789737088659,LONG,105.63,1789737663466,105.95,TP,574807,0.0448,0.0296,0.0152
A,0.3,0.1,0.001,1789737089666,LONG,105.62,1789737607864,105.94,TP,518198,0.0448,0.0296,0.0152
A,0.3,0.1,0.001,1789737094209,LONG,105.63,1789737663466,105.95,TP,569257,0.0448,0.0296,0.0152
A,0.3,0.1,0.001,1789737098787,SHORT,105.62,1789737385210,105.75,SL,286423,-0.0182,0.0296,-0.0478
A,0.3,0.1,0.001,1789737099790,SHORT,105.62,1789737385210,105.75,SL,285420,-0.0182,0.0296,-0.0478
A,0.3,0.1,0.001,1789737107395,SHORT,105.62,1789737385210,105.75,SL,277815,-0.0182,0.0296,-0.0478
A,0.3,0.1,0.001,1789737110416,SHORT,105.59,1789737385210,105.75,SL,274794,-0.0224,0.0296,-0.0520
A,0.3,0.15,0.001,1789736948296,SHORT,105.62,1789737390622,105.78,SL,442326,-0.0224,0.0296,-0.0520
A,0.3,0.15,0.001,1789736949811,SHORT,105.62,1789737390622,105.78,SL,440811,-0.0224,0.0296,-0.0520
A,0.3,0.15,0.001,1789736955383,SHORT,105.62,1789737390622,105.78,SL,435239,-0.0224,0.0296,-0.0520
A,0.3,0.15,0.001,1789736971127,SHORT,105.62,1789737390622,105.78,SL,419495,-0.0224,0.0296,-0.0520
A,0.3,0.15,0.001,1789736979772,LONG,105.64,1789737668031,105.96,TP,688259,0.0448,0.0296,0.0152
A,0.3,0.15,0.001,1789736988436,LONG,105.64,1789737668031,105.96,TP,679595,0.0448,0.0296,0.0152
A,0.3,0.15,0.001,1789737002128,LONG,105.61,1789737607864,105.94,TP,605736,0.0462,0.0296,0.0166
A,0.3,0.15,0.001,1789737004165,SHORT,105.59,1789737385210,105.75,SL,381045,-0.0224,0.0296,-0.0520
A,0.3,0.15,0.001,1789737006174,LONG,105.61,1789737607864,105.94,TP,601690,0.0462,0.0296,0.0166
A,0.3,0.15,0.001,1789737013730,LONG,105.62,1789737607864,105.94,TP,594134,0.0448,0.0296,0.0152
A,0.3,0.15,0.001,1789737018795,SHORT,105.61,1789737388108,105.77,SL,369313,-0.0224,0.0296,-0.0520
A,0.3,0.15,0.001,1789737019818,SHORT,105.6,1789737388108,105.77,SL,368290,-0.0238,0.0296,-0.0534
A,0.3,0.15,0.001,1789737027429,LONG,105.6,1789737578521,105.92,TP,551092,0.0448,0.0296,0.0152
A,0.3,0.15,0.001,1789737029476,LONG,105.61,1789737607864,105.94,TP,578388,0.0462,0.0296,0.0166
A,0.3,0.15,0.001,1789737030479,LONG,105.62,1789737607864,105.94,TP,577385,0.0448,0.0296,0.0152
A,0.3,0.15,0.001,1789737031485,SHORT,105.62,1789737390622,105.78,SL,359137,-0.0224,0.0296,-0.0520
A,0.3,0.15,0.001,1789737032494,LONG,105.64,1789737668031,105.96,TP,635537,0.0448,0.0296,0.0152
A,0.3,0.15,0.001,1789737033513,LONG,105.64,1789737668031,105.96,TP,634518,0.0448,0.0296,0.0152
A,0.3,0.15,0.001,1789737036025,LONG,105.65,1789737691313,105.97,TP,655288,0.0448,0.0296,0.0152
A,0.3,0.15,0.001,1789737047655,SHORT,105.63,1789737392141,105.79,SL,344486,-0.0224,0.0296,-0.0520
A,0.3,0.15,0.001,1789737054270,SHORT,105.63,1789737392141,105.79,SL,337871,-0.0224,0.0296,-0.0520
A,0.3,0.15,0.001,1789737055270,SHORT,105.61,1789737388108,105.77,SL,332838,-0.0224,0.0296,-0.0520
A,0.3,0.15,0.001,1789737057793,LONG,105.62,1789737607864,105.94,TP,550071,0.0448,0.0296,0.0152
A,0.3,0.15,0.001,1789737062335,SHORT,105.62,1789737390622,105.78,SL,328287,-0.0224,0.0296,-0.0520
A,0.3,0.15,0.001,1789737069934,SHORT,105.62,1789737390622,105.78,SL,320688,-0.0224,0.0296,-0.0520
A,0.3,0.15,0.001,1789737075515,LONG,105.6,1789737578521,105.92,TP,503006,0.0448,0.0296,0.0152
A,0.3,0.15,0.001,1789737082590,LONG,105.61,1789737607864,105.94,TP,525274,0.0462,0.0296,0.0166
A,0.3,0.15,0.001,1789737087151,LONG,105.63,1789737663466,105.95,TP,576315,0.0448,0.0296,0.0152
A,0.3,0.15,0.001,1789737088659,LONG,105.63,1789737663466,105.95,TP,574807,0.0448,0.0296,0.0152
A,0.3,0.15,0.001,1789737089666,LONG,105.62,1789737607864,105.94,TP,518198,0.0448,0.0296,0.0152
A,0.3,0.15,0.001,1789737094209,LONG,105.63,1789737663466,105.95,TP,569257,0.0448,0.0296,0.0152
A,0.3,0.15,0.001,1789737098787,SHORT,105.62,1789737390622,105.78,SL,291835,-0.0224,0.0296,-0.0520
A,0.3,0.15,0.001,1789737099790,SHORT,105.62,1789737390622,105.78,SL,290832,-0.0224,0.0296,-0.0520
A,0.3,0.15,0.001,1789737107395,SHORT,105.62,1789737390622,105.78,SL,283227,-0.0224,0.0296,-0.0520
A,0.3,0.2,0.001,1789736948296,SHORT,105.62,1789737494555,105.86,SL,546259,-0.0336,0.0296,-0.0632
A,0.3,0.2,0.001,1789736949811,SHORT,105.62,1789737494555,105.86,SL,544744,-0.0336,0.0296,-0.0632
A,0.3,0.2,0.001,1789736955383,SHORT,105.62,1789737494555,105.86,SL,539172,-0.0336,0.0296,-0.0632
A,0.3,0.2,0.001,1789736971127,SHORT,105.62,1789737494555,105.86,SL,523428,-0.0336,0.0296,-0.0632
A,0.3,0.2,0.001,1789736979772,LONG,105.64,1789737668031,105.96,TP,688259,0.0448,0.0296,0.0152
A,0.3,0.2,0.001,1789736988436,LONG,105.64,1789737668031,105.96,TP,679595,0.0448,0.0296,0.0152
A,0.3,0.2,0.001,1789737002128,LONG,105.61,1789737607864,105.94,TP,605736,0.0462,0.0296,0.0166
A,0.3,0.2,0.001,1789737004165,SHORT,105.59,1789737485445,105.81,SL,481280,-0.0308,0.0296,-0.0604
A,0.3,0.2,0.001,1789737006174,LONG,105.61,1789737607864,105.94,TP,601690,0.0462,0.0296,0.0166
A,0.3,0.2,0.001,1789737013730,LONG,105.62,1789737607864,105.94,TP,594134,0.0448,0.0296,0.0152
A,0.3,0.2,0.001,1789737018795,SHORT,105.61,1789737494073,105.83,SL,475278,-0.0308,0.0296,-0.0604
A,0.3,0.2,0.001,1789737019818,SHORT,105.6,1789737494073,105.83,SL,474255,-0.0322,0.0296,-0.0618
A,0.3,0.2,0.001,1789737027429,LONG,105.6,1789737578521,105.92,TP,551092,0.0448,0.0296,0.0152
A,0.3,0.2,0.001,1789737029476,LONG,105.61,1789737607864,105.94,TP,578388,0.0462,0.0296,0.0166
A,0.3,0.2,0.001,1789737030479,LONG,105.62,1789737607864,105.94,TP,577385,0.0448,0.0296,0.0152
A,0.3,0.2,0.001,1789737031485,SHORT,105.62,1789737494555,105.86,SL,463070,-0.0336,0.0296,-0.0632
A,0.3,0.2,0.001,1789737032494,LONG,105.64,1789737668031,105.96,TP,635537,0.0448,0.0296,0.0152
A,0.3,0.2,0.001,1789737033513,LONG,105.64,1789737668031,105.96,TP,634518,0.0448,0.0296,0.0152
A,0.3,0.2,0.001,1789737036025,LONG,105.65,1789737691313,105.97,TP,655288,0.0448,0.0296,0.0152
A,0.3,0.2,0.001,1789737047655,SHORT,105.63,1789737494555,105.86,SL,446900,-0.0322,0.0296,-0.0618
A,0.3,0.2,0.001,1789737054270,SHORT,105.63,1789737494555,105.86,SL,440285,-0.0322,0.0296,-0.0618
A,0.3,0.2,0.001,1789737055270,SHORT,105.61,1789737494073,105.83,SL,438803,-0.0308,0.0296,-0.0604
A,0.3,0.2,0.001,1789737057793,LONG,105.62,1789737607864,105.94,TP,550071,0.0448,0.0296,0.0152
A,0.3,0.2,0.001,1789737062335,SHORT,105.62,1789737494555,105.86,SL,432220,-0.0336,0.0296,-0.0632
A,0.3,0.25,0.001,1789736948296,SHORT,105.62,1789737515255,105.89,SL,566959,-0.0378,0.0296,-0.0674
A,0.3,0.25,0.001,1789736949811,SHORT,105.62,1789737515255,105.89,SL,565444,-0.0378,0.0296,-0.0674
A,0.3,0.25,0.001,1789736955383,SHORT,105.62,1789737515255,105.89,SL,559872,-0.0378,0.0296,-0.0674
A,0.3,0.25,0.001,1789736971127,SHORT,105.62,1789737515255,105.89,SL,544128,-0.0378,0.0296,-0.0674
A,0.3,0.25,0.001,1789736979772,LONG,105.64,1789737668031,105.96,TP,688259,0.0448,0.0296,0.0152
A,0.3,0.25,0.001,1789736988436,LONG,105.64,1789737668031,105.96,TP,679595,0.0448,0.0296,0.0152
A,0.3,0.25,0.001,1789737002128,LONG,105.61,1789737607864,105.94,TP,605736,0.0462,0.0296,0.0166
A,0.3,0.25,0.001,1789737004165,SHORT,105.59,1789737494555,105.86,SL,490390,-0.0378,0.0296,-0.0674
A,0.3,0.25,0.001,1789737006174,LONG,105.61,1789737607864,105.94,TP,601690,0.0462,0.0296,0.0166
A,0.3,0.25,0.001,1789737013730,LONG,105.62,1789737607864,105.94,TP,594134,0.0448,0.0296,0.0152
A,0.3,0.25,0.001,1789737018795,SHORT,105.61,1789737515255,105.89,SL,496460,-0.0392,0.0296,-0.0688
A,0.3,0.25,0.001,1789737019818,SHORT,105.6,1789737495061,105.87,SL,475243,-0.0378,0.0296,-0.0674
A,0.3,0.25,0.001,1789737027429,LONG,105.6,1789737578521,105.92,TP,551092,0.0448,0.0296,0.0152
A,0.3,0.25,0.001,1789737029476,LONG,105.61,1789737607864,105.94,TP,578388,0.0462,0.0296,0.0166
A,0.3,0.25,0.001,1789737030479,LONG,105.62,1789737607864,105.94,TP,577385,0.0448,0.0296,0.0152
A,0.3,0.25,0.001,1789737031485,SHORT,105.62,1789737515255,105.89,SL,483770,-0.0378,0.0296,-0.0674
A,0.3,0.25,0.001,1789737032494,LONG,105.64,1789737668031,105.96,TP,635537,0.0448,0.0296,0.0152
A,0.3,0.25,0.001,1789737033513,LONG,105.64,1789737668031,105.96,TP,634518,0.0448,0.0296,0.0152
A,0.3,0.25,0.001,1789737036025,LONG,105.65,1789737691313,105.97,TP,655288,0.0448,0.0296,0.0152
A,0.3,0.25,0.001,1789737047655,SHORT,105.63,1789737527858,105.9,SL,480203,-0.0378,0.0296,-0.0674
A,0.3,0.25,0.001,1789737054270,SHORT,105.63,1789737527858,105.9,SL,473588,-0.0378,0.0296,-0.0674
A,0.3,0.25,0.001,1789737055270,SHORT,105.61,1789737515255,105.89,SL,459985,-0.0392,0.0296,-0.0688
A,0.3,0.3,0.001,1789736948296,SHORT,105.62,1789737607864,105.95,SL,659568,-0.0462,0.0296,-0.0758
A,0.3,0.3,0.001,1789736949811,SHORT,105.62,1789737607864,105.95,SL,658053,-0.0462,0.0296,-0.0758
A,0.3,0.3,0.001,1789736955383,SHORT,105.62,1789737607864,105.95,SL,652481,-0.0462,0.0296,-0.0758
A,0.3,0.3,0.001,1789736971127,SHORT,105.62,1789737607864,105.95,SL,636737,-0.0462,0.0296,-0.0758
A,0.3,0.3,0.001,1789736979772,LONG,105.64,1789737668031,105.96,TP,688259,0.0448,0.0296,0.0152
A,0.3,0.3,0.001,1789736988436,LONG,105.64,1789737668031,105.96,TP,679595,0.0448,0.0296,0.0152
A,0.3,0.3,0.001,1789737002128,LONG,105.61,1789737607864,105.94,TP,605736,0.0462,0.0296,0.0166
A,0.3,0.3,0.001,1789737004165,SHORT,105.59,1789737558228,105.91,SL,554063,-0.0448,0.0296,-0.0744
A,0.3,0.3,0.001,1789737006174,LONG,105.61,1789737607864,105.94,TP,601690,0.0462,0.0296,0.0166
A,0.3,0.3,0.001,1789737013730,LONG,105.62,1789737607864,105.94,TP,594134,0.0448,0.0296,0.0152
A,0.3,0.3,0.001,1789737018795,SHORT,105.61,1789737578521,105.93,SL,559726,-0.0448,0.0296,-0.0744
A,0.3,0.3,0.001,1789737019818,SHORT,105.6,1789737578521,105.93,SL,558703,-0.0462,0.0296,-0.0758
A,0.3,0.3,0.001,1789737027429,LONG,105.6,1789737578521,105.92,TP,551092,0.0448,0.0296,0.0152
A,0.3,0.3,0.001,1789737029476,LONG,105.61,1789737607864,105.94,TP,578388,0.0462,0.0296,0.0166
A,0.3,0.3,0.001,1789737030479,LONG,105.62,1789737607864,105.94,TP,577385,0.0448,0.0296,0.0152
A,0.3,0.3,0.001,1789737031485,SHORT,105.62,1789737607864,105.95,SL,576379,-0.0462,0.0296,-0.0758
A,0.3,0.3,0.001,1789737032494,LONG,105.64,1789737668031,105.96,TP,635537,0.0448,0.0296,0.0152
A,0.3,0.3,0.001,1789737033513,LONG,105.64,1789737668031,105.96,TP,634518,0.0448,0.0296,0.0152
A,0.3,0.3,0.001,1789737036025,LONG,105.65,1789737691313,105.97,TP,655288,0.0448,0.0296,0.0152
A,0.3,0.3,0.001,1789737047655,SHORT,105.63,1789737607864,105.95,SL,560209,-0.0448,0.0296,-0.0744
A,0.3,0.3,0.001,1789737054270,SHORT,105.63,1789737607864,105.95,SL,553594,-0.0448,0.0296,-0.0744
A,0.3,0.5,0.001,1789736979772,LONG,105.64,1789737668031,105.96,TP,688259,0.0448,0.0296,0.0152
A,0.3,0.5,0.001,1789736988436,LONG,105.64,1789737668031,105.96,TP,679595,0.0448,0.0296,0.0152
A,0.3,0.5,0.001,1789737002128,LONG,105.61,1789737607864,105.94,TP,605736,0.0462,0.0296,0.0166
A,0.3,0.5,0.001,1789737006174,LONG,105.61,1789737607864,105.94,TP,601690,0.0462,0.0296,0.0166
A,0.3,0.5,0.001,1789737013730,LONG,105.62,1789737607864,105.94,TP,594134,0.0448,0.0296,0.0152
A,0.3,0.5,0.001,1789737027429,LONG,105.6,1789737578521,105.92,TP,551092,0.0448,0.0296,0.0152
A,0.3,0.5,0.001,1789737029476,LONG,105.61,1789737607864,105.94,TP,578388,0.0462,0.0296,0.0166
A,0.3,0.5,0.001,1789737030479,LONG,105.62,1789737607864,105.94,TP,577385,0.0448,0.0296,0.0152
A,0.3,0.5,0.001,1789737032494,LONG,105.64,1789737668031,105.96,TP,635537,0.0448,0.0296,0.0152
A,0.3,0.5,0.001,1789737033513,LONG,105.64,1789737668031,105.96,TP,634518,0.0448,0.0296,0.0152
A,0.3,0.5,0.001,1789737036025,LONG,105.65,1789737691313,105.97,TP,655288,0.0448,0.0296,0.0152
A,0.3,0.5,0.001,1789737057793,LONG,105.62,1789737607864,105.94,TP,550071,0.0448,0.0296,0.0152
A,0.3,0.5,0.001,1789737075515,LONG,105.6,1789737578521,105.92,TP,503006,0.0448,0.0296,0.0152
A,0.3,0.5,0.001,1789737082590,LONG,105.61,1789737607864,105.94,TP,525274,0.0462,0.0296,0.0166
A,0.3,0.5,0.001,1789737087151,LONG,105.63,1789737663466,105.95,TP,576315,0.0448,0.0296,0.0152
A,0.3,0.5,0.001,1789737088659,LONG,105.63,1789737663466,105.95,TP,574807,0.0448,0.0296,0.0152
A,0.3,0.5,0.001,1789737089666,LONG,105.62,1789737607864,105.94,TP,518198,0.0448,0.0296,0.0152
A,0.3,0.5,0.001,1789737094209,LONG,105.63,1789737663466,105.95,TP,569257,0.0448,0.0296,0.0152
A,0.3,0.5,0.001,1789737114960,LONG,105.6,1789737578521,105.92,TP,463561,0.0448,0.0296,0.0152
A,0.3,0.5,0.001,1789737116986,LONG,105.6,1789737578521,105.92,TP,461535,0.0448,0.0296,0.0152
A,0.3,0.5,0.001,1789737125618,LONG,105.61,1789737607864,105.94,TP,482246,0.0462,0.0296,0.0166
A,0.3,0.5,0.001,1789737133261,LONG,105.61,1789737607864,105.94,TP,474603,0.0462,0.0296,0.0166
A,0.3,0.5,0.001,1789737152452,LONG,105.59,1789737578521,105.92,TP,426069,0.0462,0.0296,0.0166
A,0.3,0.5,0.001,1789737153452,LONG,105.59,1789737578521,105.92,TP,425069,0.0462,0.0296,0.0166
A,0.3,0.5,0.001,1789737167359,LONG,105.6,1789737578521,105.92,TP,411162,0.0448,0.0296,0.0152
A,0.3,0.5,0.001,1789737169664,LONG,105.61,1789737607864,105.94,TP,438200,0.0462,0.0296,0.0166
A,0.3,0.5,0.001,1789737170670,LONG,105.62,1789737607864,105.94,TP,437194,0.0448,0.0296,0.0152
A,0.3,0.5,0.001,1789737173194,LONG,105.59,1789737578521,105.92,TP,405327,0.0462,0.0296,0.0166
A,0.3,0.5,0.001,1789737184910,LONG,105.6,1789737578521,105.92,TP,393611,0.0448,0.0296,0.0152
A,0.3,0.5,0.001,1789737187440,LONG,105.59,1789737578521,105.92,TP,391081,0.0462,0.0296,0.0166
A,0.3,0.5,0.001,1789737193502,LONG,105.6,1789737578521,105.92,TP,385019,0.0448,0.0296,0.0152
A,0.3,0.5,0.001,1789737199279,LONG,105.61,1789737607864,105.94,TP,408585,0.0462,0.0296,0.0166
A,0.3,0.5,0.001,1789737202275,LONG,105.61,1789737607864,105.94,TP,405589,0.0462,0.0296,0.0166
A,0.3,0.5,0.001,1789737211173,LONG,105.61,1789737607864,105.94,TP,396691,0.0462,0.0296,0.0166
A,0.3,0.5,0.001,1789737215717,LONG,105.59,1789737578521,105.92,TP,362804,0.0462,0.0296,0.0166
A,0.3,0.5,0.001,1789737219262,LONG,105.61,1789737607864,105.94,TP,388602,0.0462,0.0296,0.0166
A,0.3,0.5,0.001,1789737244125,LONG,105.64,1789737668031,105.96,TP,423906,0.0448,0.0296,0.0152
A,0.3,0.5,0.001,1789737250194,LONG,105.64,1789737668031,105.96,TP,417837,0.0448,0.0296,0.0152
A,0.3,0.5,0.001,1789737258858,LONG,105.63,1789737663466,105.95,TP,404608,0.0448,0.0296,0.0152
A,0.3,0.5,0.001,1789737266477,LONG,105.63,1789737663466,105.95,TP,396989,0.0448,0.0296,0.0152
A,0.3,0.5,0.001,1789737267498,LONG,105.64,1789737668031,105.96,TP,400533,0.0448,0.0296,0.0152
A,0.3,0.5,0.001,1789737285799,LONG,105.63,1789737663466,105.95,TP,377667,0.0448,0.0296,0.0152
A,0.3,0.5,0.001,1789737287830,LONG,105.63,1789737663466,105.95,TP,375636,0.0448,0.0296,0.0152
A,0.3,0.5,0.001,1789737289864,LONG,105.63,1789737663466,105.95,TP,373602,0.0448,0.0296,0.0152
A,0.3,0.5,0.001,1789737308112,LONG,105.61,1789737607864,105.94,TP,299752,0.0462,0.0296,0.0166
A,0.3,0.5,0.001,1789737318204,LONG,105.62,1789737607864,105.94,TP,289660,0.0448,0.0296,0.0152
A,0.3,0.5,0.001,1789737322782,LONG,105.63,1789737663466,105.95,TP,340684,0.0448,0.0296,0.0152
A,0.3,0.5,0.001,1789737332922,LONG,105.61,1789737607864,105.94,TP,274942,0.0462,0.0296,0.0166
A,0.3,0.5,0.001,1789737345308,LONG,105.61,1789737607864,105.94,TP,262556,0.0462,0.0296,0.0166
A,0.3,0.5,0.001,1789737360307,LONG,105.63,1789737663466,105.95,TP,303159,0.0448,0.0296,0.0152
A,0.3,0.5,0.001,1789737367417,LONG,105.64,1789737668031,105.96,TP,300614,0.0448,0.0296,0.0152
A,0.3,0.5,0.001,1789737373993,LONG,105.66,1789737692836,105.98,TP,318843,0.0448,0.0296,0.0152
A,0.5,0.1,0.001,1789736948296,SHORT,105.62,1789737385210,105.75,SL,436914,-0.0182,0.0296,-0.0478
A,0.5,0.1,0.001,1789736949811,SHORT,105.62,1789737385210,105.75,SL,435399,-0.0182,0.0296,-0.0478
A,0.5,0.1,0.001,1789736955383,SHORT,105.62,1789737385210,105.75,SL,429827,-0.0182,0.0296,-0.0478
A,0.5,0.1,0.001,1789736971127,SHORT,105.62,1789737385210,105.75,SL,414083,-0.0182,0.0296,-0.0478
A,0.5,0.1,0.001,1789737004165,SHORT,105.59,1789737385210,105.75,SL,381045,-0.0224,0.0296,-0.0520
A,0.5,0.1,0.001,1789737018795,SHORT,105.61,1789737385210,105.75,SL,366415,-0.0196,0.0296,-0.0492
A,0.5,0.1,0.001,1789737019818,SHORT,105.6,1789737385210,105.75,SL,365392,-0.0210,0.0296,-0.0506
A,0.5,0.1,0.001,1789737031485,SHORT,105.62,1789737385210,105.75,SL,353725,-0.0182,0.0296,-0.0478
A,0.5,0.1,0.001,1789737047655,SHORT,105.63,1789737385210,105.75,SL,337555,-0.0168,0.0296,-0.0464
A,0.5,0.1,0.001,1789737054270,SHORT,105.63,1789737385210,105.75,SL,330940,-0.0168,0.0296,-0.0464
A,0.5,0.1,0.001,1789737055270,SHORT,105.61,1789737385210,105.75,SL,329940,-0.0196,0.0296,-0.0492
A,0.5,0.15,0.001,1789736948296,SHORT,105.62,1789737390622,105.78,SL,442326,-0.0224,0.0296,-0.0520
A,0.5,0.15,0.001,1789736949811,SHORT,105.62,1789737390622,105.78,SL,440811,-0.0224,0.0296,-0.0520
A,0.5,0.15,0.001,1789736955383,SHORT,105.62,1789737390622,105.78,SL,435239,-0.0224,0.0296,-0.0520
A,0.5,0.15,0.001,1789736971127,SHORT,105.62,1789737390622,105.78,SL,419495,-0.0224,0.0296,-0.0520
A,0.5,0.15,0.001,1789737004165,SHORT,105.59,1789737385210,105.75,SL,381045,-0.0224,0.0296,-0.0520
A,0.5,0.15,0.001,1789737018795,SHORT,105.61,1789737388108,105.77,SL,369313,-0.0224,0.0296,-0.0520
A,0.5,0.15,0.001,1789737019818,SHORT,105.6,1789737388108,105.77,SL,368290,-0.0238,0.0296,-0.0534
A,0.5,0.15,0.001,1789737031485,SHORT,105.62,1789737390622,105.78,SL,359137,-0.0224,0.0296,-0.0520
A,0.5,0.15,0.001,1789737047655,SHORT,105.63,1789737392141,105.79,SL,344486,-0.0224,0.0296,-0.0520
A,0.5,0.15,0.001,1789737054270,SHORT,105.63,1789737392141,105.79,SL,337871,-0.0224,0.0296,-0.0520
A,0.5,0.15,0.001,1789737055270,SHORT,105.61,1789737388108,105.77,SL,332838,-0.0224,0.0296,-0.0520
A,0.5,0.2,0.001,1789736948296,SHORT,105.62,1789737494555,105.86,SL,546259,-0.0336,0.0296,-0.0632
A,0.5,0.2,0.001,1789736949811,SHORT,105.62,1789737494555,105.86,SL,544744,-0.0336,0.0296,-0.0632
A,0.5,0.2,0.001,1789736955383,SHORT,105.62,1789737494555,105.86,SL,539172,-0.0336,0.0296,-0.0632
A,0.5,0.2,0.001,1789736971127,SHORT,105.62,1789737494555,105.86,SL,523428,-0.0336,0.0296,-0.0632
A,0.5,0.2,0.001,1789737004165,SHORT,105.59,1789737485445,105.81,SL,481280,-0.0308,0.0296,-0.0604
A,0.5,0.2,0.001,1789737018795,SHORT,105.61,1789737494073,105.83,SL,475278,-0.0308,0.0296,-0.0604
A,0.5,0.2,0.001,1789737019818,SHORT,105.6,1789737494073,105.83,SL,474255,-0.0322,0.0296,-0.0618
A,0.5,0.2,0.001,1789737031485,SHORT,105.62,1789737494555,105.86,SL,463070,-0.0336,0.0296,-0.0632
A,0.5,0.2,0.001,1789737047655,SHORT,105.63,1789737494555,105.86,SL,446900,-0.0322,0.0296,-0.0618
A,0.5,0.25,0.001,1789736948296,SHORT,105.62,1789737515255,105.89,SL,566959,-0.0378,0.0296,-0.0674
A,0.5,0.25,0.001,1789736949811,SHORT,105.62,1789737515255,105.89,SL,565444,-0.0378,0.0296,-0.0674
A,0.5,0.25,0.001,1789736955383,SHORT,105.62,1789737515255,105.89,SL,559872,-0.0378,0.0296,-0.0674
A,0.5,0.25,0.001,1789736971127,SHORT,105.62,1789737515255,105.89,SL,544128,-0.0378,0.0296,-0.0674
A,0.5,0.25,0.001,1789737004165,SHORT,105.59,1789737494555,105.86,SL,490390,-0.0378,0.0296,-0.0674
A,0.5,0.25,0.001,1789737018795,SHORT,105.61,1789737515255,105.89,SL,496460,-0.0392,0.0296,-0.0688
A,0.5,0.25,0.001,1789737019818,SHORT,105.6,1789737495061,105.87,SL,475243,-0.0378,0.0296,-0.0674
A,0.5,0.25,0.001,1789737031485,SHORT,105.62,1789737515255,105.89,SL,483770,-0.0378,0.0296,-0.0674
A,0.5,0.3,0.001,1789736948296,SHORT,105.62,1789737607864,105.95,SL,659568,-0.0462,0.0296,-0.0758
A,0.5,0.3,0.001,1789736949811,SHORT,105.62,1789737607864,105.95,SL,658053,-0.0462,0.0296,-0.0758
A,0.5,0.3,0.001,1789736955383,SHORT,105.62,1789737607864,105.95,SL,652481,-0.0462,0.0296,-0.0758
A,0.5,0.3,0.001,1789736971127,SHORT,105.62,1789737607864,105.95,SL,636737,-0.0462,0.0296,-0.0758
A,0.5,0.3,0.001,1789737004165,SHORT,105.59,1789737558228,105.91,SL,554063,-0.0448,0.0296,-0.0744
A,0.5,0.3,0.001,1789737018795,SHORT,105.61,1789737578521,105.93,SL,559726,-0.0448,0.0296,-0.0744
A,0.5,0.3,0.001,1789737019818,SHORT,105.6,1789737578521,105.93,SL,558703,-0.0462,0.0296,-0.0758
A,0.5,0.3,0.001,1789737031485,SHORT,105.62,1789737607864,105.95,SL,576379,-0.0462,0.0296,-0.0758
B,0.1,0.1,0.001,1789736948296,SHORT,105.62,1789737385210,105.75,SL,436914,-0.0182,0.0296,-0.0478
B,0.1,0.1,0.001,1789736988436,LONG,105.64,1789737388108,105.76,TP,399672,0.0168,0.0296,-0.0128
B,0.1,0.1,0.001,1789737002128,LONG,105.61,1789737385210,105.74,TP,383082,0.0182,0.0296,-0.0114
B,0.1,0.1,0.001,1789737004165,SHORT,105.59,1789737385210,105.75,SL,381045,-0.0224,0.0296,-0.0520
B,0.1,0.1,0.001,1789737008174,LONG,105.61,1789737385210,105.74,TP,377036,0.0182,0.0296,-0.0114
B,0.1,0.1,0.001,1789737018795,SHORT,105.61,1789737385210,105.75,SL,366415,-0.0196,0.0296,-0.0492
B,0.1,0.1,0.001,1789737030479,LONG,105.62,1789737385210,105.74,TP,354731,0.0168,0.0296,-0.0128
B,0.1,0.1,0.001,1789737032494,LONG,105.64,1789737388108,105.76,TP,355614,0.0168,0.0296,-0.0128
B,0.1,0.1,0.001,1789737034008,LONG,105.64,1789737388108,105.76,TP,354100,0.0168,0.0296,-0.0128
B,0.1,0.1,0.001,1789737057793,LONG,105.62,1789737385210,105.74,TP,327417,0.0168,0.0296,-0.0128
B,0.1,0.1,0.001,1789737059319,LONG,105.63,1789737385210,105.74,TP,325891,0.0154,0.0296,-0.0142
B,0.1,0.1,0.001,1789737062867,SHORT,105.62,1789737385210,105.75,SL,322343,-0.0182,0.0296,-0.0478
B,0.1,0.1,0.001,1789737071973,SHORT,105.61,1789737385210,105.75,SL,313237,-0.0196,0.0296,-0.0492
B,0.1,0.1,0.001,1789737076027,LONG,105.6,1789737385210,105.74,TP,309183,0.0196,0.0296,-0.0100
B,0.1,0.1,0.001,1789737107395,SHORT,105.62,1789737385210,105.75,SL,277815,-0.0182,0.0296,-0.0478
B,0.1,0.1,0.001,1789737110416,SHORT,105.59,1789737385210,105.75,SL,274794,-0.0224,0.0296,-0.0520
B,0.1,0.1,0.001,1789737126637,LONG,105.61,1789737385210,105.74,TP,258573,0.0182,0.0296,-0.0114
B,0.1,0.1,0.001,1789737169664,LONG,105.61,1789737385210,105.74,TP,215546,0.0182,0.0296,-0.0114
B,0.1,0.1,0.001,1789737173194,LONG,105.59,1789737385210,105.74,TP,212016,0.0210,0.0296,-0.0086
B,0.1,0.1,0.001,1789737184910,LONG,105.6,1789737385210,105.74,TP,200300,0.0196,0.0296,-0.0100
B,0.1,0.1,0.001,1789737187440,LONG,105.59,1789737385210,105.74,TP,197770,0.0210,0.0296,-0.0086
B,0.1,0.1,0.001,1789737193502,LONG,105.6,1789737385210,105.74,TP,191708,0.0196,0.0296,-0.0100
B,0.1,0.1,0.001,1789737195007,SHORT,105.58,1789737385210,105.75,SL,190203,-0.0238,0.0296,-0.0534
B,0.1,0.15,0.001,1789736948296,SHORT,105.62,1789737390622,105.78,SL,442326,-0.0224,0.0296,-0.0520
B,0.1,0.15,0.001,1789736988436,LONG,105.64,1789737388108,105.76,TP,399672,0.0168,0.0296,-0.0128
B,0.1,0.15,0.001,1789737002128,LONG,105.61,1789737385210,105.74,TP,383082,0.0182,0.0296,-0.0114
B,0.1,0.15,0.001,1789737004165,SHORT,105.59,1789737385210,105.75,SL,381045,-0.0224,0.0296,-0.0520
B,0.1,0.15,0.001,1789737008174,LONG,105.61,1789737385210,105.74,TP,377036,0.0182,0.0296,-0.0114
B,0.1,0.15,0.001,1789737018795,SHORT,105.61,1789737388108,105.77,SL,369313,-0.0224,0.0296,-0.0520
B,0.1,0.15,0.001,1789737030479,LONG,105.62,1789737385210,105.74,TP,354731,0.0168,0.0296,-0.0128
B,0.1,0.15,0.001,1789737032494,LONG,105.64,1789737388108,105.76,TP,355614,0.0168,0.0296,-0.0128
B,0.1,0.15,0.001,1789737034008,LONG,105.64,1789737388108,105.76,TP,354100,0.0168,0.0296,-0.0128
B,0.1,0.15,0.001,1789737057793,LONG,105.62,1789737385210,105.74,TP,327417,0.0168,0.0296,-0.0128
B,0.1,0.15,0.001,1789737059319,LONG,105.63,1789737385210,105.74,TP,325891,0.0154,0.0296,-0.0142
B,0.1,0.15,0.001,1789737062867,SHORT,105.62,1789737390622,105.78,SL,327755,-0.0224,0.0296,-0.0520
B,0.1,0.15,0.001,1789737071973,SHORT,105.61,1789737388108,105.77,SL,316135,-0.0224,0.0296,-0.0520
B,0.1,0.15,0.001,1789737076027,LONG,105.6,1789737385210,105.74,TP,309183,0.0196,0.0296,-0.0100
B,0.1,0.15,0.001,1789737107395,SHORT,105.62,1789737390622,105.78,SL,283227,-0.0224,0.0296,-0.0520
B,0.1,0.15,0.001,1789737110416,SHORT,105.59,1789737385210,105.75,SL,274794,-0.0224,0.0296,-0.0520
B,0.1,0.15,0.001,1789737126637,LONG,105.61,1789737385210,105.74,TP,258573,0.0182,0.0296,-0.0114
B,0.1,0.15,0.001,1789737169664,LONG,105.61,1789737385210,105.74,TP,215546,0.0182,0.0296,-0.0114
B,0.1,0.15,0.001,1789737173194,LONG,105.59,1789737385210,105.74,TP,212016,0.0210,0.0296,-0.0086
B,0.1,0.15,0.001,1789737184910,LONG,105.6,1789737385210,105.74,TP,200300,0.0196,0.0296,-0.0100
B,0.1,0.15,0.001,1789737187440,LONG,105.59,1789737385210,105.74,TP,197770,0.0210,0.0296,-0.0086
B,0.1,0.15,0.001,1789737193502,LONG,105.6,1789737385210,105.74,TP,191708,0.0196,0.0296,-0.0100
B,0.1,0.2,0.001,1789736948296,SHORT,105.62,1789737494555,105.86,SL,546259,-0.0336,0.0296,-0.0632
B,0.1,0.2,0.001,1789736988436,LONG,105.64,1789737388108,105.76,TP,399672,0.0168,0.0296,-0.0128
B,0.1,0.2,0.001,1789737002128,LONG,105.61,1789737385210,105.74,TP,383082,0.0182,0.0296,-0.0114
B,0.1,0.2,0.001,1789737004165,SHORT,105.59,1789737485445,105.81,SL,481280,-0.0308,0.0296,-0.0604
B,0.1,0.2,0.001,1789737008174,LONG,105.61,1789737385210,105.74,TP,377036,0.0182,0.0296,-0.0114
B,0.1,0.2,0.001,1789737018795,SHORT,105.61,1789737494073,105.83,SL,475278,-0.0308,0.0296,-0.0604
B,0.1,0.2,0.001,1789737030479,LONG,105.62,1789737385210,105.74,TP,354731,0.0168,0.0296,-0.0128
B,0.1,0.2,0.001,1789737032494,LONG,105.64,1789737388108,105.76,TP,355614,0.0168,0.0296,-0.0128
B,0.1,0.2,0.001,1789737034008,LONG,105.64,1789737388108,105.76,TP,354100,0.0168,0.0296,-0.0128
B,0.1,0.2,0.001,1789737057793,LONG,105.62,1789737385210,105.74,TP,327417,0.0168,0.0296,-0.0128
B,0.1,0.2,0.001,1789737059319,LONG,105.63,1789737385210,105.74,TP,325891,0.0154,0.0296,-0.0142
B,0.1,0.2,0.001,1789737062867,SHORT,105.62,1789737494555,105.86,SL,431688,-0.0336,0.0296,-0.0632
B,0.1,0.2,0.001,1789737071973,SHORT,105.61,1789737494073,105.83,SL,422100,-0.0308,0.0296,-0.0604
B,0.1,0.2,0.001,1789737076027,LONG,105.6,1789737385210,105.74,TP,309183,0.0196,0.0296,-0.0100
B,0.1,0.2,0.001,1789737107395,SHORT,105.62,1789737494555,105.86,SL,387160,-0.0336,0.0296,-0.0632
B,0.1,0.2,0.001,1789737110416,SHORT,105.59,1789737485445,105.81,SL,375029,-0.0308,0.0296,-0.0604
B,0.1,0.25,0.001,1789736948296,SHORT,105.62,1789737515255,105.89,SL,566959,-0.0378,0.0296,-0.0674
B,0.1,0.25,0.001,1789736988436,LONG,105.64,1789737388108,105.76,TP,399672,0.0168,0.0296,-0.0128
B,0.1,0.25,0.001,1789737002128,LONG,105.61,1789737385210,105.74,TP,383082,0.0182,0.0296,-0.0114
B,0.1,0.25,0.001,1789737004165,SHORT,105.59,1789737494555,105.86,SL,490390,-0.0378,0.0296,-0.0674
B,0.1,0.25,0.001,1789737008174,LONG,105.61,1789737385210,105.74,TP,377036,0.0182,0.0296,-0.0114
B,0.1,0.25,0.001,1789737018795,SHORT,105.61,1789737515255,105.89,SL,496460,-0.0392,0.0296,-0.0688
B,0.1,0.25,0.001,1789737030479,LONG,105.62,1789737385210,105.74,TP,354731,0.0168,0.0296,-0.0128
B,0.1,0.25,0.001,1789737032494,LONG,105.64,1789737388108,105.76,TP,355614,0.0168,0.0296,-0.0128
B,0.1,0.25,0.001,1789737034008,LONG,105.64,1789737388108,105.76,TP,354100,0.0168,0.0296,-0.0128
B,0.1,0.25,0.001,1789737057793,LONG,105.62,1789737385210,105.74,TP,327417,0.0168,0.0296,-0.0128
B,0.1,0.25,0.001,1789737059319,LONG,105.63,1789737385210,105.74,TP,325891,0.0154,0.0296,-0.0142
B,0.1,0.25,0.001,1789737062867,SHORT,105.62,1789737515255,105.89,SL,452388,-0.0378,0.0296,-0.0674
B,0.1,0.25,0.001,1789737071973,SHORT,105.61,1789737515255,105.89,SL,443282,-0.0392,0.0296,-0.0688
B,0.1,0.25,0.001,1789737076027,LONG,105.6,1789737385210,105.74,TP,309183,0.0196,0.0296,-0.0100
B,0.1,0.25,0.001,1789737107395,SHORT,105.62,1789737515255,105.89,SL,407860,-0.0378,0.0296,-0.0674
B,0.1,0.25,0.001,1789737110416,SHORT,105.59,1789737494555,105.86,SL,384139,-0.0378,0.0296,-0.0674
B,0.1,0.3,0.001,1789736948296,SHORT,105.62,1789737607864,105.95,SL,659568,-0.0462,0.0296,-0.0758
B,0.1,0.3,0.001,1789736988436,LONG,105.64,1789737388108,105.76,TP,399672,0.0168,0.0296,-0.0128
B,0.1,0.3,0.001,1789737002128,LONG,105.61,1789737385210,105.74,TP,383082,0.0182,0.0296,-0.0114
B,0.1,0.3,0.001,1789737004165,SHORT,105.59,1789737558228,105.91,SL,554063,-0.0448,0.0296,-0.0744
B,0.1,0.3,0.001,1789737008174,LONG,105.61,1789737385210,105.74,TP,377036,0.0182,0.0296,-0.0114
B,0.1,0.3,0.001,1789737018795,SHORT,105.61,1789737578521,105.93,SL,559726,-0.0448,0.0296,-0.0744
B,0.1,0.3,0.001,1789737030479,LONG,105.62,1789737385210,105.74,TP,354731,0.0168,0.0296,-0.0128
B,0.1,0.3,0.001,1789737032494,LONG,105.64,1789737388108,105.76,TP,355614,0.0168,0.0296,-0.0128
B,0.1,0.3,0.001,1789737034008,LONG,105.64,1789737388108,105.76,TP,354100,0.0168,0.0296,-0.0128
B,0.1,0.3,0.001,1789737057793,LONG,105.62,1789737385210,105.74,TP,327417,0.0168,0.0296,-0.0128
B,0.1,0.3,0.001,1789737059319,LONG,105.63,1789737385210,105.74,TP,325891,0.0154,0.0296,-0.0142
B,0.1,0.3,0.001,1789737062867,SHORT,105.62,1789737607864,105.95,SL,544997,-0.0462,0.0296,-0.0758
B,0.1,0.3,0.001,1789737071973,SHORT,105.61,1789737578521,105.93,SL,506548,-0.0448,0.0296,-0.0744
B,0.1,0.3,0.001,1789737076027,LONG,105.6,1789737385210,105.74,TP,309183,0.0196,0.0296,-0.0100
B,0.1,0.3,0.001,1789737107395,SHORT,105.62,1789737607864,105.95,SL,500469,-0.0462,0.0296,-0.0758
B,0.1,0.5,0.001,1789736988436,LONG,105.64,1789737388108,105.76,TP,399672,0.0168,0.0296,-0.0128
B,0.1,0.5,0.001,1789737002128,LONG,105.61,1789737385210,105.74,TP,383082,0.0182,0.0296,-0.0114
B,0.1,0.5,0.001,1789737008174,LONG,105.61,1789737385210,105.74,TP,377036,0.0182,0.0296,-0.0114
B,0.1,0.5,0.001,1789737030479,LONG,105.62,1789737385210,105.74,TP,354731,0.0168,0.0296,-0.0128
B,0.1,0.5,0.001,1789737032494,LONG,105.64,1789737388108,105.76,TP,355614,0.0168,0.0296,-0.0128
B,0.1,0.5,0.001,1789737034008,LONG,105.64,1789737388108,105.76,TP,354100,0.0168,0.0296,-0.0128
B,0.1,0.5,0.001,1789737057793,LONG,105.62,1789737385210,105.74,TP,327417,0.0168,0.0296,-0.0128
B,0.1,0.5,0.001,1789737059319,LONG,105.63,1789737385210,105.74,TP,325891,0.0154,0.0296,-0.0142
B,0.1,0.5,0.001,1789737076027,LONG,105.6,1789737385210,105.74,TP,309183,0.0196,0.0296,-0.0100
B,0.1,0.5,0.001,1789737126637,LONG,105.61,1789737385210,105.74,TP,258573,0.0182,0.0296,-0.0114
B,0.1,0.5,0.001,1789737169664,LONG,105.61,1789737385210,105.74,TP,215546,0.0182,0.0296,-0.0114
B,0.1,0.5,0.001,1789737173194,LONG,105.59,1789737385210,105.74,TP,212016,0.0210,0.0296,-0.0086
B,0.1,0.5,0.001,1789737184910,LONG,105.6,1789737385210,105.74,TP,200300,0.0196,0.0296,-0.0100
B,0.1,0.5,0.001,1789737187440,LONG,105.59,1789737385210,105.74,TP,197770,0.0210,0.0296,-0.0086
B,0.1,0.5,0.001,1789737193502,LONG,105.6,1789737385210,105.74,TP,191708,0.0196,0.0296,-0.0100
B,0.1,0.5,0.001,1789737199279,LONG,105.61,1789737385210,105.74,TP,185931,0.0182,0.0296,-0.0114
B,0.1,0.5,0.001,1789737215717,LONG,105.59,1789737385210,105.74,TP,169493,0.0210,0.0296,-0.0086
B,0.1,0.5,0.001,1789737219262,LONG,105.61,1789737385210,105.74,TP,165948,0.0182,0.0296,-0.0114
B,0.1,0.5,0.001,1789737244623,LONG,105.64,1789737388108,105.76,TP,143485,0.0168,0.0296,-0.0128
B,0.1,0.5,0.001,1789737246635,LONG,105.64,1789737388108,105.76,TP,141473,0.0168,0.0296,-0.0128
B,0.1,0.5,0.001,1789737247659,LONG,105.64,1789737388108,105.76,TP,140449,0.0168,0.0296,-0.0128
B,0.1,0.5,0.001,1789737261415,LONG,105.63,1789737385210,105.74,TP,123795,0.0154,0.0296,-0.0142
B,0.1,0.5,0.001,1789737265459,LONG,105.63,1789737385210,105.74,TP,119751,0.0154,0.0296,-0.0142
B,0.1,0.5,0.001,1789737267498,LONG,105.64,1789737388108,105.76,TP,120610,0.0168,0.0296,-0.0128
B,0.1,0.5,0.001,1789737269519,LONG,105.65,1789737388108,105.76,TP,118589,0.0154,0.0296,-0.0142
B,0.1,0.5,0.001,1789737285799,LONG,105.63,1789737385210,105.74,TP,99411,0.0154,0.0296,-0.0142
B,0.1,0.5,0.001,1789737289864,LONG,105.63,1789737385210,105.74,TP,95346,0.0154,0.0296,-0.0142
B,0.1,0.5,0.001,1789737308613,LONG,105.61,1789737385210,105.74,TP,76597,0.0182,0.0296,-0.0114
B,0.1,0.5,0.001,1789737318204,LONG,105.62,1789737385210,105.74,TP,67006,0.0168,0.0296,-0.0128
B,0.1,0.5,0.001,1789737332922,LONG,105.61,1789737385210,105.74,TP,52288,0.0182,0.0296,-0.0114
B,0.1,0.5,0.001,1789737345587,LONG,105.61,1789737385210,105.74,TP,39623,0.0182,0.0296,-0.0114
B,0.1,0.5,0.001,1789737360307,LONG,105.63,1789737385210,105.74,TP,24903,0.0154,0.0296,-0.0142
B,0.1,0.5,0.001,1789737367913,LONG,105.64,1789737388108,105.76,TP,20195,0.0168,0.0296,-0.0128
B,0.1,0.5,0.001,1789737373993,LONG,105.66,1789737390622,105.77,TP,16629,0.0154,0.0296,-0.0142
B,0.1,0.5,0.001,1789737385716,LONG,105.73,1789737494555,105.85,TP,108839,0.0168,0.0296,-0.0128
B,0.1,0.5,0.001,1789737386601,LONG,105.73,1789737494555,105.85,TP,107954,0.0168,0.0296,-0.0128
B,0.1,0.5,0.001,1789737387605,LONG,105.75,1789737495061,105.86,TP,107456,0.0154,0.0296,-0.0142
B,0.1,0.5,0.001,1789737390622,LONG,105.78,1789737527858,105.89,TP,137236,0.0154,0.0296,-0.0142
B,0.1,0.5,0.001,1789737438326,LONG,105.79,1789737558228,105.9,TP,119902,0.0154,0.0296,-0.0142
B,0.1,0.5,0.001,1789737481889,LONG,105.79,1789737558228,105.9,TP,76339,0.0154,0.0296,-0.0142
B,0.1,0.5,0.001,1789737493544,LONG,105.81,1789737578521,105.92,TP,84977,0.0154,0.0296,-0.0142
B,0.1,0.5,0.001,1789737508175,LONG,105.86,1789737691313,105.97,TP,183138,0.0154,0.0297,-0.0143
B,0.1,0.5,0.001,1789737551653,LONG,105.88,1789737726711,105.99,TP,175058,0.0154,0.0297,-0.0143
B,0.15,0.1,0.001,1789736948296,SHORT,105.62,1789737385210,105.75,SL,436914,-0.0182,0.0296,-0.0478
B,0.15,0.1,0.001,1789736988436,LONG,105.64,1789737485445,105.8,TP,497009,0.0224,0.0296,-0.0072
B,0.15,0.1,0.001,1789737002128,LONG,105.61,1789737390622,105.77,TP,388494,0.0224,0.0296,-0.0072
B,0.15,0.1,0.001,1789737004165,SHORT,105.59,1789737385210,105.75,SL,381045,-0.0224,0.0296,-0.0520
B,0.15,0.1,0.001,1789737008174,LONG,105.61,1789737390622,105.77,TP,382448,0.0224,0.0296,-0.0072
B,0.15,0.1,0.001,1789737018795,SHORT,105.61,1789737385210,105.75,SL,366415,-0.0196,0.0296,-0.0492
B,0.15,0.1,0.001,1789737030479,LONG,105.62,1789737392141,105.78,TP,361662,0.0224,0.0296,-0.0072
B,0.15,0.1,0.001,1789737032494,LONG,105.64,1789737485445,105.8,TP,452951,0.0224,0.0296,-0.0072
B,0.15,0.1,0.001,1789737034008,LONG,105.64,1789737485445,105.8,TP,451437,0.0224,0.0296,-0.0072
B,0.15,0.1,0.001,1789737057793,LONG,105.62,1789737392141,105.78,TP,334348,0.0224,0.0296,-0.0072
B,0.15,0.1,0.001,1789737059319,LONG,105.63,1789737482425,105.79,TP,423106,0.0224,0.0296,-0.0072
B,0.15,0.1,0.001,1789737062867,SHORT,105.62,1789737385210,105.75,SL,322343,-0.0182,0.0296,-0.0478
B,0.15,0.1,0.001,1789737071973,SHORT,105.61,1789737385210,105.75,SL,313237,-0.0196,0.0296,-0.0492
B,0.15,0.1,0.001,1789737076027,LONG,105.6,1789737388108,105.76,TP,312081,0.0224,0.0296,-0.0072
B,0.15,0.1,0.001,1789737107395,SHORT,105.62,1789737385210,105.75,SL,277815,-0.0182,0.0296,-0.0478
B,0.15,0.1,0.001,1789737110416,SHORT,105.59,1789737385210,105.75,SL,274794,-0.0224,0.0296,-0.0520
B,0.15,0.1,0.001,1789737126637,LONG,105.61,1789737390622,105.77,TP,263985,0.0224,0.0296,-0.0072
B,0.15,0.1,0.001,1789737169664,LONG,105.61,1789737390622,105.77,TP,220958,0.0224,0.0296,-0.0072
B,0.15,0.1,0.001,1789737173194,LONG,105.59,1789737388108,105.76,TP,214914,0.0238,0.0296,-0.0058
B,0.15,0.1,0.001,1789737184910,LONG,105.6,1789737388108,105.76,TP,203198,0.0224,0.0296,-0.0072
B,0.15,0.1,0.001,1789737187440,LONG,105.59,1789737388108,105.76,TP,200668,0.0238,0.0296,-0.0058
B,0.15,0.1,0.001,1789737193502,LONG,105.6,1789737388108,105.76,TP,194606,0.0224,0.0296,-0.0072
B,0.15,0.1,0.001,1789737195007,SHORT,105.58,1789737385210,105.75,SL,190203,-0.0238,0.0296,-0.0534
B,0.15,0.1,0.001,1789737199279,LONG,105.61,1789737390622,105.77,TP,191343,0.0224,0.0296,-0.0072
B,0.15,0.1,0.001,1789737206609,SHORT,105.62,1789737385210,105.75,SL,178601,-0.0182,0.0296,-0.0478
B,0.15,0.15,0.001,1789736948296,SHORT,105.62,1789737390622,105.78,SL,442326,-0.0224,0.0296,-0.0520
B,0.15,0.15,0.001,1789736988436,LONG,105.64,1789737485445,105.8,TP,497009,0.0224,0.0296,-0.0072
B,0.15,0.15,0.001,1789737002128,LONG,105.61,1789737390622,105.77,TP,388494,0.0224,0.0296,-0.0072
B,0.15,0.15,0.001,1789737004165,SHORT,105.59,1789737385210,105.75,SL,381045,-0.0224,0.0296,-0.0520
B,0.15,0.15,0.001,1789737008174,LONG,105.61,1789737390622,105.77,TP,382448,0.0224,0.0296,-0.0072
B,0.15,0.15,0.001,1789737018795,SHORT,105.61,1789737388108,105.77,SL,369313,-0.0224,0.0296,-0.0520
B,0.15,0.15,0.001,1789737030479,LONG,105.62,1789737392141,105.78,TP,361662,0.0224,0.0296,-0.0072
B,0.15,0.15,0.001,1789737032494,LONG,105.64,1789737485445,105.8,TP,452951,0.0224,0.0296,-0.0072
B,0.15,0.15,0.001,1789737034008,LONG,105.64,1789737485445,105.8,TP,451437,0.0224,0.0296,-0.0072
B,0.15,0.15,0.001,1789737057793,LONG,105.62,1789737392141,105.78,TP,334348,0.0224,0.0296,-0.0072
B,0.15,0.15,0.001,1789737059319,LONG,105.63,1789737482425,105.79,TP,423106,0.0224,0.0296,-0.0072
B,0.15,0.15,0.001,1789737062867,SHORT,105.62,1789737390622,105.78,SL,327755,-0.0224,0.0296,-0.0520
B,0.15,0.15,0.001,1789737071973,SHORT,105.61,1789737388108,105.77,SL,316135,-0.0224,0.0296,-0.0520
B,0.15,0.15,0.001,1789737076027,LONG,105.6,1789737388108,105.76,TP,312081,0.0224,0.0296,-0.0072
B,0.15,0.15,0.001,1789737107395,SHORT,105.62,1789737390622,105.78,SL,283227,-0.0224,0.0296,-0.0520
B,0.15,0.15,0.001,1789737110416,SHORT,105.59,1789737385210,105.75,SL,274794,-0.0224,0.0296,-0.0520
B,0.15,0.15,0.001,1789737126637,LONG,105.61,1789737390622,105.77,TP,263985,0.0224,0.0296,-0.0072
B,0.15,0.15,0.001,1789737169664,LONG,105.61,1789737390622,105.77,TP,220958,0.0224,0.0296,-0.0072
B,0.15,0.15,0.001,1789737173194,LONG,105.59,1789737388108,105.76,TP,214914,0.0238,0.0296,-0.0058
B,0.15,0.15,0.001,1789737184910,LONG,105.6,1789737388108,105.76,TP,203198,0.0224,0.0296,-0.0072
B,0.15,0.15,0.001,1789737187440,LONG,105.59,1789737388108,105.76,TP,200668,0.0238,0.0296,-0.0058
B,0.15,0.15,0.001,1789737193502,LONG,105.6,1789737388108,105.76,TP,194606,0.0224,0.0296,-0.0072
B,0.15,0.15,0.001,1789737195007,SHORT,105.58,1789737385210,105.75,SL,190203,-0.0238,0.0296,-0.0534
B,0.15,0.15,0.001,1789737199279,LONG,105.61,1789737390622,105.77,TP,191343,0.0224,0.0296,-0.0072
B,0.15,0.15,0.001,1789737206609,SHORT,105.62,1789737390622,105.78,SL,184013,-0.0224,0.0296,-0.0520
B,0.15,0.2,0.001,1789736948296,SHORT,105.62,1789737494555,105.86,SL,546259,-0.0336,0.0296,-0.0632
B,0.15,0.2,0.001,1789736988436,LONG,105.64,1789737485445,105.8,TP,497009,0.0224,0.0296,-0.0072
B,0.15,0.2,0.001,1789737002128,LONG,105.61,1789737390622,105.77,TP,388494,0.0224,0.0296,-0.0072
B,0.15,0.2,0.001,1789737004165,SHORT,105.59,1789737485445,105.81,SL,481280,-0.0308,0.0296,-0.0604
B,0.15,0.2,0.001,1789737008174,LONG,105.61,1789737390622,105.77,TP,382448,0.0224,0.0296,-0.0072
B,0.15,0.2,0.001,1789737018795,SHORT,105.61,1789737494073,105.83,SL,475278,-0.0308,0.0296,-0.0604
B,0.15,0.2,0.001,1789737030479,LONG,105.62,1789737392141,105.78,TP,361662,0.0224,0.0296,-0.0072
B,0.15,0.2,0.001,1789737032494,LONG,105.64,1789737485445,105.8,TP,452951,0.0224,0.0296,-0.0072
B,0.15,0.2,0.001,1789737034008,LONG,105.64,1789737485445,105.8,TP,451437,0.0224,0.0296,-0.0072
B,0.15,0.2,0.001,1789737057793,LONG,105.62,1789737392141,105.78,TP,334348,0.0224,0.0296,-0.0072
B,0.15,0.2,0.001,1789737059319,LONG,105.63,1789737482425,105.79,TP,423106,0.0224,0.0296,-0.0072
B,0.15,0.2,0.001,1789737062867,SHORT,105.62,1789737494555,105.86,SL,431688,-0.0336,0.0296,-0.0632
B,0.15,0.2,0.001,1789737071973,SHORT,105.61,1789737494073,105.83,SL,422100,-0.0308,0.0296,-0.0604
B,0.15,0.2,0.001,1789737076027,LONG,105.6,1789737388108,105.76,TP,312081,0.0224,0.0296,-0.0072
B,0.15,0.2,0.001,1789737107395,SHORT,105.62,1789737494555,105.86,SL,387160,-0.0336,0.0296,-0.0632
B,0.15,0.2,0.001,1789737110416,SHORT,105.59,1789737485445,105.81,SL,375029,-0.0308,0.0296,-0.0604
B,0.15,0.2,0.001,1789737126637,LONG,105.61,1789737390622,105.77,TP,263985,0.0224,0.0296,-0.0072
B,0.15,0.2,0.001,1789737169664,LONG,105.61,1789737390622,105.77,TP,220958,0.0224,0.0296,-0.0072
B,0.15,0.2,0.001,1789737173194,LONG,105.59,1789737388108,105.76,TP,214914,0.0238,0.0296,-0.0058
B,0.15,0.2,0.001,1789737184910,LONG,105.6,1789737388108,105.76,TP,203198,0.0224,0.0296,-0.0072
B,0.15,0.2,0.001,1789737187440,LONG,105.59,1789737388108,105.76,TP,200668,0.0238,0.0296,-0.0058
B,0.15,0.2,0.001,1789737193502,LONG,105.6,1789737388108,105.76,TP,194606,0.0224,0.0296,-0.0072
B,0.15,0.25,0.001,1789736948296,SHORT,105.62,1789737515255,105.89,SL,566959,-0.0378,0.0296,-0.0674
B,0.15,0.25,0.001,1789736988436,LONG,105.64,1789737485445,105.8,TP,497009,0.0224,0.0296,-0.0072
B,0.15,0.25,0.001,1789737002128,LONG,105.61,1789737390622,105.77,TP,388494,0.0224,0.0296,-0.0072
B,0.15,0.25,0.001,1789737004165,SHORT,105.59,1789737494555,105.86,SL,490390,-0.0378,0.0296,-0.0674
B,0.15,0.25,0.001,1789737008174,LONG,105.61,1789737390622,105.77,TP,382448,0.0224,0.0296,-0.0072
B,0.15,0.25,0.001,1789737018795,SHORT,105.61,1789737515255,105.89,SL,496460,-0.0392,0.0296,-0.0688
B,0.15,0.25,0.001,1789737030479,LONG,105.62,1789737392141,105.78,TP,361662,0.0224,0.0296,-0.0072
B,0.15,0.25,0.001,1789737032494,LONG,105.64,1789737485445,105.8,TP,452951,0.0224,0.0296,-0.0072
B,0.15,0.25,0.001,1789737034008,LONG,105.64,1789737485445,105.8,TP,451437,0.0224,0.0296,-0.0072
B,0.15,0.25,0.001,1789737057793,LONG,105.62,1789737392141,105.78,TP,334348,0.0224,0.0296,-0.0072
B,0.15,0.25,0.001,1789737059319,LONG,105.63,1789737482425,105.79,TP,423106,0.0224,0.0296,-0.0072
B,0.15,0.25,0.001,1789737062867,SHORT,105.62,1789737515255,105.89,SL,452388,-0.0378,0.0296,-0.0674
B,0.15,0.25,0.001,1789737071973,SHORT,105.61,1789737515255,105.89,SL,443282,-0.0392,0.0296,-0.0688
B,0.15,0.25,0.001,1789737076027,LONG,105.6,1789737388108,105.76,TP,312081,0.0224,0.0296,-0.0072
B,0.15,0.25,0.001,1789737107395,SHORT,105.62,1789737515255,105.89,SL,407860,-0.0378,0.0296,-0.0674
B,0.15,0.25,0.001,1789737110416,SHORT,105.59,1789737494555,105.86,SL,384139,-0.0378,0.0296,-0.0674
B,0.15,0.3,0.001,1789736948296,SHORT,105.62,1789737607864,105.95,SL,659568,-0.0462,0.0296,-0.0758
B,0.15,0.3,0.001,1789736988436,LONG,105.64,1789737485445,105.8,TP,497009,0.0224,0.0296,-0.0072
B,0.15,0.3,0.001,1789737002128,LONG,105.61,1789737390622,105.77,TP,388494,0.0224,0.0296,-0.0072
B,0.15,0.3,0.001,1789737004165,SHORT,105.59,1789737558228,105.91,SL,554063,-0.0448,0.0296,-0.0744
B,0.15,0.3,0.001,1789737008174,LONG,105.61,1789737390622,105.77,TP,382448,0.0224,0.0296,-0.0072
B,0.15,0.3,0.001,1789737018795,SHORT,105.61,1789737578521,105.93,SL,559726,-0.0448,0.0296,-0.0744
B,0.15,0.3,0.001,1789737030479,LONG,105.62,1789737392141,105.78,TP,361662,0.0224,0.0296,-0.0072
B,0.15,0.3,0.001,1789737032494,LONG,105.64,1789737485445,105.8,TP,452951,0.0224,0.0296,-0.0072
B,0.15,0.3,0.001,1789737034008,LONG,105.64,1789737485445,105.8,TP,451437,0.0224,0.0296,-0.0072
B,0.15,0.3,0.001,1789737057793,LONG,105.62,1789737392141,105.78,TP,334348,0.0224,0.0296,-0.0072
B,0.15,0.3,0.001,1789737059319,LONG,105.63,1789737482425,105.79,TP,423106,0.0224,0.0296,-0.0072
B,0.15,0.3,0.001,1789737062867,SHORT,105.62,1789737607864,105.95,SL,544997,-0.0462,0.0296,-0.0758
B,0.15,0.3,0.001,1789737071973,SHORT,105.61,1789737578521,105.93,SL,506548,-0.0448,0.0296,-0.0744
B,0.15,0.3,0.001,1789737076027,LONG,105.6,1789737388108,105.76,TP,312081,0.0224,0.0296,-0.0072
B,0.15,0.3,0.001,1789737107395,SHORT,105.62,1789737607864,105.95,SL,500469,-0.0462,0.0296,-0.0758
B,0.15,0.3,0.001,1789737110416,SHORT,105.59,1789737558228,105.91,SL,447812,-0.0448,0.0296,-0.0744
B,0.15,0.5,0.001,1789736988436,LONG,105.64,1789737485445,105.8,TP,497009,0.0224,0.0296,-0.0072
B,0.15,0.5,0.001,1789737002128,LONG,105.61,1789737390622,105.77,TP,388494,0.0224,0.0296,-0.0072
B,0.15,0.5,0.001,1789737008174,LONG,105.61,1789737390622,105.77,TP,382448,0.0224,0.0296,-0.0072
B,0.15,0.5,0.001,1789737030479,LONG,105.62,1789737392141,105.78,TP,361662,0.0224,0.0296,-0.0072
B,0.15,0.5,0.001,1789737032494,LONG,105.64,1789737485445,105.8,TP,452951,0.0224,0.0296,-0.0072
B,0.15,0.5,0.001,1789737034008,LONG,105.64,1789737485445,105.8,TP,451437,0.0224,0.0296,-0.0072
B,0.15,0.5,0.001,1789737057793,LONG,105.62,1789737392141,105.78,TP,334348,0.0224,0.0296,-0.0072
B,0.15,0.5,0.001,1789737059319,LONG,105.63,1789737482425,105.79,TP,423106,0.0224,0.0296,-0.0072
B,0.15,0.5,0.001,1789737076027,LONG,105.6,1789737388108,105.76,TP,312081,0.0224,0.0296,-0.0072
B,0.15,0.5,0.001,1789737126637,LONG,105.61,1789737390622,105.77,TP,263985,0.0224,0.0296,-0.0072
B,0.15,0.5,0.001,1789737169664,LONG,105.61,1789737390622,105.77,TP,220958,0.0224,0.0296,-0.0072
B,0.15,0.5,0.001,1789737173194,LONG,105.59,1789737388108,105.76,TP,214914,0.0238,0.0296,-0.0058
B,0.15,0.5,0.001,1789737184910,LONG,105.6,1789737388108,105.76,TP,203198,0.0224,0.0296,-0.0072
B,0.15,0.5,0.001,1789737187440,LONG,105.59,1789737388108,105.76,TP,200668,0.0238,0.0296,-0.0058
B,0.15,0.5,0.001,1789737193502,LONG,105.6,1789737388108,105.76,TP,194606,0.0224,0.0296,-0.0072
B,0.15,0.5,0.001,1789737199279,LONG,105.61,1789737390622,105.77,TP,191343,0.0224,0.0296,-0.0072
B,0.15,0.5,0.001,1789737215717,LONG,105.59,1789737388108,105.76,TP,172391,0.0238,0.0296,-0.0058
B,0.15,0.5,0.001,1789737219262,LONG,105.61,1789737390622,105.77,TP,171360,0.0224,0.0296,-0.0072
B,0.15,0.5,0.001,1789737244623,LONG,105.64,1789737485445,105.8,TP,240822,0.0224,0.0296,-0.0072
B,0.15,0.5,0.001,1789737246635,LONG,105.64,1789737485445,105.8,TP,238810,0.0224,0.0296,-0.0072
B,0.15,0.5,0.001,1789737247659,LONG,105.64,1789737485445,105.8,TP,237786,0.0224,0.0296,-0.0072
B,0.15,0.5,0.001,1789737261415,LONG,105.63,1789737482425,105.79,TP,221010,0.0224,0.0296,-0.0072
B,0.15,0.5,0.001,1789737265459,LONG,105.63,1789737482425,105.79,TP,216966,0.0224,0.0296,-0.0072
B,0.15,0.5,0.001,1789737267498,LONG,105.64,1789737485445,105.8,TP,217947,0.0224,0.0296,-0.0072
B,0.15,0.5,0.001,1789737269519,LONG,105.65,1789737494073,105.82,TP,224554,0.0238,0.0296,-0.0058
B,0.15,0.5,0.001,1789737285799,LONG,105.63,1789737482425,105.79,TP,196626,0.0224,0.0296,-0.0072
B,0.15,0.5,0.001,1789737289864,LONG,105.63,1789737482425,105.79,TP,192561,0.0224,0.0296,-0.0072
B,0.15,0.5,0.001,1789737308613,LONG,105.61,1789737390622,105.77,TP,82009,0.0224,0.0296,-0.0072
B,0.15,0.5,0.001,1789737318204,LONG,105.62,1789737392141,105.78,TP,73937,0.0224,0.0296,-0.0072
B,0.15,0.5,0.001,1789737332922,LONG,105.61,1789737390622,105.77,TP,57700,0.0224,0.0296,-0.0072
B,0.15,0.5,0.001,1789737345587,LONG,105.61,1789737390622,105.77,TP,45035,0.0224,0.0296,-0.0072
B,0.15,0.5,0.001,1789737360307,LONG,105.63,1789737482425,105.79,TP,122118,0.0224,0.0296,-0.0072
B,0.15,0.5,0.001,1789737367913,LONG,105.64,1789737485445,105.8,TP,117532,0.0224,0.0296,-0.0072
B,0.15,0.5,0.001,1789737373993,LONG,105.66,1789737494073,105.82,TP,120080,0.0224,0.0296,-0.0072
B,0.15,0.5,0.001,1789737385716,LONG,105.73,1789737527858,105.89,TP,142142,0.0224,0.0296,-0.0072
B,0.15,0.5,0.001,1789737386601,LONG,105.73,1789737527858,105.89,TP,141257,0.0224,0.0296,-0.0072
B,0.15,0.5,0.001,1789737387605,LONG,105.75,1789737578521,105.92,TP,190916,0.0238,0.0296,-0.0058
B,0.15,0.5,0.001,1789737390622,LONG,105.78,1789737607864,105.94,TP,217242,0.0224,0.0296,-0.0072
B,0.15,0.5,0.001,1789737438326,LONG,105.79,1789737663466,105.95,TP,225140,0.0224,0.0296,-0.0072
B,0.15,0.5,0.001,1789737481889,LONG,105.79,1789737663466,105.95,TP,181577,0.0224,0.0296,-0.0072
B,0.15,0.5,0.001,1789737493544,LONG,105.81,1789737691313,105.97,TP,197769,0.0224,0.0296,-0.0072
B,0.15,0.5,0.001,1789737508175,LONG,105.86,1789737777384,106.02,TP,269209,0.0224,0.0297,-0.0073
B,0.2,0.1,0.001,1789736948296,SHORT,105.62,1789737385210,105.75,SL,436914,-0.0182,0.0296,-0.0478
B,0.2,0.1,0.001,1789736988436,LONG,105.64,1789737495061,105.86,TP,506625,0.0308,0.0296,0.0012
B,0.2,0.1,0.001,1789737002128,LONG,105.61,1789737494555,105.85,TP,492427,0.0336,0.0296,0.0040
B,0.2,0.1,0.001,1789737004165,SHORT,105.59,1789737385210,105.75,SL,381045,-0.0224,0.0296,-0.0520
B,0.2,0.1,0.001,1789737008174,LONG,105.61,1789737494555,105.85,TP,486381,0.0336,0.0296,0.0040
B,0.2,0.1,0.001,1789737018795,SHORT,105.61,1789737385210,105.75,SL,366415,-0.0196,0.0296,-0.0492
B,0.2,0.1,0.001,1789737030479,LONG,105.62,1789737494555,105.85,TP,464076,0.0322,0.0296,0.0026
B,0.2,0.1,0.001,1789737032494,LONG,105.64,1789737495061,105.86,TP,462567,0.0308,0.0296,0.0012
B,0.2,0.1,0.001,1789737034008,LONG,105.64,1789737495061,105.86,TP,461053,0.0308,0.0296,0.0012
B,0.2,0.1,0.001,1789737057793,LONG,105.62,1789737494555,105.85,TP,436762,0.0322,0.0296,0.0026
B,0.2,0.1,0.001,1789737059319,LONG,105.63,1789737494555,105.85,TP,435236,0.0308,0.0296,0.0012
B,0.2,0.1,0.001,1789737062867,SHORT,105.62,1789737385210,105.75,SL,322343,-0.0182,0.0296,-0.0478
B,0.2,0.1,0.001,1789737071973,SHORT,105.61,1789737385210,105.75,SL,313237,-0.0196,0.0296,-0.0492
B,0.2,0.1,0.001,1789737076027,LONG,105.6,1789737494073,105.82,TP,418046,0.0308,0.0296,0.0012
B,0.2,0.1,0.001,1789737107395,SHORT,105.62,1789737385210,105.75,SL,277815,-0.0182,0.0296,-0.0478
B,0.2,0.1,0.001,1789737110416,SHORT,105.59,1789737385210,105.75,SL,274794,-0.0224,0.0296,-0.0520
B,0.2,0.1,0.001,1789737126637,LONG,105.61,1789737494555,105.85,TP,367918,0.0336,0.0296,0.0040
B,0.2,0.1,0.001,1789737169664,LONG,105.61,1789737494555,105.85,TP,324891,0.0336,0.0296,0.0040
B,0.2,0.1,0.001,1789737173194,LONG,105.59,1789737494073,105.82,TP,320879,0.0322,0.0296,0.0026
B,0.2,0.1,0.001,1789737184910,LONG,105.6,1789737494073,105.82,TP,309163,0.0308,0.0296,0.0012
B,0.2,0.1,0.001,1789737187440,LONG,105.59,1789737494073,105.82,TP,306633,0.0322,0.0296,0.0026
B,0.2,0.1,0.001,1789737193502,LONG,105.6,1789737494073,105.82,TP,300571,0.0308,0.0296,0.0012
B,0.2,0.1,0.001,1789737195007,SHORT,105.58,1789737385210,105.75,SL,190203,-0.0238,0.0296,-0.0534
B,0.2,0.1,0.001,1789737199279,LONG,105.61,1789737494555,105.85,TP,295276,0.0336,0.0296,0.0040
B,0.2,0.1,0.001,1789737206609,SHORT,105.62,1789737385210,105.75,SL,178601,-0.0182,0.0296,-0.0478
B,0.2,0.1,0.001,1789737208112,SHORT,105.61,1789737385210,105.75,SL,177098,-0.0196,0.0296,-0.0492
B,0.2,0.1,0.001,1789737209644,SHORT,105.61,1789737385210,105.75,SL,175566,-0.0196,0.0296,-0.0492
B,0.2,0.1,0.001,1789737215717,LONG,105.59,1789737494073,105.82,TP,278356,0.0322,0.0296,0.0026
B,0.2,0.1,0.001,1789737219262,LONG,105.61,1789737494555,105.85,TP,275293,0.0336,0.0296,0.0040
B,0.2,0.1,0.001,1789737244623,LONG,105.64,1789737495061,105.86,TP,250438,0.0308,0.0296,0.0012
B,0.2,0.1,0.001,1789737246635,LONG,105.64,1789737495061,105.86,TP,248426,0.0308,0.0296,0.0012
B,0.2,0.1,0.001,1789737247659,LONG,105.64,1789737495061,105.86,TP,247402,0.0308,0.0296,0.0012
B,0.2,0.1,0.001,1789737261415,LONG,105.63,1789737494555,105.85,TP,233140,0.0308,0.0296,0.0012
B,0.2,0.1,0.001,1789737265459,LONG,105.63,1789737494555,105.85,TP,229096,0.0308,0.0296,0.0012
B,0.2,0.1,0.001,1789737267498,LONG,105.64,1789737495061,105.86,TP,227563,0.0308,0.0296,0.0012
B,0.2,0.1,0.001,1789737269519,LONG,105.65,1789737515255,105.88,TP,245736,0.0322,0.0296,0.0026
B,0.2,0.1,0.001,1789737280709,SHORT,105.64,1789737385210,105.75,SL,104501,-0.0154,0.0296,-0.0450
B,0.2,0.15,0.001,1789736948296,SHORT,105.62,1789737390622,105.78,SL,442326,-0.0224,0.0296,-0.0520
B,0.2,0.15,0.001,1789736988436,LONG,105.64,1789737495061,105.86,TP,506625,0.0308,0.0296,0.0012
B,0.2,0.15,0.001,1789737002128,LONG,105.61,1789737494555,105.85,TP,492427,0.0336,0.0296,0.0040
B,0.2,0.15,0.001,1789737004165,SHORT,105.59,1789737385210,105.75,SL,381045,-0.0224,0.0296,-0.0520
B,0.2,0.15,0.001,1789737008174,LONG,105.61,1789737494555,105.85,TP,486381,0.0336,0.0296,0.0040
B,0.2,0.15,0.001,1789737018795,SHORT,105.61,1789737388108,105.77,SL,369313,-0.0224,0.0296,-0.0520
B,0.2,0.15,0.001,1789737030479,LONG,105.62,1789737494555,105.85,TP,464076,0.0322,0.0296,0.0026
B,0.2,0.15,0.001,1789737032494,LONG,105.64,1789737495061,105.86,TP,462567,0.0308,0.0296,0.0012
B,0.2,0.15,0.001,1789737034008,LONG,105.64,1789737495061,105.86,TP,461053,0.0308,0.0296,0.0012
B,0.2,0.15,0.001,1789737057793,LONG,105.62,1789737494555,105.85,TP,436762,0.0322,0.0296,0.0026
B,0.2,0.15,0.001,1789737059319,LONG,105.63,1789737494555,105.85,TP,435236,0.0308,0.0296,0.0012
B,0.2,0.15,0.001,1789737062867,SHORT,105.62,1789737390622,105.78,SL,327755,-0.0224,0.0296,-0.0520
B,0.2,0.15,0.001,1789737071973,SHORT,105.61,1789737388108,105.77,SL,316135,-0.0224,0.0296,-0.0520
B,0.2,0.15,0.001,1789737076027,LONG,105.6,1789737494073,105.82,TP,418046,0.0308,0.0296,0.0012
B,0.2,0.15,0.001,1789737107395,SHORT,105.62,1789737390622,105.78,SL,283227,-0.0224,0.0296,-0.0520
B,0.2,0.15,0.001,1789737110416,SHORT,105.59,1789737385210,105.75,SL,274794,-0.0224,0.0296,-0.0520
B,0.2,0.15,0.001,1789737126637,LONG,105.61,1789737494555,105.85,TP,367918,0.0336,0.0296,0.0040
B,0.2,0.15,0.001,1789737169664,LONG,105.61,1789737494555,105.85,TP,324891,0.0336,0.0296,0.0040
B,0.2,0.15,0.001,1789737173194,LONG,105.59,1789737494073,105.82,TP,320879,0.0322,0.0296,0.0026
B,0.2,0.15,0.001,1789737184910,LONG,105.6,1789737494073,105.82,TP,309163,0.0308,0.0296,0.0012
B,0.2,0.15,0.001,1789737187440,LONG,105.59,1789737494073,105.82,TP,306633,0.0322,0.0296,0.0026
B,0.2,0.15,0.001,1789737193502,LONG,105.6,1789737494073,105.82,TP,300571,0.0308,0.0296,0.0012
B,0.2,0.15,0.001,1789737195007,SHORT,105.58,1789737385210,105.75,SL,190203,-0.0238,0.0296,-0.0534
B,0.2,0.15,0.001,1789737199279,LONG,105.61,1789737494555,105.85,TP,295276,0.0336,0.0296,0.0040
B,0.2,0.15,0.001,1789737206609,SHORT,105.62,1789737390622,105.78,SL,184013,-0.0224,0.0296,-0.0520
B,0.2,0.15,0.001,1789737208112,SHORT,105.61,1789737388108,105.77,SL,179996,-0.0224,0.0296,-0.0520
B,0.2,0.15,0.001,1789737209644,SHORT,105.61,1789737388108,105.77,SL,178464,-0.0224,0.0296,-0.0520
B,0.2,0.2,0.001,1789736948296,SHORT,105.62,1789737494555,105.86,SL,546259,-0.0336,0.0296,-0.0632
B,0.2,0.2,0.001,1789736988436,LONG,105.64,1789737495061,105.86,TP,506625,0.0308,0.0296,0.0012
B,0.2,0.2,0.001,1789737002128,LONG,105.61,1789737494555,105.85,TP,492427,0.0336,0.0296,0.0040
B,0.2,0.2,0.001,1789737004165,SHORT,105.59,1789737485445,105.81,SL,481280,-0.0308,0.0296,-0.0604
B,0.2,0.2,0.001,1789737008174,LONG,105.61,1789737494555,105.85,TP,486381,0.0336,0.0296,0.0040
B,0.2,0.2,0.001,1789737018795,SHORT,105.61,1789737494073,105.83,SL,475278,-0.0308,0.0296,-0.0604
B,0.2,0.2,0.001,1789737030479,LONG,105.62,1789737494555,105.85,TP,464076,0.0322,0.0296,0.0026
B,0.2,0.2,0.001,1789737032494,LONG,105.64,1789737495061,105.86,TP,462567,0.0308,0.0296,0.0012
B,0.2,0.2,0.001,1789737034008,LONG,105.64,1789737495061,105.86,TP,461053,0.0308,0.0296,0.0012
B,0.2,0.2,0.001,1789737057793,LONG,105.62,1789737494555,105.85,TP,436762,0.0322,0.0296,0.0026
B,0.2,0.2,0.001,1789737059319,LONG,105.63,1789737494555,105.85,TP,435236,0.0308,0.0296,0.0012
B,0.2,0.2,0.001,1789737062867,SHORT,105.62,1789737494555,105.86,SL,431688,-0.0336,0.0296,-0.0632
B,0.2,0.2,0.001,1789737071973,SHORT,105.61,1789737494073,105.83,SL,422100,-0.0308,0.0296,-0.0604
B,0.2,0.2,0.001,1789737076027,LONG,105.6,1789737494073,105.82,TP,418046,0.0308,0.0296,0.0012
B,0.2,0.2,0.001,1789737107395,SHORT,105.62,1789737494555,105.86,SL,387160,-0.0336,0.0296,-0.0632
B,0.2,0.2,0.001,1789737110416,SHORT,105.59,1789737485445,105.81,SL,375029,-0.0308,0.0296,-0.0604
B,0.2,0.2,0.001,1789737126637,LONG,105.61,1789737494555,105.85,TP,367918,0.0336,0.0296,0.0040
B,0.2,0.2,0.001,1789737169664,LONG,105.61,1789737494555,105.85,TP,324891,0.0336,0.0296,0.0040
B,0.2,0.2,0.001,1789737173194,LONG,105.59,1789737494073,105.82,TP,320879,0.0322,0.0296,0.0026
B,0.2,0.2,0.001,1789737184910,LONG,105.6,1789737494073,105.82,TP,309163,0.0308,0.0296,0.0012
B,0.2,0.2,0.001,1789737187440,LONG,105.59,1789737494073,105.82,TP,306633,0.0322,0.0296,0.0026
B,0.2,0.2,0.001,1789737193502,LONG,105.6,1789737494073,105.82,TP,300571,0.0308,0.0296,0.0012
B,0.2,0.2,0.001,1789737195007,SHORT,105.58,1789737482425,105.8,SL,287418,-0.0308,0.0296,-0.0604
B,0.2,0.2,0.001,1789737199279,LONG,105.61,1789737494555,105.85,TP,295276,0.0336,0.0296,0.0040
B,0.2,0.2,0.001,1789737206609,SHORT,105.62,1789737494555,105.86,SL,287946,-0.0336,0.0296,-0.0632
B,0.2,0.2,0.001,1789737208112,SHORT,105.61,1789737494073,105.83,SL,285961,-0.0308,0.0296,-0.0604
B,0.2,0.25,0.001,1789736948296,SHORT,105.62,1789737515255,105.89,SL,566959,-0.0378,0.0296,-0.0674
B,0.2,0.25,0.001,1789736988436,LONG,105.64,1789737495061,105.86,TP,506625,0.0308,0.0296,0.0012
B,0.2,0.25,0.001,1789737002128,LONG,105.61,1789737494555,105.85,TP,492427,0.0336,0.0296,0.0040
B,0.2,0.25,0.001,1789737004165,SHORT,105.59,1789737494555,105.86,SL,490390,-0.0378,0.0296,-0.0674
B,0.2,0.25,0.001,1789737008174,LONG,105.61,1789737494555,105.85,TP,486381,0.0336,0.0296,0.0040
B,0.2,0.25,0.001,1789737018795,SHORT,105.61,1789737515255,105.89,SL,496460,-0.0392,0.0296,-0.0688
B,0.2,0.25,0.001,1789737030479,LONG,105.62,1789737494555,105.85,TP,464076,0.0322,0.0296,0.0026
B,0.2,0.25,0.001,1789737032494,LONG,105.64,1789737495061,105.86,TP,462567,0.0308,0.0296,0.0012
B,0.2,0.25,0.001,1789737034008,LONG,105.64,1789737495061,105.86,TP,461053,0.0308,0.0296,0.0012
B,0.2,0.25,0.001,1789737057793,LONG,105.62,1789737494555,105.85,TP,436762,0.0322,0.0296,0.0026
B,0.2,0.25,0.001,1789737059319,LONG,105.63,1789737494555,105.85,TP,435236,0.0308,0.0296,0.0012
B,0.2,0.25,0.001,1789737062867,SHORT,105.62,1789737515255,105.89,SL,452388,-0.0378,0.0296,-0.0674
B,0.2,0.25,0.001,1789737071973,SHORT,105.61,1789737515255,105.89,SL,443282,-0.0392,0.0296,-0.0688
B,0.2,0.25,0.001,1789737076027,LONG,105.6,1789737494073,105.82,TP,418046,0.0308,0.0296,0.0012
B,0.2,0.25,0.001,1789737107395,SHORT,105.62,1789737515255,105.89,SL,407860,-0.0378,0.0296,-0.0674
B,0.2,0.25,0.001,1789737110416,SHORT,105.59,1789737494555,105.86,SL,384139,-0.0378,0.0296,-0.0674
B,0.2,0.25,0.001,1789737126637,LONG,105.61,1789737494555,105.85,TP,367918,0.0336,0.0296,0.0040
B,0.2,0.25,0.001,1789737169664,LONG,105.61,1789737494555,105.85,TP,324891,0.0336,0.0296,0.0040
B,0.2,0.25,0.001,1789737173194,LONG,105.59,1789737494073,105.82,TP,320879,0.0322,0.0296,0.0026
B,0.2,0.25,0.001,1789737184910,LONG,105.6,1789737494073,105.82,TP,309163,0.0308,0.0296,0.0012
B,0.2,0.25,0.001,1789737187440,LONG,105.59,1789737494073,105.82,TP,306633,0.0322,0.0296,0.0026
B,0.2,0.25,0.001,1789737193502,LONG,105.6,1789737494073,105.82,TP,300571,0.0308,0.0296,0.0012
B,0.2,0.25,0.001,1789737195007,SHORT,105.58,1789737494555,105.86,SL,299548,-0.0392,0.0296,-0.0688
B,0.2,0.25,0.001,1789737199279,LONG,105.61,1789737494555,105.85,TP,295276,0.0336,0.0296,0.0040
B,0.2,0.25,0.001,1789737206609,SHORT,105.62,1789737515255,105.89,SL,308646,-0.0378,0.0296,-0.0674
B,0.2,0.3,0.001,1789736948296,SHORT,105.62,1789737607864,105.95,SL,659568,-0.0462,0.0296,-0.0758
B,0.2,0.3,0.001,1789736988436,LONG,105.64,1789737495061,105.86,TP,506625,0.0308,0.0296,0.0012
B,0.2,0.3,0.001,1789737002128,LONG,105.61,1789737494555,105.85,TP,492427,0.0336,0.0296,0.0040
B,0.2,0.3,0.001,1789737004165,SHORT,105.59,1789737558228,105.91,SL,554063,-0.0448,0.0296,-0.0744
B,0.2,0.3,0.001,1789737008174,LONG,105.61,1789737494555,105.85,TP,486381,0.0336,0.0296,0.0040
B,0.2,0.3,0.001,1789737018795,SHORT,105.61,1789737578521,105.93,SL,559726,-0.0448,0.0296,-0.0744
B,0.2,0.3,0.001,1789737030479,LONG,105.62,1789737494555,105.85,TP,464076,0.0322,0.0296,0.0026
B,0.2,0.3,0.001,1789737032494,LONG,105.64,1789737495061,105.86,TP,462567,0.0308,0.0296,0.0012
B,0.2,0.3,0.001,1789737034008,LONG,105.64,1789737495061,105.86,TP,461053,0.0308,0.0296,0.0012
B,0.2,0.3,0.001,1789737057793,LONG,105.62,1789737494555,105.85,TP,436762,0.0322,0.0296,0.0026
B,0.2,0.3,0.001,1789737059319,LONG,105.63,1789737494555,105.85,TP,435236,0.0308,0.0296,0.0012
B,0.2,0.3,0.001,1789737062867,SHORT,105.62,1789737607864,105.95,SL,544997,-0.0462,0.0296,-0.0758
B,0.2,0.3,0.001,1789737071973,SHORT,105.61,1789737578521,105.93,SL,506548,-0.0448,0.0296,-0.0744
B,0.2,0.3,0.001,1789737076027,LONG,105.6,1789737494073,105.82,TP,418046,0.0308,0.0296,0.0012
B,0.2,0.3,0.001,1789737107395,SHORT,105.62,1789737607864,105.95,SL,500469,-0.0462,0.0296,-0.0758
B,0.2,0.3,0.001,1789737110416,SHORT,105.59,1789737558228,105.91,SL,447812,-0.0448,0.0296,-0.0744
B,0.2,0.3,0.001,1789737126637,LONG,105.61,1789737494555,105.85,TP,367918,0.0336,0.0296,0.0040
B,0.2,0.3,0.001,1789737169664,LONG,105.61,1789737494555,105.85,TP,324891,0.0336,0.0296,0.0040
B,0.2,0.3,0.001,1789737173194,LONG,105.59,1789737494073,105.82,TP,320879,0.0322,0.0296,0.0026
B,0.2,0.3,0.001,1789737184910,LONG,105.6,1789737494073,105.82,TP,309163,0.0308,0.0296,0.0012
B,0.2,0.3,0.001,1789737187440,LONG,105.59,1789737494073,105.82,TP,306633,0.0322,0.0296,0.0026
B,0.2,0.3,0.001,1789737193502,LONG,105.6,1789737494073,105.82,TP,300571,0.0308,0.0296,0.0012
B,0.2,0.3,0.001,1789737195007,SHORT,105.58,1789737527858,105.9,SL,332851,-0.0448,0.0296,-0.0744
B,0.2,0.5,0.001,1789736988436,LONG,105.64,1789737495061,105.86,TP,506625,0.0308,0.0296,0.0012
B,0.2,0.5,0.001,1789737002128,LONG,105.61,1789737494555,105.85,TP,492427,0.0336,0.0296,0.0040
B,0.2,0.5,0.001,1789737008174,LONG,105.61,1789737494555,105.85,TP,486381,0.0336,0.0296,0.0040
B,0.2,0.5,0.001,1789737030479,LONG,105.62,1789737494555,105.85,TP,464076,0.0322,0.0296,0.0026
B,0.2,0.5,0.001,1789737032494,LONG,105.64,1789737495061,105.86,TP,462567,0.0308,0.0296,0.0012
B,0.2,0.5,0.001,1789737034008,LONG,105.64,1789737495061,105.86,TP,461053,0.0308,0.0296,0.0012
B,0.2,0.5,0.001,1789737057793,LONG,105.62,1789737494555,105.85,TP,436762,0.0322,0.0296,0.0026
B,0.2,0.5,0.001,1789737059319,LONG,105.63,1789737494555,105.85,TP,435236,0.0308,0.0296,0.0012
B,0.2,0.5,0.001,1789737076027,LONG,105.6,1789737494073,105.82,TP,418046,0.0308,0.0296,0.0012
B,0.2,0.5,0.001,1789737126637,LONG,105.61,1789737494555,105.85,TP,367918,0.0336,0.0296,0.0040
B,0.2,0.5,0.001,1789737169664,LONG,105.61,1789737494555,105.85,TP,324891,0.0336,0.0296,0.0040
B,0.2,0.5,0.001,1789737173194,LONG,105.59,1789737494073,105.82,TP,320879,0.0322,0.0296,0.0026
B,0.2,0.5,0.001,1789737184910,LONG,105.6,1789737494073,105.82,TP,309163,0.0308,0.0296,0.0012
B,0.2,0.5,0.001,1789737187440,LONG,105.59,1789737494073,105.82,TP,306633,0.0322,0.0296,0.0026
B,0.2,0.5,0.001,1789737193502,LONG,105.6,1789737494073,105.82,TP,300571,0.0308,0.0296,0.0012
B,0.2,0.5,0.001,1789737199279,LONG,105.61,1789737494555,105.85,TP,295276,0.0336,0.0296,0.0040
B,0.2,0.5,0.001,1789737215717,LONG,105.59,1789737494073,105.82,TP,278356,0.0322,0.0296,0.0026
B,0.2,0.5,0.001,1789737219262,LONG,105.61,1789737494555,105.85,TP,275293,0.0336,0.0296,0.0040
B,0.2,0.5,0.001,1789737244623,LONG,105.64,1789737495061,105.86,TP,250438,0.0308,0.0296,0.0012
B,0.2,0.5,0.001,1789737246635,LONG,105.64,1789737495061,105.86,TP,248426,0.0308,0.0296,0.0012
B,0.2,0.5,0.001,1789737247659,LONG,105.64,1789737495061,105.86,TP,247402,0.0308,0.0296,0.0012
B,0.2,0.5,0.001,1789737261415,LONG,105.63,1789737494555,105.85,TP,233140,0.0308,0.0296,0.0012
B,0.2,0.5,0.001,1789737265459,LONG,105.63,1789737494555,105.85,TP,229096,0.0308,0.0296,0.0012
B,0.2,0.5,0.001,1789737267498,LONG,105.64,1789737495061,105.86,TP,227563,0.0308,0.0296,0.0012
B,0.2,0.5,0.001,1789737269519,LONG,105.65,1789737515255,105.88,TP,245736,0.0322,0.0296,0.0026
B,0.2,0.5,0.001,1789737285799,LONG,105.63,1789737494555,105.85,TP,208756,0.0308,0.0296,0.0012
B,0.2,0.5,0.001,1789737289864,LONG,105.63,1789737494555,105.85,TP,204691,0.0308,0.0296,0.0012
B,0.2,0.5,0.001,1789737308613,LONG,105.61,1789737494555,105.85,TP,185942,0.0336,0.0296,0.0040
B,0.2,0.5,0.001,1789737318204,LONG,105.62,1789737494555,105.85,TP,176351,0.0322,0.0296,0.0026
B,0.2,0.5,0.001,1789737332922,LONG,105.61,1789737494555,105.85,TP,161633,0.0336,0.0296,0.0040
B,0.2,0.5,0.001,1789737345587,LONG,105.61,1789737494555,105.85,TP,148968,0.0336,0.0296,0.0040
B,0.2,0.5,0.001,1789737360307,LONG,105.63,1789737494555,105.85,TP,134248,0.0308,0.0296,0.0012
B,0.2,0.5,0.001,1789737367913,LONG,105.64,1789737495061,105.86,TP,127148,0.0308,0.0296,0.0012
B,0.2,0.5,0.001,1789737373993,LONG,105.66,1789737515255,105.88,TP,141262,0.0308,0.0296,0.0012
B,0.2,0.5,0.001,1789737385716,LONG,105.73,1789737663466,105.95,TP,277750,0.0308,0.0296,0.0012
B,0.2,0.5,0.001,1789737386601,LONG,105.73,1789737663466,105.95,TP,276865,0.0308,0.0296,0.0012
B,0.2,0.5,0.001,1789737387605,LONG,105.75,1789737691313,105.97,TP,303708,0.0308,0.0296,0.0012
B,0.2,0.5,0.001,1789737390622,LONG,105.78,1789737769743,106,TP,379121,0.0308,0.0296,0.0012
B,0.2,0.5,0.001,1789737438326,LONG,105.79,1789737773819,106.01,TP,335493,0.0308,0.0297,0.0011
B,0.2,0.5,0.001,1789737481889,LONG,105.79,1789737773819,106.01,TP,291930,0.0308,0.0297,0.0011
B,0.2,0.5,0.001,1789737493544,LONG,105.81,1789737778917,106.03,TP,285373,0.0308,0.0297,0.0011
B,0.25,0.1,0.001,1789736948296,SHORT,105.62,1789737385210,105.75,SL,436914,-0.0182,0.0296,-0.0478
B,0.25,0.1,0.001,1789736988436,LONG,105.64,1789737578521,105.92,TP,590085,0.0392,0.0296,0.0096
B,0.25,0.1,0.001,1789737002128,LONG,105.61,1789737515255,105.88,TP,513127,0.0378,0.0296,0.0082
B,0.25,0.1,0.001,1789737004165,SHORT,105.59,1789737385210,105.75,SL,381045,-0.0224,0.0296,-0.0520
B,0.25,0.1,0.001,1789737008174,LONG,105.61,1789737515255,105.88,TP,507081,0.0378,0.0296,0.0082
B,0.25,0.1,0.001,1789737018795,SHORT,105.61,1789737385210,105.75,SL,366415,-0.0196,0.0296,-0.0492
B,0.25,0.1,0.001,1789737030479,LONG,105.62,1789737527858,105.89,TP,497379,0.0378,0.0296,0.0082
B,0.25,0.1,0.001,1789737032494,LONG,105.64,1789737578521,105.92,TP,546027,0.0392,0.0296,0.0096
B,0.25,0.1,0.001,1789737034008,LONG,105.64,1789737578521,105.92,TP,544513,0.0392,0.0296,0.0096
B,0.25,0.1,0.001,1789737057793,LONG,105.62,1789737527858,105.89,TP,470065,0.0378,0.0296,0.0082
B,0.25,0.1,0.001,1789737059319,LONG,105.63,1789737558228,105.9,TP,498909,0.0378,0.0296,0.0082
B,0.25,0.1,0.001,1789737062867,SHORT,105.62,1789737385210,105.75,SL,322343,-0.0182,0.0296,-0.0478
B,0.25,0.1,0.001,1789737071973,SHORT,105.61,1789737385210,105.75,SL,313237,-0.0196,0.0296,-0.0492
B,0.25,0.1,0.001,1789737076027,LONG,105.6,1789737515255,105.88,TP,439228,0.0392,0.0296,0.0096
B,0.25,0.1,0.001,1789737107395,SHORT,105.62,1789737385210,105.75,SL,277815,-0.0182,0.0296,-0.0478
B,0.25,0.1,0.001,1789737110416,SHORT,105.59,1789737385210,105.75,SL,274794,-0.0224,0.0296,-0.0520
B,0.25,0.1,0.001,1789737126637,LONG,105.61,1789737515255,105.88,TP,388618,0.0378,0.0296,0.0082
B,0.25,0.1,0.001,1789737169664,LONG,105.61,1789737515255,105.88,TP,345591,0.0378,0.0296,0.0082
B,0.25,0.1,0.001,1789737173194,LONG,105.59,1789737495061,105.86,TP,321867,0.0378,0.0296,0.0082
B,0.25,0.1,0.001,1789737184910,LONG,105.6,1789737515255,105.88,TP,330345,0.0392,0.0296,0.0096
B,0.25,0.1,0.001,1789737187440,LONG,105.59,1789737495061,105.86,TP,307621,0.0378,0.0296,0.0082
B,0.25,0.1,0.001,1789737193502,LONG,105.6,1789737515255,105.88,TP,321753,0.0392,0.0296,0.0096
B,0.25,0.1,0.001,1789737195007,SHORT,105.58,1789737385210,105.75,SL,190203,-0.0238,0.0296,-0.0534
B,0.25,0.1,0.001,1789737199279,LONG,105.61,1789737515255,105.88,TP,315976,0.0378,0.0296,0.0082
B,0.25,0.1,0.001,1789737206609,SHORT,105.62,1789737385210,105.75,SL,178601,-0.0182,0.0296,-0.0478
B,0.25,0.1,0.001,1789737208112,SHORT,105.61,1789737385210,105.75,SL,177098,-0.0196,0.0296,-0.0492
B,0.25,0.1,0.001,1789737209644,SHORT,105.61,1789737385210,105.75,SL,175566,-0.0196,0.0296,-0.0492
B,0.25,0.1,0.001,1789737215717,LONG,105.59,1789737495061,105.86,TP,279344,0.0378,0.0296,0.0082
B,0.25,0.1,0.001,1789737219262,LONG,105.61,1789737515255,105.88,TP,295993,0.0378,0.0296,0.0082
B,0.25,0.1,0.001,1789737244623,LONG,105.64,1789737578521,105.92,TP,333898,0.0392,0.0296,0.0096
B,0.25,0.1,0.001,1789737246635,LONG,105.64,1789737578521,105.92,TP,331886,0.0392,0.0296,0.0096
B,0.25,0.1,0.001,1789737247659,LONG,105.64,1789737578521,105.92,TP,330862,0.0392,0.0296,0.0096
B,0.25,0.1,0.001,1789737261415,LONG,105.63,1789737558228,105.9,TP,296813,0.0378,0.0296,0.0082
B,0.25,0.1,0.001,1789737265459,LONG,105.63,1789737558228,105.9,TP,292769,0.0378,0.0296,0.0082
B,0.25,0.1,0.001,1789737267498,LONG,105.64,1789737578521,105.92,TP,311023,0.0392,0.0296,0.0096
B,0.25,0.1,0.001,1789737269519,LONG,105.65,1789737578521,105.92,TP,309002,0.0378,0.0296,0.0082
B,0.25,0.1,0.001,1789737280709,SHORT,105.64,1789737385210,105.75,SL,104501,-0.0154,0.0296,-0.0450
B,0.25,0.1,0.001,1789737285799,LONG,105.63,1789737558228,105.9,TP,272429,0.0378,0.0296,0.0082
B,0.25,0.1,0.001,1789737289864,LONG,105.63,1789737558228,105.9,TP,268364,0.0378,0.0296,0.0082
B,0.25,0.1,0.001,1789737299008,SHORT,105.61,1789737385210,105.75,SL,86202,-0.0196,0.0296,-0.0492
B,0.25,0.1,0.001,1789737308613,LONG,105.61,1789737515255,105.88,TP,206642,0.0378,0.0296,0.0082
B,0.25,0.1,0.001,1789737318204,LONG,105.62,1789737527858,105.89,TP,209654,0.0378,0.0296,0.0082
B,0.25,0.1,0.001,1789737332922,LONG,105.61,1789737515255,105.88,TP,182333,0.0378,0.0296,0.0082
B,0.25,0.1,0.001,1789737341003,SHORT,105.6,1789737385210,105.75,SL,44207,-0.0210,0.0296,-0.0506
B,0.25,0.1,0.001,1789737345587,LONG,105.61,1789737515255,105.88,TP,169668,0.0378,0.0296,0.0082
B,0.25,0.1,0.001,1789737360307,LONG,105.63,1789737558228,105.9,TP,197921,0.0378,0.0296,0.0082
B,0.25,0.1,0.001,1789737367913,LONG,105.64,1789737578521,105.92,TP,210608,0.0392,0.0296,0.0096
B,0.25,0.1,0.001,1789737373993,LONG,105.66,1789737607864,105.94,TP,233871,0.0392,0.0296,0.0096
B,0.25,0.1,0.001,1789737380029,SHORT,105.66,1789737388108,105.77,SL,8079,-0.0154,0.0296,-0.0450
B,0.25,0.1,0.001,1789737385716,LONG,105.73,1789737769743,106,TP,384027,0.0378,0.0296,0.0082
B,0.25,0.1,0.001,1789737386601,LONG,105.73,1789737769743,106,TP,383142,0.0378,0.0296,0.0082
B,0.25,0.1,0.001,1789737387605,LONG,105.75,1789737777384,106.02,TP,389779,0.0378,0.0296,0.0082
B,0.25,0.1,0.001,1789737502102,SHORT,105.84,1789737607864,105.95,SL,105762,-0.0154,0.0297,-0.0451
B,0.25,0.1,0.001,1789737505134,SHORT,105.84,1789737607864,105.95,SL,102730,-0.0154,0.0297,-0.0451
B,0.25,0.1,0.001,1789737560759,SHORT,105.9,1789737769743,106.01,SL,208984,-0.0154,0.0297,-0.0451
B,0.25,0.15,0.001,1789736948296,SHORT,105.62,1789737390622,105.78,SL,442326,-0.0224,0.0296,-0.0520
B,0.25,0.15,0.001,1789736988436,LONG,105.64,1789737578521,105.92,TP,590085,0.0392,0.0296,0.0096
B,0.25,0.15,0.001,1789737002128,LONG,105.61,1789737515255,105.88,TP,513127,0.0378,0.0296,0.0082
B,0.25,0.15,0.001,1789737004165,SHORT,105.59,1789737385210,105.75,SL,381045,-0.0224,0.0296,-0.0520
B,0.25,0.15,0.001,1789737008174,LONG,105.61,1789737515255,105.88,TP,507081,0.0378,0.0296,0.0082
B,0.25,0.15,0.001,1789737018795,SHORT,105.61,1789737388108,105.77,SL,369313,-0.0224,0.0296,-0.0520
B,0.25,0.15,0.001,1789737030479,LONG,105.62,1789737527858,105.89,TP,497379,0.0378,0.0296,0.0082
B,0.25,0.15,0.001,1789737032494,LONG,105.64,1789737578521,105.92,TP,546027,0.0392,0.0296,0.0096
B,0.25,0.15,0.001,1789737034008,LONG,105.64,1789737578521,105.92,TP,544513,0.0392,0.0296,0.0096
B,0.25,0.15,0.001,1789737057793,LONG,105.62,1789737527858,105.89,TP,470065,0.0378,0.0296,0.0082
B,0.25,0.15,0.001,1789737059319,LONG,105.63,1789737558228,105.9,TP,498909,0.0378,0.0296,0.0082
B,0.25,0.15,0.001,1789737062867,SHORT,105.62,1789737390622,105.78,SL,327755,-0.0224,0.0296,-0.0520
B,0.25,0.15,0.001,1789737071973,SHORT,105.61,1789737388108,105.77,SL,316135,-0.0224,0.0296,-0.0520
B,0.25,0.15,0.001,1789737076027,LONG,105.6,1789737515255,105.88,TP,439228,0.0392,0.0296,0.0096
B,0.25,0.15,0.001,1789737107395,SHORT,105.62,1789737390622,105.78,SL,283227,-0.0224,0.0296,-0.0520
B,0.25,0.15,0.001,1789737110416,SHORT,105.59,1789737385210,105.75,SL,274794,-0.0224,0.0296,-0.0520
B,0.25,0.15,0.001,1789737126637,LONG,105.61,1789737515255,105.88,TP,388618,0.0378,0.0296,0.0082
B,0.25,0.15,0.001,1789737169664,LONG,105.61,1789737515255,105.88,TP,345591,0.0378,0.0296,0.0082
B,0.25,0.15,0.001,1789737173194,LONG,105.59,1789737495061,105.86,TP,321867,0.0378,0.0296,0.0082
B,0.25,0.15,0.001,1789737184910,LONG,105.6,1789737515255,105.88,TP,330345,0.0392,0.0296,0.0096
B,0.25,0.15,0.001,1789737187440,LONG,105.59,1789737495061,105.86,TP,307621,0.0378,0.0296,0.0082
B,0.25,0.15,0.001,1789737193502,LONG,105.6,1789737515255,105.88,TP,321753,0.0392,0.0296,0.0096
B,0.25,0.15,0.001,1789737195007,SHORT,105.58,1789737385210,105.75,SL,190203,-0.0238,0.0296,-0.0534
B,0.25,0.15,0.001,1789737199279,LONG,105.61,1789737515255,105.88,TP,315976,0.0378,0.0296,0.0082
B,0.25,0.15,0.001,1789737206609,SHORT,105.62,1789737390622,105.78,SL,184013,-0.0224,0.0296,-0.0520
B,0.25,0.15,0.001,1789737208112,SHORT,105.61,1789737388108,105.77,SL,179996,-0.0224,0.0296,-0.0520
B,0.25,0.15,0.001,1789737209644,SHORT,105.61,1789737388108,105.77,SL,178464,-0.0224,0.0296,-0.0520
B,0.25,0.15,0.001,1789737215717,LONG,105.59,1789737495061,105.86,TP,279344,0.0378,0.0296,0.0082
B,0.25,0.15,0.001,1789737219262,LONG,105.61,1789737515255,105.88,TP,295993,0.0378,0.0296,0.0082
B,0.25,0.15,0.001,1789737244623,LONG,105.64,1789737578521,105.92,TP,333898,0.0392,0.0296,0.0096
B,0.25,0.15,0.001,1789737246635,LONG,105.64,1789737578521,105.92,TP,331886,0.0392,0.0296,0.0096
B,0.25,0.15,0.001,1789737247659,LONG,105.64,1789737578521,105.92,TP,330862,0.0392,0.0296,0.0096
B,0.25,0.15,0.001,1789737261415,LONG,105.63,1789737558228,105.9,TP,296813,0.0378,0.0296,0.0082
B,0.25,0.15,0.001,1789737265459,LONG,105.63,1789737558228,105.9,TP,292769,0.0378,0.0296,0.0082
B,0.25,0.15,0.001,1789737267498,LONG,105.64,1789737578521,105.92,TP,311023,0.0392,0.0296,0.0096
B,0.25,0.15,0.001,1789737269519,LONG,105.65,1789737578521,105.92,TP,309002,0.0378,0.0296,0.0082
B,0.25,0.15,0.001,1789737280709,SHORT,105.64,1789737482425,105.8,SL,201716,-0.0224,0.0296,-0.0520
B,0.25,0.15,0.001,1789737285799,LONG,105.63,1789737558228,105.9,TP,272429,0.0378,0.0296,0.0082
B,0.25,0.15,0.001,1789737289864,LONG,105.63,1789737558228,105.9,TP,268364,0.0378,0.0296,0.0082
B,0.25,0.15,0.001,1789737299008,SHORT,105.61,1789737388108,105.77,SL,89100,-0.0224,0.0296,-0.0520
B,0.25,0.15,0.001,1789737308613,LONG,105.61,1789737515255,105.88,TP,206642,0.0378,0.0296,0.0082
B,0.25,0.15,0.001,1789737318204,LONG,105.62,1789737527858,105.89,TP,209654,0.0378,0.0296,0.0082
B,0.25,0.15,0.001,1789737332922,LONG,105.61,1789737515255,105.88,TP,182333,0.0378,0.0296,0.0082
B,0.25,0.15,0.001,1789737341003,SHORT,105.6,1789737388108,105.77,SL,47105,-0.0238,0.0296,-0.0534
B,0.25,0.15,0.001,1789737345587,LONG,105.61,1789737515255,105.88,TP,169668,0.0378,0.0296,0.0082
B,0.25,0.15,0.001,1789737360307,LONG,105.63,1789737558228,105.9,TP,197921,0.0378,0.0296,0.0082
B,0.25,0.15,0.001,1789737367913,LONG,105.64,1789737578521,105.92,TP,210608,0.0392,0.0296,0.0096
B,0.25,0.15,0.001,1789737373993,LONG,105.66,1789737607864,105.94,TP,233871,0.0392,0.0296,0.0096
B,0.25,0.15,0.001,1789737380029,SHORT,105.66,1789737494073,105.83,SL,114044,-0.0238,0.0296,-0.0534
B,0.25,0.15,0.001,1789737385716,LONG,105.73,1789737769743,106,TP,384027,0.0378,0.0296,0.0082
B,0.25,0.15,0.001,1789737386601,LONG,105.73,1789737769743,106,TP,383142,0.0378,0.0296,0.0082
B,0.25,0.15,0.001,1789737387605,LONG,105.75,1789737777384,106.02,TP,389779,0.0378,0.0296,0.0082
B,0.25,0.15,0.001,1789737502102,SHORT,105.84,1789737726711,106,SL,224609,-0.0224,0.0297,-0.0521
B,0.25,0.15,0.001,1789737505134,SHORT,105.84,1789737726711,106,SL,221577,-0.0224,0.0297,-0.0521
B,0.25,0.2,0.001,1789736948296,SHORT,105.62,1789737494555,105.86,SL,546259,-0.0336,0.0296,-0.0632
B,0.25,0.2,0.001,1789736988436,LONG,105.64,1789737578521,105.92,TP,590085,0.0392,0.0296,0.0096
B,0.25,0.2,0.001,1789737002128,LONG,105.61,1789737515255,105.88,TP,513127,0.0378,0.0296,0.0082
B,0.25,0.2,0.001,1789737004165,SHORT,105.59,1789737485445,105.81,SL,481280,-0.0308,0.0296,-0.0604
B,0.25,0.2,0.001,1789737008174,LONG,105.61,1789737515255,105.88,TP,507081,0.0378,0.0296,0.0082
B,0.25,0.2,0.001,1789737018795,SHORT,105.61,1789737494073,105.83,SL,475278,-0.0308,0.0296,-0.0604
B,0.25,0.2,0.001,1789737030479,LONG,105.62,1789737527858,105.89,TP,497379,0.0378,0.0296,0.0082
B,0.25,0.2,0.001,1789737032494,LONG,105.64,1789737578521,105.92,TP,546027,0.0392,0.0296,0.0096
B,0.25,0.2,0.001,1789737034008,LONG,105.64,1789737578521,105.92,TP,544513,0.0392,0.0296,0.0096
B,0.25,0.2,0.001,1789737057793,LONG,105.62,1789737527858,105.89,TP,470065,0.0378,0.0296,0.0082
B,0.25,0.2,0.001,1789737059319,LONG,105.63,1789737558228,105.9,TP,498909,0.0378,0.0296,0.0082
B,0.25,0.2,0.001,1789737062867,SHORT,105.62,1789737494555,105.86,SL,431688,-0.0336,0.0296,-0.0632
B,0.25,0.2,0.001,1789737071973,SHORT,105.61,1789737494073,105.83,SL,422100,-0.0308,0.0296,-0.0604
B,0.25,0.2,0.001,1789737076027,LONG,105.6,1789737515255,105.88,TP,439228,0.0392,0.0296,0.0096
B,0.25,0.2,0.001,1789737107395,SHORT,105.62,1789737494555,105.86,SL,387160,-0.0336,0.0296,-0.0632
B,0.25,0.2,0.001,1789737110416,SHORT,105.59,1789737485445,105.81,SL,375029,-0.0308,0.0296,-0.0604
B,0.25,0.2,0.001,1789737126637,LONG,105.61,1789737515255,105.88,TP,388618,0.0378,0.0296,0.0082
B,0.25,0.2,0.001,1789737169664,LONG,105.61,1789737515255,105.88,TP,345591,0.0378,0.0296,0.0082
B,0.25,0.2,0.001,1789737173194,LONG,105.59,1789737495061,105.86,TP,321867,0.0378,0.0296,0.0082
B,0.25,0.2,0.001,1789737184910,LONG,105.6,1789737515255,105.88,TP,330345,0.0392,0.0296,0.0096
B,0.25,0.2,0.001,1789737187440,LONG,105.59,1789737495061,105.86,TP,307621,0.0378,0.0296,0.0082
B,0.25,0.2,0.001,1789737193502,LONG,105.6,1789737515255,105.88,TP,321753,0.0392,0.0296,0.0096
B,0.25,0.2,0.001,1789737195007,SHORT,105.58,1789737482425,105.8,SL,287418,-0.0308,0.0296,-0.0604
B,0.25,0.2,0.001,1789737199279,LONG,105.61,1789737515255,105.88,TP,315976,0.0378,0.0296,0.0082
B,0.25,0.2,0.001,1789737206609,SHORT,105.62,1789737494555,105.86,SL,287946,-0.0336,0.0296,-0.0632
B,0.25,0.2,0.001,1789737208112,SHORT,105.61,1789737494073,105.83,SL,285961,-0.0308,0.0296,-0.0604
B,0.25,0.2,0.001,1789737209644,SHORT,105.61,1789737494073,105.83,SL,284429,-0.0308,0.0296,-0.0604
B,0.25,0.25,0.001,1789736948296,SHORT,105.62,1789737515255,105.89,SL,566959,-0.0378,0.0296,-0.0674
B,0.25,0.25,0.001,1789736988436,LONG,105.64,1789737578521,105.92,TP,590085,0.0392,0.0296,0.0096
B,0.25,0.25,0.001,1789737002128,LONG,105.61,1789737515255,105.88,TP,513127,0.0378,0.0296,0.0082
B,0.25,0.25,0.001,1789737004165,SHORT,105.59,1789737494555,105.86,SL,490390,-0.0378,0.0296,-0.0674
B,0.25,0.25,0.001,1789737008174,LONG,105.61,1789737515255,105.88,TP,507081,0.0378,0.0296,0.0082
B,0.25,0.25,0.001,1789737018795,SHORT,105.61,1789737515255,105.89,SL,496460,-0.0392,0.0296,-0.0688
B,0.25,0.25,0.001,1789737030479,LONG,105.62,1789737527858,105.89,TP,497379,0.0378,0.0296,0.0082
B,0.25,0.25,0.001,1789737032494,LONG,105.64,1789737578521,105.92,TP,546027,0.0392,0.0296,0.0096
B,0.25,0.25,0.001,1789737034008,LONG,105.64,1789737578521,105.92,TP,544513,0.0392,0.0296,0.0096
B,0.25,0.25,0.001,1789737057793,LONG,105.62,1789737527858,105.89,TP,470065,0.0378,0.0296,0.0082
B,0.25,0.25,0.001,1789737059319,LONG,105.63,1789737558228,105.9,TP,498909,0.0378,0.0296,0.0082
B,0.25,0.25,0.001,1789737062867,SHORT,105.62,1789737515255,105.89,SL,452388,-0.0378,0.0296,-0.0674
B,0.25,0.25,0.001,1789737071973,SHORT,105.61,1789737515255,105.89,SL,443282,-0.0392,0.0296,-0.0688
B,0.25,0.25,0.001,1789737076027,LONG,105.6,1789737515255,105.88,TP,439228,0.0392,0.0296,0.0096
B,0.25,0.25,0.001,1789737107395,SHORT,105.62,1789737515255,105.89,SL,407860,-0.0378,0.0296,-0.0674
B,0.25,0.25,0.001,1789737110416,SHORT,105.59,1789737494555,105.86,SL,384139,-0.0378,0.0296,-0.0674
B,0.25,0.25,0.001,1789737126637,LONG,105.61,1789737515255,105.88,TP,388618,0.0378,0.0296,0.0082
B,0.25,0.25,0.001,1789737169664,LONG,105.61,1789737515255,105.88,TP,345591,0.0378,0.0296,0.0082
B,0.25,0.25,0.001,1789737173194,LONG,105.59,1789737495061,105.86,TP,321867,0.0378,0.0296,0.0082
B,0.25,0.25,0.001,1789737184910,LONG,105.6,1789737515255,105.88,TP,330345,0.0392,0.0296,0.0096
B,0.25,0.25,0.001,1789737187440,LONG,105.59,1789737495061,105.86,TP,307621,0.0378,0.0296,0.0082
B,0.25,0.25,0.001,1789737193502,LONG,105.6,1789737515255,105.88,TP,321753,0.0392,0.0296,0.0096
B,0.25,0.25,0.001,1789737195007,SHORT,105.58,1789737494555,105.86,SL,299548,-0.0392,0.0296,-0.0688
B,0.25,0.25,0.001,1789737199279,LONG,105.61,1789737515255,105.88,TP,315976,0.0378,0.0296,0.0082
B,0.25,0.25,0.001,1789737206609,SHORT,105.62,1789737515255,105.89,SL,308646,-0.0378,0.0296,-0.0674
B,0.25,0.25,0.001,1789737208112,SHORT,105.61,1789737515255,105.89,SL,307143,-0.0392,0.0296,-0.0688
B,0.25,0.3,0.001,1789736948296,SHORT,105.62,1789737607864,105.95,SL,659568,-0.0462,0.0296,-0.0758
B,0.25,0.3,0.001,1789736988436,LONG,105.64,1789737578521,105.92,TP,590085,0.0392,0.0296,0.0096
B,0.25,0.3,0.001,1789737002128,LONG,105.61,1789737515255,105.88,TP,513127,0.0378,0.0296,0.0082
B,0.25,0.3,0.001,1789737004165,SHORT,105.59,1789737558228,105.91,SL,554063,-0.0448,0.0296,-0.0744
B,0.25,0.3,0.001,1789737008174,LONG,105.61,1789737515255,105.88,TP,507081,0.0378,0.0296,0.0082
B,0.25,0.3,0.001,1789737018795,SHORT,105.61,1789737578521,105.93,SL,559726,-0.0448,0.0296,-0.0744
B,0.25,0.3,0.001,1789737030479,LONG,105.62,1789737527858,105.89,TP,497379,0.0378,0.0296,0.0082
B,0.25,0.3,0.001,1789737032494,LONG,105.64,1789737578521,105.92,TP,546027,0.0392,0.0296,0.0096
B,0.25,0.3,0.001,1789737034008,LONG,105.64,1789737578521,105.92,TP,544513,0.0392,0.0296,0.0096
B,0.25,0.3,0.001,1789737057793,LONG,105.62,1789737527858,105.89,TP,470065,0.0378,0.0296,0.0082
B,0.25,0.3,0.001,1789737059319,LONG,105.63,1789737558228,105.9,TP,498909,0.0378,0.0296,0.0082
B,0.25,0.3,0.001,1789737062867,SHORT,105.62,1789737607864,105.95,SL,544997,-0.0462,0.0296,-0.0758
B,0.25,0.3,0.001,1789737071973,SHORT,105.61,1789737578521,105.93,SL,506548,-0.0448,0.0296,-0.0744
B,0.25,0.3,0.001,1789737076027,LONG,105.6,1789737515255,105.88,TP,439228,0.0392,0.0296,0.0096
B,0.25,0.3,0.001,1789737107395,SHORT,105.62,1789737607864,105.95,SL,500469,-0.0462,0.0296,-0.0758
B,0.25,0.3,0.001,1789737110416,SHORT,105.59,1789737558228,105.91,SL,447812,-0.0448,0.0296,-0.0744
B,0.25,0.3,0.001,1789737126637,LONG,105.61,1789737515255,105.88,TP,388618,0.0378,0.0296,0.0082
B,0.25,0.3,0.001,1789737169664,LONG,105.61,1789737515255,105.88,TP,345591,0.0378,0.0296,0.0082
B,0.25,0.3,0.001,1789737173194,LONG,105.59,1789737495061,105.86,TP,321867,0.0378,0.0296,0.0082
B,0.25,0.3,0.001,1789737184910,LONG,105.6,1789737515255,105.88,TP,330345,0.0392,0.0296,0.0096
B,0.25,0.3,0.001,1789737187440,LONG,105.59,1789737495061,105.86,TP,307621,0.0378,0.0296,0.0082
B,0.25,0.3,0.001,1789737193502,LONG,105.6,1789737515255,105.88,TP,321753,0.0392,0.0296,0.0096
B,0.25,0.3,0.001,1789737195007,SHORT,105.58,1789737527858,105.9,SL,332851,-0.0448,0.0296,-0.0744
B,0.25,0.3,0.001,1789737199279,LONG,105.61,1789737515255,105.88,TP,315976,0.0378,0.0296,0.0082
B,0.25,0.3,0.001,1789737206609,SHORT,105.62,1789737607864,105.95,SL,401255,-0.0462,0.0296,-0.0758
B,0.25,0.5,0.001,1789736988436,LONG,105.64,1789737578521,105.92,TP,590085,0.0392,0.0296,0.0096
B,0.25,0.5,0.001,1789737002128,LONG,105.61,1789737515255,105.88,TP,513127,0.0378,0.0296,0.0082
B,0.25,0.5,0.001,1789737008174,LONG,105.61,1789737515255,105.88,TP,507081,0.0378,0.0296,0.0082
B,0.25,0.5,0.001,1789737030479,LONG,105.62,1789737527858,105.89,TP,497379,0.0378,0.0296,0.0082
B,0.25,0.5,0.001,1789737032494,LONG,105.64,1789737578521,105.92,TP,546027,0.0392,0.0296,0.0096
B,0.25,0.5,0.001,1789737034008,LONG,105.64,1789737578521,105.92,TP,544513,0.0392,0.0296,0.0096
B,0.25,0.5,0.001,1789737057793,LONG,105.62,1789737527858,105.89,TP,470065,0.0378,0.0296,0.0082
B,0.25,0.5,0.001,1789737059319,LONG,105.63,1789737558228,105.9,TP,498909,0.0378,0.0296,0.0082
B,0.25,0.5,0.001,1789737076027,LONG,105.6,1789737515255,105.88,TP,439228,0.0392,0.0296,0.0096
B,0.25,0.5,0.001,1789737126637,LONG,105.61,1789737515255,105.88,TP,388618,0.0378,0.0296,0.0082
B,0.25,0.5,0.001,1789737169664,LONG,105.61,1789737515255,105.88,TP,345591,0.0378,0.0296,0.0082
B,0.25,0.5,0.001,1789737173194,LONG,105.59,1789737495061,105.86,TP,321867,0.0378,0.0296,0.0082
B,0.25,0.5,0.001,1789737184910,LONG,105.6,1789737515255,105.88,TP,330345,0.0392,0.0296,0.0096
B,0.25,0.5,0.001,1789737187440,LONG,105.59,1789737495061,105.86,TP,307621,0.0378,0.0296,0.0082
B,0.25,0.5,0.001,1789737193502,LONG,105.6,1789737515255,105.88,TP,321753,0.0392,0.0296,0.0096
B,0.25,0.5,0.001,1789737199279,LONG,105.61,1789737515255,105.88,TP,315976,0.0378,0.0296,0.0082
B,0.25,0.5,0.001,1789737215717,LONG,105.59,1789737495061,105.86,TP,279344,0.0378,0.0296,0.0082
B,0.25,0.5,0.001,1789737219262,LONG,105.61,1789737515255,105.88,TP,295993,0.0378,0.0296,0.0082
B,0.25,0.5,0.001,1789737244623,LONG,105.64,1789737578521,105.92,TP,333898,0.0392,0.0296,0.0096
B,0.25,0.5,0.001,1789737246635,LONG,105.64,1789737578521,105.92,TP,331886,0.0392,0.0296,0.0096
B,0.25,0.5,0.001,1789737247659,LONG,105.64,1789737578521,105.92,TP,330862,0.0392,0.0296,0.0096
B,0.25,0.5,0.001,1789737261415,LONG,105.63,1789737558228,105.9,TP,296813,0.0378,0.0296,0.0082
B,0.25,0.5,0.001,1789737265459,LONG,105.63,1789737558228,105.9,TP,292769,0.0378,0.0296,0.0082
B,0.25,0.5,0.001,1789737267498,LONG,105.64,1789737578521,105.92,TP,311023,0.0392,0.0296,0.0096
B,0.25,0.5,0.001,1789737269519,LONG,105.65,1789737578521,105.92,TP,309002,0.0378,0.0296,0.0082
B,0.25,0.5,0.001,1789737285799,LONG,105.63,1789737558228,105.9,TP,272429,0.0378,0.0296,0.0082
B,0.25,0.5,0.001,1789737289864,LONG,105.63,1789737558228,105.9,TP,268364,0.0378,0.0296,0.0082
B,0.25,0.5,0.001,1789737308613,LONG,105.61,1789737515255,105.88,TP,206642,0.0378,0.0296,0.0082
B,0.25,0.5,0.001,1789737318204,LONG,105.62,1789737527858,105.89,TP,209654,0.0378,0.0296,0.0082
B,0.25,0.5,0.001,1789737332922,LONG,105.61,1789737515255,105.88,TP,182333,0.0378,0.0296,0.0082
B,0.25,0.5,0.001,1789737345587,LONG,105.61,1789737515255,105.88,TP,169668,0.0378,0.0296,0.0082
B,0.25,0.5,0.001,1789737360307,LONG,105.63,1789737558228,105.9,TP,197921,0.0378,0.0296,0.0082
B,0.25,0.5,0.001,1789737367913,LONG,105.64,1789737578521,105.92,TP,210608,0.0392,0.0296,0.0096
B,0.25,0.5,0.001,1789737373993,LONG,105.66,1789737607864,105.94,TP,233871,0.0392,0.0296,0.0096
B,0.25,0.5,0.001,1789737385716,LONG,105.73,1789737769743,106,TP,384027,0.0378,0.0296,0.0082
B,0.25,0.5,0.001,1789737386601,LONG,105.73,1789737769743,106,TP,383142,0.0378,0.0296,0.0082
B,0.25,0.5,0.001,1789737387605,LONG,105.75,1789737777384,106.02,TP,389779,0.0378,0.0296,0.0082
B,0.3,0.1,0.001,1789736948296,SHORT,105.62,1789737385210,105.75,SL,436914,-0.0182,0.0296,-0.0478
B,0.3,0.1,0.001,1789736988436,LONG,105.64,1789737668031,105.96,TP,679595,0.0448,0.0296,0.0152
B,0.3,0.1,0.001,1789737002128,LONG,105.61,1789737607864,105.94,TP,605736,0.0462,0.0296,0.0166
B,0.3,0.1,0.001,1789737004165,SHORT,105.59,1789737385210,105.75,SL,381045,-0.0224,0.0296,-0.0520
B,0.3,0.1,0.001,1789737008174,LONG,105.61,1789737607864,105.94,TP,599690,0.0462,0.0296,0.0166
B,0.3,0.1,0.001,1789737018795,SHORT,105.61,1789737385210,105.75,SL,366415,-0.0196,0.0296,-0.0492
B,0.3,0.1,0.001,1789737030479,LONG,105.62,1789737607864,105.94,TP,577385,0.0448,0.0296,0.0152
B,0.3,0.1,0.001,1789737032494,LONG,105.64,1789737668031,105.96,TP,635537,0.0448,0.0296,0.0152
B,0.3,0.1,0.001,1789737034008,LONG,105.64,1789737668031,105.96,TP,634023,0.0448,0.0296,0.0152
B,0.3,0.1,0.001,1789737057793,LONG,105.62,1789737607864,105.94,TP,550071,0.0448,0.0296,0.0152
B,0.3,0.1,0.001,1789737059319,LONG,105.63,1789737663466,105.95,TP,604147,0.0448,0.0296,0.0152
B,0.3,0.1,0.001,1789737062867,SHORT,105.62,1789737385210,105.75,SL,322343,-0.0182,0.0296,-0.0478
B,0.3,0.1,0.001,1789737071973,SHORT,105.61,1789737385210,105.75,SL,313237,-0.0196,0.0296,-0.0492
B,0.3,0.1,0.001,1789737076027,LONG,105.6,1789737578521,105.92,TP,502494,0.0448,0.0296,0.0152
B,0.3,0.1,0.001,1789737107395,SHORT,105.62,1789737385210,105.75,SL,277815,-0.0182,0.0296,-0.0478
B,0.3,0.1,0.001,1789737110416,SHORT,105.59,1789737385210,105.75,SL,274794,-0.0224,0.0296,-0.0520
B,0.3,0.1,0.001,1789737126637,LONG,105.61,1789737607864,105.94,TP,481227,0.0462,0.0296,0.0166
B,0.3,0.1,0.001,1789737169664,LONG,105.61,1789737607864,105.94,TP,438200,0.0462,0.0296,0.0166
B,0.3,0.1,0.001,1789737173194,LONG,105.59,1789737578521,105.92,TP,405327,0.0462,0.0296,0.0166
B,0.3,0.1,0.001,1789737184910,LONG,105.6,1789737578521,105.92,TP,393611,0.0448,0.0296,0.0152
B,0.3,0.1,0.001,1789737187440,LONG,105.59,1789737578521,105.92,TP,391081,0.0462,0.0296,0.0166
B,0.3,0.1,0.001,1789737193502,LONG,105.6,1789737578521,105.92,TP,385019,0.0448,0.0296,0.0152
B,0.3,0.1,0.001,1789737195007,SHORT,105.58,1789737385210,105.75,SL,190203,-0.0238,0.0296,-0.0534
B,0.3,0.1,0.001,1789737199279,LONG,105.61,1789737607864,105.94,TP,408585,0.0462,0.0296,0.0166
B,0.3,0.1,0.001,1789737206609,SHORT,105.62,1789737385210,105.75,SL,178601,-0.0182,0.0296,-0.0478
B,0.3,0.1,0.001,1789737208112,SHORT,105.61,1789737385210,105.75,SL,177098,-0.0196,0.0296,-0.0492
B,0.3,0.1,0.001,1789737209644,SHORT,105.61,1789737385210,105.75,SL,175566,-0.0196,0.0296,-0.0492
B,0.3,0.1,0.001,1789737215717,LONG,105.59,1789737578521,105.92,TP,362804,0.0462,0.0296,0.0166
B,0.3,0.1,0.001,1789737219262,LONG,105.61,1789737607864,105.94,TP,388602,0.0462,0.0296,0.0166
B,0.3,0.1,0.001,1789737244623,LONG,105.64,1789737668031,105.96,TP,423408,0.0448,0.0296,0.0152
B,0.3,0.1,0.001,1789737246635,LONG,105.64,1789737668031,105.96,TP,421396,0.0448,0.0296,0.0152
B,0.3,0.1,0.001,1789737247659,LONG,105.64,1789737668031,105.96,TP,420372,0.0448,0.0296,0.0152
B,0.3,0.1,0.001,1789737261415,LONG,105.63,1789737663466,105.95,TP,402051,0.0448,0.0296,0.0152
B,0.3,0.1,0.001,1789737265459,LONG,105.63,1789737663466,105.95,TP,398007,0.0448,0.0296,0.0152
B,0.3,0.1,0.001,1789737267498,LONG,105.64,1789737668031,105.96,TP,400533,0.0448,0.0296,0.0152
B,0.3,0.1,0.001,1789737269519,LONG,105.65,1789737691313,105.97,TP,421794,0.0448,0.0296,0.0152
B,0.3,0.1,0.001,1789737280709,SHORT,105.64,1789737385210,105.75,SL,104501,-0.0154,0.0296,-0.0450
B,0.3,0.1,0.001,1789737285799,LONG,105.63,1789737663466,105.95,TP,377667,0.0448,0.0296,0.0152
B,0.3,0.1,0.001,1789737289864,LONG,105.63,1789737663466,105.95,TP,373602,0.0448,0.0296,0.0152
B,0.3,0.1,0.001,1789737299008,SHORT,105.61,1789737385210,105.75,SL,86202,-0.0196,0.0296,-0.0492
B,0.3,0.1,0.001,1789737308613,LONG,105.61,1789737607864,105.94,TP,299251,0.0462,0.0296,0.0166
B,0.3,0.1,0.001,1789737318204,LONG,105.62,1789737607864,105.94,TP,289660,0.0448,0.0296,0.0152
B,0.3,0.1,0.001,1789737332922,LONG,105.61,1789737607864,105.94,TP,274942,0.0462,0.0296,0.0166
B,0.3,0.1,0.001,1789737341003,SHORT,105.6,1789737385210,105.75,SL,44207,-0.0210,0.0296,-0.0506
B,0.3,0.1,0.001,1789737345587,LONG,105.61,1789737607864,105.94,TP,262277,0.0462,0.0296,0.0166
B,0.3,0.1,0.001,1789737360307,LONG,105.63,1789737663466,105.95,TP,303159,0.0448,0.0296,0.0152
B,0.3,0.1,0.001,1789737367913,LONG,105.64,1789737668031,105.96,TP,300118,0.0448,0.0296,0.0152
B,0.3,0.1,0.001,1789737373993,LONG,105.66,1789737692836,105.98,TP,318843,0.0448,0.0296,0.0152
B,0.3,0.1,0.001,1789737380029,SHORT,105.66,1789737388108,105.77,SL,8079,-0.0154,0.0296,-0.0450
B,0.3,0.1,0.001,1789737502102,SHORT,105.84,1789737607864,105.95,SL,105762,-0.0154,0.0297,-0.0451
B,0.3,0.1,0.001,1789737505134,SHORT,105.84,1789737607864,105.95,SL,102730,-0.0154,0.0297,-0.0451
B,0.3,0.1,0.001,1789737560759,SHORT,105.9,1789737769743,106.01,SL,208984,-0.0154,0.0297,-0.0451
B,0.3,0.1,0.001,1789737612396,SHORT,105.89,1789737726711,106,SL,114315,-0.0154,0.0297,-0.0451
B,0.3,0.1,0.001,1789737624517,SHORT,105.91,1789737773819,106.02,SL,149302,-0.0154,0.0297,-0.0451
B,0.3,0.1,0.001,1789737627049,SHORT,105.91,1789737773819,106.02,SL,146770,-0.0154,0.0297,-0.0451
B,0.3,0.1,0.001,1789737662963,LONG,105.95,1789737819481,105.84,SL,156518,-0.0154,0.0297,-0.0451
B,0.3,0.1,0.001,1789737676642,LONG,105.96,1789737818979,105.85,SL,142337,-0.0154,0.0297,-0.0451
B,0.3,0.15,0.001,1789736948296,SHORT,105.62,1789737390622,105.78,SL,442326,-0.0224,0.0296,-0.0520
B,0.3,0.15,0.001,1789736988436,LONG,105.64,1789737668031,105.96,TP,679595,0.0448,0.0296,0.0152
B,0.3,0.15,0.001,1789737002128,LONG,105.61,1789737607864,105.94,TP,605736,0.0462,0.0296,0.0166
B,0.3,0.15,0.001,1789737004165,SHORT,105.59,1789737385210,105.75,SL,381045,-0.0224,0.0296,-0.0520
B,0.3,0.15,0.001,1789737008174,LONG,105.61,1789737607864,105.94,TP,599690,0.0462,0.0296,0.0166
B,0.3,0.15,0.001,1789737018795,SHORT,105.61,1789737388108,105.77,SL,369313,-0.0224,0.0296,-0.0520
B,0.3,0.15,0.001,1789737030479,LONG,105.62,1789737607864,105.94,TP,577385,0.0448,0.0296,0.0152
B,0.3,0.15,0.001,1789737032494,LONG,105.64,1789737668031,105.96,TP,635537,0.0448,0.0296,0.0152
B,0.3,0.15,0.001,1789737034008,LONG,105.64,1789737668031,105.96,TP,634023,0.0448,0.0296,0.0152
B,0.3,0.15,0.001,1789737057793,LONG,105.62,1789737607864,105.94,TP,550071,0.0448,0.0296,0.0152
B,0.3,0.15,0.001,1789737059319,LONG,105.63,1789737663466,105.95,TP,604147,0.0448,0.0296,0.0152
B,0.3,0.15,0.001,1789737062867,SHORT,105.62,1789737390622,105.78,SL,327755,-0.0224,0.0296,-0.0520
B,0.3,0.15,0.001,1789737071973,SHORT,105.61,1789737388108,105.77,SL,316135,-0.0224,0.0296,-0.0520
B,0.3,0.15,0.001,1789737076027,LONG,105.6,1789737578521,105.92,TP,502494,0.0448,0.0296,0.0152
B,0.3,0.15,0.001,1789737107395,SHORT,105.62,1789737390622,105.78,SL,283227,-0.0224,0.0296,-0.0520
B,0.3,0.15,0.001,1789737110416,SHORT,105.59,1789737385210,105.75,SL,274794,-0.0224,0.0296,-0.0520
B,0.3,0.15,0.001,1789737126637,LONG,105.61,1789737607864,105.94,TP,481227,0.0462,0.0296,0.0166
B,0.3,0.15,0.001,1789737169664,LONG,105.61,1789737607864,105.94,TP,438200,0.0462,0.0296,0.0166
B,0.3,0.15,0.001,1789737173194,LONG,105.59,1789737578521,105.92,TP,405327,0.0462,0.0296,0.0166
B,0.3,0.15,0.001,1789737184910,LONG,105.6,1789737578521,105.92,TP,393611,0.0448,0.0296,0.0152
B,0.3,0.15,0.001,1789737187440,LONG,105.59,1789737578521,105.92,TP,391081,0.0462,0.0296,0.0166
B,0.3,0.15,0.001,1789737193502,LONG,105.6,1789737578521,105.92,TP,385019,0.0448,0.0296,0.0152
B,0.3,0.15,0.001,1789737195007,SHORT,105.58,1789737385210,105.75,SL,190203,-0.0238,0.0296,-0.0534
B,0.3,0.15,0.001,1789737199279,LONG,105.61,1789737607864,105.94,TP,408585,0.0462,0.0296,0.0166
B,0.3,0.15,0.001,1789737206609,SHORT,105.62,1789737390622,105.78,SL,184013,-0.0224,0.0296,-0.0520
B,0.3,0.15,0.001,1789737208112,SHORT,105.61,1789737388108,105.77,SL,179996,-0.0224,0.0296,-0.0520
B,0.3,0.15,0.001,1789737209644,SHORT,105.61,1789737388108,105.77,SL,178464,-0.0224,0.0296,-0.0520
B,0.3,0.15,0.001,1789737215717,LONG,105.59,1789737578521,105.92,TP,362804,0.0462,0.0296,0.0166
B,0.3,0.15,0.001,1789737219262,LONG,105.61,1789737607864,105.94,TP,388602,0.0462,0.0296,0.0166
B,0.3,0.15,0.001,1789737244623,LONG,105.64,1789737668031,105.96,TP,423408,0.0448,0.0296,0.0152
B,0.3,0.15,0.001,1789737246635,LONG,105.64,1789737668031,105.96,TP,421396,0.0448,0.0296,0.0152
B,0.3,0.15,0.001,1789737247659,LONG,105.64,1789737668031,105.96,TP,420372,0.0448,0.0296,0.0152
B,0.3,0.15,0.001,1789737261415,LONG,105.63,1789737663466,105.95,TP,402051,0.0448,0.0296,0.0152
B,0.3,0.15,0.001,1789737265459,LONG,105.63,1789737663466,105.95,TP,398007,0.0448,0.0296,0.0152
B,0.3,0.15,0.001,1789737267498,LONG,105.64,1789737668031,105.96,TP,400533,0.0448,0.0296,0.0152
B,0.3,0.15,0.001,1789737269519,LONG,105.65,1789737691313,105.97,TP,421794,0.0448,0.0296,0.0152
B,0.3,0.15,0.001,1789737280709,SHORT,105.64,1789737482425,105.8,SL,201716,-0.0224,0.0296,-0.0520
B,0.3,0.15,0.001,1789737285799,LONG,105.63,1789737663466,105.95,TP,377667,0.0448,0.0296,0.0152
B,0.3,0.15,0.001,1789737289864,LONG,105.63,1789737663466,105.95,TP,373602,0.0448,0.0296,0.0152
B,0.3,0.15,0.001,1789737299008,SHORT,105.61,1789737388108,105.77,SL,89100,-0.0224,0.0296,-0.0520
B,0.3,0.15,0.001,1789737308613,LONG,105.61,1789737607864,105.94,TP,299251,0.0462,0.0296,0.0166
B,0.3,0.15,0.001,1789737318204,LONG,105.62,1789737607864,105.94,TP,289660,0.0448,0.0296,0.0152
B,0.3,0.15,0.001,1789737332922,LONG,105.61,1789737607864,105.94,TP,274942,0.0462,0.0296,0.0166
B,0.3,0.15,0.001,1789737341003,SHORT,105.6,1789737388108,105.77,SL,47105,-0.0238,0.0296,-0.0534
B,0.3,0.15,0.001,1789737345587,LONG,105.61,1789737607864,105.94,TP,262277,0.0462,0.0296,0.0166
B,0.3,0.15,0.001,1789737360307,LONG,105.63,1789737663466,105.95,TP,303159,0.0448,0.0296,0.0152
B,0.3,0.15,0.001,1789737367913,LONG,105.64,1789737668031,105.96,TP,300118,0.0448,0.0296,0.0152
B,0.3,0.15,0.001,1789737373993,LONG,105.66,1789737692836,105.98,TP,318843,0.0448,0.0296,0.0152
B,0.3,0.15,0.001,1789737380029,SHORT,105.66,1789737494073,105.83,SL,114044,-0.0238,0.0296,-0.0534
B,0.3,0.15,0.001,1789737502102,SHORT,105.84,1789737726711,106,SL,224609,-0.0224,0.0297,-0.0521
B,0.3,0.15,0.001,1789737505134,SHORT,105.84,1789737726711,106,SL,221577,-0.0224,0.0297,-0.0521
B,0.3,0.15,0.001,1789737776885,LONG,106.02,1789737818471,105.86,SL,41586,-0.0224,0.0297,-0.0521
B,0.3,0.15,0.001,1789737778409,LONG,106.03,1789737817971,105.87,SL,39562,-0.0224,0.0297,-0.0521
B,0.3,0.2,0.001,1789736948296,SHORT,105.62,1789737494555,105.86,SL,546259,-0.0336,0.0296,-0.0632
B,0.3,0.2,0.001,1789736988436,LONG,105.64,1789737668031,105.96,TP,679595,0.0448,0.0296,0.0152
B,0.3,0.2,0.001,1789737002128,LONG,105.61,1789737607864,105.94,TP,605736,0.0462,0.0296,0.0166
B,0.3,0.2,0.001,1789737004165,SHORT,105.59,1789737485445,105.81,SL,481280,-0.0308,0.0296,-0.0604
B,0.3,0.2,0.001,1789737008174,LONG,105.61,1789737607864,105.94,TP,599690,0.0462,0.0296,0.0166
B,0.3,0.2,0.001,1789737018795,SHORT,105.61,1789737494073,105.83,SL,475278,-0.0308,0.0296,-0.0604
B,0.3,0.2,0.001,1789737030479,LONG,105.62,1789737607864,105.94,TP,577385,0.0448,0.0296,0.0152
B,0.3,0.2,0.001,1789737032494,LONG,105.64,1789737668031,105.96,TP,635537,0.0448,0.0296,0.0152
B,0.3,0.2,0.001,1789737034008,LONG,105.64,1789737668031,105.96,TP,634023,0.0448,0.0296,0.0152
B,0.3,0.2,0.001,1789737057793,LONG,105.62,1789737607864,105.94,TP,550071,0.0448,0.0296,0.0152
B,0.3,0.2,0.001,1789737059319,LONG,105.63,1789737663466,105.95,TP,604147,0.0448,0.0296,0.0152
B,0.3,0.2,0.001,1789737062867,SHORT,105.62,1789737494555,105.86,SL,431688,-0.0336,0.0296,-0.0632
B,0.3,0.2,0.001,1789737071973,SHORT,105.61,1789737494073,105.83,SL,422100,-0.0308,0.0296,-0.0604
B,0.3,0.2,0.001,1789737076027,LONG,105.6,1789737578521,105.92,TP,502494,0.0448,0.0296,0.0152
B,0.3,0.2,0.001,1789737107395,SHORT,105.62,1789737494555,105.86,SL,387160,-0.0336,0.0296,-0.0632
B,0.3,0.2,0.001,1789737110416,SHORT,105.59,1789737485445,105.81,SL,375029,-0.0308,0.0296,-0.0604
B,0.3,0.2,0.001,1789737126637,LONG,105.61,1789737607864,105.94,TP,481227,0.0462,0.0296,0.0166
B,0.3,0.2,0.001,1789737169664,LONG,105.61,1789737607864,105.94,TP,438200,0.0462,0.0296,0.0166
B,0.3,0.2,0.001,1789737173194,LONG,105.59,1789737578521,105.92,TP,405327,0.0462,0.0296,0.0166
B,0.3,0.2,0.001,1789737184910,LONG,105.6,1789737578521,105.92,TP,393611,0.0448,0.0296,0.0152
B,0.3,0.2,0.001,1789737187440,LONG,105.59,1789737578521,105.92,TP,391081,0.0462,0.0296,0.0166
B,0.3,0.2,0.001,1789737193502,LONG,105.6,1789737578521,105.92,TP,385019,0.0448,0.0296,0.0152
B,0.3,0.2,0.001,1789737195007,SHORT,105.58,1789737482425,105.8,SL,287418,-0.0308,0.0296,-0.0604
B,0.3,0.2,0.001,1789737199279,LONG,105.61,1789737607864,105.94,TP,408585,0.0462,0.0296,0.0166
B,0.3,0.2,0.001,1789737206609,SHORT,105.62,1789737494555,105.86,SL,287946,-0.0336,0.0296,-0.0632
B,0.3,0.2,0.001,1789737208112,SHORT,105.61,1789737494073,105.83,SL,285961,-0.0308,0.0296,-0.0604
B,0.3,0.2,0.001,1789737209644,SHORT,105.61,1789737494073,105.83,SL,284429,-0.0308,0.0296,-0.0604
B,0.3,0.2,0.001,1789737215717,LONG,105.59,1789737578521,105.92,TP,362804,0.0462,0.0296,0.0166
B,0.3,0.2,0.001,1789737219262,LONG,105.61,1789737607864,105.94,TP,388602,0.0462,0.0296,0.0166
B,0.3,0.2,0.001,1789737244623,LONG,105.64,1789737668031,105.96,TP,423408,0.0448,0.0296,0.0152
B,0.3,0.2,0.001,1789737246635,LONG,105.64,1789737668031,105.96,TP,421396,0.0448,0.0296,0.0152
B,0.3,0.2,0.001,1789737247659,LONG,105.64,1789737668031,105.96,TP,420372,0.0448,0.0296,0.0152
B,0.3,0.2,0.001,1789737261415,LONG,105.63,1789737663466,105.95,TP,402051,0.0448,0.0296,0.0152
B,0.3,0.2,0.001,1789737265459,LONG,105.63,1789737663466,105.95,TP,398007,0.0448,0.0296,0.0152
B,0.3,0.2,0.001,1789737267498,LONG,105.64,1789737668031,105.96,TP,400533,0.0448,0.0296,0.0152
B,0.3,0.2,0.001,1789737269519,LONG,105.65,1789737691313,105.97,TP,421794,0.0448,0.0296,0.0152
B,0.3,0.2,0.001,1789737280709,SHORT,105.64,1789737494555,105.86,SL,213846,-0.0308,0.0296,-0.0604
B,0.3,0.2,0.001,1789737285799,LONG,105.63,1789737663466,105.95,TP,377667,0.0448,0.0296,0.0152
B,0.3,0.2,0.001,1789737289864,LONG,105.63,1789737663466,105.95,TP,373602,0.0448,0.0296,0.0152
B,0.3,0.2,0.001,1789737299008,SHORT,105.61,1789737494073,105.83,SL,195065,-0.0308,0.0296,-0.0604
B,0.3,0.2,0.001,1789737308613,LONG,105.61,1789737607864,105.94,TP,299251,0.0462,0.0296,0.0166
B,0.3,0.2,0.001,1789737318204,LONG,105.62,1789737607864,105.94,TP,289660,0.0448,0.0296,0.0152
B,0.3,0.2,0.001,1789737332922,LONG,105.61,1789737607864,105.94,TP,274942,0.0462,0.0296,0.0166
B,0.3,0.2,0.001,1789737341003,SHORT,105.6,1789737494073,105.83,SL,153070,-0.0322,0.0296,-0.0618
B,0.3,0.2,0.001,1789737345587,LONG,105.61,1789737607864,105.94,TP,262277,0.0462,0.0296,0.0166
B,0.3,0.2,0.001,1789737360307,LONG,105.63,1789737663466,105.95,TP,303159,0.0448,0.0296,0.0152
B,0.3,0.2,0.001,1789737367913,LONG,105.64,1789737668031,105.96,TP,300118,0.0448,0.0296,0.0152
B,0.3,0.2,0.001,1789737373993,LONG,105.66,1789737692836,105.98,TP,318843,0.0448,0.0296,0.0152
B,0.3,0.2,0.001,1789737380029,SHORT,105.66,1789737515255,105.89,SL,135226,-0.0322,0.0296,-0.0618
B,0.3,0.25,0.001,1789736948296,SHORT,105.62,1789737515255,105.89,SL,566959,-0.0378,0.0296,-0.0674
B,0.3,0.25,0.001,1789736988436,LONG,105.64,1789737668031,105.96,TP,679595,0.0448,0.0296,0.0152
B,0.3,0.25,0.001,1789737002128,LONG,105.61,1789737607864,105.94,TP,605736,0.0462,0.0296,0.0166
B,0.3,0.25,0.001,1789737004165,SHORT,105.59,1789737494555,105.86,SL,490390,-0.0378,0.0296,-0.0674
B,0.3,0.25,0.001,1789737008174,LONG,105.61,1789737607864,105.94,TP,599690,0.0462,0.0296,0.0166
B,0.3,0.25,0.001,1789737018795,SHORT,105.61,1789737515255,105.89,SL,496460,-0.0392,0.0296,-0.0688
B,0.3,0.25,0.001,1789737030479,LONG,105.62,1789737607864,105.94,TP,577385,0.0448,0.0296,0.0152
B,0.3,0.25,0.001,1789737032494,LONG,105.64,1789737668031,105.96,TP,635537,0.0448,0.0296,0.0152
B,0.3,0.25,0.001,1789737034008,LONG,105.64,1789737668031,105.96,TP,634023,0.0448,0.0296,0.0152
B,0.3,0.25,0.001,1789737057793,LONG,105.62,1789737607864,105.94,TP,550071,0.0448,0.0296,0.0152
B,0.3,0.25,0.001,1789737059319,LONG,105.63,1789737663466,105.95,TP,604147,0.0448,0.0296,0.0152
B,0.3,0.25,0.001,1789737062867,SHORT,105.62,1789737515255,105.89,SL,452388,-0.0378,0.0296,-0.0674
B,0.3,0.25,0.001,1789737071973,SHORT,105.61,1789737515255,105.89,SL,443282,-0.0392,0.0296,-0.0688
B,0.3,0.25,0.001,1789737076027,LONG,105.6,1789737578521,105.92,TP,502494,0.0448,0.0296,0.0152
B,0.3,0.25,0.001,1789737107395,SHORT,105.62,1789737515255,105.89,SL,407860,-0.0378,0.0296,-0.0674
B,0.3,0.25,0.001,1789737110416,SHORT,105.59,1789737494555,105.86,SL,384139,-0.0378,0.0296,-0.0674
B,0.3,0.25,0.001,1789737126637,LONG,105.61,1789737607864,105.94,TP,481227,0.0462,0.0296,0.0166
B,0.3,0.25,0.001,1789737169664,LONG,105.61,1789737607864,105.94,TP,438200,0.0462,0.0296,0.0166
B,0.3,0.25,0.001,1789737173194,LONG,105.59,1789737578521,105.92,TP,405327,0.0462,0.0296,0.0166
B,0.3,0.25,0.001,1789737184910,LONG,105.6,1789737578521,105.92,TP,393611,0.0448,0.0296,0.0152
B,0.3,0.25,0.001,1789737187440,LONG,105.59,1789737578521,105.92,TP,391081,0.0462,0.0296,0.0166
B,0.3,0.25,0.001,1789737193502,LONG,105.6,1789737578521,105.92,TP,385019,0.0448,0.0296,0.0152
B,0.3,0.25,0.001,1789737195007,SHORT,105.58,1789737494555,105.86,SL,299548,-0.0392,0.0296,-0.0688
B,0.3,0.25,0.001,1789737199279,LONG,105.61,1789737607864,105.94,TP,408585,0.0462,0.0296,0.0166
B,0.3,0.25,0.001,1789737206609,SHORT,105.62,1789737515255,105.89,SL,308646,-0.0378,0.0296,-0.0674
B,0.3,0.25,0.001,1789737208112,SHORT,105.61,1789737515255,105.89,SL,307143,-0.0392,0.0296,-0.0688
B,0.3,0.25,0.001,1789737209644,SHORT,105.61,1789737515255,105.89,SL,305611,-0.0392,0.0296,-0.0688
B,0.3,0.25,0.001,1789737215717,LONG,105.59,1789737578521,105.92,TP,362804,0.0462,0.0296,0.0166
B,0.3,0.25,0.001,1789737219262,LONG,105.61,1789737607864,105.94,TP,388602,0.0462,0.0296,0.0166
B,0.3,0.25,0.001,1789737244623,LONG,105.64,1789737668031,105.96,TP,423408,0.0448,0.0296,0.0152
B,0.3,0.25,0.001,1789737246635,LONG,105.64,1789737668031,105.96,TP,421396,0.0448,0.0296,0.0152
B,0.3,0.25,0.001,1789737247659,LONG,105.64,1789737668031,105.96,TP,420372,0.0448,0.0296,0.0152
B,0.3,0.25,0.001,1789737261415,LONG,105.63,1789737663466,105.95,TP,402051,0.0448,0.0296,0.0152
B,0.3,0.25,0.001,1789737265459,LONG,105.63,1789737663466,105.95,TP,398007,0.0448,0.0296,0.0152
B,0.3,0.25,0.001,1789737267498,LONG,105.64,1789737668031,105.96,TP,400533,0.0448,0.0296,0.0152
B,0.3,0.25,0.001,1789737269519,LONG,105.65,1789737691313,105.97,TP,421794,0.0448,0.0296,0.0152
B,0.3,0.25,0.001,1789737280709,SHORT,105.64,1789737558228,105.91,SL,277519,-0.0378,0.0296,-0.0674
B,0.3,0.25,0.001,1789737285799,LONG,105.63,1789737663466,105.95,TP,377667,0.0448,0.0296,0.0152
B,0.3,0.25,0.001,1789737289864,LONG,105.63,1789737663466,105.95,TP,373602,0.0448,0.0296,0.0152
B,0.3,0.25,0.001,1789737299008,SHORT,105.61,1789737515255,105.89,SL,216247,-0.0392,0.0296,-0.0688
B,0.3,0.25,0.001,1789737308613,LONG,105.61,1789737607864,105.94,TP,299251,0.0462,0.0296,0.0166
B,0.3,0.25,0.001,1789737318204,LONG,105.62,1789737607864,105.94,TP,289660,0.0448,0.0296,0.0152
B,0.3,0.25,0.001,1789737332922,LONG,105.61,1789737607864,105.94,TP,274942,0.0462,0.0296,0.0166
B,0.3,0.25,0.001,1789737341003,SHORT,105.6,1789737495061,105.87,SL,154058,-0.0378,0.0296,-0.0674
B,0.3,0.25,0.001,1789737345587,LONG,105.61,1789737607864,105.94,TP,262277,0.0462,0.0296,0.0166
B,0.3,0.25,0.001,1789737360307,LONG,105.63,1789737663466,105.95,TP,303159,0.0448,0.0296,0.0152
B,0.3,0.25,0.001,1789737367913,LONG,105.64,1789737668031,105.96,TP,300118,0.0448,0.0296,0.0152
B,0.3,0.25,0.001,1789737373993,LONG,105.66,1789737692836,105.98,TP,318843,0.0448,0.0296,0.0152
B,0.3,0.25,0.001,1789737380029,SHORT,105.66,1789737578521,105.93,SL,198492,-0.0378,0.0296,-0.0674
B,0.3,0.3,0.001,1789736948296,SHORT,105.62,1789737607864,105.95,SL,659568,-0.0462,0.0296,-0.0758
B,0.3,0.3,0.001,1789736988436,LONG,105.64,1789737668031,105.96,TP,679595,0.0448,0.0296,0.0152
B,0.3,0.3,0.001,1789737002128,LONG,105.61,1789737607864,105.94,TP,605736,0.0462,0.0296,0.0166
B,0.3,0.3,0.001,1789737004165,SHORT,105.59,1789737558228,105.91,SL,554063,-0.0448,0.0296,-0.0744
B,0.3,0.3,0.001,1789737008174,LONG,105.61,1789737607864,105.94,TP,599690,0.0462,0.0296,0.0166
B,0.3,0.3,0.001,1789737018795,SHORT,105.61,1789737578521,105.93,SL,559726,-0.0448,0.0296,-0.0744
B,0.3,0.3,0.001,1789737030479,LONG,105.62,1789737607864,105.94,TP,577385,0.0448,0.0296,0.0152
B,0.3,0.3,0.001,1789737032494,LONG,105.64,1789737668031,105.96,TP,635537,0.0448,0.0296,0.0152
B,0.3,0.3,0.001,1789737034008,LONG,105.64,1789737668031,105.96,TP,634023,0.0448,0.0296,0.0152
B,0.3,0.3,0.001,1789737057793,LONG,105.62,1789737607864,105.94,TP,550071,0.0448,0.0296,0.0152
B,0.3,0.3,0.001,1789737059319,LONG,105.63,1789737663466,105.95,TP,604147,0.0448,0.0296,0.0152
B,0.3,0.3,0.001,1789737062867,SHORT,105.62,1789737607864,105.95,SL,544997,-0.0462,0.0296,-0.0758
B,0.3,0.3,0.001,1789737071973,SHORT,105.61,1789737578521,105.93,SL,506548,-0.0448,0.0296,-0.0744
B,0.3,0.3,0.001,1789737076027,LONG,105.6,1789737578521,105.92,TP,502494,0.0448,0.0296,0.0152
B,0.3,0.3,0.001,1789737107395,SHORT,105.62,1789737607864,105.95,SL,500469,-0.0462,0.0296,-0.0758
B,0.3,0.3,0.001,1789737110416,SHORT,105.59,1789737558228,105.91,SL,447812,-0.0448,0.0296,-0.0744
B,0.3,0.3,0.001,1789737126637,LONG,105.61,1789737607864,105.94,TP,481227,0.0462,0.0296,0.0166
B,0.3,0.3,0.001,1789737169664,LONG,105.61,1789737607864,105.94,TP,438200,0.0462,0.0296,0.0166
B,0.3,0.3,0.001,1789737173194,LONG,105.59,1789737578521,105.92,TP,405327,0.0462,0.0296,0.0166
B,0.3,0.3,0.001,1789737184910,LONG,105.6,1789737578521,105.92,TP,393611,0.0448,0.0296,0.0152
B,0.3,0.3,0.001,1789737187440,LONG,105.59,1789737578521,105.92,TP,391081,0.0462,0.0296,0.0166
B,0.3,0.3,0.001,1789737193502,LONG,105.6,1789737578521,105.92,TP,385019,0.0448,0.0296,0.0152
B,0.3,0.3,0.001,1789737195007,SHORT,105.58,1789737527858,105.9,SL,332851,-0.0448,0.0296,-0.0744
B,0.3,0.3,0.001,1789737199279,LONG,105.61,1789737607864,105.94,TP,408585,0.0462,0.0296,0.0166
B,0.3,0.3,0.001,1789737206609,SHORT,105.62,1789737607864,105.95,SL,401255,-0.0462,0.0296,-0.0758
B,0.3,0.3,0.001,1789737208112,SHORT,105.61,1789737578521,105.93,SL,370409,-0.0448,0.0296,-0.0744
B,0.3,0.3,0.001,1789737209644,SHORT,105.61,1789737578521,105.93,SL,368877,-0.0448,0.0296,-0.0744
B,0.3,0.5,0.001,1789736988436,LONG,105.64,1789737668031,105.96,TP,679595,0.0448,0.0296,0.0152
B,0.3,0.5,0.001,1789737002128,LONG,105.61,1789737607864,105.94,TP,605736,0.0462,0.0296,0.0166
B,0.3,0.5,0.001,1789737008174,LONG,105.61,1789737607864,105.94,TP,599690,0.0462,0.0296,0.0166
B,0.3,0.5,0.001,1789737030479,LONG,105.62,1789737607864,105.94,TP,577385,0.0448,0.0296,0.0152
B,0.3,0.5,0.001,1789737032494,LONG,105.64,1789737668031,105.96,TP,635537,0.0448,0.0296,0.0152
B,0.3,0.5,0.001,1789737034008,LONG,105.64,1789737668031,105.96,TP,634023,0.0448,0.0296,0.0152
B,0.3,0.5,0.001,1789737057793,LONG,105.62,1789737607864,105.94,TP,550071,0.0448,0.0296,0.0152
B,0.3,0.5,0.001,1789737059319,LONG,105.63,1789737663466,105.95,TP,604147,0.0448,0.0296,0.0152
B,0.3,0.5,0.001,1789737076027,LONG,105.6,1789737578521,105.92,TP,502494,0.0448,0.0296,0.0152
B,0.3,0.5,0.001,1789737126637,LONG,105.61,1789737607864,105.94,TP,481227,0.0462,0.0296,0.0166
B,0.3,0.5,0.001,1789737169664,LONG,105.61,1789737607864,105.94,TP,438200,0.0462,0.0296,0.0166
B,0.3,0.5,0.001,1789737173194,LONG,105.59,1789737578521,105.92,TP,405327,0.0462,0.0296,0.0166
B,0.3,0.5,0.001,1789737184910,LONG,105.6,1789737578521,105.92,TP,393611,0.0448,0.0296,0.0152
B,0.3,0.5,0.001,1789737187440,LONG,105.59,1789737578521,105.92,TP,391081,0.0462,0.0296,0.0166
B,0.3,0.5,0.001,1789737193502,LONG,105.6,1789737578521,105.92,TP,385019,0.0448,0.0296,0.0152
B,0.3,0.5,0.001,1789737199279,LONG,105.61,1789737607864,105.94,TP,408585,0.0462,0.0296,0.0166
B,0.3,0.5,0.001,1789737215717,LONG,105.59,1789737578521,105.92,TP,362804,0.0462,0.0296,0.0166
B,0.3,0.5,0.001,1789737219262,LONG,105.61,1789737607864,105.94,TP,388602,0.0462,0.0296,0.0166
B,0.3,0.5,0.001,1789737244623,LONG,105.64,1789737668031,105.96,TP,423408,0.0448,0.0296,0.0152
B,0.3,0.5,0.001,1789737246635,LONG,105.64,1789737668031,105.96,TP,421396,0.0448,0.0296,0.0152
B,0.3,0.5,0.001,1789737247659,LONG,105.64,1789737668031,105.96,TP,420372,0.0448,0.0296,0.0152
B,0.3,0.5,0.001,1789737261415,LONG,105.63,1789737663466,105.95,TP,402051,0.0448,0.0296,0.0152
B,0.3,0.5,0.001,1789737265459,LONG,105.63,1789737663466,105.95,TP,398007,0.0448,0.0296,0.0152
B,0.3,0.5,0.001,1789737267498,LONG,105.64,1789737668031,105.96,TP,400533,0.0448,0.0296,0.0152
B,0.3,0.5,0.001,1789737269519,LONG,105.65,1789737691313,105.97,TP,421794,0.0448,0.0296,0.0152
B,0.3,0.5,0.001,1789737285799,LONG,105.63,1789737663466,105.95,TP,377667,0.0448,0.0296,0.0152
B,0.3,0.5,0.001,1789737289864,LONG,105.63,1789737663466,105.95,TP,373602,0.0448,0.0296,0.0152
B,0.3,0.5,0.001,1789737308613,LONG,105.61,1789737607864,105.94,TP,299251,0.0462,0.0296,0.0166
B,0.3,0.5,0.001,1789737318204,LONG,105.62,1789737607864,105.94,TP,289660,0.0448,0.0296,0.0152
B,0.3,0.5,0.001,1789737332922,LONG,105.61,1789737607864,105.94,TP,274942,0.0462,0.0296,0.0166
B,0.3,0.5,0.001,1789737345587,LONG,105.61,1789737607864,105.94,TP,262277,0.0462,0.0296,0.0166
B,0.3,0.5,0.001,1789737360307,LONG,105.63,1789737663466,105.95,TP,303159,0.0448,0.0296,0.0152
B,0.3,0.5,0.001,1789737367913,LONG,105.64,1789737668031,105.96,TP,300118,0.0448,0.0296,0.0152
B,0.3,0.5,0.001,1789737373993,LONG,105.66,1789737692836,105.98,TP,318843,0.0448,0.0296,0.0152
B,0.5,0.1,0.001,1789736948296,SHORT,105.62,1789737385210,105.75,SL,436914,-0.0182,0.0296,-0.0478
B,0.5,0.1,0.001,1789737004165,SHORT,105.59,1789737385210,105.75,SL,381045,-0.0224,0.0296,-0.0520
B,0.5,0.1,0.001,1789737018795,SHORT,105.61,1789737385210,105.75,SL,366415,-0.0196,0.0296,-0.0492
B,0.5,0.1,0.001,1789737062867,SHORT,105.62,1789737385210,105.75,SL,322343,-0.0182,0.0296,-0.0478
B,0.5,0.1,0.001,1789737071973,SHORT,105.61,1789737385210,105.75,SL,313237,-0.0196,0.0296,-0.0492
B,0.5,0.1,0.001,1789737107395,SHORT,105.62,1789737385210,105.75,SL,277815,-0.0182,0.0296,-0.0478
B,0.5,0.1,0.001,1789737110416,SHORT,105.59,1789737385210,105.75,SL,274794,-0.0224,0.0296,-0.0520
B,0.5,0.1,0.001,1789737195007,SHORT,105.58,1789737385210,105.75,SL,190203,-0.0238,0.0296,-0.0534
B,0.5,0.1,0.001,1789737206609,SHORT,105.62,1789737385210,105.75,SL,178601,-0.0182,0.0296,-0.0478
B,0.5,0.1,0.001,1789737208112,SHORT,105.61,1789737385210,105.75,SL,177098,-0.0196,0.0296,-0.0492
B,0.5,0.1,0.001,1789737209644,SHORT,105.61,1789737385210,105.75,SL,175566,-0.0196,0.0296,-0.0492
B,0.5,0.15,0.001,1789736948296,SHORT,105.62,1789737390622,105.78,SL,442326,-0.0224,0.0296,-0.0520
B,0.5,0.15,0.001,1789737004165,SHORT,105.59,1789737385210,105.75,SL,381045,-0.0224,0.0296,-0.0520
B,0.5,0.15,0.001,1789737018795,SHORT,105.61,1789737388108,105.77,SL,369313,-0.0224,0.0296,-0.0520
B,0.5,0.15,0.001,1789737062867,SHORT,105.62,1789737390622,105.78,SL,327755,-0.0224,0.0296,-0.0520
B,0.5,0.15,0.001,1789737071973,SHORT,105.61,1789737388108,105.77,SL,316135,-0.0224,0.0296,-0.0520
B,0.5,0.15,0.001,1789737107395,SHORT,105.62,1789737390622,105.78,SL,283227,-0.0224,0.0296,-0.0520
B,0.5,0.15,0.001,1789737110416,SHORT,105.59,1789737385210,105.75,SL,274794,-0.0224,0.0296,-0.0520
B,0.5,0.15,0.001,1789737195007,SHORT,105.58,1789737385210,105.75,SL,190203,-0.0238,0.0296,-0.0534
B,0.5,0.15,0.001,1789737206609,SHORT,105.62,1789737390622,105.78,SL,184013,-0.0224,0.0296,-0.0520
B,0.5,0.15,0.001,1789737208112,SHORT,105.61,1789737388108,105.77,SL,179996,-0.0224,0.0296,-0.0520
B,0.5,0.15,0.001,1789737209644,SHORT,105.61,1789737388108,105.77,SL,178464,-0.0224,0.0296,-0.0520
B,0.5,0.2,0.001,1789736948296,SHORT,105.62,1789737494555,105.86,SL,546259,-0.0336,0.0296,-0.0632
B,0.5,0.2,0.001,1789737004165,SHORT,105.59,1789737485445,105.81,SL,481280,-0.0308,0.0296,-0.0604
B,0.5,0.2,0.001,1789737018795,SHORT,105.61,1789737494073,105.83,SL,475278,-0.0308,0.0296,-0.0604
B,0.5,0.2,0.001,1789737062867,SHORT,105.62,1789737494555,105.86,SL,431688,-0.0336,0.0296,-0.0632
B,0.5,0.2,0.001,1789737071973,SHORT,105.61,1789737494073,105.83,SL,422100,-0.0308,0.0296,-0.0604
B,0.5,0.2,0.001,1789737107395,SHORT,105.62,1789737494555,105.86,SL,387160,-0.0336,0.0296,-0.0632
B,0.5,0.2,0.001,1789737110416,SHORT,105.59,1789737485445,105.81,SL,375029,-0.0308,0.0296,-0.0604
B,0.5,0.2,0.001,1789737195007,SHORT,105.58,1789737482425,105.8,SL,287418,-0.0308,0.0296,-0.0604
B,0.5,0.2,0.001,1789737206609,SHORT,105.62,1789737494555,105.86,SL,287946,-0.0336,0.0296,-0.0632
B,0.5,0.25,0.001,1789736948296,SHORT,105.62,1789737515255,105.89,SL,566959,-0.0378,0.0296,-0.0674
B,0.5,0.25,0.001,1789737004165,SHORT,105.59,1789737494555,105.86,SL,490390,-0.0378,0.0296,-0.0674
B,0.5,0.25,0.001,1789737018795,SHORT,105.61,1789737515255,105.89,SL,496460,-0.0392,0.0296,-0.0688
B,0.5,0.25,0.001,1789737062867,SHORT,105.62,1789737515255,105.89,SL,452388,-0.0378,0.0296,-0.0674
B,0.5,0.25,0.001,1789737071973,SHORT,105.61,1789737515255,105.89,SL,443282,-0.0392,0.0296,-0.0688
B,0.5,0.25,0.001,1789737107395,SHORT,105.62,1789737515255,105.89,SL,407860,-0.0378,0.0296,-0.0674
B,0.5,0.25,0.001,1789737110416,SHORT,105.59,1789737494555,105.86,SL,384139,-0.0378,0.0296,-0.0674
B,0.5,0.25,0.001,1789737195007,SHORT,105.58,1789737494555,105.86,SL,299548,-0.0392,0.0296,-0.0688
B,0.5,0.3,0.001,1789736948296,SHORT,105.62,1789737607864,105.95,SL,659568,-0.0462,0.0296,-0.0758
B,0.5,0.3,0.001,1789737004165,SHORT,105.59,1789737558228,105.91,SL,554063,-0.0448,0.0296,-0.0744
B,0.5,0.3,0.001,1789737018795,SHORT,105.61,1789737578521,105.93,SL,559726,-0.0448,0.0296,-0.0744
B,0.5,0.3,0.001,1789737062867,SHORT,105.62,1789737607864,105.95,SL,544997,-0.0462,0.0296,-0.0758
B,0.5,0.3,0.001,1789737071973,SHORT,105.61,1789737578521,105.93,SL,506548,-0.0448,0.0296,-0.0744
B,0.5,0.3,0.001,1789737107395,SHORT,105.62,1789737607864,105.95,SL,500469,-0.0462,0.0296,-0.0758
B,0.5,0.3,0.001,1789737110416,SHORT,105.59,1789737558228,105.91,SL,447812,-0.0448,0.0296,-0.0744
B,0.5,0.3,0.001,1789737195007,SHORT,105.58,1789737527858,105.9,SL,332851,-0.0448,0.0296,-0.0744
C,0.1,0.1,0.001,1789736948296,SHORT,105.62,1789737385210,105.75,SL,436914,-0.0182,0.0296,-0.0478
C,0.1,0.1,0.001,1789736949811,SHORT,105.62,1789737385210,105.75,SL,435399,-0.0182,0.0296,-0.0478
C,0.1,0.1,0.001,1789736955383,SHORT,105.62,1789737385210,105.75,SL,429827,-0.0182,0.0296,-0.0478
C,0.1,0.1,0.001,1789736971127,SHORT,105.62,1789737385210,105.75,SL,414083,-0.0182,0.0296,-0.0478
C,0.1,0.1,0.001,1789736979772,LONG,105.64,1789737388108,105.76,TP,408336,0.0168,0.0296,-0.0128
C,0.1,0.1,0.001,1789736988436,LONG,105.64,1789737388108,105.76,TP,399672,0.0168,0.0296,-0.0128
C,0.1,0.1,0.001,1789737002128,LONG,105.61,1789737385210,105.74,TP,383082,0.0182,0.0296,-0.0114
C,0.1,0.1,0.001,1789737004165,SHORT,105.59,1789737385210,105.75,SL,381045,-0.0224,0.0296,-0.0520
C,0.1,0.1,0.001,1789737006174,LONG,105.61,1789737385210,105.74,TP,379036,0.0182,0.0296,-0.0114
C,0.1,0.1,0.001,1789737013730,LONG,105.62,1789737385210,105.74,TP,371480,0.0168,0.0296,-0.0128
C,0.1,0.1,0.001,1789737018795,SHORT,105.61,1789737385210,105.75,SL,366415,-0.0196,0.0296,-0.0492
C,0.1,0.1,0.001,1789737019818,SHORT,105.6,1789737385210,105.75,SL,365392,-0.0210,0.0296,-0.0506
C,0.1,0.1,0.001,1789737027429,LONG,105.6,1789737385210,105.74,TP,357781,0.0196,0.0296,-0.0100
C,0.1,0.1,0.001,1789737029476,LONG,105.61,1789737385210,105.74,TP,355734,0.0182,0.0296,-0.0114
C,0.1,0.1,0.001,1789737030479,LONG,105.62,1789737385210,105.74,TP,354731,0.0168,0.0296,-0.0128
C,0.1,0.1,0.001,1789737032494,LONG,105.64,1789737388108,105.76,TP,355614,0.0168,0.0296,-0.0128
C,0.1,0.1,0.001,1789737033513,LONG,105.64,1789737388108,105.76,TP,354595,0.0168,0.0296,-0.0128
C,0.1,0.1,0.001,1789737036025,LONG,105.65,1789737388108,105.76,TP,352083,0.0154,0.0296,-0.0142
C,0.1,0.1,0.001,1789737047655,SHORT,105.63,1789737385210,105.75,SL,337555,-0.0168,0.0296,-0.0464
C,0.1,0.1,0.001,1789737054270,SHORT,105.63,1789737385210,105.75,SL,330940,-0.0168,0.0296,-0.0464
C,0.1,0.15,0.001,1789736948296,SHORT,105.62,1789737390622,105.78,SL,442326,-0.0224,0.0296,-0.0520
C,0.1,0.15,0.001,1789736949811,SHORT,105.62,1789737390622,105.78,SL,440811,-0.0224,0.0296,-0.0520
C,0.1,0.15,0.001,1789736955383,SHORT,105.62,1789737390622,105.78,SL,435239,-0.0224,0.0296,-0.0520
C,0.1,0.15,0.001,1789736971127,SHORT,105.62,1789737390622,105.78,SL,419495,-0.0224,0.0296,-0.0520
C,0.1,0.15,0.001,1789736979772,LONG,105.64,1789737388108,105.76,TP,408336,0.0168,0.0296,-0.0128
C,0.1,0.15,0.001,1789736988436,LONG,105.64,1789737388108,105.76,TP,399672,0.0168,0.0296,-0.0128
C,0.1,0.15,0.001,1789737002128,LONG,105.61,1789737385210,105.74,TP,383082,0.0182,0.0296,-0.0114
C,0.1,0.15,0.001,1789737004165,SHORT,105.59,1789737385210,105.75,SL,381045,-0.0224,0.0296,-0.0520
C,0.1,0.15,0.001,1789737006174,LONG,105.61,1789737385210,105.74,TP,379036,0.0182,0.0296,-0.0114
C,0.1,0.15,0.001,1789737013730,LONG,105.62,1789737385210,105.74,TP,371480,0.0168,0.0296,-0.0128
C,0.1,0.15,0.001,1789737018795,SHORT,105.61,1789737388108,105.77,SL,369313,-0.0224,0.0296,-0.0520
C,0.1,0.15,0.001,1789737019818,SHORT,105.6,1789737388108,105.77,SL,368290,-0.0238,0.0296,-0.0534
C,0.1,0.15,0.001,1789737027429,LONG,105.6,1789737385210,105.74,TP,357781,0.0196,0.0296,-0.0100
C,0.1,0.15,0.001,1789737029476,LONG,105.61,1789737385210,105.74,TP,355734,0.0182,0.0296,-0.0114
C,0.1,0.15,0.001,1789737030479,LONG,105.62,1789737385210,105.74,TP,354731,0.0168,0.0296,-0.0128
C,0.1,0.15,0.001,1789737032494,LONG,105.64,1789737388108,105.76,TP,355614,0.0168,0.0296,-0.0128
C,0.1,0.15,0.001,1789737033513,LONG,105.64,1789737388108,105.76,TP,354595,0.0168,0.0296,-0.0128
C,0.1,0.15,0.001,1789737036025,LONG,105.65,1789737388108,105.76,TP,352083,0.0154,0.0296,-0.0142
C,0.1,0.15,0.001,1789737047655,SHORT,105.63,1789737392141,105.79,SL,344486,-0.0224,0.0296,-0.0520
C,0.1,0.2,0.001,1789736948296,SHORT,105.62,1789737494555,105.86,SL,546259,-0.0336,0.0296,-0.0632
C,0.1,0.2,0.001,1789736949811,SHORT,105.62,1789737494555,105.86,SL,544744,-0.0336,0.0296,-0.0632
C,0.1,0.2,0.001,1789736955383,SHORT,105.62,1789737494555,105.86,SL,539172,-0.0336,0.0296,-0.0632
C,0.1,0.2,0.001,1789736971127,SHORT,105.62,1789737494555,105.86,SL,523428,-0.0336,0.0296,-0.0632
C,0.1,0.2,0.001,1789736979772,LONG,105.64,1789737388108,105.76,TP,408336,0.0168,0.0296,-0.0128
C,0.1,0.2,0.001,1789736988436,LONG,105.64,1789737388108,105.76,TP,399672,0.0168,0.0296,-0.0128
C,0.1,0.2,0.001,1789737002128,LONG,105.61,1789737385210,105.74,TP,383082,0.0182,0.0296,-0.0114
C,0.1,0.2,0.001,1789737004165,SHORT,105.59,1789737485445,105.81,SL,481280,-0.0308,0.0296,-0.0604
C,0.1,0.2,0.001,1789737006174,LONG,105.61,1789737385210,105.74,TP,379036,0.0182,0.0296,-0.0114
C,0.1,0.2,0.001,1789737013730,LONG,105.62,1789737385210,105.74,TP,371480,0.0168,0.0296,-0.0128
C,0.1,0.2,0.001,1789737018795,SHORT,105.61,1789737494073,105.83,SL,475278,-0.0308,0.0296,-0.0604
C,0.1,0.2,0.001,1789737019818,SHORT,105.6,1789737494073,105.83,SL,474255,-0.0322,0.0296,-0.0618
C,0.1,0.2,0.001,1789737027429,LONG,105.6,1789737385210,105.74,TP,357781,0.0196,0.0296,-0.0100
C,0.1,0.2,0.001,1789737029476,LONG,105.61,1789737385210,105.74,TP,355734,0.0182,0.0296,-0.0114
C,0.1,0.2,0.001,1789737030479,LONG,105.62,1789737385210,105.74,TP,354731,0.0168,0.0296,-0.0128
C,0.1,0.2,0.001,1789737055270,SHORT,105.61,1789737494073,105.83,SL,438803,-0.0308,0.0296,-0.0604
C,0.1,0.25,0.001,1789736948296,SHORT,105.62,1789737515255,105.89,SL,566959,-0.0378,0.0296,-0.0674
C,0.1,0.25,0.001,1789736949811,SHORT,105.62,1789737515255,105.89,SL,565444,-0.0378,0.0296,-0.0674
C,0.1,0.25,0.001,1789736955383,SHORT,105.62,1789737515255,105.89,SL,559872,-0.0378,0.0296,-0.0674
C,0.1,0.25,0.001,1789736971127,SHORT,105.62,1789737515255,105.89,SL,544128,-0.0378,0.0296,-0.0674
C,0.1,0.25,0.001,1789736979772,LONG,105.64,1789737388108,105.76,TP,408336,0.0168,0.0296,-0.0128
C,0.1,0.25,0.001,1789736988436,LONG,105.64,1789737388108,105.76,TP,399672,0.0168,0.0296,-0.0128
C,0.1,0.25,0.001,1789737002128,LONG,105.61,1789737385210,105.74,TP,383082,0.0182,0.0296,-0.0114
C,0.1,0.25,0.001,1789737004165,SHORT,105.59,1789737494555,105.86,SL,490390,-0.0378,0.0296,-0.0674
C,0.1,0.25,0.001,1789737006174,LONG,105.61,1789737385210,105.74,TP,379036,0.0182,0.0296,-0.0114
C,0.1,0.25,0.001,1789737013730,LONG,105.62,1789737385210,105.74,TP,371480,0.0168,0.0296,-0.0128
C,0.1,0.25,0.001,1789737018795,SHORT,105.61,1789737515255,105.89,SL,496460,-0.0392,0.0296,-0.0688
C,0.1,0.25,0.001,1789737019818,SHORT,105.6,1789737495061,105.87,SL,475243,-0.0378,0.0296,-0.0674
C,0.1,0.3,0.001,1789736948296,SHORT,105.62,1789737607864,105.95,SL,659568,-0.0462,0.0296,-0.0758
C,0.1,0.3,0.001,1789736949811,SHORT,105.62,1789737607864,105.95,SL,658053,-0.0462,0.0296,-0.0758
C,0.1,0.3,0.001,1789736955383,SHORT,105.62,1789737607864,105.95,SL,652481,-0.0462,0.0296,-0.0758
C,0.1,0.3,0.001,1789736971127,SHORT,105.62,1789737607864,105.95,SL,636737,-0.0462,0.0296,-0.0758
C,0.1,0.3,0.001,1789736979772,LONG,105.64,1789737388108,105.76,TP,408336,0.0168,0.0296,-0.0128
C,0.1,0.3,0.001,1789736988436,LONG,105.64,1789737388108,105.76,TP,399672,0.0168,0.0296,-0.0128
C,0.1,0.3,0.001,1789737002128,LONG,105.61,1789737385210,105.74,TP,383082,0.0182,0.0296,-0.0114
C,0.1,0.3,0.001,1789737004165,SHORT,105.59,1789737558228,105.91,SL,554063,-0.0448,0.0296,-0.0744
C,0.1,0.3,0.001,1789737006174,LONG,105.61,1789737385210,105.74,TP,379036,0.0182,0.0296,-0.0114
C,0.1,0.3,0.001,1789737013730,LONG,105.62,1789737385210,105.74,TP,371480,0.0168,0.0296,-0.0128
C,0.1,0.3,0.001,1789737018795,SHORT,105.61,1789737578521,105.93,SL,559726,-0.0448,0.0296,-0.0744
C,0.1,0.3,0.001,1789737019818,SHORT,105.6,1789737578521,105.93,SL,558703,-0.0462,0.0296,-0.0758
C,0.1,0.5,0.001,1789736979772,LONG,105.64,1789737388108,105.76,TP,408336,0.0168,0.0296,-0.0128
C,0.1,0.5,0.001,1789736988436,LONG,105.64,1789737388108,105.76,TP,399672,0.0168,0.0296,-0.0128
C,0.1,0.5,0.001,1789737002128,LONG,105.61,1789737385210,105.74,TP,383082,0.0182,0.0296,-0.0114
C,0.1,0.5,0.001,1789737006174,LONG,105.61,1789737385210,105.74,TP,379036,0.0182,0.0296,-0.0114
C,0.1,0.5,0.001,1789737013730,LONG,105.62,1789737385210,105.74,TP,371480,0.0168,0.0296,-0.0128
C,0.1,0.5,0.001,1789737027429,LONG,105.6,1789737385210,105.74,TP,357781,0.0196,0.0296,-0.0100
C,0.1,0.5,0.001,1789737029476,LONG,105.61,1789737385210,105.74,TP,355734,0.0182,0.0296,-0.0114
C,0.1,0.5,0.001,1789737030479,LONG,105.62,1789737385210,105.74,TP,354731,0.0168,0.0296,-0.0128
C,0.1,0.5,0.001,1789737032494,LONG,105.64,1789737388108,105.76,TP,355614,0.0168,0.0296,-0.0128
C,0.1,0.5,0.001,1789737033513,LONG,105.64,1789737388108,105.76,TP,354595,0.0168,0.0296,-0.0128
C,0.1,0.5,0.001,1789737036025,LONG,105.65,1789737388108,105.76,TP,352083,0.0154,0.0296,-0.0142
C,0.1,0.5,0.001,1789737057793,LONG,105.62,1789737385210,105.74,TP,327417,0.0168,0.0296,-0.0128
C,0.1,0.5,0.001,1789737075515,LONG,105.6,1789737385210,105.74,TP,309695,0.0196,0.0296,-0.0100
C,0.1,0.5,0.001,1789737082590,LONG,105.61,1789737385210,105.74,TP,302620,0.0182,0.0296,-0.0114
C,0.1,0.5,0.001,1789737087151,LONG,105.63,1789737385210,105.74,TP,298059,0.0154,0.0296,-0.0142
C,0.1,0.5,0.001,1789737088659,LONG,105.63,1789737385210,105.74,TP,296551,0.0154,0.0296,-0.0142
C,0.1,0.5,0.001,1789737094209,LONG,105.63,1789737385210,105.74,TP,291001,0.0154,0.0296,-0.0142
C,0.1,0.5,0.001,1789737114960,LONG,105.6,1789737385210,105.74,TP,270250,0.0196,0.0296,-0.0100
C,0.1,0.5,0.001,1789737116986,LONG,105.6,1789737385210,105.74,TP,268224,0.0196,0.0296,-0.0100
C,0.1,0.5,0.001,1789737125618,LONG,105.61,1789737385210,105.74,TP,259592,0.0182,0.0296,-0.0114
C,0.1,0.5,0.001,1789737133261,LONG,105.61,1789737385210,105.74,TP,251949,0.0182,0.0296,-0.0114
C,0.1,0.5,0.001,1789737152452,LONG,105.59,1789737385210,105.74,TP,232758,0.0210,0.0296,-0.0086
C,0.1,0.5,0.001,1789737153452,LONG,105.59,1789737385210,105.74,TP,231758,0.0210,0.0296,-0.0086
C,0.1,0.5,0.001,1789737167359,LONG,105.6,1789737385210,105.74,TP,217851,0.0196,0.0296,-0.0100
C,0.1,0.5,0.001,1789737169664,LONG,105.61,1789737385210,105.74,TP,215546,0.0182,0.0296,-0.0114
C,0.1,0.5,0.001,1789737170670,LONG,105.62,1789737385210,105.74,TP,214540,0.0168,0.0296,-0.0128
C,0.1,0.5,0.001,1789737173194,LONG,105.59,1789737385210,105.74,TP,212016,0.0210,0.0296,-0.0086
C,0.1,0.5,0.001,1789737184910,LONG,105.6,1789737385210,105.74,TP,200300,0.0196,0.0296,-0.0100
C,0.1,0.5,0.001,1789737187440,LONG,105.59,1789737385210,105.74,TP,197770,0.0210,0.0296,-0.0086
C,0.1,0.5,0.001,1789737193502,LONG,105.6,1789737385210,105.74,TP,191708,0.0196,0.0296,-0.0100
C,0.1,0.5,0.001,1789737199279,LONG,105.61,1789737385210,105.74,TP,185931,0.0182,0.0296,-0.0114
C,0.1,0.5,0.001,1789737202275,LONG,105.61,1789737385210,105.74,TP,182935,0.0182,0.0296,-0.0114
C,0.1,0.5,0.001,1789737219262,LONG,105.61,1789737385210,105.74,TP,165948,0.0182,0.0296,-0.0114
C,0.1,0.5,0.001,1789737244125,LONG,105.64,1789737388108,105.76,TP,143983,0.0168,0.0296,-0.0128
C,0.1,0.5,0.001,1789737250194,LONG,105.64,1789737388108,105.76,TP,137914,0.0168,0.0296,-0.0128
C,0.1,0.5,0.001,1789737258858,LONG,105.63,1789737385210,105.74,TP,126352,0.0154,0.0296,-0.0142
C,0.1,0.5,0.001,1789737266477,LONG,105.63,1789737385210,105.74,TP,118733,0.0154,0.0296,-0.0142
C,0.1,0.5,0.001,1789737267498,LONG,105.64,1789737388108,105.76,TP,120610,0.0168,0.0296,-0.0128
C,0.1,0.5,0.001,1789737287830,LONG,105.63,1789737385210,105.74,TP,97380,0.0154,0.0296,-0.0142
C,0.1,0.5,0.001,1789737289864,LONG,105.63,1789737385210,105.74,TP,95346,0.0154,0.0296,-0.0142
C,0.1,0.5,0.001,1789737308112,LONG,105.61,1789737385210,105.74,TP,77098,0.0182,0.0296,-0.0114
C,0.1,0.5,0.001,1789737318204,LONG,105.62,1789737385210,105.74,TP,67006,0.0168,0.0296,-0.0128
C,0.1,0.5,0.001,1789737322782,LONG,105.63,1789737385210,105.74,TP,62428,0.0154,0.0296,-0.0142
C,0.1,0.5,0.001,1789737332922,LONG,105.61,1789737385210,105.74,TP,52288,0.0182,0.0296,-0.0114
C,0.1,0.5,0.001,1789737345308,LONG,105.61,1789737385210,105.74,TP,39902,0.0182,0.0296,-0.0114
C,0.15,0.1,0.001,1789736948296,SHORT,105.62,1789737385210,105.75,SL,436914,-0.0182,0.0296,-0.0478
C,0.15,0.1,0.001,1789736949811,SHORT,105.62,1789737385210,105.75,SL,435399,-0.0182,0.0296,-0.0478
C,0.15,0.1,0.001,1789736955383,SHORT,105.62,1789737385210,105.75,SL,429827,-0.0182,0.0296,-0.0478
C,0.15,0.1,0.001,1789736971127,SHORT,105.62,1789737385210,105.75,SL,414083,-0.0182,0.0296,-0.0478
C,0.15,0.1,0.001,1789736979772,LONG,105.64,1789737485445,105.8,TP,505673,0.0224,0.0296,-0.0072
C,0.15,0.1,0.001,1789736988436,LONG,105.64,1789737485445,105.8,TP,497009,0.0224,0.0296,-0.0072
C,0.15,0.1,0.001,1789737002128,LONG,105.61,1789737390622,105.77,TP,388494,0.0224,0.0296,-0.0072
C,0.15,0.1,0.001,1789737004165,SHORT,105.59,1789737385210,105.75,SL,381045,-0.0224,0.0296,-0.0520
C,0.15,0.1,0.001,1789737006174,LONG,105.61,1789737390622,105.77,TP,384448,0.0224,0.0296,-0.0072
C,0.15,0.1,0.001,1789737013730,LONG,105.62,1789737392141,105.78,TP,378411,0.0224,0.0296,-0.0072
C,0.15,0.1,0.001,1789737018795,SHORT,105.61,1789737385210,105.75,SL,366415,-0.0196,0.0296,-0.0492
C,0.15,0.1,0.001,1789737019818,SHORT,105.6,1789737385210,105.75,SL,365392,-0.0210,0.0296,-0.0506
C,0.15,0.1,0.001,1789737027429,LONG,105.6,1789737388108,105.76,TP,360679,0.0224,0.0296,-0.0072
C,0.15,0.1,0.001,1789737029476,LONG,105.61,1789737390622,105.77,TP,361146,0.0224,0.0296,-0.0072
C,0.15,0.1,0.001,1789737030479,LONG,105.62,1789737392141,105.78,TP,361662,0.0224,0.0296,-0.0072
C,0.15,0.1,0.001,1789737032494,LONG,105.64,1789737485445,105.8,TP,452951,0.0224,0.0296,-0.0072
C,0.15,0.1,0.001,1789737033513,LONG,105.64,1789737485445,105.8,TP,451932,0.0224,0.0296,-0.0072
C,0.15,0.1,0.001,1789737036025,LONG,105.65,1789737494073,105.82,TP,458048,0.0238,0.0296,-0.0058
C,0.15,0.1,0.001,1789737047655,SHORT,105.63,1789737385210,105.75,SL,337555,-0.0168,0.0296,-0.0464
C,0.15,0.1,0.001,1789737054270,SHORT,105.63,1789737385210,105.75,SL,330940,-0.0168,0.0296,-0.0464
C,0.15,0.1,0.001,1789737055270,SHORT,105.61,1789737385210,105.75,SL,329940,-0.0196,0.0296,-0.0492
C,0.15,0.15,0.001,1789736948296,SHORT,105.62,1789737390622,105.78,SL,442326,-0.0224,0.0296,-0.0520
C,0.15,0.15,0.001,1789736949811,SHORT,105.62,1789737390622,105.78,SL,440811,-0.0224,0.0296,-0.0520
C,0.15,0.15,0.001,1789736955383,SHORT,105.62,1789737390622,105.78,SL,435239,-0.0224,0.0296,-0.0520
C,0.15,0.15,0.001,1789736971127,SHORT,105.62,1789737390622,105.78,SL,419495,-0.0224,0.0296,-0.0520
C,0.15,0.15,0.001,1789736979772,LONG,105.64,1789737485445,105.8,TP,505673,0.0224,0.0296,-0.0072
C,0.15,0.15,0.001,1789736988436,LONG,105.64,1789737485445,105.8,TP,497009,0.0224,0.0296,-0.0072
C,0.15,0.15,0.001,1789737002128,LONG,105.61,1789737390622,105.77,TP,388494,0.0224,0.0296,-0.0072
C,0.15,0.15,0.001,1789737004165,SHORT,105.59,1789737385210,105.75,SL,381045,-0.0224,0.0296,-0.0520
C,0.15,0.15,0.001,1789737006174,LONG,105.61,1789737390622,105.77,TP,384448,0.0224,0.0296,-0.0072
C,0.15,0.15,0.001,1789737013730,LONG,105.62,1789737392141,105.78,TP,378411,0.0224,0.0296,-0.0072
C,0.15,0.15,0.001,1789737018795,SHORT,105.61,1789737388108,105.77,SL,369313,-0.0224,0.0296,-0.0520
C,0.15,0.15,0.001,1789737019818,SHORT,105.6,1789737388108,105.77,SL,368290,-0.0238,0.0296,-0.0534
C,0.15,0.15,0.001,1789737027429,LONG,105.6,1789737388108,105.76,TP,360679,0.0224,0.0296,-0.0072
C,0.15,0.15,0.001,1789737029476,LONG,105.61,1789737390622,105.77,TP,361146,0.0224,0.0296,-0.0072
C,0.15,0.15,0.001,1789737030479,LONG,105.62,1789737392141,105.78,TP,361662,0.0224,0.0296,-0.0072
C,0.15,0.15,0.001,1789737032494,LONG,105.64,1789737485445,105.8,TP,452951,0.0224,0.0296,-0.0072
C,0.15,0.15,0.001,1789737033513,LONG,105.64,1789737485445,105.8,TP,451932,0.0224,0.0296,-0.0072
C,0.15,0.15,0.001,1789737036025,LONG,105.65,1789737494073,105.82,TP,458048,0.0238,0.0296,-0.0058
C,0.15,0.15,0.001,1789737047655,SHORT,105.63,1789737392141,105.79,SL,344486,-0.0224,0.0296,-0.0520
C,0.15,0.15,0.001,1789737054270,SHORT,105.63,1789737392141,105.79,SL,337871,-0.0224,0.0296,-0.0520
C,0.15,0.2,0.001,1789736948296,SHORT,105.62,1789737494555,105.86,SL,546259,-0.0336,0.0296,-0.0632
C,0.15,0.2,0.001,1789736949811,SHORT,105.62,1789737494555,105.86,SL,544744,-0.0336,0.0296,-0.0632
C,0.15,0.2,0.001,1789736955383,SHORT,105.62,1789737494555,105.86,SL,539172,-0.0336,0.0296,-0.0632
C,0.15,0.2,0.001,1789736971127,SHORT,105.62,1789737494555,105.86,SL,523428,-0.0336,0.0296,-0.0632
C,0.15,0.2,0.001,1789736979772,LONG,105.64,1789737485445,105.8,TP,505673,0.0224,0.0296,-0.0072
C,0.15,0.2,0.001,1789736988436,LONG,105.64,1789737485445,105.8,TP,497009,0.0224,0.0296,-0.0072
C,0.15,0.2,0.001,1789737002128,LONG,105.61,1789737390622,105.77,TP,388494,0.0224,0.0296,-0.0072
C,0.15,0.2,0.001,1789737004165,SHORT,105.59,1789737485445,105.81,SL,481280,-0.0308,0.0296,-0.0604
C,0.15,0.2,0.001,1789737006174,LONG,105.61,1789737390622,105.77,TP,384448,0.0224,0.0296,-0.0072
C,0.15,0.2,0.001,1789737013730,LONG,105.62,1789737392141,105.78,TP,378411,0.0224,0.0296,-0.0072
C,0.15,0.2,0.001,1789737018795,SHORT,105.61,1789737494073,105.83,SL,475278,-0.0308,0.0296,-0.0604
C,0.15,0.2,0.001,1789737019818,SHORT,105.6,1789737494073,105.83,SL,474255,-0.0322,0.0296,-0.0618
C,0.15,0.2,0.001,1789737027429,LONG,105.6,1789737388108,105.76,TP,360679,0.0224,0.0296,-0.0072
C,0.15,0.2,0.001,1789737029476,LONG,105.61,1789737390622,105.77,TP,361146,0.0224,0.0296,-0.0072
C,0.15,0.2,0.001,1789737030479,LONG,105.62,1789737392141,105.78,TP,361662,0.0224,0.0296,-0.0072
C,0.15,0.2,0.001,1789737032494,LONG,105.64,1789737485445,105.8,TP,452951,0.0224,0.0296,-0.0072
C,0.15,0.2,0.001,1789737033513,LONG,105.64,1789737485445,105.8,TP,451932,0.0224,0.0296,-0.0072
C,0.15,0.2,0.001,1789737036025,LONG,105.65,1789737494073,105.82,TP,458048,0.0238,0.0296,-0.0058
C,0.15,0.2,0.001,1789737047655,SHORT,105.63,1789737494555,105.86,SL,446900,-0.0322,0.0296,-0.0618
C,0.15,0.25,0.001,1789736948296,SHORT,105.62,1789737515255,105.89,SL,566959,-0.0378,0.0296,-0.0674
C,0.15,0.25,0.001,1789736949811,SHORT,105.62,1789737515255,105.89,SL,565444,-0.0378,0.0296,-0.0674
C,0.15,0.25,0.001,1789736955383,SHORT,105.62,1789737515255,105.89,SL,559872,-0.0378,0.0296,-0.0674
C,0.15,0.25,0.001,1789736971127,SHORT,105.62,1789737515255,105.89,SL,544128,-0.0378,0.0296,-0.0674
C,0.15,0.25,0.001,1789736979772,LONG,105.64,1789737485445,105.8,TP,505673,0.0224,0.0296,-0.0072
C,0.15,0.25,0.001,1789736988436,LONG,105.64,1789737485445,105.8,TP,497009,0.0224,0.0296,-0.0072
C,0.15,0.25,0.001,1789737002128,LONG,105.61,1789737390622,105.77,TP,388494,0.0224,0.0296,-0.0072
C,0.15,0.25,0.001,1789737004165,SHORT,105.59,1789737494555,105.86,SL,490390,-0.0378,0.0296,-0.0674
C,0.15,0.25,0.001,1789737006174,LONG,105.61,1789737390622,105.77,TP,384448,0.0224,0.0296,-0.0072
C,0.15,0.25,0.001,1789737013730,LONG,105.62,1789737392141,105.78,TP,378411,0.0224,0.0296,-0.0072
C,0.15,0.25,0.001,1789737018795,SHORT,105.61,1789737515255,105.89,SL,496460,-0.0392,0.0296,-0.0688
C,0.15,0.25,0.001,1789737019818,SHORT,105.6,1789737495061,105.87,SL,475243,-0.0378,0.0296,-0.0674
C,0.15,0.25,0.001,1789737027429,LONG,105.6,1789737388108,105.76,TP,360679,0.0224,0.0296,-0.0072
C,0.15,0.25,0.001,1789737029476,LONG,105.61,1789737390622,105.77,TP,361146,0.0224,0.0296,-0.0072
C,0.15,0.25,0.001,1789737030479,LONG,105.62,1789737392141,105.78,TP,361662,0.0224,0.0296,-0.0072
C,0.15,0.25,0.001,1789737055270,SHORT,105.61,1789737515255,105.89,SL,459985,-0.0392,0.0296,-0.0688
C,0.15,0.3,0.001,1789736948296,SHORT,105.62,1789737607864,105.95,SL,659568,-0.0462,0.0296,-0.0758
C,0.15,0.3,0.001,1789736949811,SHORT,105.62,1789737607864,105.95,SL,658053,-0.0462,0.0296,-0.0758
C,0.15,0.3,0.001,1789736955383,SHORT,105.62,1789737607864,105.95,SL,652481,-0.0462,0.0296,-0.0758
C,0.15,0.3,0.001,1789736971127,SHORT,105.62,1789737607864,105.95,SL,636737,-0.0462,0.0296,-0.0758
C,0.15,0.3,0.001,1789736979772,LONG,105.64,1789737485445,105.8,TP,505673,0.0224,0.0296,-0.0072
C,0.15,0.3,0.001,1789736988436,LONG,105.64,1789737485445,105.8,TP,497009,0.0224,0.0296,-0.0072
C,0.15,0.3,0.001,1789737002128,LONG,105.61,1789737390622,105.77,TP,388494,0.0224,0.0296,-0.0072
C,0.15,0.3,0.001,1789737004165,SHORT,105.59,1789737558228,105.91,SL,554063,-0.0448,0.0296,-0.0744
C,0.15,0.3,0.001,1789737006174,LONG,105.61,1789737390622,105.77,TP,384448,0.0224,0.0296,-0.0072
C,0.15,0.3,0.001,1789737013730,LONG,105.62,1789737392141,105.78,TP,378411,0.0224,0.0296,-0.0072
C,0.15,0.3,0.001,1789737018795,SHORT,105.61,1789737578521,105.93,SL,559726,-0.0448,0.0296,-0.0744
C,0.15,0.3,0.001,1789737019818,SHORT,105.6,1789737578521,105.93,SL,558703,-0.0462,0.0296,-0.0758
C,0.15,0.5,0.001,1789736979772,LONG,105.64,1789737485445,105.8,TP,505673,0.0224,0.0296,-0.0072
C,0.15,0.5,0.001,1789736988436,LONG,105.64,1789737485445,105.8,TP,497009,0.0224,0.0296,-0.0072
C,0.15,0.5,0.001,1789737002128,LONG,105.61,1789737390622,105.77,TP,388494,0.0224,0.0296,-0.0072
C,0.15,0.5,0.001,1789737006174,LONG,105.61,1789737390622,105.77,TP,384448,0.0224,0.0296,-0.0072
C,0.15,0.5,0.001,1789737013730,LONG,105.62,1789737392141,105.78,TP,378411,0.0224,0.0296,-0.0072
C,0.15,0.5,0.001,1789737027429,LONG,105.6,1789737388108,105.76,TP,360679,0.0224,0.0296,-0.0072
C,0.15,0.5,0.001,1789737029476,LONG,105.61,1789737390622,105.77,TP,361146,0.0224,0.0296,-0.0072
C,0.15,0.5,0.001,1789737030479,LONG,105.62,1789737392141,105.78,TP,361662,0.0224,0.0296,-0.0072
C,0.15,0.5,0.001,1789737032494,LONG,105.64,1789737485445,105.8,TP,452951,0.0224,0.0296,-0.0072
C,0.15,0.5,0.001,1789737033513,LONG,105.64,1789737485445,105.8,TP,451932,0.0224,0.0296,-0.0072
C,0.15,0.5,0.001,1789737036025,LONG,105.65,1789737494073,105.82,TP,458048,0.0238,0.0296,-0.0058
C,0.15,0.5,0.001,1789737057793,LONG,105.62,1789737392141,105.78,TP,334348,0.0224,0.0296,-0.0072
C,0.15,0.5,0.001,1789737075515,LONG,105.6,1789737388108,105.76,TP,312593,0.0224,0.0296,-0.0072
C,0.15,0.5,0.001,1789737082590,LONG,105.61,1789737390622,105.77,TP,308032,0.0224,0.0296,-0.0072
C,0.15,0.5,0.001,1789737087151,LONG,105.63,1789737482425,105.79,TP,395274,0.0224,0.0296,-0.0072
C,0.15,0.5,0.001,1789737088659,LONG,105.63,1789737482425,105.79,TP,393766,0.0224,0.0296,-0.0072
C,0.15,0.5,0.001,1789737094209,LONG,105.63,1789737482425,105.79,TP,388216,0.0224,0.0296,-0.0072
C,0.15,0.5,0.001,1789737114960,LONG,105.6,1789737388108,105.76,TP,273148,0.0224,0.0296,-0.0072
C,0.15,0.5,0.001,1789737116986,LONG,105.6,1789737388108,105.76,TP,271122,0.0224,0.0296,-0.0072
C,0.15,0.5,0.001,1789737125618,LONG,105.61,1789737390622,105.77,TP,265004,0.0224,0.0296,-0.0072
C,0.15,0.5,0.001,1789737133261,LONG,105.61,1789737390622,105.77,TP,257361,0.0224,0.0296,-0.0072
C,0.15,0.5,0.001,1789737152452,LONG,105.59,1789737388108,105.76,TP,235656,0.0238,0.0296,-0.0058
C,0.15,0.5,0.001,1789737153452,LONG,105.59,1789737388108,105.76,TP,234656,0.0238,0.0296,-0.0058
C,0.15,0.5,0.001,1789737167359,LONG,105.6,1789737388108,105.76,TP,220749,0.0224,0.0296,-0.0072
C,0.15,0.5,0.001,1789737169664,LONG,105.61,1789737390622,105.77,TP,220958,0.0224,0.0296,-0.0072
C,0.15,0.5,0.001,1789737170670,LONG,105.62,1789737392141,105.78,TP,221471,0.0224,0.0296,-0.0072
C,0.15,0.5,0.001,1789737173194,LONG,105.59,1789737388108,105.76,TP,214914,0.0238,0.0296,-0.0058
C,0.15,0.5,0.001,1789737184910,LONG,105.6,1789737388108,105.76,TP,203198,0.0224,0.0296,-0.0072
C,0.15,0.5,0.001,1789737187440,LONG,105.59,1789737388108,105.76,TP,200668,0.0238,0.0296,-0.0058
C,0.15,0.5,0.001,1789737193502,LONG,105.6,1789737388108,105.76,TP,194606,0.0224,0.0296,-0.0072
C,0.15,0.5,0.001,1789737199279,LONG,105.61,1789737390622,105.77,TP,191343,0.0224,0.0296,-0.0072
C,0.15,0.5,0.001,1789737202275,LONG,105.61,1789737390622,105.77,TP,188347,0.0224,0.0296,-0.0072
C,0.15,0.5,0.001,1789737219262,LONG,105.61,1789737390622,105.77,TP,171360,0.0224,0.0296,-0.0072
C,0.15,0.5,0.001,1789737244125,LONG,105.64,1789737485445,105.8,TP,241320,0.0224,0.0296,-0.0072
C,0.15,0.5,0.001,1789737250194,LONG,105.64,1789737485445,105.8,TP,235251,0.0224,0.0296,-0.0072
C,0.15,0.5,0.001,1789737258858,LONG,105.63,1789737482425,105.79,TP,223567,0.0224,0.0296,-0.0072
C,0.15,0.5,0.001,1789737266477,LONG,105.63,1789737482425,105.79,TP,215948,0.0224,0.0296,-0.0072
C,0.15,0.5,0.001,1789737267498,LONG,105.64,1789737485445,105.8,TP,217947,0.0224,0.0296,-0.0072
C,0.15,0.5,0.001,1789737287830,LONG,105.63,1789737482425,105.79,TP,194595,0.0224,0.0296,-0.0072
C,0.15,0.5,0.001,1789737289864,LONG,105.63,1789737482425,105.79,TP,192561,0.0224,0.0296,-0.0072
C,0.15,0.5,0.001,1789737308112,LONG,105.61,1789737390622,105.77,TP,82510,0.0224,0.0296,-0.0072
C,0.15,0.5,0.001,1789737318204,LONG,105.62,1789737392141,105.78,TP,73937,0.0224,0.0296,-0.0072
C,0.15,0.5,0.001,1789737322782,LONG,105.63,1789737482425,105.79,TP,159643,0.0224,0.0296,-0.0072
C,0.15,0.5,0.001,1789737332922,LONG,105.61,1789737390622,105.77,TP,57700,0.0224,0.0296,-0.0072
C,0.15,0.5,0.001,1789737345308,LONG,105.61,1789737390622,105.77,TP,45314,0.0224,0.0296,-0.0072
C,0.15,0.5,0.001,1789737360307,LONG,105.63,1789737482425,105.79,TP,122118,0.0224,0.0296,-0.0072
C,0.15,0.5,0.001,1789737367417,LONG,105.64,1789737485445,105.8,TP,118028,0.0224,0.0296,-0.0072
C,0.15,0.5,0.001,1789737373993,LONG,105.66,1789737494073,105.82,TP,120080,0.0224,0.0296,-0.0072
C,0.15,0.5,0.001,1789737385716,LONG,105.73,1789737527858,105.89,TP,142142,0.0224,0.0296,-0.0072
C,0.15,0.5,0.001,1789737390622,LONG,105.78,1789737607864,105.94,TP,217242,0.0224,0.0296,-0.0072
C,0.15,0.5,0.001,1789737409393,LONG,105.78,1789737607864,105.94,TP,198471,0.0224,0.0296,-0.0072
C,0.15,0.5,0.001,1789737438326,LONG,105.79,1789737663466,105.95,TP,225140,0.0224,0.0296,-0.0072
C,0.15,0.5,0.001,1789737451491,LONG,105.78,1789737607864,105.94,TP,156373,0.0224,0.0296,-0.0072
C,0.15,0.5,0.001,1789737481382,LONG,105.78,1789737607864,105.94,TP,126482,0.0224,0.0296,-0.0072
C,0.15,0.5,0.001,1789737485445,LONG,105.81,1789737691313,105.97,TP,205868,0.0224,0.0296,-0.0072
C,0.15,0.5,0.001,1789737489507,LONG,105.81,1789737691313,105.97,TP,201806,0.0224,0.0296,-0.0072
C,0.15,0.5,0.001,1789737491019,LONG,105.81,1789737691313,105.97,TP,200294,0.0224,0.0296,-0.0072
C,0.15,0.5,0.001,1789737495571,LONG,105.87,1789737778917,106.03,TP,283346,0.0224,0.0297,-0.0073
C,0.15,0.5,0.001,1789737507686,LONG,105.86,1789737777384,106.02,TP,269698,0.0224,0.0297,-0.0073
C,0.2,0.1,0.001,1789736948296,SHORT,105.62,1789737385210,105.75,SL,436914,-0.0182,0.0296,-0.0478
C,0.2,0.1,0.001,1789736949811,SHORT,105.62,1789737385210,105.75,SL,435399,-0.0182,0.0296,-0.0478
C,0.2,0.1,0.001,1789736955383,SHORT,105.62,1789737385210,105.75,SL,429827,-0.0182,0.0296,-0.0478
C,0.2,0.1,0.001,1789736971127,SHORT,105.62,1789737385210,105.75,SL,414083,-0.0182,0.0296,-0.0478
C,0.2,0.1,0.001,1789736979772,LONG,105.64,1789737495061,105.86,TP,515289,0.0308,0.0296,0.0012
C,0.2,0.1,0.001,1789736988436,LONG,105.64,1789737495061,105.86,TP,506625,0.0308,0.0296,0.0012
C,0.2,0.1,0.001,1789737002128,LONG,105.61,1789737494555,105.85,TP,492427,0.0336,0.0296,0.0040
C,0.2,0.1,0.001,1789737004165,SHORT,105.59,1789737385210,105.75,SL,381045,-0.0224,0.0296,-0.0520
C,0.2,0.1,0.001,1789737006174,LONG,105.61,1789737494555,105.85,TP,488381,0.0336,0.0296,0.0040
C,0.2,0.1,0.001,1789737013730,LONG,105.62,1789737494555,105.85,TP,480825,0.0322,0.0296,0.0026
C,0.2,0.1,0.001,1789737018795,SHORT,105.61,1789737385210,105.75,SL,366415,-0.0196,0.0296,-0.0492
C,0.2,0.1,0.001,1789737019818,SHORT,105.6,1789737385210,105.75,SL,365392,-0.0210,0.0296,-0.0506
C,0.2,0.1,0.001,1789737027429,LONG,105.6,1789737494073,105.82,TP,466644,0.0308,0.0296,0.0012
C,0.2,0.1,0.001,1789737029476,LONG,105.61,1789737494555,105.85,TP,465079,0.0336,0.0296,0.0040
C,0.2,0.1,0.001,1789737030479,LONG,105.62,1789737494555,105.85,TP,464076,0.0322,0.0296,0.0026
C,0.2,0.1,0.001,1789737032494,LONG,105.64,1789737495061,105.86,TP,462567,0.0308,0.0296,0.0012
C,0.2,0.1,0.001,1789737033513,LONG,105.64,1789737495061,105.86,TP,461548,0.0308,0.0296,0.0012
C,0.2,0.1,0.001,1789737036025,LONG,105.65,1789737515255,105.88,TP,479230,0.0322,0.0296,0.0026
C,0.2,0.1,0.001,1789737047655,SHORT,105.63,1789737385210,105.75,SL,337555,-0.0168,0.0296,-0.0464
C,0.2,0.1,0.001,1789737054270,SHORT,105.63,1789737385210,105.75,SL,330940,-0.0168,0.0296,-0.0464
C,0.2,0.1,0.001,1789737055270,SHORT,105.61,1789737385210,105.75,SL,329940,-0.0196,0.0296,-0.0492
C,0.2,0.1,0.001,1789737057793,LONG,105.62,1789737494555,105.85,TP,436762,0.0322,0.0296,0.0026
C,0.2,0.1,0.001,1789737062335,SHORT,105.62,1789737385210,105.75,SL,322875,-0.0182,0.0296,-0.0478
C,0.2,0.1,0.001,1789737069934,SHORT,105.62,1789737385210,105.75,SL,315276,-0.0182,0.0296,-0.0478
C,0.2,0.15,0.001,1789736948296,SHORT,105.62,1789737390622,105.78,SL,442326,-0.0224,0.0296,-0.0520
C,0.2,0.15,0.001,1789736949811,SHORT,105.62,1789737390622,105.78,SL,440811,-0.0224,0.0296,-0.0520
C,0.2,0.15,0.001,1789736955383,SHORT,105.62,1789737390622,105.78,SL,435239,-0.0224,0.0296,-0.0520
C,0.2,0.15,0.001,1789736971127,SHORT,105.62,1789737390622,105.78,SL,419495,-0.0224,0.0296,-0.0520
C,0.2,0.15,0.001,1789736979772,LONG,105.64,1789737495061,105.86,TP,515289,0.0308,0.0296,0.0012
C,0.2,0.15,0.001,1789736988436,LONG,105.64,1789737495061,105.86,TP,506625,0.0308,0.0296,0.0012
C,0.2,0.15,0.001,1789737002128,LONG,105.61,1789737494555,105.85,TP,492427,0.0336,0.0296,0.0040
C,0.2,0.15,0.001,1789737004165,SHORT,105.59,1789737385210,105.75,SL,381045,-0.0224,0.0296,-0.0520
C,0.2,0.15,0.001,1789737006174,LONG,105.61,1789737494555,105.85,TP,488381,0.0336,0.0296,0.0040
C,0.2,0.15,0.001,1789737013730,LONG,105.62,1789737494555,105.85,TP,480825,0.0322,0.0296,0.0026
C,0.2,0.15,0.001,1789737018795,SHORT,105.61,1789737388108,105.77,SL,369313,-0.0224,0.0296,-0.0520
C,0.2,0.15,0.001,1789737019818,SHORT,105.6,1789737388108,105.77,SL,368290,-0.0238,0.0296,-0.0534
C,0.2,0.15,0.001,1789737027429,LONG,105.6,1789737494073,105.82,TP,466644,0.0308,0.0296,0.0012
C,0.2,0.15,0.001,1789737029476,LONG,105.61,1789737494555,105.85,TP,465079,0.0336,0.0296,0.0040
C,0.2,0.15,0.001,1789737030479,LONG,105.62,1789737494555,105.85,TP,464076,0.0322,0.0296,0.0026
C,0.2,0.15,0.001,1789737032494,LONG,105.64,1789737495061,105.86,TP,462567,0.0308,0.0296,0.0012
C,0.2,0.15,0.001,1789737033513,LONG,105.64,1789737495061,105.86,TP,461548,0.0308,0.0296,0.0012
C,0.2,0.15,0.001,1789737036025,LONG,105.65,1789737515255,105.88,TP,479230,0.0322,0.0296,0.0026
C,0.2,0.15,0.001,1789737047655,SHORT,105.63,1789737392141,105.79,SL,344486,-0.0224,0.0296,-0.0520
C,0.2,0.15,0.001,1789737054270,SHORT,105.63,1789737392141,105.79,SL,337871,-0.0224,0.0296,-0.0520
C,0.2,0.15,0.001,1789737055270,SHORT,105.61,1789737388108,105.77,SL,332838,-0.0224,0.0296,-0.0520
C,0.2,0.15,0.001,1789737057793,LONG,105.62,1789737494555,105.85,TP,436762,0.0322,0.0296,0.0026
C,0.2,0.15,0.001,1789737062335,SHORT,105.62,1789737390622,105.78,SL,328287,-0.0224,0.0296,-0.0520
C,0.2,0.2,0.001,1789736948296,SHORT,105.62,1789737494555,105.86,SL,546259,-0.0336,0.0296,-0.0632
C,0.2,0.2,0.001,1789736949811,SHORT,105.62,1789737494555,105.86,SL,544744,-0.0336,0.0296,-0.0632
C,0.2,0.2,0.001,1789736955383,SHORT,105.62,1789737494555,105.86,SL,539172,-0.0336,0.0296,-0.0632
C,0.2,0.2,0.001,1789736971127,SHORT,105.62,1789737494555,105.86,SL,523428,-0.0336,0.0296,-0.0632
C,0.2,0.2,0.001,1789736979772,LONG,105.64,1789737495061,105.86,TP,515289,0.0308,0.0296,0.0012
C,0.2,0.2,0.001,1789736988436,LONG,105.64,1789737495061,105.86,TP,506625,0.0308,0.0296,0.0012
C,0.2,0.2,0.001,1789737002128,LONG,105.61,1789737494555,105.85,TP,492427,0.0336,0.0296,0.0040
C,0.2,0.2,0.001,1789737004165,SHORT,105.59,1789737485445,105.81,SL,481280,-0.0308,0.0296,-0.0604
C,0.2,0.2,0.001,1789737006174,LONG,105.61,1789737494555,105.85,TP,488381,0.0336,0.0296,0.0040
C,0.2,0.2,0.001,1789737013730,LONG,105.62,1789737494555,105.85,TP,480825,0.0322,0.0296,0.0026
C,0.2,0.2,0.001,1789737018795,SHORT,105.61,1789737494073,105.83,SL,475278,-0.0308,0.0296,-0.0604
C,0.2,0.2,0.001,1789737019818,SHORT,105.6,1789737494073,105.83,SL,474255,-0.0322,0.0296,-0.0618
C,0.2,0.2,0.001,1789737027429,LONG,105.6,1789737494073,105.82,TP,466644,0.0308,0.0296,0.0012
C,0.2,0.2,0.001,1789737029476,LONG,105.61,1789737494555,105.85,TP,465079,0.0336,0.0296,0.0040
C,0.2,0.2,0.001,1789737030479,LONG,105.62,1789737494555,105.85,TP,464076,0.0322,0.0296,0.0026
C,0.2,0.2,0.001,1789737032494,LONG,105.64,1789737495061,105.86,TP,462567,0.0308,0.0296,0.0012
C,0.2,0.2,0.001,1789737033513,LONG,105.64,1789737495061,105.86,TP,461548,0.0308,0.0296,0.0012
C,0.2,0.2,0.001,1789737036025,LONG,105.65,1789737515255,105.88,TP,479230,0.0322,0.0296,0.0026
C,0.2,0.2,0.001,1789737047655,SHORT,105.63,1789737494555,105.86,SL,446900,-0.0322,0.0296,-0.0618
C,0.2,0.2,0.001,1789737054270,SHORT,105.63,1789737494555,105.86,SL,440285,-0.0322,0.0296,-0.0618
C,0.2,0.25,0.001,1789736948296,SHORT,105.62,1789737515255,105.89,SL,566959,-0.0378,0.0296,-0.0674
C,0.2,0.25,0.001,1789736949811,SHORT,105.62,1789737515255,105.89,SL,565444,-0.0378,0.0296,-0.0674
C,0.2,0.25,0.001,1789736955383,SHORT,105.62,1789737515255,105.89,SL,559872,-0.0378,0.0296,-0.0674
C,0.2,0.25,0.001,1789736971127,SHORT,105.62,1789737515255,105.89,SL,544128,-0.0378,0.0296,-0.0674
C,0.2,0.25,0.001,1789736979772,LONG,105.64,1789737495061,105.86,TP,515289,0.0308,0.0296,0.0012
C,0.2,0.25,0.001,1789736988436,LONG,105.64,1789737495061,105.86,TP,506625,0.0308,0.0296,0.0012
C,0.2,0.25,0.001,1789737002128,LONG,105.61,1789737494555,105.85,TP,492427,0.0336,0.0296,0.0040
C,0.2,0.25,0.001,1789737004165,SHORT,105.59,1789737494555,105.86,SL,490390,-0.0378,0.0296,-0.0674
C,0.2,0.25,0.001,1789737006174,LONG,105.61,1789737494555,105.85,TP,488381,0.0336,0.0296,0.0040
C,0.2,0.25,0.001,1789737013730,LONG,105.62,1789737494555,105.85,TP,480825,0.0322,0.0296,0.0026
C,0.2,0.25,0.001,1789737018795,SHORT,105.61,1789737515255,105.89,SL,496460,-0.0392,0.0296,-0.0688
C,0.2,0.25,0.001,1789737019818,SHORT,105.6,1789737495061,105.87,SL,475243,-0.0378,0.0296,-0.0674
C,0.2,0.25,0.001,1789737027429,LONG,105.6,1789737494073,105.82,TP,466644,0.0308,0.0296,0.0012
C,0.2,0.25,0.001,1789737029476,LONG,105.61,1789737494555,105.85,TP,465079,0.0336,0.0296,0.0040
C,0.2,0.25,0.001,1789737030479,LONG,105.62,1789737494555,105.85,TP,464076,0.0322,0.0296,0.0026
C,0.2,0.25,0.001,1789737032494,LONG,105.64,1789737495061,105.86,TP,462567,0.0308,0.0296,0.0012
C,0.2,0.25,0.001,1789737033513,LONG,105.64,1789737495061,105.86,TP,461548,0.0308,0.0296,0.0012
C,0.2,0.25,0.001,1789737036025,LONG,105.65,1789737515255,105.88,TP,479230,0.0322,0.0296,0.0026
C,0.2,0.25,0.001,1789737047655,SHORT,105.63,1789737527858,105.9,SL,480203,-0.0378,0.0296,-0.0674
C,0.2,0.25,0.001,1789737054270,SHORT,105.63,1789737527858,105.9,SL,473588,-0.0378,0.0296,-0.0674
C,0.2,0.3,0.001,1789736948296,SHORT,105.62,1789737607864,105.95,SL,659568,-0.0462,0.0296,-0.0758
C,0.2,0.3,0.001,1789736949811,SHORT,105.62,1789737607864,105.95,SL,658053,-0.0462,0.0296,-0.0758
C,0.2,0.3,0.001,1789736955383,SHORT,105.62,1789737607864,105.95,SL,652481,-0.0462,0.0296,-0.0758
C,0.2,0.3,0.001,1789736971127,SHORT,105.62,1789737607864,105.95,SL,636737,-0.0462,0.0296,-0.0758
C,0.2,0.3,0.001,1789736979772,LONG,105.64,1789737495061,105.86,TP,515289,0.0308,0.0296,0.0012
C,0.2,0.3,0.001,1789736988436,LONG,105.64,1789737495061,105.86,TP,506625,0.0308,0.0296,0.0012
C,0.2,0.3,0.001,1789737002128,LONG,105.61,1789737494555,105.85,TP,492427,0.0336,0.0296,0.0040
C,0.2,0.3,0.001,1789737004165,SHORT,105.59,1789737558228,105.91,SL,554063,-0.0448,0.0296,-0.0744
C,0.2,0.3,0.001,1789737006174,LONG,105.61,1789737494555,105.85,TP,488381,0.0336,0.0296,0.0040
C,0.2,0.3,0.001,1789737013730,LONG,105.62,1789737494555,105.85,TP,480825,0.0322,0.0296,0.0026
C,0.2,0.3,0.001,1789737018795,SHORT,105.61,1789737578521,105.93,SL,559726,-0.0448,0.0296,-0.0744
C,0.2,0.3,0.001,1789737019818,SHORT,105.6,1789737578521,105.93,SL,558703,-0.0462,0.0296,-0.0758
C,0.2,0.3,0.001,1789737027429,LONG,105.6,1789737494073,105.82,TP,466644,0.0308,0.0296,0.0012
C,0.2,0.3,0.001,1789737029476,LONG,105.61,1789737494555,105.85,TP,465079,0.0336,0.0296,0.0040
C,0.2,0.3,0.001,1789737030479,LONG,105.62,1789737494555,105.85,TP,464076,0.0322,0.0296,0.0026
C,0.2,0.3,0.001,1789737032494,LONG,105.64,1789737495061,105.86,TP,462567,0.0308,0.0296,0.0012
C,0.2,0.3,0.001,1789737033513,LONG,105.64,1789737495061,105.86,TP,461548,0.0308,0.0296,0.0012
C,0.2,0.3,0.001,1789737036025,LONG,105.65,1789737515255,105.88,TP,479230,0.0322,0.0296,0.0026
C,0.2,0.3,0.001,1789737047655,SHORT,105.63,1789737607864,105.95,SL,560209,-0.0448,0.0296,-0.0744
C,0.2,0.5,0.001,1789736979772,LONG,105.64,1789737495061,105.86,TP,515289,0.0308,0.0296,0.0012
C,0.2,0.5,0.001,1789736988436,LONG,105.64,1789737495061,105.86,TP,506625,0.0308,0.0296,0.0012
C,0.2,0.5,0.001,1789737002128,LONG,105.61,1789737494555,105.85,TP,492427,0.0336,0.0296,0.0040
C,0.2,0.5,0.001,1789737006174,LONG,105.61,1789737494555,105.85,TP,488381,0.0336,0.0296,0.0040
C,0.2,0.5,0.001,1789737013730,LONG,105.62,1789737494555,105.85,TP,480825,0.0322,0.0296,0.0026
C,0.2,0.5,0.001,1789737027429,LONG,105.6,1789737494073,105.82,TP,466644,0.0308,0.0296,0.0012
C,0.2,0.5,0.001,1789737029476,LONG,105.61,1789737494555,105.85,TP,465079,0.0336,0.0296,0.0040
C,0.2,0.5,0.001,1789737030479,LONG,105.62,1789737494555,105.85,TP,464076,0.0322,0.0296,0.0026
C,0.2,0.5,0.001,1789737032494,LONG,105.64,1789737495061,105.86,TP,462567,0.0308,0.0296,0.0012
C,0.2,0.5,0.001,1789737033513,LONG,105.64,1789737495061,105.86,TP,461548,0.0308,0.0296,0.0012
C,0.2,0.5,0.001,1789737036025,LONG,105.65,1789737515255,105.88,TP,479230,0.0322,0.0296,0.0026
C,0.2,0.5,0.001,1789737057793,LONG,105.62,1789737494555,105.85,TP,436762,0.0322,0.0296,0.0026
C,0.2,0.5,0.001,1789737075515,LONG,105.6,1789737494073,105.82,TP,418558,0.0308,0.0296,0.0012
C,0.2,0.5,0.001,1789737082590,LONG,105.61,1789737494555,105.85,TP,411965,0.0336,0.0296,0.0040
C,0.2,0.5,0.001,1789737087151,LONG,105.63,1789737494555,105.85,TP,407404,0.0308,0.0296,0.0012
C,0.2,0.5,0.001,1789737088659,LONG,105.63,1789737494555,105.85,TP,405896,0.0308,0.0296,0.0012
C,0.2,0.5,0.001,1789737094209,LONG,105.63,1789737494555,105.85,TP,400346,0.0308,0.0296,0.0012
C,0.2,0.5,0.001,1789737114960,LONG,105.6,1789737494073,105.82,TP,379113,0.0308,0.0296,0.0012
C,0.2,0.5,0.001,1789737116986,LONG,105.6,1789737494073,105.82,TP,377087,0.0308,0.0296,0.0012
C,0.2,0.5,0.001,1789737125618,LONG,105.61,1789737494555,105.85,TP,368937,0.0336,0.0296,0.0040
C,0.2,0.5,0.001,1789737133261,LONG,105.61,1789737494555,105.85,TP,361294,0.0336,0.0296,0.0040
C,0.2,0.5,0.001,1789737152452,LONG,105.59,1789737494073,105.82,TP,341621,0.0322,0.0296,0.0026
C,0.2,0.5,0.001,1789737153452,LONG,105.59,1789737494073,105.82,TP,340621,0.0322,0.0296,0.0026
C,0.2,0.5,0.001,1789737167359,LONG,105.6,1789737494073,105.82,TP,326714,0.0308,0.0296,0.0012
C,0.2,0.5,0.001,1789737169664,LONG,105.61,1789737494555,105.85,TP,324891,0.0336,0.0296,0.0040
C,0.2,0.5,0.001,1789737170670,LONG,105.62,1789737494555,105.85,TP,323885,0.0322,0.0296,0.0026
C,0.2,0.5,0.001,1789737173194,LONG,105.59,1789737494073,105.82,TP,320879,0.0322,0.0296,0.0026
C,0.2,0.5,0.001,1789737184910,LONG,105.6,1789737494073,105.82,TP,309163,0.0308,0.0296,0.0012
C,0.2,0.5,0.001,1789737187440,LONG,105.59,1789737494073,105.82,TP,306633,0.0322,0.0296,0.0026
C,0.2,0.5,0.001,1789737193502,LONG,105.6,1789737494073,105.82,TP,300571,0.0308,0.0296,0.0012
C,0.2,0.5,0.001,1789737199279,LONG,105.61,1789737494555,105.85,TP,295276,0.0336,0.0296,0.0040
C,0.2,0.5,0.001,1789737202275,LONG,105.61,1789737494555,105.85,TP,292280,0.0336,0.0296,0.0040
C,0.2,0.5,0.001,1789737219262,LONG,105.61,1789737494555,105.85,TP,275293,0.0336,0.0296,0.0040
C,0.2,0.5,0.001,1789737244125,LONG,105.64,1789737495061,105.86,TP,250936,0.0308,0.0296,0.0012
C,0.2,0.5,0.001,1789737250194,LONG,105.64,1789737495061,105.86,TP,244867,0.0308,0.0296,0.0012
C,0.2,0.5,0.001,1789737258858,LONG,105.63,1789737494555,105.85,TP,235697,0.0308,0.0296,0.0012
C,0.2,0.5,0.001,1789737266477,LONG,105.63,1789737494555,105.85,TP,228078,0.0308,0.0296,0.0012
C,0.2,0.5,0.001,1789737267498,LONG,105.64,1789737495061,105.86,TP,227563,0.0308,0.0296,0.0012
C,0.2,0.5,0.001,1789737287830,LONG,105.63,1789737494555,105.85,TP,206725,0.0308,0.0296,0.0012
C,0.2,0.5,0.001,1789737289864,LONG,105.63,1789737494555,105.85,TP,204691,0.0308,0.0296,0.0012
C,0.2,0.5,0.001,1789737308112,LONG,105.61,1789737494555,105.85,TP,186443,0.0336,0.0296,0.0040
C,0.2,0.5,0.001,1789737318204,LONG,105.62,1789737494555,105.85,TP,176351,0.0322,0.0296,0.0026
C,0.2,0.5,0.001,1789737322782,LONG,105.63,1789737494555,105.85,TP,171773,0.0308,0.0296,0.0012
C,0.2,0.5,0.001,1789737332922,LONG,105.61,1789737494555,105.85,TP,161633,0.0336,0.0296,0.0040
C,0.2,0.5,0.001,1789737345308,LONG,105.61,1789737494555,105.85,TP,149247,0.0336,0.0296,0.0040
C,0.2,0.5,0.001,1789737360307,LONG,105.63,1789737494555,105.85,TP,134248,0.0308,0.0296,0.0012
C,0.2,0.5,0.001,1789737367417,LONG,105.64,1789737495061,105.86,TP,127644,0.0308,0.0296,0.0012
C,0.2,0.5,0.001,1789737373993,LONG,105.66,1789737515255,105.88,TP,141262,0.0308,0.0296,0.0012
C,0.2,0.5,0.001,1789737385716,LONG,105.73,1789737663466,105.95,TP,277750,0.0308,0.0296,0.0012
C,0.2,0.5,0.001,1789737390622,LONG,105.78,1789737769743,106,TP,379121,0.0308,0.0296,0.0012
C,0.2,0.5,0.001,1789737409393,LONG,105.78,1789737769743,106,TP,360350,0.0308,0.0296,0.0012
C,0.2,0.5,0.001,1789737438326,LONG,105.79,1789737773819,106.01,TP,335493,0.0308,0.0297,0.0011
C,0.2,0.5,0.001,1789737451491,LONG,105.78,1789737769743,106,TP,318252,0.0308,0.0296,0.0012
C,0.2,0.5,0.001,1789737481382,LONG,105.78,1789737769743,106,TP,288361,0.0308,0.0296,0.0012
C,0.2,0.5,0.001,1789737485445,LONG,105.81,1789737778917,106.03,TP,293472,0.0308,0.0297,0.0011
C,0.2,0.5,0.001,1789737489507,LONG,105.81,1789737778917,106.03,TP,289410,0.0308,0.0297,0.0011
C,0.2,0.5,0.001,1789737491019,LONG,105.81,1789737778917,106.03,TP,287898,0.0308,0.0297,0.0011
C,0.25,0.1,0.001,1789736948296,SHORT,105.62,1789737385210,105.75,SL,436914,-0.0182,0.0296,-0.0478
C,0.25,0.1,0.001,1789736949811,SHORT,105.62,1789737385210,105.75,SL,435399,-0.0182,0.0296,-0.0478
C,0.25,0.1,0.001,1789736955383,SHORT,105.62,1789737385210,105.75,SL,429827,-0.0182,0.0296,-0.0478
C,0.25,0.1,0.001,1789736971127,SHORT,105.62,1789737385210,105.75,SL,414083,-0.0182,0.0296,-0.0478
C,0.25,0.1,0.001,1789736979772,LONG,105.64,1789737578521,105.92,TP,598749,0.0392,0.0296,0.0096
C,0.25,0.1,0.001,1789736988436,LONG,105.64,1789737578521,105.92,TP,590085,0.0392,0.0296,0.0096
C,0.25,0.1,0.001,1789737002128,LONG,105.61,1789737515255,105.88,TP,513127,0.0378,0.0296,0.0082
C,0.25,0.1,0.001,1789737004165,SHORT,105.59,1789737385210,105.75,SL,381045,-0.0224,0.0296,-0.0520
C,0.25,0.1,0.001,1789737006174,LONG,105.61,1789737515255,105.88,TP,509081,0.0378,0.0296,0.0082
C,0.25,0.1,0.001,1789737013730,LONG,105.62,1789737527858,105.89,TP,514128,0.0378,0.0296,0.0082
C,0.25,0.1,0.001,1789737018795,SHORT,105.61,1789737385210,105.75,SL,366415,-0.0196,0.0296,-0.0492
C,0.25,0.1,0.001,1789737019818,SHORT,105.6,1789737385210,105.75,SL,365392,-0.0210,0.0296,-0.0506
C,0.25,0.1,0.001,1789737027429,LONG,105.6,1789737515255,105.88,TP,487826,0.0392,0.0296,0.0096
C,0.25,0.1,0.001,1789737029476,LONG,105.61,1789737515255,105.88,TP,485779,0.0378,0.0296,0.0082
C,0.25,0.1,0.001,1789737030479,LONG,105.62,1789737527858,105.89,TP,497379,0.0378,0.0296,0.0082
C,0.25,0.1,0.001,1789737032494,LONG,105.64,1789737578521,105.92,TP,546027,0.0392,0.0296,0.0096
C,0.25,0.1,0.001,1789737033513,LONG,105.64,1789737578521,105.92,TP,545008,0.0392,0.0296,0.0096
C,0.25,0.1,0.001,1789737036025,LONG,105.65,1789737578521,105.92,TP,542496,0.0378,0.0296,0.0082
C,0.25,0.1,0.001,1789737047655,SHORT,105.63,1789737385210,105.75,SL,337555,-0.0168,0.0296,-0.0464
C,0.25,0.1,0.001,1789737054270,SHORT,105.63,1789737385210,105.75,SL,330940,-0.0168,0.0296,-0.0464
C,0.25,0.1,0.001,1789737055270,SHORT,105.61,1789737385210,105.75,SL,329940,-0.0196,0.0296,-0.0492
C,0.25,0.1,0.001,1789737057793,LONG,105.62,1789737527858,105.89,TP,470065,0.0378,0.0296,0.0082
C,0.25,0.1,0.001,1789737062335,SHORT,105.62,1789737385210,105.75,SL,322875,-0.0182,0.0296,-0.0478
C,0.25,0.1,0.001,1789737069934,SHORT,105.62,1789737385210,105.75,SL,315276,-0.0182,0.0296,-0.0478
C,0.25,0.1,0.001,1789737075515,LONG,105.6,1789737515255,105.88,TP,439740,0.0392,0.0296,0.0096
C,0.25,0.1,0.001,1789737082590,LONG,105.61,1789737515255,105.88,TP,432665,0.0378,0.0296,0.0082
C,0.25,0.1,0.001,1789737087151,LONG,105.63,1789737558228,105.9,TP,471077,0.0378,0.0296,0.0082
C,0.25,0.1,0.001,1789737088659,LONG,105.63,1789737558228,105.9,TP,469569,0.0378,0.0296,0.0082
C,0.25,0.1,0.001,1789737094209,LONG,105.63,1789737558228,105.9,TP,464019,0.0378,0.0296,0.0082
C,0.25,0.1,0.001,1789737098787,SHORT,105.62,1789737385210,105.75,SL,286423,-0.0182,0.0296,-0.0478
C,0.25,0.1,0.001,1789737099790,SHORT,105.62,1789737385210,105.75,SL,285420,-0.0182,0.0296,-0.0478
C,0.25,0.1,0.001,1789737107395,SHORT,105.62,1789737385210,105.75,SL,277815,-0.0182,0.0296,-0.0478
C,0.25,0.15,0.001,1789736948296,SHORT,105.62,1789737390622,105.78,SL,442326,-0.0224,0.0296,-0.0520
C,0.25,0.15,0.001,1789736949811,SHORT,105.62,1789737390622,105.78,SL,440811,-0.0224,0.0296,-0.0520
C,0.25,0.15,0.001,1789736955383,SHORT,105.62,1789737390622,105.78,SL,435239,-0.0224,0.0296,-0.0520
C,0.25,0.15,0.001,1789736971127,SHORT,105.62,1789737390622,105.78,SL,419495,-0.0224,0.0296,-0.0520
C,0.25,0.15,0.001,1789736979772,LONG,105.64,1789737578521,105.92,TP,598749,0.0392,0.0296,0.0096
C,0.25,0.15,0.001,1789736988436,LONG,105.64,1789737578521,105.92,TP,590085,0.0392,0.0296,0.0096
C,0.25,0.15,0.001,1789737002128,LONG,105.61,1789737515255,105.88,TP,513127,0.0378,0.0296,0.0082
C,0.25,0.15,0.001,1789737004165,SHORT,105.59,1789737385210,105.75,SL,381045,-0.0224,0.0296,-0.0520
C,0.25,0.15,0.001,1789737006174,LONG,105.61,1789737515255,105.88,TP,509081,0.0378,0.0296,0.0082
C,0.25,0.15,0.001,1789737013730,LONG,105.62,1789737527858,105.89,TP,514128,0.0378,0.0296,0.0082
C,0.25,0.15,0.001,1789737018795,SHORT,105.61,1789737388108,105.77,SL,369313,-0.0224,0.0296,-0.0520
C,0.25,0.15,0.001,1789737019818,SHORT,105.6,1789737388108,105.77,SL,368290,-0.0238,0.0296,-0.0534
C,0.25,0.15,0.001,1789737027429,LONG,105.6,1789737515255,105.88,TP,487826,0.0392,0.0296,0.0096
C,0.25,0.15,0.001,1789737029476,LONG,105.61,1789737515255,105.88,TP,485779,0.0378,0.0296,0.0082
C,0.25,0.15,0.001,1789737030479,LONG,105.62,1789737527858,105.89,TP,497379,0.0378,0.0296,0.0082
C,0.25,0.15,0.001,1789737032494,LONG,105.64,1789737578521,105.92,TP,546027,0.0392,0.0296,0.0096
C,0.25,0.15,0.001,1789737033513,LONG,105.64,1789737578521,105.92,TP,545008,0.0392,0.0296,0.0096
C,0.25,0.15,0.001,1789737036025,LONG,105.65,1789737578521,105.92,TP,542496,0.0378,0.0296,0.0082
C,0.25,0.15,0.001,1789737047655,SHORT,105.63,1789737392141,105.79,SL,344486,-0.0224,0.0296,-0.0520
C,0.25,0.15,0.001,1789737054270,SHORT,105.63,1789737392141,105.79,SL,337871,-0.0224,0.0296,-0.0520
C,0.25,0.15,0.001,1789737055270,SHORT,105.61,1789737388108,105.77,SL,332838,-0.0224,0.0296,-0.0520
C,0.25,0.15,0.001,1789737057793,LONG,105.62,1789737527858,105.89,TP,470065,0.0378,0.0296,0.0082
C,0.25,0.15,0.001,1789737062335,SHORT,105.62,1789737390622,105.78,SL,328287,-0.0224,0.0296,-0.0520
C,0.25,0.15,0.001,1789737069934,SHORT,105.62,1789737390622,105.78,SL,320688,-0.0224,0.0296,-0.0520
C,0.25,0.15,0.001,1789737075515,LONG,105.6,1789737515255,105.88,TP,439740,0.0392,0.0296,0.0096
C,0.25,0.15,0.001,1789737082590,LONG,105.61,1789737515255,105.88,TP,432665,0.0378,0.0296,0.0082
C,0.25,0.15,0.001,1789737087151,LONG,105.63,1789737558228,105.9,TP,471077,0.0378,0.0296,0.0082
C,0.25,0.15,0.001,1789737088659,LONG,105.63,1789737558228,105.9,TP,469569,0.0378,0.0296,0.0082
C,0.25,0.15,0.001,1789737094209,LONG,105.63,1789737558228,105.9,TP,464019,0.0378,0.0296,0.0082
C,0.25,0.15,0.001,1789737098787,SHORT,105.62,1789737390622,105.78,SL,291835,-0.0224,0.0296,-0.0520
C,0.25,0.15,0.001,1789737099790,SHORT,105.62,1789737390622,105.78,SL,290832,-0.0224,0.0296,-0.0520
C,0.25,0.2,0.001,1789736948296,SHORT,105.62,1789737494555,105.86,SL,546259,-0.0336,0.0296,-0.0632
C,0.25,0.2,0.001,1789736949811,SHORT,105.62,1789737494555,105.86,SL,544744,-0.0336,0.0296,-0.0632
C,0.25,0.2,0.001,1789736955383,SHORT,105.62,1789737494555,105.86,SL,539172,-0.0336,0.0296,-0.0632
C,0.25,0.2,0.001,1789736971127,SHORT,105.62,1789737494555,105.86,SL,523428,-0.0336,0.0296,-0.0632
C,0.25,0.2,0.001,1789736979772,LONG,105.64,1789737578521,105.92,TP,598749,0.0392,0.0296,0.0096
C,0.25,0.2,0.001,1789736988436,LONG,105.64,1789737578521,105.92,TP,590085,0.0392,0.0296,0.0096
C,0.25,0.2,0.001,1789737002128,LONG,105.61,1789737515255,105.88,TP,513127,0.0378,0.0296,0.0082
C,0.25,0.2,0.001,1789737004165,SHORT,105.59,1789737485445,105.81,SL,481280,-0.0308,0.0296,-0.0604
C,0.25,0.2,0.001,1789737006174,LONG,105.61,1789737515255,105.88,TP,509081,0.0378,0.0296,0.0082
C,0.25,0.2,0.001,1789737013730,LONG,105.62,1789737527858,105.89,TP,514128,0.0378,0.0296,0.0082
C,0.25,0.2,0.001,1789737018795,SHORT,105.61,1789737494073,105.83,SL,475278,-0.0308,0.0296,-0.0604
C,0.25,0.2,0.001,1789737019818,SHORT,105.6,1789737494073,105.83,SL,474255,-0.0322,0.0296,-0.0618
C,0.25,0.2,0.001,1789737027429,LONG,105.6,1789737515255,105.88,TP,487826,0.0392,0.0296,0.0096
C,0.25,0.2,0.001,1789737029476,LONG,105.61,1789737515255,105.88,TP,485779,0.0378,0.0296,0.0082
C,0.25,0.2,0.001,1789737030479,LONG,105.62,1789737527858,105.89,TP,497379,0.0378,0.0296,0.0082
C,0.25,0.2,0.001,1789737032494,LONG,105.64,1789737578521,105.92,TP,546027,0.0392,0.0296,0.0096
C,0.25,0.2,0.001,1789737033513,LONG,105.64,1789737578521,105.92,TP,545008,0.0392,0.0296,0.0096
C,0.25,0.2,0.001,1789737036025,LONG,105.65,1789737578521,105.92,TP,542496,0.0378,0.0296,0.0082
C,0.25,0.2,0.001,1789737047655,SHORT,105.63,1789737494555,105.86,SL,446900,-0.0322,0.0296,-0.0618
C,0.25,0.2,0.001,1789737054270,SHORT,105.63,1789737494555,105.86,SL,440285,-0.0322,0.0296,-0.0618
C,0.25,0.2,0.001,1789737055270,SHORT,105.61,1789737494073,105.83,SL,438803,-0.0308,0.0296,-0.0604
C,0.25,0.2,0.001,1789737057793,LONG,105.62,1789737527858,105.89,TP,470065,0.0378,0.0296,0.0082
C,0.25,0.2,0.001,1789737062335,SHORT,105.62,1789737494555,105.86,SL,432220,-0.0336,0.0296,-0.0632
C,0.25,0.25,0.001,1789736948296,SHORT,105.62,1789737515255,105.89,SL,566959,-0.0378,0.0296,-0.0674
C,0.25,0.25,0.001,1789736949811,SHORT,105.62,1789737515255,105.89,SL,565444,-0.0378,0.0296,-0.0674
C,0.25,0.25,0.001,1789736955383,SHORT,105.62,1789737515255,105.89,SL,559872,-0.0378,0.0296,-0.0674
C,0.25,0.25,0.001,1789736971127,SHORT,105.62,1789737515255,105.89,SL,544128,-0.0378,0.0296,-0.0674
C,0.25,0.25,0.001,1789736979772,LONG,105.64,1789737578521,105.92,TP,598749,0.0392,0.0296,0.0096
C,0.25,0.25,0.001,1789736988436,LONG,105.64,1789737578521,105.92,TP,590085,0.0392,0.0296,0.0096
C,0.25,0.25,0.001,1789737002128,LONG,105.61,1789737515255,105.88,TP,513127,0.0378,0.0296,0.0082
C,0.25,0.25,0.001,1789737004165,SHORT,105.59,1789737494555,105.86,SL,490390,-0.0378,0.0296,-0.0674
C,0.25,0.25,0.001,1789737006174,LONG,105.61,1789737515255,105.88,TP,509081,0.0378,0.0296,0.0082
C,0.25,0.25,0.001,1789737013730,LONG,105.62,1789737527858,105.89,TP,514128,0.0378,0.0296,0.0082
C,0.25,0.25,0.001,1789737018795,SHORT,105.61,1789737515255,105.89,SL,496460,-0.0392,0.0296,-0.0688
C,0.25,0.25,0.001,1789737019818,SHORT,105.6,1789737495061,105.87,SL,475243,-0.0378,0.0296,-0.0674
C,0.25,0.25,0.001,1789737027429,LONG,105.6,1789737515255,105.88,TP,487826,0.0392,0.0296,0.0096
C,0.25,0.25,0.001,1789737029476,LONG,105.61,1789737515255,105.88,TP,485779,0.0378,0.0296,0.0082
C,0.25,0.25,0.001,1789737030479,LONG,105.62,1789737527858,105.89,TP,497379,0.0378,0.0296,0.0082
C,0.25,0.25,0.001,1789737032494,LONG,105.64,1789737578521,105.92,TP,546027,0.0392,0.0296,0.0096
C,0.25,0.25,0.001,1789737033513,LONG,105.64,1789737578521,105.92,TP,545008,0.0392,0.0296,0.0096
C,0.25,0.25,0.001,1789737036025,LONG,105.65,1789737578521,105.92,TP,542496,0.0378,0.0296,0.0082
C,0.25,0.25,0.001,1789737047655,SHORT,105.63,1789737527858,105.9,SL,480203,-0.0378,0.0296,-0.0674
C,0.25,0.25,0.001,1789737054270,SHORT,105.63,1789737527858,105.9,SL,473588,-0.0378,0.0296,-0.0674
C,0.25,0.25,0.001,1789737055270,SHORT,105.61,1789737515255,105.89,SL,459985,-0.0392,0.0296,-0.0688
C,0.25,0.3,0.001,1789736948296,SHORT,105.62,1789737607864,105.95,SL,659568,-0.0462,0.0296,-0.0758
C,0.25,0.3,0.001,1789736949811,SHORT,105.62,1789737607864,105.95,SL,658053,-0.0462,0.0296,-0.0758
C,0.25,0.3,0.001,1789736955383,SHORT,105.62,1789737607864,105.95,SL,652481,-0.0462,0.0296,-0.0758
C,0.25,0.3,0.001,1789736971127,SHORT,105.62,1789737607864,105.95,SL,636737,-0.0462,0.0296,-0.0758
C,0.25,0.3,0.001,1789736979772,LONG,105.64,1789737578521,105.92,TP,598749,0.0392,0.0296,0.0096
C,0.25,0.3,0.001,1789736988436,LONG,105.64,1789737578521,105.92,TP,590085,0.0392,0.0296,0.0096
C,0.25,0.3,0.001,1789737002128,LONG,105.61,1789737515255,105.88,TP,513127,0.0378,0.0296,0.0082
C,0.25,0.3,0.001,1789737004165,SHORT,105.59,1789737558228,105.91,SL,554063,-0.0448,0.0296,-0.0744
C,0.25,0.3,0.001,1789737006174,LONG,105.61,1789737515255,105.88,TP,509081,0.0378,0.0296,0.0082
C,0.25,0.3,0.001,1789737013730,LONG,105.62,1789737527858,105.89,TP,514128,0.0378,0.0296,0.0082
C,0.25,0.3,0.001,1789737018795,SHORT,105.61,1789737578521,105.93,SL,559726,-0.0448,0.0296,-0.0744
C,0.25,0.3,0.001,1789737019818,SHORT,105.6,1789737578521,105.93,SL,558703,-0.0462,0.0296,-0.0758
C,0.25,0.3,0.001,1789737027429,LONG,105.6,1789737515255,105.88,TP,487826,0.0392,0.0296,0.0096
C,0.25,0.3,0.001,1789737029476,LONG,105.61,1789737515255,105.88,TP,485779,0.0378,0.0296,0.0082
C,0.25,0.3,0.001,1789737030479,LONG,105.62,1789737527858,105.89,TP,497379,0.0378,0.0296,0.0082
C,0.25,0.3,0.001,1789737032494,LONG,105.64,1789737578521,105.92,TP,546027,0.0392,0.0296,0.0096
C,0.25,0.3,0.001,1789737033513,LONG,105.64,1789737578521,105.92,TP,545008,0.0392,0.0296,0.0096
C,0.25,0.3,0.001,1789737036025,LONG,105.65,1789737578521,105.92,TP,542496,0.0378,0.0296,0.0082
C,0.25,0.3,0.001,1789737047655,SHORT,105.63,1789737607864,105.95,SL,560209,-0.0448,0.0296,-0.0744
C,0.25,0.3,0.001,1789737054270,SHORT,105.63,1789737607864,105.95,SL,553594,-0.0448,0.0296,-0.0744
C,0.25,0.5,0.001,1789736979772,LONG,105.64,1789737578521,105.92,TP,598749,0.0392,0.0296,0.0096
C,0.25,0.5,0.001,1789736988436,LONG,105.64,1789737578521,105.92,TP,590085,0.0392,0.0296,0.0096
C,0.25,0.5,0.001,1789737002128,LONG,105.61,1789737515255,105.88,TP,513127,0.0378,0.0296,0.0082
C,0.25,0.5,0.001,1789737006174,LONG,105.61,1789737515255,105.88,TP,509081,0.0378,0.0296,0.0082
C,0.25,0.5,0.001,1789737013730,LONG,105.62,1789737527858,105.89,TP,514128,0.0378,0.0296,0.0082
C,0.25,0.5,0.001,1789737027429,LONG,105.6,1789737515255,105.88,TP,487826,0.0392,0.0296,0.0096
C,0.25,0.5,0.001,1789737029476,LONG,105.61,1789737515255,105.88,TP,485779,0.0378,0.0296,0.0082
C,0.25,0.5,0.001,1789737030479,LONG,105.62,1789737527858,105.89,TP,497379,0.0378,0.0296,0.0082
C,0.25,0.5,0.001,1789737032494,LONG,105.64,1789737578521,105.92,TP,546027,0.0392,0.0296,0.0096
C,0.25,0.5,0.001,1789737033513,LONG,105.64,1789737578521,105.92,TP,545008,0.0392,0.0296,0.0096
C,0.25,0.5,0.001,1789737036025,LONG,105.65,1789737578521,105.92,TP,542496,0.0378,0.0296,0.0082
C,0.25,0.5,0.001,1789737057793,LONG,105.62,1789737527858,105.89,TP,470065,0.0378,0.0296,0.0082
C,0.25,0.5,0.001,1789737075515,LONG,105.6,1789737515255,105.88,TP,439740,0.0392,0.0296,0.0096
C,0.25,0.5,0.001,1789737082590,LONG,105.61,1789737515255,105.88,TP,432665,0.0378,0.0296,0.0082
C,0.25,0.5,0.001,1789737087151,LONG,105.63,1789737558228,105.9,TP,471077,0.0378,0.0296,0.0082
C,0.25,0.5,0.001,1789737088659,LONG,105.63,1789737558228,105.9,TP,469569,0.0378,0.0296,0.0082
C,0.25,0.5,0.001,1789737094209,LONG,105.63,1789737558228,105.9,TP,464019,0.0378,0.0296,0.0082
C,0.25,0.5,0.001,1789737114960,LONG,105.6,1789737515255,105.88,TP,400295,0.0392,0.0296,0.0096
C,0.25,0.5,0.001,1789737116986,LONG,105.6,1789737515255,105.88,TP,398269,0.0392,0.0296,0.0096
C,0.25,0.5,0.001,1789737125618,LONG,105.61,1789737515255,105.88,TP,389637,0.0378,0.0296,0.0082
C,0.25,0.5,0.001,1789737133261,LONG,105.61,1789737515255,105.88,TP,381994,0.0378,0.0296,0.0082
C,0.25,0.5,0.001,1789737152452,LONG,105.59,1789737495061,105.86,TP,342609,0.0378,0.0296,0.0082
C,0.25,0.5,0.001,1789737153452,LONG,105.59,1789737495061,105.86,TP,341609,0.0378,0.0296,0.0082
C,0.25,0.5,0.001,1789737167359,LONG,105.6,1789737515255,105.88,TP,347896,0.0392,0.0296,0.0096
C,0.25,0.5,0.001,1789737169664,LONG,105.61,1789737515255,105.88,TP,345591,0.0378,0.0296,0.0082
C,0.25,0.5,0.001,1789737170670,LONG,105.62,1789737527858,105.89,TP,357188,0.0378,0.0296,0.0082
C,0.25,0.5,0.001,1789737173194,LONG,105.59,1789737495061,105.86,TP,321867,0.0378,0.0296,0.0082
C,0.25,0.5,0.001,1789737184910,LONG,105.6,1789737515255,105.88,TP,330345,0.0392,0.0296,0.0096
C,0.25,0.5,0.001,1789737187440,LONG,105.59,1789737495061,105.86,TP,307621,0.0378,0.0296,0.0082
C,0.25,0.5,0.001,1789737193502,LONG,105.6,1789737515255,105.88,TP,321753,0.0392,0.0296,0.0096
C,0.25,0.5,0.001,1789737199279,LONG,105.61,1789737515255,105.88,TP,315976,0.0378,0.0296,0.0082
C,0.25,0.5,0.001,1789737202275,LONG,105.61,1789737515255,105.88,TP,312980,0.0378,0.0296,0.0082
C,0.25,0.5,0.001,1789737219262,LONG,105.61,1789737515255,105.88,TP,295993,0.0378,0.0296,0.0082
C,0.25,0.5,0.001,1789737244125,LONG,105.64,1789737578521,105.92,TP,334396,0.0392,0.0296,0.0096
C,0.25,0.5,0.001,1789737250194,LONG,105.64,1789737578521,105.92,TP,328327,0.0392,0.0296,0.0096
C,0.25,0.5,0.001,1789737258858,LONG,105.63,1789737558228,105.9,TP,299370,0.0378,0.0296,0.0082
C,0.25,0.5,0.001,1789737266477,LONG,105.63,1789737558228,105.9,TP,291751,0.0378,0.0296,0.0082
C,0.25,0.5,0.001,1789737267498,LONG,105.64,1789737578521,105.92,TP,311023,0.0392,0.0296,0.0096
C,0.25,0.5,0.001,1789737287830,LONG,105.63,1789737558228,105.9,TP,270398,0.0378,0.0296,0.0082
C,0.25,0.5,0.001,1789737289864,LONG,105.63,1789737558228,105.9,TP,268364,0.0378,0.0296,0.0082
C,0.25,0.5,0.001,1789737308112,LONG,105.61,1789737515255,105.88,TP,207143,0.0378,0.0296,0.0082
C,0.25,0.5,0.001,1789737318204,LONG,105.62,1789737527858,105.89,TP,209654,0.0378,0.0296,0.0082
C,0.25,0.5,0.001,1789737322782,LONG,105.63,1789737558228,105.9,TP,235446,0.0378,0.0296,0.0082
C,0.25,0.5,0.001,1789737332922,LONG,105.61,1789737515255,105.88,TP,182333,0.0378,0.0296,0.0082
C,0.25,0.5,0.001,1789737345308,LONG,105.61,1789737515255,105.88,TP,169947,0.0378,0.0296,0.0082
C,0.25,0.5,0.001,1789737360307,LONG,105.63,1789737558228,105.9,TP,197921,0.0378,0.0296,0.0082
C,0.25,0.5,0.001,1789737367417,LONG,105.64,1789737578521,105.92,TP,211104,0.0392,0.0296,0.0096
C,0.25,0.5,0.001,1789737373993,LONG,105.66,1789737607864,105.94,TP,233871,0.0392,0.0296,0.0096
C,0.25,0.5,0.001,1789737385716,LONG,105.73,1789737769743,106,TP,384027,0.0378,0.0296,0.0082
C,0.3,0.1,0.001,1789736948296,SHORT,105.62,1789737385210,105.75,SL,436914,-0.0182,0.0296,-0.0478
C,0.3,0.1,0.001,1789736949811,SHORT,105.62,1789737385210,105.75,SL,435399,-0.0182,0.0296,-0.0478
C,0.3,0.1,0.001,1789736955383,SHORT,105.62,1789737385210,105.75,SL,429827,-0.0182,0.0296,-0.0478
C,0.3,0.1,0.001,1789736971127,SHORT,105.62,1789737385210,105.75,SL,414083,-0.0182,0.0296,-0.0478
C,0.3,0.1,0.001,1789736979772,LONG,105.64,1789737668031,105.96,TP,688259,0.0448,0.0296,0.0152
C,0.3,0.1,0.001,1789736988436,LONG,105.64,1789737668031,105.96,TP,679595,0.0448,0.0296,0.0152
C,0.3,0.1,0.001,1789737002128,LONG,105.61,1789737607864,105.94,TP,605736,0.0462,0.0296,0.0166
C,0.3,0.1,0.001,1789737004165,SHORT,105.59,1789737385210,105.75,SL,381045,-0.0224,0.0296,-0.0520
C,0.3,0.1,0.001,1789737006174,LONG,105.61,1789737607864,105.94,TP,601690,0.0462,0.0296,0.0166
C,0.3,0.1,0.001,1789737013730,LONG,105.62,1789737607864,105.94,TP,594134,0.0448,0.0296,0.0152
C,0.3,0.1,0.001,1789737018795,SHORT,105.61,1789737385210,105.75,SL,366415,-0.0196,0.0296,-0.0492
C,0.3,0.1,0.001,1789737019818,SHORT,105.6,1789737385210,105.75,SL,365392,-0.0210,0.0296,-0.0506
C,0.3,0.1,0.001,1789737027429,LONG,105.6,1789737578521,105.92,TP,551092,0.0448,0.0296,0.0152
C,0.3,0.1,0.001,1789737029476,LONG,105.61,1789737607864,105.94,TP,578388,0.0462,0.0296,0.0166
C,0.3,0.1,0.001,1789737030479,LONG,105.62,1789737607864,105.94,TP,577385,0.0448,0.0296,0.0152
C,0.3,0.1,0.001,1789737032494,LONG,105.64,1789737668031,105.96,TP,635537,0.0448,0.0296,0.0152
C,0.3,0.1,0.001,1789737033513,LONG,105.64,1789737668031,105.96,TP,634518,0.0448,0.0296,0.0152
C,0.3,0.1,0.001,1789737036025,LONG,105.65,1789737691313,105.97,TP,655288,0.0448,0.0296,0.0152
C,0.3,0.1,0.001,1789737047655,SHORT,105.63,1789737385210,105.75,SL,337555,-0.0168,0.0296,-0.0464
C,0.3,0.1,0.001,1789737054270,SHORT,105.63,1789737385210,105.75,SL,330940,-0.0168,0.0296,-0.0464
C,0.3,0.1,0.001,1789737055270,SHORT,105.61,1789737385210,105.75,SL,329940,-0.0196,0.0296,-0.0492
C,0.3,0.1,0.001,1789737057793,LONG,105.62,1789737607864,105.94,TP,550071,0.0448,0.0296,0.0152
C,0.3,0.1,0.001,1789737062335,SHORT,105.62,1789737385210,105.75,SL,322875,-0.0182,0.0296,-0.0478
C,0.3,0.1,0.001,1789737069934,SHORT,105.62,1789737385210,105.75,SL,315276,-0.0182,0.0296,-0.0478
C,0.3,0.1,0.001,1789737075515,LONG,105.6,1789737578521,105.92,TP,503006,0.0448,0.0296,0.0152
C,0.3,0.1,0.001,1789737082590,LONG,105.61,1789737607864,105.94,TP,525274,0.0462,0.0296,0.0166
C,0.3,0.1,0.001,1789737087151,LONG,105.63,1789737663466,105.95,TP,576315,0.0448,0.0296,0.0152
C,0.3,0.1,0.001,1789737088659,LONG,105.63,1789737663466,105.95,TP,574807,0.0448,0.0296,0.0152
C,0.3,0.1,0.001,1789737094209,LONG,105.63,1789737663466,105.95,TP,569257,0.0448,0.0296,0.0152
C,0.3,0.1,0.001,1789737098787,SHORT,105.62,1789737385210,105.75,SL,286423,-0.0182,0.0296,-0.0478
C,0.3,0.1,0.001,1789737099790,SHORT,105.62,1789737385210,105.75,SL,285420,-0.0182,0.0296,-0.0478
C,0.3,0.1,0.001,1789737107395,SHORT,105.62,1789737385210,105.75,SL,277815,-0.0182,0.0296,-0.0478
C,0.3,0.1,0.001,1789737112424,SHORT,105.58,1789737385210,105.75,SL,272786,-0.0238,0.0296,-0.0534
C,0.3,0.1,0.001,1789737114960,LONG,105.6,1789737578521,105.92,TP,463561,0.0448,0.0296,0.0152
C,0.3,0.1,0.001,1789737116986,LONG,105.6,1789737578521,105.92,TP,461535,0.0448,0.0296,0.0152
C,0.3,0.1,0.001,1789737125618,LONG,105.61,1789737607864,105.94,TP,482246,0.0462,0.0296,0.0166
C,0.3,0.1,0.001,1789737133261,LONG,105.61,1789737607864,105.94,TP,474603,0.0462,0.0296,0.0166
C,0.3,0.1,0.001,1789737141345,SHORT,105.6,1789737385210,105.75,SL,243865,-0.0210,0.0296,-0.0506
C,0.3,0.1,0.001,1789737146881,SHORT,105.6,1789737385210,105.75,SL,238329,-0.0210,0.0296,-0.0506
C,0.3,0.15,0.001,1789736948296,SHORT,105.62,1789737390622,105.78,SL,442326,-0.0224,0.0296,-0.0520
C,0.3,0.15,0.001,1789736949811,SHORT,105.62,1789737390622,105.78,SL,440811,-0.0224,0.0296,-0.0520
C,0.3,0.15,0.001,1789736955383,SHORT,105.62,1789737390622,105.78,SL,435239,-0.0224,0.0296,-0.0520
C,0.3,0.15,0.001,1789736971127,SHORT,105.62,1789737390622,105.78,SL,419495,-0.0224,0.0296,-0.0520
C,0.3,0.15,0.001,1789736979772,LONG,105.64,1789737668031,105.96,TP,688259,0.0448,0.0296,0.0152
C,0.3,0.15,0.001,1789736988436,LONG,105.64,1789737668031,105.96,TP,679595,0.0448,0.0296,0.0152
C,0.3,0.15,0.001,1789737002128,LONG,105.61,1789737607864,105.94,TP,605736,0.0462,0.0296,0.0166
C,0.3,0.15,0.001,1789737004165,SHORT,105.59,1789737385210,105.75,SL,381045,-0.0224,0.0296,-0.0520
C,0.3,0.15,0.001,1789737006174,LONG,105.61,1789737607864,105.94,TP,601690,0.0462,0.0296,0.0166
C,0.3,0.15,0.001,1789737013730,LONG,105.62,1789737607864,105.94,TP,594134,0.0448,0.0296,0.0152
C,0.3,0.15,0.001,1789737018795,SHORT,105.61,1789737388108,105.77,SL,369313,-0.0224,0.0296,-0.0520
C,0.3,0.15,0.001,1789737019818,SHORT,105.6,1789737388108,105.77,SL,368290,-0.0238,0.0296,-0.0534
C,0.3,0.15,0.001,1789737027429,LONG,105.6,1789737578521,105.92,TP,551092,0.0448,0.0296,0.0152
C,0.3,0.15,0.001,1789737029476,LONG,105.61,1789737607864,105.94,TP,578388,0.0462,0.0296,0.0166
C,0.3,0.15,0.001,1789737030479,LONG,105.62,1789737607864,105.94,TP,577385,0.0448,0.0296,0.0152
C,0.3,0.15,0.001,1789737032494,LONG,105.64,1789737668031,105.96,TP,635537,0.0448,0.0296,0.0152
C,0.3,0.15,0.001,1789737033513,LONG,105.64,1789737668031,105.96,TP,634518,0.0448,0.0296,0.0152
C,0.3,0.15,0.001,1789737036025,LONG,105.65,1789737691313,105.97,TP,655288,0.0448,0.0296,0.0152
C,0.3,0.15,0.001,1789737047655,SHORT,105.63,1789737392141,105.79,SL,344486,-0.0224,0.0296,-0.0520
C,0.3,0.15,0.001,1789737054270,SHORT,105.63,1789737392141,105.79,SL,337871,-0.0224,0.0296,-0.0520
C,0.3,0.15,0.001,1789737055270,SHORT,105.61,1789737388108,105.77,SL,332838,-0.0224,0.0296,-0.0520
C,0.3,0.15,0.001,1789737057793,LONG,105.62,1789737607864,105.94,TP,550071,0.0448,0.0296,0.0152
C,0.3,0.15,0.001,1789737062335,SHORT,105.62,1789737390622,105.78,SL,328287,-0.0224,0.0296,-0.0520
C,0.3,0.15,0.001,1789737069934,SHORT,105.62,1789737390622,105.78,SL,320688,-0.0224,0.0296,-0.0520
C,0.3,0.15,0.001,1789737075515,LONG,105.6,1789737578521,105.92,TP,503006,0.0448,0.0296,0.0152
C,0.3,0.15,0.001,1789737082590,LONG,105.61,1789737607864,105.94,TP,525274,0.0462,0.0296,0.0166
C,0.3,0.15,0.001,1789737087151,LONG,105.63,1789737663466,105.95,TP,576315,0.0448,0.0296,0.0152
C,0.3,0.15,0.001,1789737088659,LONG,105.63,1789737663466,105.95,TP,574807,0.0448,0.0296,0.0152
C,0.3,0.15,0.001,1789737094209,LONG,105.63,1789737663466,105.95,TP,569257,0.0448,0.0296,0.0152
C,0.3,0.15,0.001,1789737098787,SHORT,105.62,1789737390622,105.78,SL,291835,-0.0224,0.0296,-0.0520
C,0.3,0.15,0.001,1789737099790,SHORT,105.62,1789737390622,105.78,SL,290832,-0.0224,0.0296,-0.0520
C,0.3,0.15,0.001,1789737107395,SHORT,105.62,1789737390622,105.78,SL,283227,-0.0224,0.0296,-0.0520
C,0.3,0.15,0.001,1789737112424,SHORT,105.58,1789737385210,105.75,SL,272786,-0.0238,0.0296,-0.0534
C,0.3,0.2,0.001,1789736948296,SHORT,105.62,1789737494555,105.86,SL,546259,-0.0336,0.0296,-0.0632
C,0.3,0.2,0.001,1789736949811,SHORT,105.62,1789737494555,105.86,SL,544744,-0.0336,0.0296,-0.0632
C,0.3,0.2,0.001,1789736955383,SHORT,105.62,1789737494555,105.86,SL,539172,-0.0336,0.0296,-0.0632
C,0.3,0.2,0.001,1789736971127,SHORT,105.62,1789737494555,105.86,SL,523428,-0.0336,0.0296,-0.0632
C,0.3,0.2,0.001,1789736979772,LONG,105.64,1789737668031,105.96,TP,688259,0.0448,0.0296,0.0152
C,0.3,0.2,0.001,1789736988436,LONG,105.64,1789737668031,105.96,TP,679595,0.0448,0.0296,0.0152
C,0.3,0.2,0.001,1789737002128,LONG,105.61,1789737607864,105.94,TP,605736,0.0462,0.0296,0.0166
C,0.3,0.2,0.001,1789737004165,SHORT,105.59,1789737485445,105.81,SL,481280,-0.0308,0.0296,-0.0604
C,0.3,0.2,0.001,1789737006174,LONG,105.61,1789737607864,105.94,TP,601690,0.0462,0.0296,0.0166
C,0.3,0.2,0.001,1789737013730,LONG,105.62,1789737607864,105.94,TP,594134,0.0448,0.0296,0.0152
C,0.3,0.2,0.001,1789737018795,SHORT,105.61,1789737494073,105.83,SL,475278,-0.0308,0.0296,-0.0604
C,0.3,0.2,0.001,1789737019818,SHORT,105.6,1789737494073,105.83,SL,474255,-0.0322,0.0296,-0.0618
C,0.3,0.2,0.001,1789737027429,LONG,105.6,1789737578521,105.92,TP,551092,0.0448,0.0296,0.0152
C,0.3,0.2,0.001,1789737029476,LONG,105.61,1789737607864,105.94,TP,578388,0.0462,0.0296,0.0166
C,0.3,0.2,0.001,1789737030479,LONG,105.62,1789737607864,105.94,TP,577385,0.0448,0.0296,0.0152
C,0.3,0.2,0.001,1789737032494,LONG,105.64,1789737668031,105.96,TP,635537,0.0448,0.0296,0.0152
C,0.3,0.2,0.001,1789737033513,LONG,105.64,1789737668031,105.96,TP,634518,0.0448,0.0296,0.0152
C,0.3,0.2,0.001,1789737036025,LONG,105.65,1789737691313,105.97,TP,655288,0.0448,0.0296,0.0152
C,0.3,0.2,0.001,1789737047655,SHORT,105.63,1789737494555,105.86,SL,446900,-0.0322,0.0296,-0.0618
C,0.3,0.2,0.001,1789737054270,SHORT,105.63,1789737494555,105.86,SL,440285,-0.0322,0.0296,-0.0618
C,0.3,0.2,0.001,1789737055270,SHORT,105.61,1789737494073,105.83,SL,438803,-0.0308,0.0296,-0.0604
C,0.3,0.2,0.001,1789737057793,LONG,105.62,1789737607864,105.94,TP,550071,0.0448,0.0296,0.0152
C,0.3,0.2,0.001,1789737062335,SHORT,105.62,1789737494555,105.86,SL,432220,-0.0336,0.0296,-0.0632
C,0.3,0.2,0.001,1789737069934,SHORT,105.62,1789737494555,105.86,SL,424621,-0.0336,0.0296,-0.0632
C,0.3,0.25,0.001,1789736948296,SHORT,105.62,1789737515255,105.89,SL,566959,-0.0378,0.0296,-0.0674
C,0.3,0.25,0.001,1789736949811,SHORT,105.62,1789737515255,105.89,SL,565444,-0.0378,0.0296,-0.0674
C,0.3,0.25,0.001,1789736955383,SHORT,105.62,1789737515255,105.89,SL,559872,-0.0378,0.0296,-0.0674
C,0.3,0.25,0.001,1789736971127,SHORT,105.62,1789737515255,105.89,SL,544128,-0.0378,0.0296,-0.0674
C,0.3,0.25,0.001,1789736979772,LONG,105.64,1789737668031,105.96,TP,688259,0.0448,0.0296,0.0152
C,0.3,0.25,0.001,1789736988436,LONG,105.64,1789737668031,105.96,TP,679595,0.0448,0.0296,0.0152
C,0.3,0.25,0.001,1789737002128,LONG,105.61,1789737607864,105.94,TP,605736,0.0462,0.0296,0.0166
C,0.3,0.25,0.001,1789737004165,SHORT,105.59,1789737494555,105.86,SL,490390,-0.0378,0.0296,-0.0674
C,0.3,0.25,0.001,1789737006174,LONG,105.61,1789737607864,105.94,TP,601690,0.0462,0.0296,0.0166
C,0.3,0.25,0.001,1789737013730,LONG,105.62,1789737607864,105.94,TP,594134,0.0448,0.0296,0.0152
C,0.3,0.25,0.001,1789737018795,SHORT,105.61,1789737515255,105.89,SL,496460,-0.0392,0.0296,-0.0688
C,0.3,0.25,0.001,1789737019818,SHORT,105.6,1789737495061,105.87,SL,475243,-0.0378,0.0296,-0.0674
C,0.3,0.25,0.001,1789737027429,LONG,105.6,1789737578521,105.92,TP,551092,0.0448,0.0296,0.0152
C,0.3,0.25,0.001,1789737029476,LONG,105.61,1789737607864,105.94,TP,578388,0.0462,0.0296,0.0166
C,0.3,0.25,0.001,1789737030479,LONG,105.62,1789737607864,105.94,TP,577385,0.0448,0.0296,0.0152
C,0.3,0.25,0.001,1789737032494,LONG,105.64,1789737668031,105.96,TP,635537,0.0448,0.0296,0.0152
C,0.3,0.25,0.001,1789737033513,LONG,105.64,1789737668031,105.96,TP,634518,0.0448,0.0296,0.0152
C,0.3,0.25,0.001,1789737036025,LONG,105.65,1789737691313,105.97,TP,655288,0.0448,0.0296,0.0152
C,0.3,0.25,0.001,1789737047655,SHORT,105.63,1789737527858,105.9,SL,480203,-0.0378,0.0296,-0.0674
C,0.3,0.25,0.001,1789737054270,SHORT,105.63,1789737527858,105.9,SL,473588,-0.0378,0.0296,-0.0674
C,0.3,0.25,0.001,1789737055270,SHORT,105.61,1789737515255,105.89,SL,459985,-0.0392,0.0296,-0.0688
C,0.3,0.25,0.001,1789737057793,LONG,105.62,1789737607864,105.94,TP,550071,0.0448,0.0296,0.0152
C,0.3,0.25,0.001,1789737062335,SHORT,105.62,1789737515255,105.89,SL,452920,-0.0378,0.0296,-0.0674
C,0.3,0.3,0.001,1789736948296,SHORT,105.62,1789737607864,105.95,SL,659568,-0.0462,0.0296,-0.0758
C,0.3,0.3,0.001,1789736949811,SHORT,105.62,1789737607864,105.95,SL,658053,-0.0462,0.0296,-0.0758
C,0.3,0.3,0.001,1789736955383,SHORT,105.62,1789737607864,105.95,SL,652481,-0.0462,0.0296,-0.0758
C,0.3,0.3,0.001,1789736971127,SHORT,105.62,1789737607864,105.95,SL,636737,-0.0462,0.0296,-0.0758
C,0.3,0.3,0.001,1789736979772,LONG,105.64,1789737668031,105.96,TP,688259,0.0448,0.0296,0.0152
C,0.3,0.3,0.001,1789736988436,LONG,105.64,1789737668031,105.96,TP,679595,0.0448,0.0296,0.0152
C,0.3,0.3,0.001,1789737002128,LONG,105.61,1789737607864,105.94,TP,605736,0.0462,0.0296,0.0166
C,0.3,0.3,0.001,1789737004165,SHORT,105.59,1789737558228,105.91,SL,554063,-0.0448,0.0296,-0.0744
C,0.3,0.3,0.001,1789737006174,LONG,105.61,1789737607864,105.94,TP,601690,0.0462,0.0296,0.0166
C,0.3,0.3,0.001,1789737013730,LONG,105.62,1789737607864,105.94,TP,594134,0.0448,0.0296,0.0152
C,0.3,0.3,0.001,1789737018795,SHORT,105.61,1789737578521,105.93,SL,559726,-0.0448,0.0296,-0.0744
C,0.3,0.3,0.001,1789737019818,SHORT,105.6,1789737578521,105.93,SL,558703,-0.0462,0.0296,-0.0758
C,0.3,0.3,0.001,1789737027429,LONG,105.6,1789737578521,105.92,TP,551092,0.0448,0.0296,0.0152
C,0.3,0.3,0.001,1789737029476,LONG,105.61,1789737607864,105.94,TP,578388,0.0462,0.0296,0.0166
C,0.3,0.3,0.001,1789737030479,LONG,105.62,1789737607864,105.94,TP,577385,0.0448,0.0296,0.0152
C,0.3,0.3,0.001,1789737032494,LONG,105.64,1789737668031,105.96,TP,635537,0.0448,0.0296,0.0152
C,0.3,0.3,0.001,1789737033513,LONG,105.64,1789737668031,105.96,TP,634518,0.0448,0.0296,0.0152
C,0.3,0.3,0.001,1789737036025,LONG,105.65,1789737691313,105.97,TP,655288,0.0448,0.0296,0.0152
C,0.3,0.3,0.001,1789737047655,SHORT,105.63,1789737607864,105.95,SL,560209,-0.0448,0.0296,-0.0744
C,0.3,0.3,0.001,1789737054270,SHORT,105.63,1789737607864,105.95,SL,553594,-0.0448,0.0296,-0.0744
C,0.3,0.3,0.001,1789737055270,SHORT,105.61,1789737578521,105.93,SL,523251,-0.0448,0.0296,-0.0744
C,0.3,0.5,0.001,1789736979772,LONG,105.64,1789737668031,105.96,TP,688259,0.0448,0.0296,0.0152
C,0.3,0.5,0.001,1789736988436,LONG,105.64,1789737668031,105.96,TP,679595,0.0448,0.0296,0.0152
C,0.3,0.5,0.001,1789737002128,LONG,105.61,1789737607864,105.94,TP,605736,0.0462,0.0296,0.0166
C,0.3,0.5,0.001,1789737006174,LONG,105.61,1789737607864,105.94,TP,601690,0.0462,0.0296,0.0166
C,0.3,0.5,0.001,1789737013730,LONG,105.62,1789737607864,105.94,TP,594134,0.0448,0.0296,0.0152
C,0.3,0.5,0.001,1789737027429,LONG,105.6,1789737578521,105.92,TP,551092,0.0448,0.0296,0.0152
C,0.3,0.5,0.001,1789737029476,LONG,105.61,1789737607864,105.94,TP,578388,0.0462,0.0296,0.0166
C,0.3,0.5,0.001,1789737030479,LONG,105.62,1789737607864,105.94,TP,577385,0.0448,0.0296,0.0152
C,0.3,0.5,0.001,1789737032494,LONG,105.64,1789737668031,105.96,TP,635537,0.0448,0.0296,0.0152
C,0.3,0.5,0.001,1789737033513,LONG,105.64,1789737668031,105.96,TP,634518,0.0448,0.0296,0.0152
C,0.3,0.5,0.001,1789737036025,LONG,105.65,1789737691313,105.97,TP,655288,0.0448,0.0296,0.0152
C,0.3,0.5,0.001,1789737057793,LONG,105.62,1789737607864,105.94,TP,550071,0.0448,0.0296,0.0152
C,0.3,0.5,0.001,1789737075515,LONG,105.6,1789737578521,105.92,TP,503006,0.0448,0.0296,0.0152
C,0.3,0.5,0.001,1789737082590,LONG,105.61,1789737607864,105.94,TP,525274,0.0462,0.0296,0.0166
C,0.3,0.5,0.001,1789737087151,LONG,105.63,1789737663466,105.95,TP,576315,0.0448,0.0296,0.0152
C,0.3,0.5,0.001,1789737088659,LONG,105.63,1789737663466,105.95,TP,574807,0.0448,0.0296,0.0152
C,0.3,0.5,0.001,1789737094209,LONG,105.63,1789737663466,105.95,TP,569257,0.0448,0.0296,0.0152
C,0.3,0.5,0.001,1789737114960,LONG,105.6,1789737578521,105.92,TP,463561,0.0448,0.0296,0.0152
C,0.3,0.5,0.001,1789737116986,LONG,105.6,1789737578521,105.92,TP,461535,0.0448,0.0296,0.0152
C,0.3,0.5,0.001,1789737125618,LONG,105.61,1789737607864,105.94,TP,482246,0.0462,0.0296,0.0166
C,0.3,0.5,0.001,1789737133261,LONG,105.61,1789737607864,105.94,TP,474603,0.0462,0.0296,0.0166
C,0.3,0.5,0.001,1789737152452,LONG,105.59,1789737578521,105.92,TP,426069,0.0462,0.0296,0.0166
C,0.3,0.5,0.001,1789737153452,LONG,105.59,1789737578521,105.92,TP,425069,0.0462,0.0296,0.0166
C,0.3,0.5,0.001,1789737167359,LONG,105.6,1789737578521,105.92,TP,411162,0.0448,0.0296,0.0152
C,0.3,0.5,0.001,1789737169664,LONG,105.61,1789737607864,105.94,TP,438200,0.0462,0.0296,0.0166
C,0.3,0.5,0.001,1789737170670,LONG,105.62,1789737607864,105.94,TP,437194,0.0448,0.0296,0.0152
C,0.3,0.5,0.001,1789737173194,LONG,105.59,1789737578521,105.92,TP,405327,0.0462,0.0296,0.0166
C,0.3,0.5,0.001,1789737184910,LONG,105.6,1789737578521,105.92,TP,393611,0.0448,0.0296,0.0152
C,0.3,0.5,0.001,1789737187440,LONG,105.59,1789737578521,105.92,TP,391081,0.0462,0.0296,0.0166
C,0.3,0.5,0.001,1789737193502,LONG,105.6,1789737578521,105.92,TP,385019,0.0448,0.0296,0.0152
C,0.3,0.5,0.001,1789737199279,LONG,105.61,1789737607864,105.94,TP,408585,0.0462,0.0296,0.0166
C,0.3,0.5,0.001,1789737202275,LONG,105.61,1789737607864,105.94,TP,405589,0.0462,0.0296,0.0166
C,0.3,0.5,0.001,1789737219262,LONG,105.61,1789737607864,105.94,TP,388602,0.0462,0.0296,0.0166
C,0.3,0.5,0.001,1789737244125,LONG,105.64,1789737668031,105.96,TP,423906,0.0448,0.0296,0.0152
C,0.3,0.5,0.001,1789737250194,LONG,105.64,1789737668031,105.96,TP,417837,0.0448,0.0296,0.0152
C,0.3,0.5,0.001,1789737258858,LONG,105.63,1789737663466,105.95,TP,404608,0.0448,0.0296,0.0152
C,0.3,0.5,0.001,1789737266477,LONG,105.63,1789737663466,105.95,TP,396989,0.0448,0.0296,0.0152
C,0.3,0.5,0.001,1789737267498,LONG,105.64,1789737668031,105.96,TP,400533,0.0448,0.0296,0.0152
C,0.3,0.5,0.001,1789737287830,LONG,105.63,1789737663466,105.95,TP,375636,0.0448,0.0296,0.0152
C,0.3,0.5,0.001,1789737289864,LONG,105.63,1789737663466,105.95,TP,373602,0.0448,0.0296,0.0152
C,0.3,0.5,0.001,1789737308112,LONG,105.61,1789737607864,105.94,TP,299752,0.0462,0.0296,0.0166
C,0.3,0.5,0.001,1789737318204,LONG,105.62,1789737607864,105.94,TP,289660,0.0448,0.0296,0.0152
C,0.3,0.5,0.001,1789737322782,LONG,105.63,1789737663466,105.95,TP,340684,0.0448,0.0296,0.0152
C,0.3,0.5,0.001,1789737332922,LONG,105.61,1789737607864,105.94,TP,274942,0.0462,0.0296,0.0166
C,0.3,0.5,0.001,1789737345308,LONG,105.61,1789737607864,105.94,TP,262556,0.0462,0.0296,0.0166
C,0.3,0.5,0.001,1789737360307,LONG,105.63,1789737663466,105.95,TP,303159,0.0448,0.0296,0.0152
C,0.3,0.5,0.001,1789737367417,LONG,105.64,1789737668031,105.96,TP,300614,0.0448,0.0296,0.0152
C,0.3,0.5,0.001,1789737373993,LONG,105.66,1789737692836,105.98,TP,318843,0.0448,0.0296,0.0152
C,0.5,0.1,0.001,1789736948296,SHORT,105.62,1789737385210,105.75,SL,436914,-0.0182,0.0296,-0.0478
C,0.5,0.1,0.001,1789736949811,SHORT,105.62,1789737385210,105.75,SL,435399,-0.0182,0.0296,-0.0478
C,0.5,0.1,0.001,1789736955383,SHORT,105.62,1789737385210,105.75,SL,429827,-0.0182,0.0296,-0.0478
C,0.5,0.1,0.001,1789736971127,SHORT,105.62,1789737385210,105.75,SL,414083,-0.0182,0.0296,-0.0478
C,0.5,0.1,0.001,1789737004165,SHORT,105.59,1789737385210,105.75,SL,381045,-0.0224,0.0296,-0.0520
C,0.5,0.1,0.001,1789737018795,SHORT,105.61,1789737385210,105.75,SL,366415,-0.0196,0.0296,-0.0492
C,0.5,0.1,0.001,1789737019818,SHORT,105.6,1789737385210,105.75,SL,365392,-0.0210,0.0296,-0.0506
C,0.5,0.1,0.001,1789737047655,SHORT,105.63,1789737385210,105.75,SL,337555,-0.0168,0.0296,-0.0464
C,0.5,0.1,0.001,1789737054270,SHORT,105.63,1789737385210,105.75,SL,330940,-0.0168,0.0296,-0.0464
C,0.5,0.1,0.001,1789737055270,SHORT,105.61,1789737385210,105.75,SL,329940,-0.0196,0.0296,-0.0492
C,0.5,0.1,0.001,1789737062335,SHORT,105.62,1789737385210,105.75,SL,322875,-0.0182,0.0296,-0.0478
C,0.5,0.15,0.001,1789736948296,SHORT,105.62,1789737390622,105.78,SL,442326,-0.0224,0.0296,-0.0520
C,0.5,0.15,0.001,1789736949811,SHORT,105.62,1789737390622,105.78,SL,440811,-0.0224,0.0296,-0.0520
C,0.5,0.15,0.001,1789736955383,SHORT,105.62,1789737390622,105.78,SL,435239,-0.0224,0.0296,-0.0520
C,0.5,0.15,0.001,1789736971127,SHORT,105.62,1789737390622,105.78,SL,419495,-0.0224,0.0296,-0.0520
C,0.5,0.15,0.001,1789737004165,SHORT,105.59,1789737385210,105.75,SL,381045,-0.0224,0.0296,-0.0520
C,0.5,0.15,0.001,1789737018795,SHORT,105.61,1789737388108,105.77,SL,369313,-0.0224,0.0296,-0.0520
C,0.5,0.15,0.001,1789737019818,SHORT,105.6,1789737388108,105.77,SL,368290,-0.0238,0.0296,-0.0534
C,0.5,0.15,0.001,1789737047655,SHORT,105.63,1789737392141,105.79,SL,344486,-0.0224,0.0296,-0.0520
C,0.5,0.15,0.001,1789737054270,SHORT,105.63,1789737392141,105.79,SL,337871,-0.0224,0.0296,-0.0520
C,0.5,0.15,0.001,1789737055270,SHORT,105.61,1789737388108,105.77,SL,332838,-0.0224,0.0296,-0.0520
C,0.5,0.15,0.001,1789737062335,SHORT,105.62,1789737390622,105.78,SL,328287,-0.0224,0.0296,-0.0520
C,0.5,0.2,0.001,1789736948296,SHORT,105.62,1789737494555,105.86,SL,546259,-0.0336,0.0296,-0.0632
C,0.5,0.2,0.001,1789736949811,SHORT,105.62,1789737494555,105.86,SL,544744,-0.0336,0.0296,-0.0632
C,0.5,0.2,0.001,1789736955383,SHORT,105.62,1789737494555,105.86,SL,539172,-0.0336,0.0296,-0.0632
C,0.5,0.2,0.001,1789736971127,SHORT,105.62,1789737494555,105.86,SL,523428,-0.0336,0.0296,-0.0632
C,0.5,0.2,0.001,1789737004165,SHORT,105.59,1789737485445,105.81,SL,481280,-0.0308,0.0296,-0.0604
C,0.5,0.2,0.001,1789737018795,SHORT,105.61,1789737494073,105.83,SL,475278,-0.0308,0.0296,-0.0604
C,0.5,0.2,0.001,1789737019818,SHORT,105.6,1789737494073,105.83,SL,474255,-0.0322,0.0296,-0.0618
C,0.5,0.2,0.001,1789737047655,SHORT,105.63,1789737494555,105.86,SL,446900,-0.0322,0.0296,-0.0618
C,0.5,0.2,0.001,1789737054270,SHORT,105.63,1789737494555,105.86,SL,440285,-0.0322,0.0296,-0.0618
C,0.5,0.25,0.001,1789736948296,SHORT,105.62,1789737515255,105.89,SL,566959,-0.0378,0.0296,-0.0674
C,0.5,0.25,0.001,1789736949811,SHORT,105.62,1789737515255,105.89,SL,565444,-0.0378,0.0296,-0.0674
C,0.5,0.25,0.001,1789736955383,SHORT,105.62,1789737515255,105.89,SL,559872,-0.0378,0.0296,-0.0674
C,0.5,0.25,0.001,1789736971127,SHORT,105.62,1789737515255,105.89,SL,544128,-0.0378,0.0296,-0.0674
C,0.5,0.25,0.001,1789737004165,SHORT,105.59,1789737494555,105.86,SL,490390,-0.0378,0.0296,-0.0674
C,0.5,0.25,0.001,1789737018795,SHORT,105.61,1789737515255,105.89,SL,496460,-0.0392,0.0296,-0.0688
C,0.5,0.25,0.001,1789737019818,SHORT,105.6,1789737495061,105.87,SL,475243,-0.0378,0.0296,-0.0674
C,0.5,0.25,0.001,1789737047655,SHORT,105.63,1789737527858,105.9,SL,480203,-0.0378,0.0296,-0.0674
C,0.5,0.3,0.001,1789736948296,SHORT,105.62,1789737607864,105.95,SL,659568,-0.0462,0.0296,-0.0758
C,0.5,0.3,0.001,1789736949811,SHORT,105.62,1789737607864,105.95,SL,658053,-0.0462,0.0296,-0.0758
C,0.5,0.3,0.001,1789736955383,SHORT,105.62,1789737607864,105.95,SL,652481,-0.0462,0.0296,-0.0758
C,0.5,0.3,0.001,1789736971127,SHORT,105.62,1789737607864,105.95,SL,636737,-0.0462,0.0296,-0.0758
C,0.5,0.3,0.001,1789737004165,SHORT,105.59,1789737558228,105.91,SL,554063,-0.0448,0.0296,-0.0744
C,0.5,0.3,0.001,1789737018795,SHORT,105.61,1789737578521,105.93,SL,559726,-0.0448,0.0296,-0.0744
C,0.5,0.3,0.001,1789737019818,SHORT,105.6,1789737578521,105.93,SL,558703,-0.0462,0.0296,-0.0758
C,0.5,0.3,0.001,1789737047655,SHORT,105.63,1789737607864,105.95,SL,560209,-0.0448,0.0296,-0.0744
D,0.1,0.1,0.001,1789736948296,SHORT,105.62,1789737385210,105.75,SL,436914,-0.0182,0.0296,-0.0478
D,0.1,0.1,0.001,1789736988436,LONG,105.64,1789737388108,105.76,TP,399672,0.0168,0.0296,-0.0128
D,0.1,0.1,0.001,1789737002128,LONG,105.61,1789737385210,105.74,TP,383082,0.0182,0.0296,-0.0114
D,0.1,0.1,0.001,1789737004165,SHORT,105.59,1789737385210,105.75,SL,381045,-0.0224,0.0296,-0.0520
D,0.1,0.1,0.001,1789737008174,LONG,105.61,1789737385210,105.74,TP,377036,0.0182,0.0296,-0.0114
D,0.1,0.1,0.001,1789737018795,SHORT,105.61,1789737385210,105.75,SL,366415,-0.0196,0.0296,-0.0492
D,0.1,0.1,0.001,1789737030479,LONG,105.62,1789737385210,105.74,TP,354731,0.0168,0.0296,-0.0128
D,0.1,0.1,0.001,1789737032494,LONG,105.64,1789737388108,105.76,TP,355614,0.0168,0.0296,-0.0128
D,0.1,0.1,0.001,1789737034008,LONG,105.64,1789737388108,105.76,TP,354100,0.0168,0.0296,-0.0128
D,0.1,0.1,0.001,1789737057793,LONG,105.62,1789737385210,105.74,TP,327417,0.0168,0.0296,-0.0128
D,0.1,0.1,0.001,1789737059319,LONG,105.63,1789737385210,105.74,TP,325891,0.0154,0.0296,-0.0142
D,0.1,0.1,0.001,1789737062867,SHORT,105.62,1789737385210,105.75,SL,322343,-0.0182,0.0296,-0.0478
D,0.1,0.1,0.001,1789737071973,SHORT,105.61,1789737385210,105.75,SL,313237,-0.0196,0.0296,-0.0492
D,0.1,0.1,0.001,1789737076027,LONG,105.6,1789737385210,105.74,TP,309183,0.0196,0.0296,-0.0100
D,0.1,0.1,0.001,1789737107395,SHORT,105.62,1789737385210,105.75,SL,277815,-0.0182,0.0296,-0.0478
D,0.1,0.1,0.001,1789737126637,LONG,105.61,1789737385210,105.74,TP,258573,0.0182,0.0296,-0.0114
D,0.1,0.1,0.001,1789737169664,LONG,105.61,1789737385210,105.74,TP,215546,0.0182,0.0296,-0.0114
D,0.1,0.1,0.001,1789737173194,LONG,105.59,1789737385210,105.74,TP,212016,0.0210,0.0296,-0.0086
D,0.1,0.1,0.001,1789737184910,LONG,105.6,1789737385210,105.74,TP,200300,0.0196,0.0296,-0.0100
D,0.1,0.1,0.001,1789737187440,LONG,105.59,1789737385210,105.74,TP,197770,0.0210,0.0296,-0.0086
D,0.1,0.1,0.001,1789737193502,LONG,105.6,1789737385210,105.74,TP,191708,0.0196,0.0296,-0.0100
D,0.1,0.1,0.001,1789737195007,SHORT,105.58,1789737385210,105.75,SL,190203,-0.0238,0.0296,-0.0534
D,0.1,0.1,0.001,1789737199279,LONG,105.61,1789737385210,105.74,TP,185931,0.0182,0.0296,-0.0114
D,0.1,0.1,0.001,1789737206609,SHORT,105.62,1789737385210,105.75,SL,178601,-0.0182,0.0296,-0.0478
D,0.1,0.15,0.001,1789736948296,SHORT,105.62,1789737390622,105.78,SL,442326,-0.0224,0.0296,-0.0520
D,0.1,0.15,0.001,1789736988436,LONG,105.64,1789737388108,105.76,TP,399672,0.0168,0.0296,-0.0128
D,0.1,0.15,0.001,1789737002128,LONG,105.61,1789737385210,105.74,TP,383082,0.0182,0.0296,-0.0114
D,0.1,0.15,0.001,1789737004165,SHORT,105.59,1789737385210,105.75,SL,381045,-0.0224,0.0296,-0.0520
D,0.1,0.15,0.001,1789737008174,LONG,105.61,1789737385210,105.74,TP,377036,0.0182,0.0296,-0.0114
D,0.1,0.15,0.001,1789737018795,SHORT,105.61,1789737388108,105.77,SL,369313,-0.0224,0.0296,-0.0520
D,0.1,0.15,0.001,1789737030479,LONG,105.62,1789737385210,105.74,TP,354731,0.0168,0.0296,-0.0128
D,0.1,0.15,0.001,1789737032494,LONG,105.64,1789737388108,105.76,TP,355614,0.0168,0.0296,-0.0128
D,0.1,0.15,0.001,1789737034008,LONG,105.64,1789737388108,105.76,TP,354100,0.0168,0.0296,-0.0128
D,0.1,0.15,0.001,1789737057793,LONG,105.62,1789737385210,105.74,TP,327417,0.0168,0.0296,-0.0128
D,0.1,0.15,0.001,1789737059319,LONG,105.63,1789737385210,105.74,TP,325891,0.0154,0.0296,-0.0142
D,0.1,0.15,0.001,1789737062867,SHORT,105.62,1789737390622,105.78,SL,327755,-0.0224,0.0296,-0.0520
D,0.1,0.15,0.001,1789737071973,SHORT,105.61,1789737388108,105.77,SL,316135,-0.0224,0.0296,-0.0520
D,0.1,0.15,0.001,1789737076027,LONG,105.6,1789737385210,105.74,TP,309183,0.0196,0.0296,-0.0100
D,0.1,0.15,0.001,1789737107395,SHORT,105.62,1789737390622,105.78,SL,283227,-0.0224,0.0296,-0.0520
D,0.1,0.15,0.001,1789737126637,LONG,105.61,1789737385210,105.74,TP,258573,0.0182,0.0296,-0.0114
D,0.1,0.15,0.001,1789737169664,LONG,105.61,1789737385210,105.74,TP,215546,0.0182,0.0296,-0.0114
D,0.1,0.15,0.001,1789737173194,LONG,105.59,1789737385210,105.74,TP,212016,0.0210,0.0296,-0.0086
D,0.1,0.15,0.001,1789737184910,LONG,105.6,1789737385210,105.74,TP,200300,0.0196,0.0296,-0.0100
D,0.1,0.15,0.001,1789737187440,LONG,105.59,1789737385210,105.74,TP,197770,0.0210,0.0296,-0.0086
D,0.1,0.15,0.001,1789737193502,LONG,105.6,1789737385210,105.74,TP,191708,0.0196,0.0296,-0.0100
D,0.1,0.15,0.001,1789737195007,SHORT,105.58,1789737385210,105.75,SL,190203,-0.0238,0.0296,-0.0534
D,0.1,0.2,0.001,1789736948296,SHORT,105.62,1789737494555,105.86,SL,546259,-0.0336,0.0296,-0.0632
D,0.1,0.2,0.001,1789736988436,LONG,105.64,1789737388108,105.76,TP,399672,0.0168,0.0296,-0.0128
D,0.1,0.2,0.001,1789737002128,LONG,105.61,1789737385210,105.74,TP,383082,0.0182,0.0296,-0.0114
D,0.1,0.2,0.001,1789737004165,SHORT,105.59,1789737485445,105.81,SL,481280,-0.0308,0.0296,-0.0604
D,0.1,0.2,0.001,1789737008174,LONG,105.61,1789737385210,105.74,TP,377036,0.0182,0.0296,-0.0114
D,0.1,0.2,0.001,1789737018795,SHORT,105.61,1789737494073,105.83,SL,475278,-0.0308,0.0296,-0.0604
D,0.1,0.2,0.001,1789737030479,LONG,105.62,1789737385210,105.74,TP,354731,0.0168,0.0296,-0.0128
D,0.1,0.2,0.001,1789737032494,LONG,105.64,1789737388108,105.76,TP,355614,0.0168,0.0296,-0.0128
D,0.1,0.2,0.001,1789737034008,LONG,105.64,1789737388108,105.76,TP,354100,0.0168,0.0296,-0.0128
D,0.1,0.2,0.001,1789737057793,LONG,105.62,1789737385210,105.74,TP,327417,0.0168,0.0296,-0.0128
D,0.1,0.2,0.001,1789737059319,LONG,105.63,1789737385210,105.74,TP,325891,0.0154,0.0296,-0.0142
D,0.1,0.2,0.001,1789737062867,SHORT,105.62,1789737494555,105.86,SL,431688,-0.0336,0.0296,-0.0632
D,0.1,0.2,0.001,1789737071973,SHORT,105.61,1789737494073,105.83,SL,422100,-0.0308,0.0296,-0.0604
D,0.1,0.2,0.001,1789737076027,LONG,105.6,1789737385210,105.74,TP,309183,0.0196,0.0296,-0.0100
D,0.1,0.2,0.001,1789737107395,SHORT,105.62,1789737494555,105.86,SL,387160,-0.0336,0.0296,-0.0632
D,0.1,0.2,0.001,1789737126637,LONG,105.61,1789737385210,105.74,TP,258573,0.0182,0.0296,-0.0114
D,0.1,0.2,0.001,1789737169664,LONG,105.61,1789737385210,105.74,TP,215546,0.0182,0.0296,-0.0114
D,0.1,0.2,0.001,1789737173194,LONG,105.59,1789737385210,105.74,TP,212016,0.0210,0.0296,-0.0086
D,0.1,0.2,0.001,1789737184910,LONG,105.6,1789737385210,105.74,TP,200300,0.0196,0.0296,-0.0100
D,0.1,0.2,0.001,1789737187440,LONG,105.59,1789737385210,105.74,TP,197770,0.0210,0.0296,-0.0086
D,0.1,0.2,0.001,1789737195007,SHORT,105.58,1789737482425,105.8,SL,287418,-0.0308,0.0296,-0.0604
D,0.1,0.25,0.001,1789736948296,SHORT,105.62,1789737515255,105.89,SL,566959,-0.0378,0.0296,-0.0674
D,0.1,0.25,0.001,1789736988436,LONG,105.64,1789737388108,105.76,TP,399672,0.0168,0.0296,-0.0128
D,0.1,0.25,0.001,1789737002128,LONG,105.61,1789737385210,105.74,TP,383082,0.0182,0.0296,-0.0114
D,0.1,0.25,0.001,1789737004165,SHORT,105.59,1789737494555,105.86,SL,490390,-0.0378,0.0296,-0.0674
D,0.1,0.25,0.001,1789737008174,LONG,105.61,1789737385210,105.74,TP,377036,0.0182,0.0296,-0.0114
D,0.1,0.25,0.001,1789737018795,SHORT,105.61,1789737515255,105.89,SL,496460,-0.0392,0.0296,-0.0688
D,0.1,0.25,0.001,1789737030479,LONG,105.62,1789737385210,105.74,TP,354731,0.0168,0.0296,-0.0128
D,0.1,0.25,0.001,1789737032494,LONG,105.64,1789737388108,105.76,TP,355614,0.0168,0.0296,-0.0128
D,0.1,0.25,0.001,1789737034008,LONG,105.64,1789737388108,105.76,TP,354100,0.0168,0.0296,-0.0128
D,0.1,0.25,0.001,1789737057793,LONG,105.62,1789737385210,105.74,TP,327417,0.0168,0.0296,-0.0128
D,0.1,0.25,0.001,1789737059319,LONG,105.63,1789737385210,105.74,TP,325891,0.0154,0.0296,-0.0142
D,0.1,0.25,0.001,1789737062867,SHORT,105.62,1789737515255,105.89,SL,452388,-0.0378,0.0296,-0.0674
D,0.1,0.25,0.001,1789737071973,SHORT,105.61,1789737515255,105.89,SL,443282,-0.0392,0.0296,-0.0688
D,0.1,0.25,0.001,1789737076027,LONG,105.6,1789737385210,105.74,TP,309183,0.0196,0.0296,-0.0100
D,0.1,0.25,0.001,1789737107395,SHORT,105.62,1789737515255,105.89,SL,407860,-0.0378,0.0296,-0.0674
D,0.1,0.25,0.001,1789737126637,LONG,105.61,1789737385210,105.74,TP,258573,0.0182,0.0296,-0.0114
D,0.1,0.25,0.001,1789737169664,LONG,105.61,1789737385210,105.74,TP,215546,0.0182,0.0296,-0.0114
D,0.1,0.3,0.001,1789736948296,SHORT,105.62,1789737607864,105.95,SL,659568,-0.0462,0.0296,-0.0758
D,0.1,0.3,0.001,1789736988436,LONG,105.64,1789737388108,105.76,TP,399672,0.0168,0.0296,-0.0128
D,0.1,0.3,0.001,1789737002128,LONG,105.61,1789737385210,105.74,TP,383082,0.0182,0.0296,-0.0114
D,0.1,0.3,0.001,1789737004165,SHORT,105.59,1789737558228,105.91,SL,554063,-0.0448,0.0296,-0.0744
D,0.1,0.3,0.001,1789737008174,LONG,105.61,1789737385210,105.74,TP,377036,0.0182,0.0296,-0.0114
D,0.1,0.3,0.001,1789737018795,SHORT,105.61,1789737578521,105.93,SL,559726,-0.0448,0.0296,-0.0744
D,0.1,0.3,0.001,1789737030479,LONG,105.62,1789737385210,105.74,TP,354731,0.0168,0.0296,-0.0128
D,0.1,0.3,0.001,1789737032494,LONG,105.64,1789737388108,105.76,TP,355614,0.0168,0.0296,-0.0128
D,0.1,0.3,0.001,1789737034008,LONG,105.64,1789737388108,105.76,TP,354100,0.0168,0.0296,-0.0128
D,0.1,0.3,0.001,1789737057793,LONG,105.62,1789737385210,105.74,TP,327417,0.0168,0.0296,-0.0128
D,0.1,0.3,0.001,1789737059319,LONG,105.63,1789737385210,105.74,TP,325891,0.0154,0.0296,-0.0142
D,0.1,0.3,0.001,1789737062867,SHORT,105.62,1789737607864,105.95,SL,544997,-0.0462,0.0296,-0.0758
D,0.1,0.3,0.001,1789737071973,SHORT,105.61,1789737578521,105.93,SL,506548,-0.0448,0.0296,-0.0744
D,0.1,0.3,0.001,1789737076027,LONG,105.6,1789737385210,105.74,TP,309183,0.0196,0.0296,-0.0100
D,0.1,0.3,0.001,1789737107395,SHORT,105.62,1789737607864,105.95,SL,500469,-0.0462,0.0296,-0.0758
D,0.1,0.5,0.001,1789736988436,LONG,105.64,1789737388108,105.76,TP,399672,0.0168,0.0296,-0.0128
D,0.1,0.5,0.001,1789737002128,LONG,105.61,1789737385210,105.74,TP,383082,0.0182,0.0296,-0.0114
D,0.1,0.5,0.001,1789737008174,LONG,105.61,1789737385210,105.74,TP,377036,0.0182,0.0296,-0.0114
D,0.1,0.5,0.001,1789737030479,LONG,105.62,1789737385210,105.74,TP,354731,0.0168,0.0296,-0.0128
D,0.1,0.5,0.001,1789737032494,LONG,105.64,1789737388108,105.76,TP,355614,0.0168,0.0296,-0.0128
D,0.1,0.5,0.001,1789737034008,LONG,105.64,1789737388108,105.76,TP,354100,0.0168,0.0296,-0.0128
D,0.1,0.5,0.001,1789737057793,LONG,105.62,1789737385210,105.74,TP,327417,0.0168,0.0296,-0.0128
D,0.1,0.5,0.001,1789737059319,LONG,105.63,1789737385210,105.74,TP,325891,0.0154,0.0296,-0.0142
D,0.1,0.5,0.001,1789737076027,LONG,105.6,1789737385210,105.74,TP,309183,0.0196,0.0296,-0.0100
D,0.1,0.5,0.001,1789737126637,LONG,105.61,1789737385210,105.74,TP,258573,0.0182,0.0296,-0.0114
D,0.1,0.5,0.001,1789737169664,LONG,105.61,1789737385210,105.74,TP,215546,0.0182,0.0296,-0.0114
D,0.1,0.5,0.001,1789737173194,LONG,105.59,1789737385210,105.74,TP,212016,0.0210,0.0296,-0.0086
D,0.1,0.5,0.001,1789737184910,LONG,105.6,1789737385210,105.74,TP,200300,0.0196,0.0296,-0.0100
D,0.1,0.5,0.001,1789737187440,LONG,105.59,1789737385210,105.74,TP,197770,0.0210,0.0296,-0.0086
D,0.1,0.5,0.001,1789737193502,LONG,105.6,1789737385210,105.74,TP,191708,0.0196,0.0296,-0.0100
D,0.1,0.5,0.001,1789737199279,LONG,105.61,1789737385210,105.74,TP,185931,0.0182,0.0296,-0.0114
D,0.1,0.5,0.001,1789737219262,LONG,105.61,1789737385210,105.74,TP,165948,0.0182,0.0296,-0.0114
D,0.1,0.5,0.001,1789737244623,LONG,105.64,1789737388108,105.76,TP,143485,0.0168,0.0296,-0.0128
D,0.1,0.5,0.001,1789737246635,LONG,105.64,1789737388108,105.76,TP,141473,0.0168,0.0296,-0.0128
D,0.1,0.5,0.001,1789737247659,LONG,105.64,1789737388108,105.76,TP,140449,0.0168,0.0296,-0.0128
D,0.1,0.5,0.001,1789737261415,LONG,105.63,1789737385210,105.74,TP,123795,0.0154,0.0296,-0.0142
D,0.1,0.5,0.001,1789737265459,LONG,105.63,1789737385210,105.74,TP,119751,0.0154,0.0296,-0.0142
D,0.1,0.5,0.001,1789737267498,LONG,105.64,1789737388108,105.76,TP,120610,0.0168,0.0296,-0.0128
D,0.1,0.5,0.001,1789737269519,LONG,105.65,1789737388108,105.76,TP,118589,0.0154,0.0296,-0.0142
D,0.1,0.5,0.001,1789737289864,LONG,105.63,1789737385210,105.74,TP,95346,0.0154,0.0296,-0.0142
D,0.1,0.5,0.001,1789737308613,LONG,105.61,1789737385210,105.74,TP,76597,0.0182,0.0296,-0.0114
D,0.1,0.5,0.001,1789737318204,LONG,105.62,1789737385210,105.74,TP,67006,0.0168,0.0296,-0.0128
D,0.1,0.5,0.001,1789737332922,LONG,105.61,1789737385210,105.74,TP,52288,0.0182,0.0296,-0.0114
D,0.1,0.5,0.001,1789737345587,LONG,105.61,1789737385210,105.74,TP,39623,0.0182,0.0296,-0.0114
D,0.1,0.5,0.001,1789737360307,LONG,105.63,1789737385210,105.74,TP,24903,0.0154,0.0296,-0.0142
D,0.1,0.5,0.001,1789737367913,LONG,105.64,1789737388108,105.76,TP,20195,0.0168,0.0296,-0.0128
D,0.1,0.5,0.001,1789737373993,LONG,105.66,1789737390622,105.77,TP,16629,0.0154,0.0296,-0.0142
D,0.1,0.5,0.001,1789737385716,LONG,105.73,1789737494555,105.85,TP,108839,0.0168,0.0296,-0.0128
D,0.1,0.5,0.001,1789737387605,LONG,105.75,1789737495061,105.86,TP,107456,0.0154,0.0296,-0.0142
D,0.1,0.5,0.001,1789737390622,LONG,105.78,1789737527858,105.89,TP,137236,0.0154,0.0296,-0.0142
D,0.1,0.5,0.001,1789737438326,LONG,105.79,1789737558228,105.9,TP,119902,0.0154,0.0296,-0.0142
D,0.1,0.5,0.001,1789737481889,LONG,105.79,1789737558228,105.9,TP,76339,0.0154,0.0296,-0.0142
D,0.1,0.5,0.001,1789737493544,LONG,105.81,1789737578521,105.92,TP,84977,0.0154,0.0296,-0.0142
D,0.1,0.5,0.001,1789737508175,LONG,105.86,1789737691313,105.97,TP,183138,0.0154,0.0297,-0.0143
D,0.1,0.5,0.001,1789737515255,LONG,105.89,1789737769743,106,TP,254488,0.0154,0.0297,-0.0143
D,0.1,0.5,0.001,1789737525846,LONG,105.89,1789737769743,106,TP,243897,0.0154,0.0297,-0.0143
D,0.1,0.5,0.001,1789737551653,LONG,105.88,1789737726711,105.99,TP,175058,0.0154,0.0297,-0.0143
D,0.15,0.1,0.001,1789736948296,SHORT,105.62,1789737385210,105.75,SL,436914,-0.0182,0.0296,-0.0478
D,0.15,0.1,0.001,1789736988436,LONG,105.64,1789737485445,105.8,TP,497009,0.0224,0.0296,-0.0072
D,0.15,0.1,0.001,1789737002128,LONG,105.61,1789737390622,105.77,TP,388494,0.0224,0.0296,-0.0072
D,0.15,0.1,0.001,1789737004165,SHORT,105.59,1789737385210,105.75,SL,381045,-0.0224,0.0296,-0.0520
D,0.15,0.1,0.001,1789737008174,LONG,105.61,1789737390622,105.77,TP,382448,0.0224,0.0296,-0.0072
D,0.15,0.1,0.001,1789737018795,SHORT,105.61,1789737385210,105.75,SL,366415,-0.0196,0.0296,-0.0492
D,0.15,0.1,0.001,1789737030479,LONG,105.62,1789737392141,105.78,TP,361662,0.0224,0.0296,-0.0072
D,0.15,0.1,0.001,1789737032494,LONG,105.64,1789737485445,105.8,TP,452951,0.0224,0.0296,-0.0072
D,0.15,0.1,0.001,1789737034008,LONG,105.64,1789737485445,105.8,TP,451437,0.0224,0.0296,-0.0072
D,0.15,0.1,0.001,1789737057793,LONG,105.62,1789737392141,105.78,TP,334348,0.0224,0.0296,-0.0072
D,0.15,0.1,0.001,1789737059319,LONG,105.63,1789737482425,105.79,TP,423106,0.0224,0.0296,-0.0072
D,0.15,0.1,0.001,1789737062867,SHORT,105.62,1789737385210,105.75,SL,322343,-0.0182,0.0296,-0.0478
D,0.15,0.1,0.001,1789737071973,SHORT,105.61,1789737385210,105.75,SL,313237,-0.0196,0.0296,-0.0492
D,0.15,0.1,0.001,1789737076027,LONG,105.6,1789737388108,105.76,TP,312081,0.0224,0.0296,-0.0072
D,0.15,0.1,0.001,1789737107395,SHORT,105.62,1789737385210,105.75,SL,277815,-0.0182,0.0296,-0.0478
D,0.15,0.1,0.001,1789737126637,LONG,105.61,1789737390622,105.77,TP,263985,0.0224,0.0296,-0.0072
D,0.15,0.1,0.001,1789737169664,LONG,105.61,1789737390622,105.77,TP,220958,0.0224,0.0296,-0.0072
D,0.15,0.1,0.001,1789737173194,LONG,105.59,1789737388108,105.76,TP,214914,0.0238,0.0296,-0.0058
D,0.15,0.1,0.001,1789737184910,LONG,105.6,1789737388108,105.76,TP,203198,0.0224,0.0296,-0.0072
D,0.15,0.1,0.001,1789737187440,LONG,105.59,1789737388108,105.76,TP,200668,0.0238,0.0296,-0.0058
D,0.15,0.1,0.001,1789737193502,LONG,105.6,1789737388108,105.76,TP,194606,0.0224,0.0296,-0.0072
D,0.15,0.1,0.001,1789737195007,SHORT,105.58,1789737385210,105.75,SL,190203,-0.0238,0.0296,-0.0534
D,0.15,0.1,0.001,1789737199279,LONG,105.61,1789737390622,105.77,TP,191343,0.0224,0.0296,-0.0072
D,0.15,0.1,0.001,1789737206609,SHORT,105.62,1789737385210,105.75,SL,178601,-0.0182,0.0296,-0.0478
D,0.15,0.1,0.001,1789737208112,SHORT,105.61,1789737385210,105.75,SL,177098,-0.0196,0.0296,-0.0492
D,0.15,0.15,0.001,1789736948296,SHORT,105.62,1789737390622,105.78,SL,442326,-0.0224,0.0296,-0.0520
D,0.15,0.15,0.001,1789736988436,LONG,105.64,1789737485445,105.8,TP,497009,0.0224,0.0296,-0.0072
D,0.15,0.15,0.001,1789737002128,LONG,105.61,1789737390622,105.77,TP,388494,0.0224,0.0296,-0.0072
D,0.15,0.15,0.001,1789737004165,SHORT,105.59,1789737385210,105.75,SL,381045,-0.0224,0.0296,-0.0520
D,0.15,0.15,0.001,1789737008174,LONG,105.61,1789737390622,105.77,TP,382448,0.0224,0.0296,-0.0072
D,0.15,0.15,0.001,1789737018795,SHORT,105.61,1789737388108,105.77,SL,369313,-0.0224,0.0296,-0.0520
D,0.15,0.15,0.001,1789737030479,LONG,105.62,1789737392141,105.78,TP,361662,0.0224,0.0296,-0.0072
D,0.15,0.15,0.001,1789737032494,LONG,105.64,1789737485445,105.8,TP,452951,0.0224,0.0296,-0.0072
D,0.15,0.15,0.001,1789737034008,LONG,105.64,1789737485445,105.8,TP,451437,0.0224,0.0296,-0.0072
D,0.15,0.15,0.001,1789737057793,LONG,105.62,1789737392141,105.78,TP,334348,0.0224,0.0296,-0.0072
D,0.15,0.15,0.001,1789737059319,LONG,105.63,1789737482425,105.79,TP,423106,0.0224,0.0296,-0.0072
D,0.15,0.15,0.001,1789737062867,SHORT,105.62,1789737390622,105.78,SL,327755,-0.0224,0.0296,-0.0520
D,0.15,0.15,0.001,1789737071973,SHORT,105.61,1789737388108,105.77,SL,316135,-0.0224,0.0296,-0.0520
D,0.15,0.15,0.001,1789737076027,LONG,105.6,1789737388108,105.76,TP,312081,0.0224,0.0296,-0.0072
D,0.15,0.15,0.001,1789737107395,SHORT,105.62,1789737390622,105.78,SL,283227,-0.0224,0.0296,-0.0520
D,0.15,0.15,0.001,1789737126637,LONG,105.61,1789737390622,105.77,TP,263985,0.0224,0.0296,-0.0072
D,0.15,0.15,0.001,1789737169664,LONG,105.61,1789737390622,105.77,TP,220958,0.0224,0.0296,-0.0072
D,0.15,0.15,0.001,1789737173194,LONG,105.59,1789737388108,105.76,TP,214914,0.0238,0.0296,-0.0058
D,0.15,0.15,0.001,1789737184910,LONG,105.6,1789737388108,105.76,TP,203198,0.0224,0.0296,-0.0072
D,0.15,0.15,0.001,1789737187440,LONG,105.59,1789737388108,105.76,TP,200668,0.0238,0.0296,-0.0058
D,0.15,0.15,0.001,1789737193502,LONG,105.6,1789737388108,105.76,TP,194606,0.0224,0.0296,-0.0072
D,0.15,0.15,0.001,1789737195007,SHORT,105.58,1789737385210,105.75,SL,190203,-0.0238,0.0296,-0.0534
D,0.15,0.15,0.001,1789737199279,LONG,105.61,1789737390622,105.77,TP,191343,0.0224,0.0296,-0.0072
D,0.15,0.15,0.001,1789737206609,SHORT,105.62,1789737390622,105.78,SL,184013,-0.0224,0.0296,-0.0520
D,0.15,0.15,0.001,1789737208112,SHORT,105.61,1789737388108,105.77,SL,179996,-0.0224,0.0296,-0.0520
D,0.15,0.2,0.001,1789736948296,SHORT,105.62,1789737494555,105.86,SL,546259,-0.0336,0.0296,-0.0632
D,0.15,0.2,0.001,1789736988436,LONG,105.64,1789737485445,105.8,TP,497009,0.0224,0.0296,-0.0072
D,0.15,0.2,0.001,1789737002128,LONG,105.61,1789737390622,105.77,TP,388494,0.0224,0.0296,-0.0072
D,0.15,0.2,0.001,1789737004165,SHORT,105.59,1789737485445,105.81,SL,481280,-0.0308,0.0296,-0.0604
D,0.15,0.2,0.001,1789737008174,LONG,105.61,1789737390622,105.77,TP,382448,0.0224,0.0296,-0.0072
D,0.15,0.2,0.001,1789737018795,SHORT,105.61,1789737494073,105.83,SL,475278,-0.0308,0.0296,-0.0604
D,0.15,0.2,0.001,1789737030479,LONG,105.62,1789737392141,105.78,TP,361662,0.0224,0.0296,-0.0072
D,0.15,0.2,0.001,1789737032494,LONG,105.64,1789737485445,105.8,TP,452951,0.0224,0.0296,-0.0072
D,0.15,0.2,0.001,1789737034008,LONG,105.64,1789737485445,105.8,TP,451437,0.0224,0.0296,-0.0072
D,0.15,0.2,0.001,1789737057793,LONG,105.62,1789737392141,105.78,TP,334348,0.0224,0.0296,-0.0072
D,0.15,0.2,0.001,1789737059319,LONG,105.63,1789737482425,105.79,TP,423106,0.0224,0.0296,-0.0072
D,0.15,0.2,0.001,1789737062867,SHORT,105.62,1789737494555,105.86,SL,431688,-0.0336,0.0296,-0.0632
D,0.15,0.2,0.001,1789737071973,SHORT,105.61,1789737494073,105.83,SL,422100,-0.0308,0.0296,-0.0604
D,0.15,0.2,0.001,1789737076027,LONG,105.6,1789737388108,105.76,TP,312081,0.0224,0.0296,-0.0072
D,0.15,0.2,0.001,1789737107395,SHORT,105.62,1789737494555,105.86,SL,387160,-0.0336,0.0296,-0.0632
D,0.15,0.2,0.001,1789737126637,LONG,105.61,1789737390622,105.77,TP,263985,0.0224,0.0296,-0.0072
D,0.15,0.2,0.001,1789737169664,LONG,105.61,1789737390622,105.77,TP,220958,0.0224,0.0296,-0.0072
D,0.15,0.2,0.001,1789737173194,LONG,105.59,1789737388108,105.76,TP,214914,0.0238,0.0296,-0.0058
D,0.15,0.2,0.001,1789737184910,LONG,105.6,1789737388108,105.76,TP,203198,0.0224,0.0296,-0.0072
D,0.15,0.2,0.001,1789737187440,LONG,105.59,1789737388108,105.76,TP,200668,0.0238,0.0296,-0.0058
D,0.15,0.2,0.001,1789737193502,LONG,105.6,1789737388108,105.76,TP,194606,0.0224,0.0296,-0.0072
D,0.15,0.2,0.001,1789737195007,SHORT,105.58,1789737482425,105.8,SL,287418,-0.0308,0.0296,-0.0604
D,0.15,0.25,0.001,1789736948296,SHORT,105.62,1789737515255,105.89,SL,566959,-0.0378,0.0296,-0.0674
D,0.15,0.25,0.001,1789736988436,LONG,105.64,1789737485445,105.8,TP,497009,0.0224,0.0296,-0.0072
D,0.15,0.25,0.001,1789737002128,LONG,105.61,1789737390622,105.77,TP,388494,0.0224,0.0296,-0.0072
D,0.15,0.25,0.001,1789737004165,SHORT,105.59,1789737494555,105.86,SL,490390,-0.0378,0.0296,-0.0674
D,0.15,0.25,0.001,1789737008174,LONG,105.61,1789737390622,105.77,TP,382448,0.0224,0.0296,-0.0072
D,0.15,0.25,0.001,1789737018795,SHORT,105.61,1789737515255,105.89,SL,496460,-0.0392,0.0296,-0.0688
D,0.15,0.25,0.001,1789737030479,LONG,105.62,1789737392141,105.78,TP,361662,0.0224,0.0296,-0.0072
D,0.15,0.25,0.001,1789737032494,LONG,105.64,1789737485445,105.8,TP,452951,0.0224,0.0296,-0.0072
D,0.15,0.25,0.001,1789737034008,LONG,105.64,1789737485445,105.8,TP,451437,0.0224,0.0296,-0.0072
D,0.15,0.25,0.001,1789737057793,LONG,105.62,1789737392141,105.78,TP,334348,0.0224,0.0296,-0.0072
D,0.15,0.25,0.001,1789737059319,LONG,105.63,1789737482425,105.79,TP,423106,0.0224,0.0296,-0.0072
D,0.15,0.25,0.001,1789737062867,SHORT,105.62,1789737515255,105.89,SL,452388,-0.0378,0.0296,-0.0674
D,0.15,0.25,0.001,1789737071973,SHORT,105.61,1789737515255,105.89,SL,443282,-0.0392,0.0296,-0.0688
D,0.15,0.25,0.001,1789737076027,LONG,105.6,1789737388108,105.76,TP,312081,0.0224,0.0296,-0.0072
D,0.15,0.25,0.001,1789737107395,SHORT,105.62,1789737515255,105.89,SL,407860,-0.0378,0.0296,-0.0674
D,0.15,0.25,0.001,1789737126637,LONG,105.61,1789737390622,105.77,TP,263985,0.0224,0.0296,-0.0072
D,0.15,0.25,0.001,1789737169664,LONG,105.61,1789737390622,105.77,TP,220958,0.0224,0.0296,-0.0072
D,0.15,0.25,0.001,1789737173194,LONG,105.59,1789737388108,105.76,TP,214914,0.0238,0.0296,-0.0058
D,0.15,0.25,0.001,1789737184910,LONG,105.6,1789737388108,105.76,TP,203198,0.0224,0.0296,-0.0072
D,0.15,0.25,0.001,1789737187440,LONG,105.59,1789737388108,105.76,TP,200668,0.0238,0.0296,-0.0058
D,0.15,0.25,0.001,1789737193502,LONG,105.6,1789737388108,105.76,TP,194606,0.0224,0.0296,-0.0072
D,0.15,0.25,0.001,1789737195007,SHORT,105.58,1789737494555,105.86,SL,299548,-0.0392,0.0296,-0.0688
D,0.15,0.3,0.001,1789736948296,SHORT,105.62,1789737607864,105.95,SL,659568,-0.0462,0.0296,-0.0758
D,0.15,0.3,0.001,1789736988436,LONG,105.64,1789737485445,105.8,TP,497009,0.0224,0.0296,-0.0072
D,0.15,0.3,0.001,1789737002128,LONG,105.61,1789737390622,105.77,TP,388494,0.0224,0.0296,-0.0072
D,0.15,0.3,0.001,1789737004165,SHORT,105.59,1789737558228,105.91,SL,554063,-0.0448,0.0296,-0.0744
D,0.15,0.3,0.001,1789737008174,LONG,105.61,1789737390622,105.77,TP,382448,0.0224,0.0296,-0.0072
D,0.15,0.3,0.001,1789737018795,SHORT,105.61,1789737578521,105.93,SL,559726,-0.0448,0.0296,-0.0744
D,0.15,0.3,0.001,1789737030479,LONG,105.62,1789737392141,105.78,TP,361662,0.0224,0.0296,-0.0072
D,0.15,0.3,0.001,1789737032494,LONG,105.64,1789737485445,105.8,TP,452951,0.0224,0.0296,-0.0072
D,0.15,0.3,0.001,1789737034008,LONG,105.64,1789737485445,105.8,TP,451437,0.0224,0.0296,-0.0072
D,0.15,0.3,0.001,1789737057793,LONG,105.62,1789737392141,105.78,TP,334348,0.0224,0.0296,-0.0072
D,0.15,0.3,0.001,1789737059319,LONG,105.63,1789737482425,105.79,TP,423106,0.0224,0.0296,-0.0072
D,0.15,0.3,0.001,1789737062867,SHORT,105.62,1789737607864,105.95,SL,544997,-0.0462,0.0296,-0.0758
D,0.15,0.3,0.001,1789737071973,SHORT,105.61,1789737578521,105.93,SL,506548,-0.0448,0.0296,-0.0744
D,0.15,0.3,0.001,1789737076027,LONG,105.6,1789737388108,105.76,TP,312081,0.0224,0.0296,-0.0072
D,0.15,0.3,0.001,1789737107395,SHORT,105.62,1789737607864,105.95,SL,500469,-0.0462,0.0296,-0.0758
D,0.15,0.3,0.001,1789737126637,LONG,105.61,1789737390622,105.77,TP,263985,0.0224,0.0296,-0.0072
D,0.15,0.3,0.001,1789737169664,LONG,105.61,1789737390622,105.77,TP,220958,0.0224,0.0296,-0.0072
D,0.15,0.3,0.001,1789737173194,LONG,105.59,1789737388108,105.76,TP,214914,0.0238,0.0296,-0.0058
D,0.15,0.5,0.001,1789736988436,LONG,105.64,1789737485445,105.8,TP,497009,0.0224,0.0296,-0.0072
D,0.15,0.5,0.001,1789737002128,LONG,105.61,1789737390622,105.77,TP,388494,0.0224,0.0296,-0.0072
D,0.15,0.5,0.001,1789737008174,LONG,105.61,1789737390622,105.77,TP,382448,0.0224,0.0296,-0.0072
D,0.15,0.5,0.001,1789737030479,LONG,105.62,1789737392141,105.78,TP,361662,0.0224,0.0296,-0.0072
D,0.15,0.5,0.001,1789737032494,LONG,105.64,1789737485445,105.8,TP,452951,0.0224,0.0296,-0.0072
D,0.15,0.5,0.001,1789737034008,LONG,105.64,1789737485445,105.8,TP,451437,0.0224,0.0296,-0.0072
D,0.15,0.5,0.001,1789737057793,LONG,105.62,1789737392141,105.78,TP,334348,0.0224,0.0296,-0.0072
D,0.15,0.5,0.001,1789737059319,LONG,105.63,1789737482425,105.79,TP,423106,0.0224,0.0296,-0.0072
D,0.15,0.5,0.001,1789737076027,LONG,105.6,1789737388108,105.76,TP,312081,0.0224,0.0296,-0.0072
D,0.15,0.5,0.001,1789737126637,LONG,105.61,1789737390622,105.77,TP,263985,0.0224,0.0296,-0.0072
D,0.15,0.5,0.001,1789737169664,LONG,105.61,1789737390622,105.77,TP,220958,0.0224,0.0296,-0.0072
D,0.15,0.5,0.001,1789737173194,LONG,105.59,1789737388108,105.76,TP,214914,0.0238,0.0296,-0.0058
D,0.15,0.5,0.001,1789737184910,LONG,105.6,1789737388108,105.76,TP,203198,0.0224,0.0296,-0.0072
D,0.15,0.5,0.001,1789737187440,LONG,105.59,1789737388108,105.76,TP,200668,0.0238,0.0296,-0.0058
D,0.15,0.5,0.001,1789737193502,LONG,105.6,1789737388108,105.76,TP,194606,0.0224,0.0296,-0.0072
D,0.15,0.5,0.001,1789737199279,LONG,105.61,1789737390622,105.77,TP,191343,0.0224,0.0296,-0.0072
D,0.15,0.5,0.001,1789737219262,LONG,105.61,1789737390622,105.77,TP,171360,0.0224,0.0296,-0.0072
D,0.15,0.5,0.001,1789737244623,LONG,105.64,1789737485445,105.8,TP,240822,0.0224,0.0296,-0.0072
D,0.15,0.5,0.001,1789737246635,LONG,105.64,1789737485445,105.8,TP,238810,0.0224,0.0296,-0.0072
D,0.15,0.5,0.001,1789737247659,LONG,105.64,1789737485445,105.8,TP,237786,0.0224,0.0296,-0.0072
D,0.15,0.5,0.001,1789737261415,LONG,105.63,1789737482425,105.79,TP,221010,0.0224,0.0296,-0.0072
D,0.15,0.5,0.001,1789737265459,LONG,105.63,1789737482425,105.79,TP,216966,0.0224,0.0296,-0.0072
D,0.15,0.5,0.001,1789737267498,LONG,105.64,1789737485445,105.8,TP,217947,0.0224,0.0296,-0.0072
D,0.15,0.5,0.001,1789737269519,LONG,105.65,1789737494073,105.82,TP,224554,0.0238,0.0296,-0.0058
D,0.15,0.5,0.001,1789737289864,LONG,105.63,1789737482425,105.79,TP,192561,0.0224,0.0296,-0.0072
D,0.15,0.5,0.001,1789737308613,LONG,105.61,1789737390622,105.77,TP,82009,0.0224,0.0296,-0.0072
D,0.15,0.5,0.001,1789737318204,LONG,105.62,1789737392141,105.78,TP,73937,0.0224,0.0296,-0.0072
D,0.15,0.5,0.001,1789737332922,LONG,105.61,1789737390622,105.77,TP,57700,0.0224,0.0296,-0.0072
D,0.15,0.5,0.001,1789737345587,LONG,105.61,1789737390622,105.77,TP,45035,0.0224,0.0296,-0.0072
D,0.15,0.5,0.001,1789737360307,LONG,105.63,1789737482425,105.79,TP,122118,0.0224,0.0296,-0.0072
D,0.15,0.5,0.001,1789737367913,LONG,105.64,1789737485445,105.8,TP,117532,0.0224,0.0296,-0.0072
D,0.15,0.5,0.001,1789737373993,LONG,105.66,1789737494073,105.82,TP,120080,0.0224,0.0296,-0.0072
D,0.15,0.5,0.001,1789737385716,LONG,105.73,1789737527858,105.89,TP,142142,0.0224,0.0296,-0.0072
D,0.15,0.5,0.001,1789737387605,LONG,105.75,1789737578521,105.92,TP,190916,0.0238,0.0296,-0.0058
D,0.15,0.5,0.001,1789737390622,LONG,105.78,1789737607864,105.94,TP,217242,0.0224,0.0296,-0.0072
D,0.15,0.5,0.001,1789737438326,LONG,105.79,1789737663466,105.95,TP,225140,0.0224,0.0296,-0.0072
D,0.15,0.5,0.001,1789737481889,LONG,105.79,1789737663466,105.95,TP,181577,0.0224,0.0296,-0.0072
D,0.15,0.5,0.001,1789737493544,LONG,105.81,1789737691313,105.97,TP,197769,0.0224,0.0296,-0.0072
D,0.15,0.5,0.001,1789737508175,LONG,105.86,1789737777384,106.02,TP,269209,0.0224,0.0297,-0.0073
D,0.2,0.1,0.001,1789736948296,SHORT,105.62,1789737385210,105.75,SL,436914,-0.0182,0.0296,-0.0478
D,0.2,0.1,0.001,1789736988436,LONG,105.64,1789737495061,105.86,TP,506625,0.0308,0.0296,0.0012
D,0.2,0.1,0.001,1789737002128,LONG,105.61,1789737494555,105.85,TP,492427,0.0336,0.0296,0.0040
D,0.2,0.1,0.001,1789737004165,SHORT,105.59,1789737385210,105.75,SL,381045,-0.0224,0.0296,-0.0520
D,0.2,0.1,0.001,1789737008174,LONG,105.61,1789737494555,105.85,TP,486381,0.0336,0.0296,0.0040
D,0.2,0.1,0.001,1789737018795,SHORT,105.61,1789737385210,105.75,SL,366415,-0.0196,0.0296,-0.0492
D,0.2,0.1,0.001,1789737030479,LONG,105.62,1789737494555,105.85,TP,464076,0.0322,0.0296,0.0026
D,0.2,0.1,0.001,1789737032494,LONG,105.64,1789737495061,105.86,TP,462567,0.0308,0.0296,0.0012
D,0.2,0.1,0.001,1789737034008,LONG,105.64,1789737495061,105.86,TP,461053,0.0308,0.0296,0.0012
D,0.2,0.1,0.001,1789737057793,LONG,105.62,1789737494555,105.85,TP,436762,0.0322,0.0296,0.0026
D,0.2,0.1,0.001,1789737059319,LONG,105.63,1789737494555,105.85,TP,435236,0.0308,0.0296,0.0012
D,0.2,0.1,0.001,1789737062867,SHORT,105.62,1789737385210,105.75,SL,322343,-0.0182,0.0296,-0.0478
D,0.2,0.1,0.001,1789737071973,SHORT,105.61,1789737385210,105.75,SL,313237,-0.0196,0.0296,-0.0492
D,0.2,0.1,0.001,1789737076027,LONG,105.6,1789737494073,105.82,TP,418046,0.0308,0.0296,0.0012
D,0.2,0.1,0.001,1789737107395,SHORT,105.62,1789737385210,105.75,SL,277815,-0.0182,0.0296,-0.0478
D,0.2,0.1,0.001,1789737126637,LONG,105.61,1789737494555,105.85,TP,367918,0.0336,0.0296,0.0040
D,0.2,0.1,0.001,1789737169664,LONG,105.61,1789737494555,105.85,TP,324891,0.0336,0.0296,0.0040
D,0.2,0.1,0.001,1789737173194,LONG,105.59,1789737494073,105.82,TP,320879,0.0322,0.0296,0.0026
D,0.2,0.1,0.001,1789737184910,LONG,105.6,1789737494073,105.82,TP,309163,0.0308,0.0296,0.0012
D,0.2,0.1,0.001,1789737187440,LONG,105.59,1789737494073,105.82,TP,306633,0.0322,0.0296,0.0026
D,0.2,0.1,0.001,1789737193502,LONG,105.6,1789737494073,105.82,TP,300571,0.0308,0.0296,0.0012
D,0.2,0.1,0.001,1789737195007,SHORT,105.58,1789737385210,105.75,SL,190203,-0.0238,0.0296,-0.0534
D,0.2,0.1,0.001,1789737199279,LONG,105.61,1789737494555,105.85,TP,295276,0.0336,0.0296,0.0040
D,0.2,0.1,0.001,1789737206609,SHORT,105.62,1789737385210,105.75,SL,178601,-0.0182,0.0296,-0.0478
D,0.2,0.1,0.001,1789737208112,SHORT,105.61,1789737385210,105.75,SL,177098,-0.0196,0.0296,-0.0492
D,0.2,0.1,0.001,1789737209644,SHORT,105.61,1789737385210,105.75,SL,175566,-0.0196,0.0296,-0.0492
D,0.2,0.1,0.001,1789737219262,LONG,105.61,1789737494555,105.85,TP,275293,0.0336,0.0296,0.0040
D,0.2,0.1,0.001,1789737244623,LONG,105.64,1789737495061,105.86,TP,250438,0.0308,0.0296,0.0012
D,0.2,0.1,0.001,1789737246635,LONG,105.64,1789737495061,105.86,TP,248426,0.0308,0.0296,0.0012
D,0.2,0.1,0.001,1789737247659,LONG,105.64,1789737495061,105.86,TP,247402,0.0308,0.0296,0.0012
D,0.2,0.1,0.001,1789737261415,LONG,105.63,1789737494555,105.85,TP,233140,0.0308,0.0296,0.0012
D,0.2,0.1,0.001,1789737265459,LONG,105.63,1789737494555,105.85,TP,229096,0.0308,0.0296,0.0012
D,0.2,0.1,0.001,1789737267498,LONG,105.64,1789737495061,105.86,TP,227563,0.0308,0.0296,0.0012
D,0.2,0.1,0.001,1789737269519,LONG,105.65,1789737515255,105.88,TP,245736,0.0322,0.0296,0.0026
D,0.2,0.1,0.001,1789737280709,SHORT,105.64,1789737385210,105.75,SL,104501,-0.0154,0.0296,-0.0450
D,0.2,0.1,0.001,1789737289864,LONG,105.63,1789737494555,105.85,TP,204691,0.0308,0.0296,0.0012
D,0.2,0.1,0.001,1789737299008,SHORT,105.61,1789737385210,105.75,SL,86202,-0.0196,0.0296,-0.0492
D,0.2,0.15,0.001,1789736948296,SHORT,105.62,1789737390622,105.78,SL,442326,-0.0224,0.0296,-0.0520
D,0.2,0.15,0.001,1789736988436,LONG,105.64,1789737495061,105.86,TP,506625,0.0308,0.0296,0.0012
D,0.2,0.15,0.001,1789737002128,LONG,105.61,1789737494555,105.85,TP,492427,0.0336,0.0296,0.0040
D,0.2,0.15,0.001,1789737004165,SHORT,105.59,1789737385210,105.75,SL,381045,-0.0224,0.0296,-0.0520
D,0.2,0.15,0.001,1789737008174,LONG,105.61,1789737494555,105.85,TP,486381,0.0336,0.0296,0.0040
D,0.2,0.15,0.001,1789737018795,SHORT,105.61,1789737388108,105.77,SL,369313,-0.0224,0.0296,-0.0520
D,0.2,0.15,0.001,1789737030479,LONG,105.62,1789737494555,105.85,TP,464076,0.0322,0.0296,0.0026
D,0.2,0.15,0.001,1789737032494,LONG,105.64,1789737495061,105.86,TP,462567,0.0308,0.0296,0.0012
D,0.2,0.15,0.001,1789737034008,LONG,105.64,1789737495061,105.86,TP,461053,0.0308,0.0296,0.0012
D,0.2,0.15,0.001,1789737057793,LONG,105.62,1789737494555,105.85,TP,436762,0.0322,0.0296,0.0026
D,0.2,0.15,0.001,1789737059319,LONG,105.63,1789737494555,105.85,TP,435236,0.0308,0.0296,0.0012
D,0.2,0.15,0.001,1789737062867,SHORT,105.62,1789737390622,105.78,SL,327755,-0.0224,0.0296,-0.0520
D,0.2,0.15,0.001,1789737071973,SHORT,105.61,1789737388108,105.77,SL,316135,-0.0224,0.0296,-0.0520
D,0.2,0.15,0.001,1789737076027,LONG,105.6,1789737494073,105.82,TP,418046,0.0308,0.0296,0.0012
D,0.2,0.15,0.001,1789737107395,SHORT,105.62,1789737390622,105.78,SL,283227,-0.0224,0.0296,-0.0520
D,0.2,0.15,0.001,1789737126637,LONG,105.61,1789737494555,105.85,TP,367918,0.0336,0.0296,0.0040
D,0.2,0.15,0.001,1789737169664,LONG,105.61,1789737494555,105.85,TP,324891,0.0336,0.0296,0.0040
D,0.2,0.15,0.001,1789737173194,LONG,105.59,1789737494073,105.82,TP,320879,0.0322,0.0296,0.0026
D,0.2,0.15,0.001,1789737184910,LONG,105.6,1789737494073,105.82,TP,309163,0.0308,0.0296,0.0012
D,0.2,0.15,0.001,1789737187440,LONG,105.59,1789737494073,105.82,TP,306633,0.0322,0.0296,0.0026
D,0.2,0.15,0.001,1789737193502,LONG,105.6,1789737494073,105.82,TP,300571,0.0308,0.0296,0.0012
D,0.2,0.15,0.001,1789737195007,SHORT,105.58,1789737385210,105.75,SL,190203,-0.0238,0.0296,-0.0534
D,0.2,0.15,0.001,1789737199279,LONG,105.61,1789737494555,105.85,TP,295276,0.0336,0.0296,0.0040
D,0.2,0.15,0.001,1789737206609,SHORT,105.62,1789737390622,105.78,SL,184013,-0.0224,0.0296,-0.0520
D,0.2,0.15,0.001,1789737208112,SHORT,105.61,1789737388108,105.77,SL,179996,-0.0224,0.0296,-0.0520
D,0.2,0.15,0.001,1789737209644,SHORT,105.61,1789737388108,105.77,SL,178464,-0.0224,0.0296,-0.0520
D,0.2,0.15,0.001,1789737219262,LONG,105.61,1789737494555,105.85,TP,275293,0.0336,0.0296,0.0040
D,0.2,0.15,0.001,1789737244623,LONG,105.64,1789737495061,105.86,TP,250438,0.0308,0.0296,0.0012
D,0.2,0.15,0.001,1789737246635,LONG,105.64,1789737495061,105.86,TP,248426,0.0308,0.0296,0.0012
D,0.2,0.15,0.001,1789737247659,LONG,105.64,1789737495061,105.86,TP,247402,0.0308,0.0296,0.0012
D,0.2,0.15,0.001,1789737261415,LONG,105.63,1789737494555,105.85,TP,233140,0.0308,0.0296,0.0012
D,0.2,0.15,0.001,1789737265459,LONG,105.63,1789737494555,105.85,TP,229096,0.0308,0.0296,0.0012
D,0.2,0.15,0.001,1789737267498,LONG,105.64,1789737495061,105.86,TP,227563,0.0308,0.0296,0.0012
D,0.2,0.15,0.001,1789737269519,LONG,105.65,1789737515255,105.88,TP,245736,0.0322,0.0296,0.0026
D,0.2,0.15,0.001,1789737280709,SHORT,105.64,1789737482425,105.8,SL,201716,-0.0224,0.0296,-0.0520
D,0.2,0.15,0.001,1789737289864,LONG,105.63,1789737494555,105.85,TP,204691,0.0308,0.0296,0.0012
D,0.2,0.15,0.001,1789737299008,SHORT,105.61,1789737388108,105.77,SL,89100,-0.0224,0.0296,-0.0520
D,0.2,0.2,0.001,1789736948296,SHORT,105.62,1789737494555,105.86,SL,546259,-0.0336,0.0296,-0.0632
D,0.2,0.2,0.001,1789736988436,LONG,105.64,1789737495061,105.86,TP,506625,0.0308,0.0296,0.0012
D,0.2,0.2,0.001,1789737002128,LONG,105.61,1789737494555,105.85,TP,492427,0.0336,0.0296,0.0040
D,0.2,0.2,0.001,1789737004165,SHORT,105.59,1789737485445,105.81,SL,481280,-0.0308,0.0296,-0.0604
D,0.2,0.2,0.001,1789737008174,LONG,105.61,1789737494555,105.85,TP,486381,0.0336,0.0296,0.0040
D,0.2,0.2,0.001,1789737018795,SHORT,105.61,1789737494073,105.83,SL,475278,-0.0308,0.0296,-0.0604
D,0.2,0.2,0.001,1789737030479,LONG,105.62,1789737494555,105.85,TP,464076,0.0322,0.0296,0.0026
D,0.2,0.2,0.001,1789737032494,LONG,105.64,1789737495061,105.86,TP,462567,0.0308,0.0296,0.0012
D,0.2,0.2,0.001,1789737034008,LONG,105.64,1789737495061,105.86,TP,461053,0.0308,0.0296,0.0012
D,0.2,0.2,0.001,1789737057793,LONG,105.62,1789737494555,105.85,TP,436762,0.0322,0.0296,0.0026
D,0.2,0.2,0.001,1789737059319,LONG,105.63,1789737494555,105.85,TP,435236,0.0308,0.0296,0.0012
D,0.2,0.2,0.001,1789737062867,SHORT,105.62,1789737494555,105.86,SL,431688,-0.0336,0.0296,-0.0632
D,0.2,0.2,0.001,1789737071973,SHORT,105.61,1789737494073,105.83,SL,422100,-0.0308,0.0296,-0.0604
D,0.2,0.2,0.001,1789737076027,LONG,105.6,1789737494073,105.82,TP,418046,0.0308,0.0296,0.0012
D,0.2,0.2,0.001,1789737107395,SHORT,105.62,1789737494555,105.86,SL,387160,-0.0336,0.0296,-0.0632
D,0.2,0.2,0.001,1789737126637,LONG,105.61,1789737494555,105.85,TP,367918,0.0336,0.0296,0.0040
D,0.2,0.2,0.001,1789737169664,LONG,105.61,1789737494555,105.85,TP,324891,0.0336,0.0296,0.0040
D,0.2,0.2,0.001,1789737173194,LONG,105.59,1789737494073,105.82,TP,320879,0.0322,0.0296,0.0026
D,0.2,0.2,0.001,1789737184910,LONG,105.6,1789737494073,105.82,TP,309163,0.0308,0.0296,0.0012
D,0.2,0.2,0.001,1789737187440,LONG,105.59,1789737494073,105.82,TP,306633,0.0322,0.0296,0.0026
D,0.2,0.2,0.001,1789737193502,LONG,105.6,1789737494073,105.82,TP,300571,0.0308,0.0296,0.0012
D,0.2,0.2,0.001,1789737195007,SHORT,105.58,1789737482425,105.8,SL,287418,-0.0308,0.0296,-0.0604
D,0.2,0.2,0.001,1789737199279,LONG,105.61,1789737494555,105.85,TP,295276,0.0336,0.0296,0.0040
D,0.2,0.2,0.001,1789737206609,SHORT,105.62,1789737494555,105.86,SL,287946,-0.0336,0.0296,-0.0632
D,0.2,0.2,0.001,1789737208112,SHORT,105.61,1789737494073,105.83,SL,285961,-0.0308,0.0296,-0.0604
D,0.2,0.2,0.001,1789737209644,SHORT,105.61,1789737494073,105.83,SL,284429,-0.0308,0.0296,-0.0604
D,0.2,0.25,0.001,1789736948296,SHORT,105.62,1789737515255,105.89,SL,566959,-0.0378,0.0296,-0.0674
D,0.2,0.25,0.001,1789736988436,LONG,105.64,1789737495061,105.86,TP,506625,0.0308,0.0296,0.0012
D,0.2,0.25,0.001,1789737002128,LONG,105.61,1789737494555,105.85,TP,492427,0.0336,0.0296,0.0040
D,0.2,0.25,0.001,1789737004165,SHORT,105.59,1789737494555,105.86,SL,490390,-0.0378,0.0296,-0.0674
D,0.2,0.25,0.001,1789737008174,LONG,105.61,1789737494555,105.85,TP,486381,0.0336,0.0296,0.0040
D,0.2,0.25,0.001,1789737018795,SHORT,105.61,1789737515255,105.89,SL,496460,-0.0392,0.0296,-0.0688
D,0.2,0.25,0.001,1789737030479,LONG,105.62,1789737494555,105.85,TP,464076,0.0322,0.0296,0.0026
D,0.2,0.25,0.001,1789737032494,LONG,105.64,1789737495061,105.86,TP,462567,0.0308,0.0296,0.0012
D,0.2,0.25,0.001,1789737034008,LONG,105.64,1789737495061,105.86,TP,461053,0.0308,0.0296,0.0012
D,0.2,0.25,0.001,1789737057793,LONG,105.62,1789737494555,105.85,TP,436762,0.0322,0.0296,0.0026
D,0.2,0.25,0.001,1789737059319,LONG,105.63,1789737494555,105.85,TP,435236,0.0308,0.0296,0.0012
D,0.2,0.25,0.001,1789737062867,SHORT,105.62,1789737515255,105.89,SL,452388,-0.0378,0.0296,-0.0674
D,0.2,0.25,0.001,1789737071973,SHORT,105.61,1789737515255,105.89,SL,443282,-0.0392,0.0296,-0.0688
D,0.2,0.25,0.001,1789737076027,LONG,105.6,1789737494073,105.82,TP,418046,0.0308,0.0296,0.0012
D,0.2,0.25,0.001,1789737107395,SHORT,105.62,1789737515255,105.89,SL,407860,-0.0378,0.0296,-0.0674
D,0.2,0.25,0.001,1789737126637,LONG,105.61,1789737494555,105.85,TP,367918,0.0336,0.0296,0.0040
D,0.2,0.25,0.001,1789737169664,LONG,105.61,1789737494555,105.85,TP,324891,0.0336,0.0296,0.0040
D,0.2,0.25,0.001,1789737173194,LONG,105.59,1789737494073,105.82,TP,320879,0.0322,0.0296,0.0026
D,0.2,0.25,0.001,1789737184910,LONG,105.6,1789737494073,105.82,TP,309163,0.0308,0.0296,0.0012
D,0.2,0.25,0.001,1789737187440,LONG,105.59,1789737494073,105.82,TP,306633,0.0322,0.0296,0.0026
D,0.2,0.25,0.001,1789737193502,LONG,105.6,1789737494073,105.82,TP,300571,0.0308,0.0296,0.0012
D,0.2,0.25,0.001,1789737195007,SHORT,105.58,1789737494555,105.86,SL,299548,-0.0392,0.0296,-0.0688
D,0.2,0.25,0.001,1789737199279,LONG,105.61,1789737494555,105.85,TP,295276,0.0336,0.0296,0.0040
D,0.2,0.25,0.001,1789737206609,SHORT,105.62,1789737515255,105.89,SL,308646,-0.0378,0.0296,-0.0674
D,0.2,0.25,0.001,1789737208112,SHORT,105.61,1789737515255,105.89,SL,307143,-0.0392,0.0296,-0.0688
D,0.2,0.3,0.001,1789736948296,SHORT,105.62,1789737607864,105.95,SL,659568,-0.0462,0.0296,-0.0758
D,0.2,0.3,0.001,1789736988436,LONG,105.64,1789737495061,105.86,TP,506625,0.0308,0.0296,0.0012
D,0.2,0.3,0.001,1789737002128,LONG,105.61,1789737494555,105.85,TP,492427,0.0336,0.0296,0.0040
D,0.2,0.3,0.001,1789737004165,SHORT,105.59,1789737558228,105.91,SL,554063,-0.0448,0.0296,-0.0744
D,0.2,0.3,0.001,1789737008174,LONG,105.61,1789737494555,105.85,TP,486381,0.0336,0.0296,0.0040
D,0.2,0.3,0.001,1789737018795,SHORT,105.61,1789737578521,105.93,SL,559726,-0.0448,0.0296,-0.0744
D,0.2,0.3,0.001,1789737030479,LONG,105.62,1789737494555,105.85,TP,464076,0.0322,0.0296,0.0026
D,0.2,0.3,0.001,1789737032494,LONG,105.64,1789737495061,105.86,TP,462567,0.0308,0.0296,0.0012
D,0.2,0.3,0.001,1789737034008,LONG,105.64,1789737495061,105.86,TP,461053,0.0308,0.0296,0.0012
D,0.2,0.3,0.001,1789737057793,LONG,105.62,1789737494555,105.85,TP,436762,0.0322,0.0296,0.0026
D,0.2,0.3,0.001,1789737059319,LONG,105.63,1789737494555,105.85,TP,435236,0.0308,0.0296,0.0012
D,0.2,0.3,0.001,1789737062867,SHORT,105.62,1789737607864,105.95,SL,544997,-0.0462,0.0296,-0.0758
D,0.2,0.3,0.001,1789737071973,SHORT,105.61,1789737578521,105.93,SL,506548,-0.0448,0.0296,-0.0744
D,0.2,0.3,0.001,1789737076027,LONG,105.6,1789737494073,105.82,TP,418046,0.0308,0.0296,0.0012
D,0.2,0.3,0.001,1789737107395,SHORT,105.62,1789737607864,105.95,SL,500469,-0.0462,0.0296,-0.0758
D,0.2,0.3,0.001,1789737126637,LONG,105.61,1789737494555,105.85,TP,367918,0.0336,0.0296,0.0040
D,0.2,0.3,0.001,1789737169664,LONG,105.61,1789737494555,105.85,TP,324891,0.0336,0.0296,0.0040
D,0.2,0.3,0.001,1789737173194,LONG,105.59,1789737494073,105.82,TP,320879,0.0322,0.0296,0.0026
D,0.2,0.3,0.001,1789737184910,LONG,105.6,1789737494073,105.82,TP,309163,0.0308,0.0296,0.0012
D,0.2,0.3,0.001,1789737187440,LONG,105.59,1789737494073,105.82,TP,306633,0.0322,0.0296,0.0026
D,0.2,0.3,0.001,1789737193502,LONG,105.6,1789737494073,105.82,TP,300571,0.0308,0.0296,0.0012
D,0.2,0.3,0.001,1789737195007,SHORT,105.58,1789737527858,105.9,SL,332851,-0.0448,0.0296,-0.0744
D,0.2,0.3,0.001,1789737199279,LONG,105.61,1789737494555,105.85,TP,295276,0.0336,0.0296,0.0040
D,0.2,0.3,0.001,1789737206609,SHORT,105.62,1789737607864,105.95,SL,401255,-0.0462,0.0296,-0.0758
D,0.2,0.5,0.001,1789736988436,LONG,105.64,1789737495061,105.86,TP,506625,0.0308,0.0296,0.0012
D,0.2,0.5,0.001,1789737002128,LONG,105.61,1789737494555,105.85,TP,492427,0.0336,0.0296,0.0040
D,0.2,0.5,0.001,1789737008174,LONG,105.61,1789737494555,105.85,TP,486381,0.0336,0.0296,0.0040
D,0.2,0.5,0.001,1789737030479,LONG,105.62,1789737494555,105.85,TP,464076,0.0322,0.0296,0.0026
D,0.2,0.5,0.001,1789737032494,LONG,105.64,1789737495061,105.86,TP,462567,0.0308,0.0296,0.0012
D,0.2,0.5,0.001,1789737034008,LONG,105.64,1789737495061,105.86,TP,461053,0.0308,0.0296,0.0012
D,0.2,0.5,0.001,1789737057793,LONG,105.62,1789737494555,105.85,TP,436762,0.0322,0.0296,0.0026
D,0.2,0.5,0.001,1789737059319,LONG,105.63,1789737494555,105.85,TP,435236,0.0308,0.0296,0.0012
D,0.2,0.5,0.001,1789737076027,LONG,105.6,1789737494073,105.82,TP,418046,0.0308,0.0296,0.0012
D,0.2,0.5,0.001,1789737126637,LONG,105.61,1789737494555,105.85,TP,367918,0.0336,0.0296,0.0040
D,0.2,0.5,0.001,1789737169664,LONG,105.61,1789737494555,105.85,TP,324891,0.0336,0.0296,0.0040
D,0.2,0.5,0.001,1789737173194,LONG,105.59,1789737494073,105.82,TP,320879,0.0322,0.0296,0.0026
D,0.2,0.5,0.001,1789737184910,LONG,105.6,1789737494073,105.82,TP,309163,0.0308,0.0296,0.0012
D,0.2,0.5,0.001,1789737187440,LONG,105.59,1789737494073,105.82,TP,306633,0.0322,0.0296,0.0026
D,0.2,0.5,0.001,1789737193502,LONG,105.6,1789737494073,105.82,TP,300571,0.0308,0.0296,0.0012
D,0.2,0.5,0.001,1789737199279,LONG,105.61,1789737494555,105.85,TP,295276,0.0336,0.0296,0.0040
D,0.2,0.5,0.001,1789737219262,LONG,105.61,1789737494555,105.85,TP,275293,0.0336,0.0296,0.0040
D,0.2,0.5,0.001,1789737244623,LONG,105.64,1789737495061,105.86,TP,250438,0.0308,0.0296,0.0012
D,0.2,0.5,0.001,1789737246635,LONG,105.64,1789737495061,105.86,TP,248426,0.0308,0.0296,0.0012
D,0.2,0.5,0.001,1789737247659,LONG,105.64,1789737495061,105.86,TP,247402,0.0308,0.0296,0.0012
D,0.2,0.5,0.001,1789737261415,LONG,105.63,1789737494555,105.85,TP,233140,0.0308,0.0296,0.0012
D,0.2,0.5,0.001,1789737265459,LONG,105.63,1789737494555,105.85,TP,229096,0.0308,0.0296,0.0012
D,0.2,0.5,0.001,1789737267498,LONG,105.64,1789737495061,105.86,TP,227563,0.0308,0.0296,0.0012
D,0.2,0.5,0.001,1789737269519,LONG,105.65,1789737515255,105.88,TP,245736,0.0322,0.0296,0.0026
D,0.2,0.5,0.001,1789737289864,LONG,105.63,1789737494555,105.85,TP,204691,0.0308,0.0296,0.0012
D,0.2,0.5,0.001,1789737308613,LONG,105.61,1789737494555,105.85,TP,185942,0.0336,0.0296,0.0040
D,0.2,0.5,0.001,1789737318204,LONG,105.62,1789737494555,105.85,TP,176351,0.0322,0.0296,0.0026
D,0.2,0.5,0.001,1789737332922,LONG,105.61,1789737494555,105.85,TP,161633,0.0336,0.0296,0.0040
D,0.2,0.5,0.001,1789737345587,LONG,105.61,1789737494555,105.85,TP,148968,0.0336,0.0296,0.0040
D,0.2,0.5,0.001,1789737360307,LONG,105.63,1789737494555,105.85,TP,134248,0.0308,0.0296,0.0012
D,0.2,0.5,0.001,1789737367913,LONG,105.64,1789737495061,105.86,TP,127148,0.0308,0.0296,0.0012
D,0.2,0.5,0.001,1789737373993,LONG,105.66,1789737515255,105.88,TP,141262,0.0308,0.0296,0.0012
D,0.2,0.5,0.001,1789737385716,LONG,105.73,1789737663466,105.95,TP,277750,0.0308,0.0296,0.0012
D,0.2,0.5,0.001,1789737387605,LONG,105.75,1789737691313,105.97,TP,303708,0.0308,0.0296,0.0012
D,0.2,0.5,0.001,1789737390622,LONG,105.78,1789737769743,106,TP,379121,0.0308,0.0296,0.0012
D,0.2,0.5,0.001,1789737438326,LONG,105.79,1789737773819,106.01,TP,335493,0.0308,0.0297,0.0011
D,0.2,0.5,0.001,1789737481889,LONG,105.79,1789737773819,106.01,TP,291930,0.0308,0.0297,0.0011
D,0.2,0.5,0.001,1789737493544,LONG,105.81,1789737778917,106.03,TP,285373,0.0308,0.0297,0.0011
D,0.25,0.1,0.001,1789736948296,SHORT,105.62,1789737385210,105.75,SL,436914,-0.0182,0.0296,-0.0478
D,0.25,0.1,0.001,1789736988436,LONG,105.64,1789737578521,105.92,TP,590085,0.0392,0.0296,0.0096
D,0.25,0.1,0.001,1789737002128,LONG,105.61,1789737515255,105.88,TP,513127,0.0378,0.0296,0.0082
D,0.25,0.1,0.001,1789737004165,SHORT,105.59,1789737385210,105.75,SL,381045,-0.0224,0.0296,-0.0520
D,0.25,0.1,0.001,1789737008174,LONG,105.61,1789737515255,105.88,TP,507081,0.0378,0.0296,0.0082
D,0.25,0.1,0.001,1789737018795,SHORT,105.61,1789737385210,105.75,SL,366415,-0.0196,0.0296,-0.0492
D,0.25,0.1,0.001,1789737030479,LONG,105.62,1789737527858,105.89,TP,497379,0.0378,0.0296,0.0082
D,0.25,0.1,0.001,1789737032494,LONG,105.64,1789737578521,105.92,TP,546027,0.0392,0.0296,0.0096
D,0.25,0.1,0.001,1789737034008,LONG,105.64,1789737578521,105.92,TP,544513,0.0392,0.0296,0.0096
D,0.25,0.1,0.001,1789737057793,LONG,105.62,1789737527858,105.89,TP,470065,0.0378,0.0296,0.0082
D,0.25,0.1,0.001,1789737059319,LONG,105.63,1789737558228,105.9,TP,498909,0.0378,0.0296,0.0082
D,0.25,0.1,0.001,1789737062867,SHORT,105.62,1789737385210,105.75,SL,322343,-0.0182,0.0296,-0.0478
D,0.25,0.1,0.001,1789737071973,SHORT,105.61,1789737385210,105.75,SL,313237,-0.0196,0.0296,-0.0492
D,0.25,0.1,0.001,1789737076027,LONG,105.6,1789737515255,105.88,TP,439228,0.0392,0.0296,0.0096
D,0.25,0.1,0.001,1789737107395,SHORT,105.62,1789737385210,105.75,SL,277815,-0.0182,0.0296,-0.0478
D,0.25,0.1,0.001,1789737126637,LONG,105.61,1789737515255,105.88,TP,388618,0.0378,0.0296,0.0082
D,0.25,0.1,0.001,1789737169664,LONG,105.61,1789737515255,105.88,TP,345591,0.0378,0.0296,0.0082
D,0.25,0.1,0.001,1789737173194,LONG,105.59,1789737495061,105.86,TP,321867,0.0378,0.0296,0.0082
D,0.25,0.1,0.001,1789737184910,LONG,105.6,1789737515255,105.88,TP,330345,0.0392,0.0296,0.0096
D,0.25,0.1,0.001,1789737187440,LONG,105.59,1789737495061,105.86,TP,307621,0.0378,0.0296,0.0082
D,0.25,0.1,0.001,1789737193502,LONG,105.6,1789737515255,105.88,TP,321753,0.0392,0.0296,0.0096
D,0.25,0.1,0.001,1789737195007,SHORT,105.58,1789737385210,105.75,SL,190203,-0.0238,0.0296,-0.0534
D,0.25,0.1,0.001,1789737199279,LONG,105.61,1789737515255,105.88,TP,315976,0.0378,0.0296,0.0082
D,0.25,0.1,0.001,1789737206609,SHORT,105.62,1789737385210,105.75,SL,178601,-0.0182,0.0296,-0.0478
D,0.25,0.1,0.001,1789737208112,SHORT,105.61,1789737385210,105.75,SL,177098,-0.0196,0.0296,-0.0492
D,0.25,0.1,0.001,1789737209644,SHORT,105.61,1789737385210,105.75,SL,175566,-0.0196,0.0296,-0.0492
D,0.25,0.1,0.001,1789737219262,LONG,105.61,1789737515255,105.88,TP,295993,0.0378,0.0296,0.0082
D,0.25,0.1,0.001,1789737244623,LONG,105.64,1789737578521,105.92,TP,333898,0.0392,0.0296,0.0096
D,0.25,0.1,0.001,1789737246635,LONG,105.64,1789737578521,105.92,TP,331886,0.0392,0.0296,0.0096
D,0.25,0.1,0.001,1789737247659,LONG,105.64,1789737578521,105.92,TP,330862,0.0392,0.0296,0.0096
D,0.25,0.1,0.001,1789737261415,LONG,105.63,1789737558228,105.9,TP,296813,0.0378,0.0296,0.0082
D,0.25,0.1,0.001,1789737265459,LONG,105.63,1789737558228,105.9,TP,292769,0.0378,0.0296,0.0082
D,0.25,0.1,0.001,1789737267498,LONG,105.64,1789737578521,105.92,TP,311023,0.0392,0.0296,0.0096
D,0.25,0.1,0.001,1789737269519,LONG,105.65,1789737578521,105.92,TP,309002,0.0378,0.0296,0.0082
D,0.25,0.1,0.001,1789737280709,SHORT,105.64,1789737385210,105.75,SL,104501,-0.0154,0.0296,-0.0450
D,0.25,0.1,0.001,1789737289864,LONG,105.63,1789737558228,105.9,TP,268364,0.0378,0.0296,0.0082
D,0.25,0.1,0.001,1789737299008,SHORT,105.61,1789737385210,105.75,SL,86202,-0.0196,0.0296,-0.0492
D,0.25,0.1,0.001,1789737308613,LONG,105.61,1789737515255,105.88,TP,206642,0.0378,0.0296,0.0082
D,0.25,0.1,0.001,1789737318204,LONG,105.62,1789737527858,105.89,TP,209654,0.0378,0.0296,0.0082
D,0.25,0.1,0.001,1789737332922,LONG,105.61,1789737515255,105.88,TP,182333,0.0378,0.0296,0.0082
D,0.25,0.1,0.001,1789737341003,SHORT,105.6,1789737385210,105.75,SL,44207,-0.0210,0.0296,-0.0506
D,0.25,0.1,0.001,1789737345587,LONG,105.61,1789737515255,105.88,TP,169668,0.0378,0.0296,0.0082
D,0.25,0.1,0.001,1789737360307,LONG,105.63,1789737558228,105.9,TP,197921,0.0378,0.0296,0.0082
D,0.25,0.1,0.001,1789737367913,LONG,105.64,1789737578521,105.92,TP,210608,0.0392,0.0296,0.0096
D,0.25,0.1,0.001,1789737373993,LONG,105.66,1789737607864,105.94,TP,233871,0.0392,0.0296,0.0096
D,0.25,0.1,0.001,1789737380029,SHORT,105.66,1789737388108,105.77,SL,8079,-0.0154,0.0296,-0.0450
D,0.25,0.1,0.001,1789737385716,LONG,105.73,1789737769743,106,TP,384027,0.0378,0.0296,0.0082
D,0.25,0.1,0.001,1789737387605,LONG,105.75,1789737777384,106.02,TP,389779,0.0378,0.0296,0.0082
D,0.25,0.1,0.001,1789737502102,SHORT,105.84,1789737607864,105.95,SL,105762,-0.0154,0.0297,-0.0451
D,0.25,0.1,0.001,1789737505134,SHORT,105.84,1789737607864,105.95,SL,102730,-0.0154,0.0297,-0.0451
D,0.25,0.1,0.001,1789737560759,SHORT,105.9,1789737769743,106.01,SL,208984,-0.0154,0.0297,-0.0451
D,0.25,0.1,0.001,1789737612396,SHORT,105.89,1789737726711,106,SL,114315,-0.0154,0.0297,-0.0451
D,0.25,0.15,0.001,1789736948296,SHORT,105.62,1789737390622,105.78,SL,442326,-0.0224,0.0296,-0.0520
D,0.25,0.15,0.001,1789736988436,LONG,105.64,1789737578521,105.92,TP,590085,0.0392,0.0296,0.0096
D,0.25,0.15,0.001,1789737002128,LONG,105.61,1789737515255,105.88,TP,513127,0.0378,0.0296,0.0082
D,0.25,0.15,0.001,1789737004165,SHORT,105.59,1789737385210,105.75,SL,381045,-0.0224,0.0296,-0.0520
D,0.25,0.15,0.001,1789737008174,LONG,105.61,1789737515255,105.88,TP,507081,0.0378,0.0296,0.0082
D,0.25,0.15,0.001,1789737018795,SHORT,105.61,1789737388108,105.77,SL,369313,-0.0224,0.0296,-0.0520
D,0.25,0.15,0.001,1789737030479,LONG,105.62,1789737527858,105.89,TP,497379,0.0378,0.0296,0.0082
D,0.25,0.15,0.001,1789737032494,LONG,105.64,1789737578521,105.92,TP,546027,0.0392,0.0296,0.0096
D,0.25,0.15,0.001,1789737034008,LONG,105.64,1789737578521,105.92,TP,544513,0.0392,0.0296,0.0096
D,0.25,0.15,0.001,1789737057793,LONG,105.62,1789737527858,105.89,TP,470065,0.0378,0.0296,0.0082
D,0.25,0.15,0.001,1789737059319,LONG,105.63,1789737558228,105.9,TP,498909,0.0378,0.0296,0.0082
D,0.25,0.15,0.001,1789737062867,SHORT,105.62,1789737390622,105.78,SL,327755,-0.0224,0.0296,-0.0520
D,0.25,0.15,0.001,1789737071973,SHORT,105.61,1789737388108,105.77,SL,316135,-0.0224,0.0296,-0.0520
D,0.25,0.15,0.001,1789737076027,LONG,105.6,1789737515255,105.88,TP,439228,0.0392,0.0296,0.0096
D,0.25,0.15,0.001,1789737107395,SHORT,105.62,1789737390622,105.78,SL,283227,-0.0224,0.0296,-0.0520
D,0.25,0.15,0.001,1789737126637,LONG,105.61,1789737515255,105.88,TP,388618,0.0378,0.0296,0.0082
D,0.25,0.15,0.001,1789737169664,LONG,105.61,1789737515255,105.88,TP,345591,0.0378,0.0296,0.0082
D,0.25,0.15,0.001,1789737173194,LONG,105.59,1789737495061,105.86,TP,321867,0.0378,0.0296,0.0082
D,0.25,0.15,0.001,1789737184910,LONG,105.6,1789737515255,105.88,TP,330345,0.0392,0.0296,0.0096
D,0.25,0.15,0.001,1789737187440,LONG,105.59,1789737495061,105.86,TP,307621,0.0378,0.0296,0.0082
D,0.25,0.15,0.001,1789737193502,LONG,105.6,1789737515255,105.88,TP,321753,0.0392,0.0296,0.0096
D,0.25,0.15,0.001,1789737195007,SHORT,105.58,1789737385210,105.75,SL,190203,-0.0238,0.0296,-0.0534
D,0.25,0.15,0.001,1789737199279,LONG,105.61,1789737515255,105.88,TP,315976,0.0378,0.0296,0.0082
D,0.25,0.15,0.001,1789737206609,SHORT,105.62,1789737390622,105.78,SL,184013,-0.0224,0.0296,-0.0520
D,0.25,0.15,0.001,1789737208112,SHORT,105.61,1789737388108,105.77,SL,179996,-0.0224,0.0296,-0.0520
D,0.25,0.15,0.001,1789737209644,SHORT,105.61,1789737388108,105.77,SL,178464,-0.0224,0.0296,-0.0520
D,0.25,0.15,0.001,1789737219262,LONG,105.61,1789737515255,105.88,TP,295993,0.0378,0.0296,0.0082
D,0.25,0.15,0.001,1789737244623,LONG,105.64,1789737578521,105.92,TP,333898,0.0392,0.0296,0.0096
D,0.25,0.15,0.001,1789737246635,LONG,105.64,1789737578521,105.92,TP,331886,0.0392,0.0296,0.0096
D,0.25,0.15,0.001,1789737247659,LONG,105.64,1789737578521,105.92,TP,330862,0.0392,0.0296,0.0096
D,0.25,0.15,0.001,1789737261415,LONG,105.63,1789737558228,105.9,TP,296813,0.0378,0.0296,0.0082
D,0.25,0.15,0.001,1789737265459,LONG,105.63,1789737558228,105.9,TP,292769,0.0378,0.0296,0.0082
D,0.25,0.15,0.001,1789737267498,LONG,105.64,1789737578521,105.92,TP,311023,0.0392,0.0296,0.0096
D,0.25,0.15,0.001,1789737269519,LONG,105.65,1789737578521,105.92,TP,309002,0.0378,0.0296,0.0082
D,0.25,0.15,0.001,1789737280709,SHORT,105.64,1789737482425,105.8,SL,201716,-0.0224,0.0296,-0.0520
D,0.25,0.15,0.001,1789737289864,LONG,105.63,1789737558228,105.9,TP,268364,0.0378,0.0296,0.0082
D,0.25,0.15,0.001,1789737299008,SHORT,105.61,1789737388108,105.77,SL,89100,-0.0224,0.0296,-0.0520
D,0.25,0.15,0.001,1789737308613,LONG,105.61,1789737515255,105.88,TP,206642,0.0378,0.0296,0.0082
D,0.25,0.15,0.001,1789737318204,LONG,105.62,1789737527858,105.89,TP,209654,0.0378,0.0296,0.0082
D,0.25,0.15,0.001,1789737332922,LONG,105.61,1789737515255,105.88,TP,182333,0.0378,0.0296,0.0082
D,0.25,0.15,0.001,1789737341003,SHORT,105.6,1789737388108,105.77,SL,47105,-0.0238,0.0296,-0.0534
D,0.25,0.15,0.001,1789737345587,LONG,105.61,1789737515255,105.88,TP,169668,0.0378,0.0296,0.0082
D,0.25,0.15,0.001,1789737360307,LONG,105.63,1789737558228,105.9,TP,197921,0.0378,0.0296,0.0082
D,0.25,0.15,0.001,1789737367913,LONG,105.64,1789737578521,105.92,TP,210608,0.0392,0.0296,0.0096
D,0.25,0.15,0.001,1789737373993,LONG,105.66,1789737607864,105.94,TP,233871,0.0392,0.0296,0.0096
D,0.25,0.15,0.001,1789737380029,SHORT,105.66,1789737494073,105.83,SL,114044,-0.0238,0.0296,-0.0534
D,0.25,0.15,0.001,1789737385716,LONG,105.73,1789737769743,106,TP,384027,0.0378,0.0296,0.0082
D,0.25,0.15,0.001,1789737387605,LONG,105.75,1789737777384,106.02,TP,389779,0.0378,0.0296,0.0082
D,0.25,0.15,0.001,1789737502102,SHORT,105.84,1789737726711,106,SL,224609,-0.0224,0.0297,-0.0521
D,0.25,0.15,0.001,1789737505134,SHORT,105.84,1789737726711,106,SL,221577,-0.0224,0.0297,-0.0521
D,0.25,0.2,0.001,1789736948296,SHORT,105.62,1789737494555,105.86,SL,546259,-0.0336,0.0296,-0.0632
D,0.25,0.2,0.001,1789736988436,LONG,105.64,1789737578521,105.92,TP,590085,0.0392,0.0296,0.0096
D,0.25,0.2,0.001,1789737002128,LONG,105.61,1789737515255,105.88,TP,513127,0.0378,0.0296,0.0082
D,0.25,0.2,0.001,1789737004165,SHORT,105.59,1789737485445,105.81,SL,481280,-0.0308,0.0296,-0.0604
D,0.25,0.2,0.001,1789737008174,LONG,105.61,1789737515255,105.88,TP,507081,0.0378,0.0296,0.0082
D,0.25,0.2,0.001,1789737018795,SHORT,105.61,1789737494073,105.83,SL,475278,-0.0308,0.0296,-0.0604
D,0.25,0.2,0.001,1789737030479,LONG,105.62,1789737527858,105.89,TP,497379,0.0378,0.0296,0.0082
D,0.25,0.2,0.001,1789737032494,LONG,105.64,1789737578521,105.92,TP,546027,0.0392,0.0296,0.0096
D,0.25,0.2,0.001,1789737034008,LONG,105.64,1789737578521,105.92,TP,544513,0.0392,0.0296,0.0096
D,0.25,0.2,0.001,1789737057793,LONG,105.62,1789737527858,105.89,TP,470065,0.0378,0.0296,0.0082
D,0.25,0.2,0.001,1789737059319,LONG,105.63,1789737558228,105.9,TP,498909,0.0378,0.0296,0.0082
D,0.25,0.2,0.001,1789737062867,SHORT,105.62,1789737494555,105.86,SL,431688,-0.0336,0.0296,-0.0632
D,0.25,0.2,0.001,1789737071973,SHORT,105.61,1789737494073,105.83,SL,422100,-0.0308,0.0296,-0.0604
D,0.25,0.2,0.001,1789737076027,LONG,105.6,1789737515255,105.88,TP,439228,0.0392,0.0296,0.0096
D,0.25,0.2,0.001,1789737107395,SHORT,105.62,1789737494555,105.86,SL,387160,-0.0336,0.0296,-0.0632
D,0.25,0.2,0.001,1789737126637,LONG,105.61,1789737515255,105.88,TP,388618,0.0378,0.0296,0.0082
D,0.25,0.2,0.001,1789737169664,LONG,105.61,1789737515255,105.88,TP,345591,0.0378,0.0296,0.0082
D,0.25,0.2,0.001,1789737173194,LONG,105.59,1789737495061,105.86,TP,321867,0.0378,0.0296,0.0082
D,0.25,0.2,0.001,1789737184910,LONG,105.6,1789737515255,105.88,TP,330345,0.0392,0.0296,0.0096
D,0.25,0.2,0.001,1789737187440,LONG,105.59,1789737495061,105.86,TP,307621,0.0378,0.0296,0.0082
D,0.25,0.2,0.001,1789737193502,LONG,105.6,1789737515255,105.88,TP,321753,0.0392,0.0296,0.0096
D,0.25,0.2,0.001,1789737195007,SHORT,105.58,1789737482425,105.8,SL,287418,-0.0308,0.0296,-0.0604
D,0.25,0.2,0.001,1789737199279,LONG,105.61,1789737515255,105.88,TP,315976,0.0378,0.0296,0.0082
D,0.25,0.2,0.001,1789737206609,SHORT,105.62,1789737494555,105.86,SL,287946,-0.0336,0.0296,-0.0632
D,0.25,0.2,0.001,1789737208112,SHORT,105.61,1789737494073,105.83,SL,285961,-0.0308,0.0296,-0.0604
D,0.25,0.2,0.001,1789737209644,SHORT,105.61,1789737494073,105.83,SL,284429,-0.0308,0.0296,-0.0604
D,0.25,0.2,0.001,1789737219262,LONG,105.61,1789737515255,105.88,TP,295993,0.0378,0.0296,0.0082
D,0.25,0.2,0.001,1789737244623,LONG,105.64,1789737578521,105.92,TP,333898,0.0392,0.0296,0.0096
D,0.25,0.2,0.001,1789737246635,LONG,105.64,1789737578521,105.92,TP,331886,0.0392,0.0296,0.0096
D,0.25,0.2,0.001,1789737247659,LONG,105.64,1789737578521,105.92,TP,330862,0.0392,0.0296,0.0096
D,0.25,0.2,0.001,1789737261415,LONG,105.63,1789737558228,105.9,TP,296813,0.0378,0.0296,0.0082
D,0.25,0.2,0.001,1789737265459,LONG,105.63,1789737558228,105.9,TP,292769,0.0378,0.0296,0.0082
D,0.25,0.2,0.001,1789737267498,LONG,105.64,1789737578521,105.92,TP,311023,0.0392,0.0296,0.0096
D,0.25,0.2,0.001,1789737269519,LONG,105.65,1789737578521,105.92,TP,309002,0.0378,0.0296,0.0082
D,0.25,0.2,0.001,1789737280709,SHORT,105.64,1789737494555,105.86,SL,213846,-0.0308,0.0296,-0.0604
D,0.25,0.2,0.001,1789737289864,LONG,105.63,1789737558228,105.9,TP,268364,0.0378,0.0296,0.0082
D,0.25,0.2,0.001,1789737299008,SHORT,105.61,1789737494073,105.83,SL,195065,-0.0308,0.0296,-0.0604
D,0.25,0.2,0.001,1789737308613,LONG,105.61,1789737515255,105.88,TP,206642,0.0378,0.0296,0.0082
D,0.25,0.2,0.001,1789737318204,LONG,105.62,1789737527858,105.89,TP,209654,0.0378,0.0296,0.0082
D,0.25,0.2,0.001,1789737332922,LONG,105.61,1789737515255,105.88,TP,182333,0.0378,0.0296,0.0082
D,0.25,0.2,0.001,1789737341003,SHORT,105.6,1789737494073,105.83,SL,153070,-0.0322,0.0296,-0.0618
D,0.25,0.25,0.001,1789736948296,SHORT,105.62,1789737515255,105.89,SL,566959,-0.0378,0.0296,-0.0674
D,0.25,0.25,0.001,1789736988436,LONG,105.64,1789737578521,105.92,TP,590085,0.0392,0.0296,0.0096
D,0.25,0.25,0.001,1789737002128,LONG,105.61,1789737515255,105.88,TP,513127,0.0378,0.0296,0.0082
D,0.25,0.25,0.001,1789737004165,SHORT,105.59,1789737494555,105.86,SL,490390,-0.0378,0.0296,-0.0674
D,0.25,0.25,0.001,1789737008174,LONG,105.61,1789737515255,105.88,TP,507081,0.0378,0.0296,0.0082
D,0.25,0.25,0.001,1789737018795,SHORT,105.61,1789737515255,105.89,SL,496460,-0.0392,0.0296,-0.0688
D,0.25,0.25,0.001,1789737030479,LONG,105.62,1789737527858,105.89,TP,497379,0.0378,0.0296,0.0082
D,0.25,0.25,0.001,1789737032494,LONG,105.64,1789737578521,105.92,TP,546027,0.0392,0.0296,0.0096
D,0.25,0.25,0.001,1789737034008,LONG,105.64,1789737578521,105.92,TP,544513,0.0392,0.0296,0.0096
D,0.25,0.25,0.001,1789737057793,LONG,105.62,1789737527858,105.89,TP,470065,0.0378,0.0296,0.0082
D,0.25,0.25,0.001,1789737059319,LONG,105.63,1789737558228,105.9,TP,498909,0.0378,0.0296,0.0082
D,0.25,0.25,0.001,1789737062867,SHORT,105.62,1789737515255,105.89,SL,452388,-0.0378,0.0296,-0.0674
D,0.25,0.25,0.001,1789737071973,SHORT,105.61,1789737515255,105.89,SL,443282,-0.0392,0.0296,-0.0688
D,0.25,0.25,0.001,1789737076027,LONG,105.6,1789737515255,105.88,TP,439228,0.0392,0.0296,0.0096
D,0.25,0.25,0.001,1789737107395,SHORT,105.62,1789737515255,105.89,SL,407860,-0.0378,0.0296,-0.0674
D,0.25,0.25,0.001,1789737126637,LONG,105.61,1789737515255,105.88,TP,388618,0.0378,0.0296,0.0082
D,0.25,0.25,0.001,1789737169664,LONG,105.61,1789737515255,105.88,TP,345591,0.0378,0.0296,0.0082
D,0.25,0.25,0.001,1789737173194,LONG,105.59,1789737495061,105.86,TP,321867,0.0378,0.0296,0.0082
D,0.25,0.25,0.001,1789737184910,LONG,105.6,1789737515255,105.88,TP,330345,0.0392,0.0296,0.0096
D,0.25,0.25,0.001,1789737187440,LONG,105.59,1789737495061,105.86,TP,307621,0.0378,0.0296,0.0082
D,0.25,0.25,0.001,1789737193502,LONG,105.6,1789737515255,105.88,TP,321753,0.0392,0.0296,0.0096
D,0.25,0.25,0.001,1789737195007,SHORT,105.58,1789737494555,105.86,SL,299548,-0.0392,0.0296,-0.0688
D,0.25,0.25,0.001,1789737199279,LONG,105.61,1789737515255,105.88,TP,315976,0.0378,0.0296,0.0082
D,0.25,0.25,0.001,1789737206609,SHORT,105.62,1789737515255,105.89,SL,308646,-0.0378,0.0296,-0.0674
D,0.25,0.25,0.001,1789737208112,SHORT,105.61,1789737515255,105.89,SL,307143,-0.0392,0.0296,-0.0688
D,0.25,0.25,0.001,1789737209644,SHORT,105.61,1789737515255,105.89,SL,305611,-0.0392,0.0296,-0.0688
D,0.25,0.3,0.001,1789736948296,SHORT,105.62,1789737607864,105.95,SL,659568,-0.0462,0.0296,-0.0758
D,0.25,0.3,0.001,1789736988436,LONG,105.64,1789737578521,105.92,TP,590085,0.0392,0.0296,0.0096
D,0.25,0.3,0.001,1789737002128,LONG,105.61,1789737515255,105.88,TP,513127,0.0378,0.0296,0.0082
D,0.25,0.3,0.001,1789737004165,SHORT,105.59,1789737558228,105.91,SL,554063,-0.0448,0.0296,-0.0744
D,0.25,0.3,0.001,1789737008174,LONG,105.61,1789737515255,105.88,TP,507081,0.0378,0.0296,0.0082
D,0.25,0.3,0.001,1789737018795,SHORT,105.61,1789737578521,105.93,SL,559726,-0.0448,0.0296,-0.0744
D,0.25,0.3,0.001,1789737030479,LONG,105.62,1789737527858,105.89,TP,497379,0.0378,0.0296,0.0082
D,0.25,0.3,0.001,1789737032494,LONG,105.64,1789737578521,105.92,TP,546027,0.0392,0.0296,0.0096
D,0.25,0.3,0.001,1789737034008,LONG,105.64,1789737578521,105.92,TP,544513,0.0392,0.0296,0.0096
D,0.25,0.3,0.001,1789737057793,LONG,105.62,1789737527858,105.89,TP,470065,0.0378,0.0296,0.0082
D,0.25,0.3,0.001,1789737059319,LONG,105.63,1789737558228,105.9,TP,498909,0.0378,0.0296,0.0082
D,0.25,0.3,0.001,1789737062867,SHORT,105.62,1789737607864,105.95,SL,544997,-0.0462,0.0296,-0.0758
D,0.25,0.3,0.001,1789737071973,SHORT,105.61,1789737578521,105.93,SL,506548,-0.0448,0.0296,-0.0744
D,0.25,0.3,0.001,1789737076027,LONG,105.6,1789737515255,105.88,TP,439228,0.0392,0.0296,0.0096
D,0.25,0.3,0.001,1789737107395,SHORT,105.62,1789737607864,105.95,SL,500469,-0.0462,0.0296,-0.0758
D,0.25,0.3,0.001,1789737126637,LONG,105.61,1789737515255,105.88,TP,388618,0.0378,0.0296,0.0082
D,0.25,0.3,0.001,1789737169664,LONG,105.61,1789737515255,105.88,TP,345591,0.0378,0.0296,0.0082
D,0.25,0.3,0.001,1789737173194,LONG,105.59,1789737495061,105.86,TP,321867,0.0378,0.0296,0.0082
D,0.25,0.3,0.001,1789737184910,LONG,105.6,1789737515255,105.88,TP,330345,0.0392,0.0296,0.0096
D,0.25,0.3,0.001,1789737187440,LONG,105.59,1789737495061,105.86,TP,307621,0.0378,0.0296,0.0082
D,0.25,0.3,0.001,1789737193502,LONG,105.6,1789737515255,105.88,TP,321753,0.0392,0.0296,0.0096
D,0.25,0.3,0.001,1789737195007,SHORT,105.58,1789737527858,105.9,SL,332851,-0.0448,0.0296,-0.0744
D,0.25,0.3,0.001,1789737199279,LONG,105.61,1789737515255,105.88,TP,315976,0.0378,0.0296,0.0082
D,0.25,0.3,0.001,1789737206609,SHORT,105.62,1789737607864,105.95,SL,401255,-0.0462,0.0296,-0.0758
D,0.25,0.3,0.001,1789737208112,SHORT,105.61,1789737578521,105.93,SL,370409,-0.0448,0.0296,-0.0744
D,0.25,0.5,0.001,1789736988436,LONG,105.64,1789737578521,105.92,TP,590085,0.0392,0.0296,0.0096
D,0.25,0.5,0.001,1789737002128,LONG,105.61,1789737515255,105.88,TP,513127,0.0378,0.0296,0.0082
D,0.25,0.5,0.001,1789737008174,LONG,105.61,1789737515255,105.88,TP,507081,0.0378,0.0296,0.0082
D,0.25,0.5,0.001,1789737030479,LONG,105.62,1789737527858,105.89,TP,497379,0.0378,0.0296,0.0082
D,0.25,0.5,0.001,1789737032494,LONG,105.64,1789737578521,105.92,TP,546027,0.0392,0.0296,0.0096
D,0.25,0.5,0.001,1789737034008,LONG,105.64,1789737578521,105.92,TP,544513,0.0392,0.0296,0.0096
D,0.25,0.5,0.001,1789737057793,LONG,105.62,1789737527858,105.89,TP,470065,0.0378,0.0296,0.0082
D,0.25,0.5,0.001,1789737059319,LONG,105.63,1789737558228,105.9,TP,498909,0.0378,0.0296,0.0082
D,0.25,0.5,0.001,1789737076027,LONG,105.6,1789737515255,105.88,TP,439228,0.0392,0.0296,0.0096
D,0.25,0.5,0.001,1789737126637,LONG,105.61,1789737515255,105.88,TP,388618,0.0378,0.0296,0.0082
D,0.25,0.5,0.001,1789737169664,LONG,105.61,1789737515255,105.88,TP,345591,0.0378,0.0296,0.0082
D,0.25,0.5,0.001,1789737173194,LONG,105.59,1789737495061,105.86,TP,321867,0.0378,0.0296,0.0082
D,0.25,0.5,0.001,1789737184910,LONG,105.6,1789737515255,105.88,TP,330345,0.0392,0.0296,0.0096
D,0.25,0.5,0.001,1789737187440,LONG,105.59,1789737495061,105.86,TP,307621,0.0378,0.0296,0.0082
D,0.25,0.5,0.001,1789737193502,LONG,105.6,1789737515255,105.88,TP,321753,0.0392,0.0296,0.0096
D,0.25,0.5,0.001,1789737199279,LONG,105.61,1789737515255,105.88,TP,315976,0.0378,0.0296,0.0082
D,0.25,0.5,0.001,1789737219262,LONG,105.61,1789737515255,105.88,TP,295993,0.0378,0.0296,0.0082
D,0.25,0.5,0.001,1789737244623,LONG,105.64,1789737578521,105.92,TP,333898,0.0392,0.0296,0.0096
D,0.25,0.5,0.001,1789737246635,LONG,105.64,1789737578521,105.92,TP,331886,0.0392,0.0296,0.0096
D,0.25,0.5,0.001,1789737247659,LONG,105.64,1789737578521,105.92,TP,330862,0.0392,0.0296,0.0096
D,0.25,0.5,0.001,1789737261415,LONG,105.63,1789737558228,105.9,TP,296813,0.0378,0.0296,0.0082
D,0.25,0.5,0.001,1789737265459,LONG,105.63,1789737558228,105.9,TP,292769,0.0378,0.0296,0.0082
D,0.25,0.5,0.001,1789737267498,LONG,105.64,1789737578521,105.92,TP,311023,0.0392,0.0296,0.0096
D,0.25,0.5,0.001,1789737269519,LONG,105.65,1789737578521,105.92,TP,309002,0.0378,0.0296,0.0082
D,0.25,0.5,0.001,1789737289864,LONG,105.63,1789737558228,105.9,TP,268364,0.0378,0.0296,0.0082
D,0.25,0.5,0.001,1789737308613,LONG,105.61,1789737515255,105.88,TP,206642,0.0378,0.0296,0.0082
D,0.25,0.5,0.001,1789737318204,LONG,105.62,1789737527858,105.89,TP,209654,0.0378,0.0296,0.0082
D,0.25,0.5,0.001,1789737332922,LONG,105.61,1789737515255,105.88,TP,182333,0.0378,0.0296,0.0082
D,0.25,0.5,0.001,1789737345587,LONG,105.61,1789737515255,105.88,TP,169668,0.0378,0.0296,0.0082
D,0.25,0.5,0.001,1789737360307,LONG,105.63,1789737558228,105.9,TP,197921,0.0378,0.0296,0.0082
D,0.25,0.5,0.001,1789737367913,LONG,105.64,1789737578521,105.92,TP,210608,0.0392,0.0296,0.0096
D,0.25,0.5,0.001,1789737373993,LONG,105.66,1789737607864,105.94,TP,233871,0.0392,0.0296,0.0096
D,0.25,0.5,0.001,1789737385716,LONG,105.73,1789737769743,106,TP,384027,0.0378,0.0296,0.0082
D,0.25,0.5,0.001,1789737387605,LONG,105.75,1789737777384,106.02,TP,389779,0.0378,0.0296,0.0082
D,0.3,0.1,0.001,1789736948296,SHORT,105.62,1789737385210,105.75,SL,436914,-0.0182,0.0296,-0.0478
D,0.3,0.1,0.001,1789736988436,LONG,105.64,1789737668031,105.96,TP,679595,0.0448,0.0296,0.0152
D,0.3,0.1,0.001,1789737002128,LONG,105.61,1789737607864,105.94,TP,605736,0.0462,0.0296,0.0166
D,0.3,0.1,0.001,1789737004165,SHORT,105.59,1789737385210,105.75,SL,381045,-0.0224,0.0296,-0.0520
D,0.3,0.1,0.001,1789737008174,LONG,105.61,1789737607864,105.94,TP,599690,0.0462,0.0296,0.0166
D,0.3,0.1,0.001,1789737018795,SHORT,105.61,1789737385210,105.75,SL,366415,-0.0196,0.0296,-0.0492
D,0.3,0.1,0.001,1789737030479,LONG,105.62,1789737607864,105.94,TP,577385,0.0448,0.0296,0.0152
D,0.3,0.1,0.001,1789737032494,LONG,105.64,1789737668031,105.96,TP,635537,0.0448,0.0296,0.0152
D,0.3,0.1,0.001,1789737034008,LONG,105.64,1789737668031,105.96,TP,634023,0.0448,0.0296,0.0152
D,0.3,0.1,0.001,1789737057793,LONG,105.62,1789737607864,105.94,TP,550071,0.0448,0.0296,0.0152
D,0.3,0.1,0.001,1789737059319,LONG,105.63,1789737663466,105.95,TP,604147,0.0448,0.0296,0.0152
D,0.3,0.1,0.001,1789737062867,SHORT,105.62,1789737385210,105.75,SL,322343,-0.0182,0.0296,-0.0478
D,0.3,0.1,0.001,1789737071973,SHORT,105.61,1789737385210,105.75,SL,313237,-0.0196,0.0296,-0.0492
D,0.3,0.1,0.001,1789737076027,LONG,105.6,1789737578521,105.92,TP,502494,0.0448,0.0296,0.0152
D,0.3,0.1,0.001,1789737107395,SHORT,105.62,1789737385210,105.75,SL,277815,-0.0182,0.0296,-0.0478
D,0.3,0.1,0.001,1789737126637,LONG,105.61,1789737607864,105.94,TP,481227,0.0462,0.0296,0.0166
D,0.3,0.1,0.001,1789737169664,LONG,105.61,1789737607864,105.94,TP,438200,0.0462,0.0296,0.0166
D,0.3,0.1,0.001,1789737173194,LONG,105.59,1789737578521,105.92,TP,405327,0.0462,0.0296,0.0166
D,0.3,0.1,0.001,1789737184910,LONG,105.6,1789737578521,105.92,TP,393611,0.0448,0.0296,0.0152
D,0.3,0.1,0.001,1789737187440,LONG,105.59,1789737578521,105.92,TP,391081,0.0462,0.0296,0.0166
D,0.3,0.1,0.001,1789737193502,LONG,105.6,1789737578521,105.92,TP,385019,0.0448,0.0296,0.0152
D,0.3,0.1,0.001,1789737195007,SHORT,105.58,1789737385210,105.75,SL,190203,-0.0238,0.0296,-0.0534
D,0.3,0.1,0.001,1789737199279,LONG,105.61,1789737607864,105.94,TP,408585,0.0462,0.0296,0.0166
D,0.3,0.1,0.001,1789737206609,SHORT,105.62,1789737385210,105.75,SL,178601,-0.0182,0.0296,-0.0478
D,0.3,0.1,0.001,1789737208112,SHORT,105.61,1789737385210,105.75,SL,177098,-0.0196,0.0296,-0.0492
D,0.3,0.1,0.001,1789737209644,SHORT,105.61,1789737385210,105.75,SL,175566,-0.0196,0.0296,-0.0492
D,0.3,0.1,0.001,1789737219262,LONG,105.61,1789737607864,105.94,TP,388602,0.0462,0.0296,0.0166
D,0.3,0.1,0.001,1789737244623,LONG,105.64,1789737668031,105.96,TP,423408,0.0448,0.0296,0.0152
D,0.3,0.1,0.001,1789737246635,LONG,105.64,1789737668031,105.96,TP,421396,0.0448,0.0296,0.0152
D,0.3,0.1,0.001,1789737247659,LONG,105.64,1789737668031,105.96,TP,420372,0.0448,0.0296,0.0152
D,0.3,0.1,0.001,1789737261415,LONG,105.63,1789737663466,105.95,TP,402051,0.0448,0.0296,0.0152
D,0.3,0.1,0.001,1789737265459,LONG,105.63,1789737663466,105.95,TP,398007,0.0448,0.0296,0.0152
D,0.3,0.1,0.001,1789737267498,LONG,105.64,1789737668031,105.96,TP,400533,0.0448,0.0296,0.0152
D,0.3,0.1,0.001,1789737269519,LONG,105.65,1789737691313,105.97,TP,421794,0.0448,0.0296,0.0152
D,0.3,0.1,0.001,1789737280709,SHORT,105.64,1789737385210,105.75,SL,104501,-0.0154,0.0296,-0.0450
D,0.3,0.1,0.001,1789737289864,LONG,105.63,1789737663466,105.95,TP,373602,0.0448,0.0296,0.0152
D,0.3,0.1,0.001,1789737299008,SHORT,105.61,1789737385210,105.75,SL,86202,-0.0196,0.0296,-0.0492
D,0.3,0.1,0.001,1789737308613,LONG,105.61,1789737607864,105.94,TP,299251,0.0462,0.0296,0.0166
D,0.3,0.1,0.001,1789737318204,LONG,105.62,1789737607864,105.94,TP,289660,0.0448,0.0296,0.0152
D,0.3,0.1,0.001,1789737332922,LONG,105.61,1789737607864,105.94,TP,274942,0.0462,0.0296,0.0166
D,0.3,0.1,0.001,1789737341003,SHORT,105.6,1789737385210,105.75,SL,44207,-0.0210,0.0296,-0.0506
D,0.3,0.1,0.001,1789737345587,LONG,105.61,1789737607864,105.94,TP,262277,0.0462,0.0296,0.0166
D,0.3,0.1,0.001,1789737360307,LONG,105.63,1789737663466,105.95,TP,303159,0.0448,0.0296,0.0152
D,0.3,0.1,0.001,1789737367913,LONG,105.64,1789737668031,105.96,TP,300118,0.0448,0.0296,0.0152
D,0.3,0.1,0.001,1789737373993,LONG,105.66,1789737692836,105.98,TP,318843,0.0448,0.0296,0.0152
D,0.3,0.1,0.001,1789737380029,SHORT,105.66,1789737388108,105.77,SL,8079,-0.0154,0.0296,-0.0450
D,0.3,0.1,0.001,1789737502102,SHORT,105.84,1789737607864,105.95,SL,105762,-0.0154,0.0297,-0.0451
D,0.3,0.1,0.001,1789737505134,SHORT,105.84,1789737607864,105.95,SL,102730,-0.0154,0.0297,-0.0451
D,0.3,0.1,0.001,1789737560759,SHORT,105.9,1789737769743,106.01,SL,208984,-0.0154,0.0297,-0.0451
D,0.3,0.1,0.001,1789737612396,SHORT,105.89,1789737726711,106,SL,114315,-0.0154,0.0297,-0.0451
D,0.3,0.1,0.001,1789737624517,SHORT,105.91,1789737773819,106.02,SL,149302,-0.0154,0.0297,-0.0451
D,0.3,0.1,0.001,1789737627049,SHORT,105.91,1789737773819,106.02,SL,146770,-0.0154,0.0297,-0.0451
D,0.3,0.1,0.001,1789737662963,LONG,105.95,1789737819481,105.84,SL,156518,-0.0154,0.0297,-0.0451
D,0.3,0.1,0.001,1789737691313,LONG,105.98,1789737817971,105.87,SL,126658,-0.0154,0.0297,-0.0451
D,0.3,0.15,0.001,1789736948296,SHORT,105.62,1789737390622,105.78,SL,442326,-0.0224,0.0296,-0.0520
D,0.3,0.15,0.001,1789736988436,LONG,105.64,1789737668031,105.96,TP,679595,0.0448,0.0296,0.0152
D,0.3,0.15,0.001,1789737002128,LONG,105.61,1789737607864,105.94,TP,605736,0.0462,0.0296,0.0166
D,0.3,0.15,0.001,1789737004165,SHORT,105.59,1789737385210,105.75,SL,381045,-0.0224,0.0296,-0.0520
D,0.3,0.15,0.001,1789737008174,LONG,105.61,1789737607864,105.94,TP,599690,0.0462,0.0296,0.0166
D,0.3,0.15,0.001,1789737018795,SHORT,105.61,1789737388108,105.77,SL,369313,-0.0224,0.0296,-0.0520
D,0.3,0.15,0.001,1789737030479,LONG,105.62,1789737607864,105.94,TP,577385,0.0448,0.0296,0.0152
D,0.3,0.15,0.001,1789737032494,LONG,105.64,1789737668031,105.96,TP,635537,0.0448,0.0296,0.0152
D,0.3,0.15,0.001,1789737034008,LONG,105.64,1789737668031,105.96,TP,634023,0.0448,0.0296,0.0152
D,0.3,0.15,0.001,1789737057793,LONG,105.62,1789737607864,105.94,TP,550071,0.0448,0.0296,0.0152
D,0.3,0.15,0.001,1789737059319,LONG,105.63,1789737663466,105.95,TP,604147,0.0448,0.0296,0.0152
D,0.3,0.15,0.001,1789737062867,SHORT,105.62,1789737390622,105.78,SL,327755,-0.0224,0.0296,-0.0520
D,0.3,0.15,0.001,1789737071973,SHORT,105.61,1789737388108,105.77,SL,316135,-0.0224,0.0296,-0.0520
D,0.3,0.15,0.001,1789737076027,LONG,105.6,1789737578521,105.92,TP,502494,0.0448,0.0296,0.0152
D,0.3,0.15,0.001,1789737107395,SHORT,105.62,1789737390622,105.78,SL,283227,-0.0224,0.0296,-0.0520
D,0.3,0.15,0.001,1789737126637,LONG,105.61,1789737607864,105.94,TP,481227,0.0462,0.0296,0.0166
D,0.3,0.15,0.001,1789737169664,LONG,105.61,1789737607864,105.94,TP,438200,0.0462,0.0296,0.0166
D,0.3,0.15,0.001,1789737173194,LONG,105.59,1789737578521,105.92,TP,405327,0.0462,0.0296,0.0166
D,0.3,0.15,0.001,1789737184910,LONG,105.6,1789737578521,105.92,TP,393611,0.0448,0.0296,0.0152
D,0.3,0.15,0.001,1789737187440,LONG,105.59,1789737578521,105.92,TP,391081,0.0462,0.0296,0.0166
D,0.3,0.15,0.001,1789737193502,LONG,105.6,1789737578521,105.92,TP,385019,0.0448,0.0296,0.0152
D,0.3,0.15,0.001,1789737195007,SHORT,105.58,1789737385210,105.75,SL,190203,-0.0238,0.0296,-0.0534
D,0.3,0.15,0.001,1789737199279,LONG,105.61,1789737607864,105.94,TP,408585,0.0462,0.0296,0.0166
D,0.3,0.15,0.001,1789737206609,SHORT,105.62,1789737390622,105.78,SL,184013,-0.0224,0.0296,-0.0520
D,0.3,0.15,0.001,1789737208112,SHORT,105.61,1789737388108,105.77,SL,179996,-0.0224,0.0296,-0.0520
D,0.3,0.15,0.001,1789737209644,SHORT,105.61,1789737388108,105.77,SL,178464,-0.0224,0.0296,-0.0520
D,0.3,0.15,0.001,1789737219262,LONG,105.61,1789737607864,105.94,TP,388602,0.0462,0.0296,0.0166
D,0.3,0.15,0.001,1789737244623,LONG,105.64,1789737668031,105.96,TP,423408,0.0448,0.0296,0.0152
D,0.3,0.15,0.001,1789737246635,LONG,105.64,1789737668031,105.96,TP,421396,0.0448,0.0296,0.0152
D,0.3,0.15,0.001,1789737247659,LONG,105.64,1789737668031,105.96,TP,420372,0.0448,0.0296,0.0152
D,0.3,0.15,0.001,1789737261415,LONG,105.63,1789737663466,105.95,TP,402051,0.0448,0.0296,0.0152
D,0.3,0.15,0.001,1789737265459,LONG,105.63,1789737663466,105.95,TP,398007,0.0448,0.0296,0.0152
D,0.3,0.15,0.001,1789737267498,LONG,105.64,1789737668031,105.96,TP,400533,0.0448,0.0296,0.0152
D,0.3,0.15,0.001,1789737269519,LONG,105.65,1789737691313,105.97,TP,421794,0.0448,0.0296,0.0152
D,0.3,0.15,0.001,1789737280709,SHORT,105.64,1789737482425,105.8,SL,201716,-0.0224,0.0296,-0.0520
D,0.3,0.15,0.001,1789737289864,LONG,105.63,1789737663466,105.95,TP,373602,0.0448,0.0296,0.0152
D,0.3,0.15,0.001,1789737299008,SHORT,105.61,1789737388108,105.77,SL,89100,-0.0224,0.0296,-0.0520
D,0.3,0.15,0.001,1789737308613,LONG,105.61,1789737607864,105.94,TP,299251,0.0462,0.0296,0.0166
D,0.3,0.15,0.001,1789737318204,LONG,105.62,1789737607864,105.94,TP,289660,0.0448,0.0296,0.0152
D,0.3,0.15,0.001,1789737332922,LONG,105.61,1789737607864,105.94,TP,274942,0.0462,0.0296,0.0166
D,0.3,0.15,0.001,1789737341003,SHORT,105.6,1789737388108,105.77,SL,47105,-0.0238,0.0296,-0.0534
D,0.3,0.15,0.001,1789737345587,LONG,105.61,1789737607864,105.94,TP,262277,0.0462,0.0296,0.0166
D,0.3,0.15,0.001,1789737360307,LONG,105.63,1789737663466,105.95,TP,303159,0.0448,0.0296,0.0152
D,0.3,0.15,0.001,1789737367913,LONG,105.64,1789737668031,105.96,TP,300118,0.0448,0.0296,0.0152
D,0.3,0.15,0.001,1789737373993,LONG,105.66,1789737692836,105.98,TP,318843,0.0448,0.0296,0.0152
D,0.3,0.15,0.001,1789737380029,SHORT,105.66,1789737494073,105.83,SL,114044,-0.0238,0.0296,-0.0534
D,0.3,0.15,0.001,1789737502102,SHORT,105.84,1789737726711,106,SL,224609,-0.0224,0.0297,-0.0521
D,0.3,0.15,0.001,1789737505134,SHORT,105.84,1789737726711,106,SL,221577,-0.0224,0.0297,-0.0521
D,0.3,0.15,0.001,1789737776885,LONG,106.02,1789737818471,105.86,SL,41586,-0.0224,0.0297,-0.0521
D,0.3,0.15,0.001,1789737778409,LONG,106.03,1789737817971,105.87,SL,39562,-0.0224,0.0297,-0.0521
D,0.3,0.2,0.001,1789736948296,SHORT,105.62,1789737494555,105.86,SL,546259,-0.0336,0.0296,-0.0632
D,0.3,0.2,0.001,1789736988436,LONG,105.64,1789737668031,105.96,TP,679595,0.0448,0.0296,0.0152
D,0.3,0.2,0.001,1789737002128,LONG,105.61,1789737607864,105.94,TP,605736,0.0462,0.0296,0.0166
D,0.3,0.2,0.001,1789737004165,SHORT,105.59,1789737485445,105.81,SL,481280,-0.0308,0.0296,-0.0604
D,0.3,0.2,0.001,1789737008174,LONG,105.61,1789737607864,105.94,TP,599690,0.0462,0.0296,0.0166
D,0.3,0.2,0.001,1789737018795,SHORT,105.61,1789737494073,105.83,SL,475278,-0.0308,0.0296,-0.0604
D,0.3,0.2,0.001,1789737030479,LONG,105.62,1789737607864,105.94,TP,577385,0.0448,0.0296,0.0152
D,0.3,0.2,0.001,1789737032494,LONG,105.64,1789737668031,105.96,TP,635537,0.0448,0.0296,0.0152
D,0.3,0.2,0.001,1789737034008,LONG,105.64,1789737668031,105.96,TP,634023,0.0448,0.0296,0.0152
D,0.3,0.2,0.001,1789737057793,LONG,105.62,1789737607864,105.94,TP,550071,0.0448,0.0296,0.0152
D,0.3,0.2,0.001,1789737059319,LONG,105.63,1789737663466,105.95,TP,604147,0.0448,0.0296,0.0152
D,0.3,0.2,0.001,1789737062867,SHORT,105.62,1789737494555,105.86,SL,431688,-0.0336,0.0296,-0.0632
D,0.3,0.2,0.001,1789737071973,SHORT,105.61,1789737494073,105.83,SL,422100,-0.0308,0.0296,-0.0604
D,0.3,0.2,0.001,1789737076027,LONG,105.6,1789737578521,105.92,TP,502494,0.0448,0.0296,0.0152
D,0.3,0.2,0.001,1789737107395,SHORT,105.62,1789737494555,105.86,SL,387160,-0.0336,0.0296,-0.0632
D,0.3,0.2,0.001,1789737126637,LONG,105.61,1789737607864,105.94,TP,481227,0.0462,0.0296,0.0166
D,0.3,0.2,0.001,1789737169664,LONG,105.61,1789737607864,105.94,TP,438200,0.0462,0.0296,0.0166
D,0.3,0.2,0.001,1789737173194,LONG,105.59,1789737578521,105.92,TP,405327,0.0462,0.0296,0.0166
D,0.3,0.2,0.001,1789737184910,LONG,105.6,1789737578521,105.92,TP,393611,0.0448,0.0296,0.0152
D,0.3,0.2,0.001,1789737187440,LONG,105.59,1789737578521,105.92,TP,391081,0.0462,0.0296,0.0166
D,0.3,0.2,0.001,1789737193502,LONG,105.6,1789737578521,105.92,TP,385019,0.0448,0.0296,0.0152
D,0.3,0.2,0.001,1789737195007,SHORT,105.58,1789737482425,105.8,SL,287418,-0.0308,0.0296,-0.0604
D,0.3,0.2,0.001,1789737199279,LONG,105.61,1789737607864,105.94,TP,408585,0.0462,0.0296,0.0166
D,0.3,0.2,0.001,1789737206609,SHORT,105.62,1789737494555,105.86,SL,287946,-0.0336,0.0296,-0.0632
D,0.3,0.2,0.001,1789737208112,SHORT,105.61,1789737494073,105.83,SL,285961,-0.0308,0.0296,-0.0604
D,0.3,0.2,0.001,1789737209644,SHORT,105.61,1789737494073,105.83,SL,284429,-0.0308,0.0296,-0.0604
D,0.3,0.2,0.001,1789737219262,LONG,105.61,1789737607864,105.94,TP,388602,0.0462,0.0296,0.0166
D,0.3,0.2,0.001,1789737244623,LONG,105.64,1789737668031,105.96,TP,423408,0.0448,0.0296,0.0152
D,0.3,0.2,0.001,1789737246635,LONG,105.64,1789737668031,105.96,TP,421396,0.0448,0.0296,0.0152
D,0.3,0.2,0.001,1789737247659,LONG,105.64,1789737668031,105.96,TP,420372,0.0448,0.0296,0.0152
D,0.3,0.2,0.001,1789737261415,LONG,105.63,1789737663466,105.95,TP,402051,0.0448,0.0296,0.0152
D,0.3,0.2,0.001,1789737265459,LONG,105.63,1789737663466,105.95,TP,398007,0.0448,0.0296,0.0152
D,0.3,0.2,0.001,1789737267498,LONG,105.64,1789737668031,105.96,TP,400533,0.0448,0.0296,0.0152
D,0.3,0.2,0.001,1789737269519,LONG,105.65,1789737691313,105.97,TP,421794,0.0448,0.0296,0.0152
D,0.3,0.2,0.001,1789737280709,SHORT,105.64,1789737494555,105.86,SL,213846,-0.0308,0.0296,-0.0604
D,0.3,0.2,0.001,1789737289864,LONG,105.63,1789737663466,105.95,TP,373602,0.0448,0.0296,0.0152
D,0.3,0.2,0.001,1789737299008,SHORT,105.61,1789737494073,105.83,SL,195065,-0.0308,0.0296,-0.0604
D,0.3,0.2,0.001,1789737308613,LONG,105.61,1789737607864,105.94,TP,299251,0.0462,0.0296,0.0166
D,0.3,0.2,0.001,1789737318204,LONG,105.62,1789737607864,105.94,TP,289660,0.0448,0.0296,0.0152
D,0.3,0.2,0.001,1789737332922,LONG,105.61,1789737607864,105.94,TP,274942,0.0462,0.0296,0.0166
D,0.3,0.2,0.001,1789737341003,SHORT,105.6,1789737494073,105.83,SL,153070,-0.0322,0.0296,-0.0618
D,0.3,0.2,0.001,1789737345587,LONG,105.61,1789737607864,105.94,TP,262277,0.0462,0.0296,0.0166
D,0.3,0.2,0.001,1789737360307,LONG,105.63,1789737663466,105.95,TP,303159,0.0448,0.0296,0.0152
D,0.3,0.2,0.001,1789737367913,LONG,105.64,1789737668031,105.96,TP,300118,0.0448,0.0296,0.0152
D,0.3,0.2,0.001,1789737373993,LONG,105.66,1789737692836,105.98,TP,318843,0.0448,0.0296,0.0152
D,0.3,0.2,0.001,1789737380029,SHORT,105.66,1789737515255,105.89,SL,135226,-0.0322,0.0296,-0.0618
D,0.3,0.25,0.001,1789736948296,SHORT,105.62,1789737515255,105.89,SL,566959,-0.0378,0.0296,-0.0674
D,0.3,0.25,0.001,1789736988436,LONG,105.64,1789737668031,105.96,TP,679595,0.0448,0.0296,0.0152
D,0.3,0.25,0.001,1789737002128,LONG,105.61,1789737607864,105.94,TP,605736,0.0462,0.0296,0.0166
D,0.3,0.25,0.001,1789737004165,SHORT,105.59,1789737494555,105.86,SL,490390,-0.0378,0.0296,-0.0674
D,0.3,0.25,0.001,1789737008174,LONG,105.61,1789737607864,105.94,TP,599690,0.0462,0.0296,0.0166
D,0.3,0.25,0.001,1789737018795,SHORT,105.61,1789737515255,105.89,SL,496460,-0.0392,0.0296,-0.0688
D,0.3,0.25,0.001,1789737030479,LONG,105.62,1789737607864,105.94,TP,577385,0.0448,0.0296,0.0152
D,0.3,0.25,0.001,1789737032494,LONG,105.64,1789737668031,105.96,TP,635537,0.0448,0.0296,0.0152
D,0.3,0.25,0.001,1789737034008,LONG,105.64,1789737668031,105.96,TP,634023,0.0448,0.0296,0.0152
D,0.3,0.25,0.001,1789737057793,LONG,105.62,1789737607864,105.94,TP,550071,0.0448,0.0296,0.0152
D,0.3,0.25,0.001,1789737059319,LONG,105.63,1789737663466,105.95,TP,604147,0.0448,0.0296,0.0152
D,0.3,0.25,0.001,1789737062867,SHORT,105.62,1789737515255,105.89,SL,452388,-0.0378,0.0296,-0.0674
D,0.3,0.25,0.001,1789737071973,SHORT,105.61,1789737515255,105.89,SL,443282,-0.0392,0.0296,-0.0688
D,0.3,0.25,0.001,1789737076027,LONG,105.6,1789737578521,105.92,TP,502494,0.0448,0.0296,0.0152
D,0.3,0.25,0.001,1789737107395,SHORT,105.62,1789737515255,105.89,SL,407860,-0.0378,0.0296,-0.0674
D,0.3,0.25,0.001,1789737126637,LONG,105.61,1789737607864,105.94,TP,481227,0.0462,0.0296,0.0166
D,0.3,0.25,0.001,1789737169664,LONG,105.61,1789737607864,105.94,TP,438200,0.0462,0.0296,0.0166
D,0.3,0.25,0.001,1789737173194,LONG,105.59,1789737578521,105.92,TP,405327,0.0462,0.0296,0.0166
D,0.3,0.25,0.001,1789737184910,LONG,105.6,1789737578521,105.92,TP,393611,0.0448,0.0296,0.0152
D,0.3,0.25,0.001,1789737187440,LONG,105.59,1789737578521,105.92,TP,391081,0.0462,0.0296,0.0166
D,0.3,0.25,0.001,1789737193502,LONG,105.6,1789737578521,105.92,TP,385019,0.0448,0.0296,0.0152
D,0.3,0.25,0.001,1789737195007,SHORT,105.58,1789737494555,105.86,SL,299548,-0.0392,0.0296,-0.0688
D,0.3,0.25,0.001,1789737199279,LONG,105.61,1789737607864,105.94,TP,408585,0.0462,0.0296,0.0166
D,0.3,0.25,0.001,1789737206609,SHORT,105.62,1789737515255,105.89,SL,308646,-0.0378,0.0296,-0.0674
D,0.3,0.25,0.001,1789737208112,SHORT,105.61,1789737515255,105.89,SL,307143,-0.0392,0.0296,-0.0688
D,0.3,0.25,0.001,1789737209644,SHORT,105.61,1789737515255,105.89,SL,305611,-0.0392,0.0296,-0.0688
D,0.3,0.25,0.001,1789737219262,LONG,105.61,1789737607864,105.94,TP,388602,0.0462,0.0296,0.0166
D,0.3,0.25,0.001,1789737244623,LONG,105.64,1789737668031,105.96,TP,423408,0.0448,0.0296,0.0152
D,0.3,0.25,0.001,1789737246635,LONG,105.64,1789737668031,105.96,TP,421396,0.0448,0.0296,0.0152
D,0.3,0.25,0.001,1789737247659,LONG,105.64,1789737668031,105.96,TP,420372,0.0448,0.0296,0.0152
D,0.3,0.25,0.001,1789737261415,LONG,105.63,1789737663466,105.95,TP,402051,0.0448,0.0296,0.0152
D,0.3,0.25,0.001,1789737265459,LONG,105.63,1789737663466,105.95,TP,398007,0.0448,0.0296,0.0152
D,0.3,0.25,0.001,1789737267498,LONG,105.64,1789737668031,105.96,TP,400533,0.0448,0.0296,0.0152
D,0.3,0.25,0.001,1789737269519,LONG,105.65,1789737691313,105.97,TP,421794,0.0448,0.0296,0.0152
D,0.3,0.25,0.001,1789737280709,SHORT,105.64,1789737558228,105.91,SL,277519,-0.0378,0.0296,-0.0674
D,0.3,0.25,0.001,1789737289864,LONG,105.63,1789737663466,105.95,TP,373602,0.0448,0.0296,0.0152
D,0.3,0.25,0.001,1789737299008,SHORT,105.61,1789737515255,105.89,SL,216247,-0.0392,0.0296,-0.0688
D,0.3,0.25,0.001,1789737308613,LONG,105.61,1789737607864,105.94,TP,299251,0.0462,0.0296,0.0166
D,0.3,0.25,0.001,1789737318204,LONG,105.62,1789737607864,105.94,TP,289660,0.0448,0.0296,0.0152
D,0.3,0.25,0.001,1789737332922,LONG,105.61,1789737607864,105.94,TP,274942,0.0462,0.0296,0.0166
D,0.3,0.25,0.001,1789737341003,SHORT,105.6,1789737495061,105.87,SL,154058,-0.0378,0.0296,-0.0674
D,0.3,0.25,0.001,1789737345587,LONG,105.61,1789737607864,105.94,TP,262277,0.0462,0.0296,0.0166
D,0.3,0.25,0.001,1789737360307,LONG,105.63,1789737663466,105.95,TP,303159,0.0448,0.0296,0.0152
D,0.3,0.25,0.001,1789737367913,LONG,105.64,1789737668031,105.96,TP,300118,0.0448,0.0296,0.0152
D,0.3,0.25,0.001,1789737373993,LONG,105.66,1789737692836,105.98,TP,318843,0.0448,0.0296,0.0152
D,0.3,0.25,0.001,1789737380029,SHORT,105.66,1789737578521,105.93,SL,198492,-0.0378,0.0296,-0.0674
D,0.3,0.3,0.001,1789736948296,SHORT,105.62,1789737607864,105.95,SL,659568,-0.0462,0.0296,-0.0758
D,0.3,0.3,0.001,1789736988436,LONG,105.64,1789737668031,105.96,TP,679595,0.0448,0.0296,0.0152
D,0.3,0.3,0.001,1789737002128,LONG,105.61,1789737607864,105.94,TP,605736,0.0462,0.0296,0.0166
D,0.3,0.3,0.001,1789737004165,SHORT,105.59,1789737558228,105.91,SL,554063,-0.0448,0.0296,-0.0744
D,0.3,0.3,0.001,1789737008174,LONG,105.61,1789737607864,105.94,TP,599690,0.0462,0.0296,0.0166
D,0.3,0.3,0.001,1789737018795,SHORT,105.61,1789737578521,105.93,SL,559726,-0.0448,0.0296,-0.0744
D,0.3,0.3,0.001,1789737030479,LONG,105.62,1789737607864,105.94,TP,577385,0.0448,0.0296,0.0152
D,0.3,0.3,0.001,1789737032494,LONG,105.64,1789737668031,105.96,TP,635537,0.0448,0.0296,0.0152
D,0.3,0.3,0.001,1789737034008,LONG,105.64,1789737668031,105.96,TP,634023,0.0448,0.0296,0.0152
D,0.3,0.3,0.001,1789737057793,LONG,105.62,1789737607864,105.94,TP,550071,0.0448,0.0296,0.0152
D,0.3,0.3,0.001,1789737059319,LONG,105.63,1789737663466,105.95,TP,604147,0.0448,0.0296,0.0152
D,0.3,0.3,0.001,1789737062867,SHORT,105.62,1789737607864,105.95,SL,544997,-0.0462,0.0296,-0.0758
D,0.3,0.3,0.001,1789737071973,SHORT,105.61,1789737578521,105.93,SL,506548,-0.0448,0.0296,-0.0744
D,0.3,0.3,0.001,1789737076027,LONG,105.6,1789737578521,105.92,TP,502494,0.0448,0.0296,0.0152
D,0.3,0.3,0.001,1789737107395,SHORT,105.62,1789737607864,105.95,SL,500469,-0.0462,0.0296,-0.0758
D,0.3,0.3,0.001,1789737126637,LONG,105.61,1789737607864,105.94,TP,481227,0.0462,0.0296,0.0166
D,0.3,0.3,0.001,1789737169664,LONG,105.61,1789737607864,105.94,TP,438200,0.0462,0.0296,0.0166
D,0.3,0.3,0.001,1789737173194,LONG,105.59,1789737578521,105.92,TP,405327,0.0462,0.0296,0.0166
D,0.3,0.3,0.001,1789737184910,LONG,105.6,1789737578521,105.92,TP,393611,0.0448,0.0296,0.0152
D,0.3,0.3,0.001,1789737187440,LONG,105.59,1789737578521,105.92,TP,391081,0.0462,0.0296,0.0166
D,0.3,0.3,0.001,1789737193502,LONG,105.6,1789737578521,105.92,TP,385019,0.0448,0.0296,0.0152
D,0.3,0.3,0.001,1789737195007,SHORT,105.58,1789737527858,105.9,SL,332851,-0.0448,0.0296,-0.0744
D,0.3,0.3,0.001,1789737199279,LONG,105.61,1789737607864,105.94,TP,408585,0.0462,0.0296,0.0166
D,0.3,0.3,0.001,1789737206609,SHORT,105.62,1789737607864,105.95,SL,401255,-0.0462,0.0296,-0.0758
D,0.3,0.3,0.001,1789737208112,SHORT,105.61,1789737578521,105.93,SL,370409,-0.0448,0.0296,-0.0744
D,0.3,0.3,0.001,1789737209644,SHORT,105.61,1789737578521,105.93,SL,368877,-0.0448,0.0296,-0.0744
D,0.3,0.3,0.001,1789737219262,LONG,105.61,1789737607864,105.94,TP,388602,0.0462,0.0296,0.0166
D,0.3,0.3,0.001,1789737244623,LONG,105.64,1789737668031,105.96,TP,423408,0.0448,0.0296,0.0152
D,0.3,0.3,0.001,1789737246635,LONG,105.64,1789737668031,105.96,TP,421396,0.0448,0.0296,0.0152
D,0.3,0.3,0.001,1789737247659,LONG,105.64,1789737668031,105.96,TP,420372,0.0448,0.0296,0.0152
D,0.3,0.3,0.001,1789737261415,LONG,105.63,1789737663466,105.95,TP,402051,0.0448,0.0296,0.0152
D,0.3,0.3,0.001,1789737265459,LONG,105.63,1789737663466,105.95,TP,398007,0.0448,0.0296,0.0152
D,0.3,0.3,0.001,1789737267498,LONG,105.64,1789737668031,105.96,TP,400533,0.0448,0.0296,0.0152
D,0.3,0.3,0.001,1789737269519,LONG,105.65,1789737691313,105.97,TP,421794,0.0448,0.0296,0.0152
D,0.3,0.3,0.001,1789737280709,SHORT,105.64,1789737663466,105.96,SL,382757,-0.0448,0.0296,-0.0744
D,0.3,0.3,0.001,1789737289864,LONG,105.63,1789737663466,105.95,TP,373602,0.0448,0.0296,0.0152
D,0.3,0.3,0.001,1789737299008,SHORT,105.61,1789737578521,105.93,SL,279513,-0.0448,0.0296,-0.0744
D,0.3,0.3,0.001,1789737308613,LONG,105.61,1789737607864,105.94,TP,299251,0.0462,0.0296,0.0166
D,0.3,0.3,0.001,1789737318204,LONG,105.62,1789737607864,105.94,TP,289660,0.0448,0.0296,0.0152
D,0.3,0.3,0.001,1789737332922,LONG,105.61,1789737607864,105.94,TP,274942,0.0462,0.0296,0.0166
D,0.3,0.3,0.001,1789737341003,SHORT,105.6,1789737578521,105.93,SL,237518,-0.0462,0.0296,-0.0758
D,0.3,0.5,0.001,1789736988436,LONG,105.64,1789737668031,105.96,TP,679595,0.0448,0.0296,0.0152
D,0.3,0.5,0.001,1789737002128,LONG,105.61,1789737607864,105.94,TP,605736,0.0462,0.0296,0.0166
D,0.3,0.5,0.001,1789737008174,LONG,105.61,1789737607864,105.94,TP,599690,0.0462,0.0296,0.0166
D,0.3,0.5,0.001,1789737030479,LONG,105.62,1789737607864,105.94,TP,577385,0.0448,0.0296,0.0152
D,0.3,0.5,0.001,1789737032494,LONG,105.64,1789737668031,105.96,TP,635537,0.0448,0.0296,0.0152
D,0.3,0.5,0.001,1789737034008,LONG,105.64,1789737668031,105.96,TP,634023,0.0448,0.0296,0.0152
D,0.3,0.5,0.001,1789737057793,LONG,105.62,1789737607864,105.94,TP,550071,0.0448,0.0296,0.0152
D,0.3,0.5,0.001,1789737059319,LONG,105.63,1789737663466,105.95,TP,604147,0.0448,0.0296,0.0152
D,0.3,0.5,0.001,1789737076027,LONG,105.6,1789737578521,105.92,TP,502494,0.0448,0.0296,0.0152
D,0.3,0.5,0.001,1789737126637,LONG,105.61,1789737607864,105.94,TP,481227,0.0462,0.0296,0.0166
D,0.3,0.5,0.001,1789737169664,LONG,105.61,1789737607864,105.94,TP,438200,0.0462,0.0296,0.0166
D,0.3,0.5,0.001,1789737173194,LONG,105.59,1789737578521,105.92,TP,405327,0.0462,0.0296,0.0166
D,0.3,0.5,0.001,1789737184910,LONG,105.6,1789737578521,105.92,TP,393611,0.0448,0.0296,0.0152
D,0.3,0.5,0.001,1789737187440,LONG,105.59,1789737578521,105.92,TP,391081,0.0462,0.0296,0.0166
D,0.3,0.5,0.001,1789737193502,LONG,105.6,1789737578521,105.92,TP,385019,0.0448,0.0296,0.0152
D,0.3,0.5,0.001,1789737199279,LONG,105.61,1789737607864,105.94,TP,408585,0.0462,0.0296,0.0166
D,0.3,0.5,0.001,1789737219262,LONG,105.61,1789737607864,105.94,TP,388602,0.0462,0.0296,0.0166
D,0.3,0.5,0.001,1789737244623,LONG,105.64,1789737668031,105.96,TP,423408,0.0448,0.0296,0.0152
D,0.3,0.5,0.001,1789737246635,LONG,105.64,1789737668031,105.96,TP,421396,0.0448,0.0296,0.0152
D,0.3,0.5,0.001,1789737247659,LONG,105.64,1789737668031,105.96,TP,420372,0.0448,0.0296,0.0152
D,0.3,0.5,0.001,1789737261415,LONG,105.63,1789737663466,105.95,TP,402051,0.0448,0.0296,0.0152
D,0.3,0.5,0.001,1789737265459,LONG,105.63,1789737663466,105.95,TP,398007,0.0448,0.0296,0.0152
D,0.3,0.5,0.001,1789737267498,LONG,105.64,1789737668031,105.96,TP,400533,0.0448,0.0296,0.0152
D,0.3,0.5,0.001,1789737269519,LONG,105.65,1789737691313,105.97,TP,421794,0.0448,0.0296,0.0152
D,0.3,0.5,0.001,1789737289864,LONG,105.63,1789737663466,105.95,TP,373602,0.0448,0.0296,0.0152
D,0.3,0.5,0.001,1789737308613,LONG,105.61,1789737607864,105.94,TP,299251,0.0462,0.0296,0.0166
D,0.3,0.5,0.001,1789737318204,LONG,105.62,1789737607864,105.94,TP,289660,0.0448,0.0296,0.0152
D,0.3,0.5,0.001,1789737332922,LONG,105.61,1789737607864,105.94,TP,274942,0.0462,0.0296,0.0166
D,0.3,0.5,0.001,1789737345587,LONG,105.61,1789737607864,105.94,TP,262277,0.0462,0.0296,0.0166
D,0.3,0.5,0.001,1789737360307,LONG,105.63,1789737663466,105.95,TP,303159,0.0448,0.0296,0.0152
D,0.3,0.5,0.001,1789737367913,LONG,105.64,1789737668031,105.96,TP,300118,0.0448,0.0296,0.0152
D,0.3,0.5,0.001,1789737373993,LONG,105.66,1789737692836,105.98,TP,318843,0.0448,0.0296,0.0152
D,0.5,0.1,0.001,1789736948296,SHORT,105.62,1789737385210,105.75,SL,436914,-0.0182,0.0296,-0.0478
D,0.5,0.1,0.001,1789737004165,SHORT,105.59,1789737385210,105.75,SL,381045,-0.0224,0.0296,-0.0520
D,0.5,0.1,0.001,1789737018795,SHORT,105.61,1789737385210,105.75,SL,366415,-0.0196,0.0296,-0.0492
D,0.5,0.1,0.001,1789737062867,SHORT,105.62,1789737385210,105.75,SL,322343,-0.0182,0.0296,-0.0478
D,0.5,0.1,0.001,1789737071973,SHORT,105.61,1789737385210,105.75,SL,313237,-0.0196,0.0296,-0.0492
D,0.5,0.1,0.001,1789737107395,SHORT,105.62,1789737385210,105.75,SL,277815,-0.0182,0.0296,-0.0478
D,0.5,0.1,0.001,1789737195007,SHORT,105.58,1789737385210,105.75,SL,190203,-0.0238,0.0296,-0.0534
D,0.5,0.1,0.001,1789737206609,SHORT,105.62,1789737385210,105.75,SL,178601,-0.0182,0.0296,-0.0478
D,0.5,0.1,0.001,1789737208112,SHORT,105.61,1789737385210,105.75,SL,177098,-0.0196,0.0296,-0.0492
D,0.5,0.1,0.001,1789737209644,SHORT,105.61,1789737385210,105.75,SL,175566,-0.0196,0.0296,-0.0492
D,0.5,0.1,0.001,1789737280709,SHORT,105.64,1789737385210,105.75,SL,104501,-0.0154,0.0296,-0.0450
D,0.5,0.15,0.001,1789736948296,SHORT,105.62,1789737390622,105.78,SL,442326,-0.0224,0.0296,-0.0520
D,0.5,0.15,0.001,1789737004165,SHORT,105.59,1789737385210,105.75,SL,381045,-0.0224,0.0296,-0.0520
D,0.5,0.15,0.001,1789737018795,SHORT,105.61,1789737388108,105.77,SL,369313,-0.0224,0.0296,-0.0520
D,0.5,0.15,0.001,1789737062867,SHORT,105.62,1789737390622,105.78,SL,327755,-0.0224,0.0296,-0.0520
D,0.5,0.15,0.001,1789737071973,SHORT,105.61,1789737388108,105.77,SL,316135,-0.0224,0.0296,-0.0520
D,0.5,0.15,0.001,1789737107395,SHORT,105.62,1789737390622,105.78,SL,283227,-0.0224,0.0296,-0.0520
D,0.5,0.15,0.001,1789737195007,SHORT,105.58,1789737385210,105.75,SL,190203,-0.0238,0.0296,-0.0534
D,0.5,0.15,0.001,1789737206609,SHORT,105.62,1789737390622,105.78,SL,184013,-0.0224,0.0296,-0.0520
D,0.5,0.15,0.001,1789737208112,SHORT,105.61,1789737388108,105.77,SL,179996,-0.0224,0.0296,-0.0520
D,0.5,0.15,0.001,1789737209644,SHORT,105.61,1789737388108,105.77,SL,178464,-0.0224,0.0296,-0.0520
D,0.5,0.15,0.001,1789737280709,SHORT,105.64,1789737482425,105.8,SL,201716,-0.0224,0.0296,-0.0520
D,0.5,0.2,0.001,1789736948296,SHORT,105.62,1789737494555,105.86,SL,546259,-0.0336,0.0296,-0.0632
D,0.5,0.2,0.001,1789737004165,SHORT,105.59,1789737485445,105.81,SL,481280,-0.0308,0.0296,-0.0604
D,0.5,0.2,0.001,1789737018795,SHORT,105.61,1789737494073,105.83,SL,475278,-0.0308,0.0296,-0.0604
D,0.5,0.2,0.001,1789737062867,SHORT,105.62,1789737494555,105.86,SL,431688,-0.0336,0.0296,-0.0632
D,0.5,0.2,0.001,1789737071973,SHORT,105.61,1789737494073,105.83,SL,422100,-0.0308,0.0296,-0.0604
D,0.5,0.2,0.001,1789737107395,SHORT,105.62,1789737494555,105.86,SL,387160,-0.0336,0.0296,-0.0632
D,0.5,0.2,0.001,1789737195007,SHORT,105.58,1789737482425,105.8,SL,287418,-0.0308,0.0296,-0.0604
D,0.5,0.2,0.001,1789737206609,SHORT,105.62,1789737494555,105.86,SL,287946,-0.0336,0.0296,-0.0632
D,0.5,0.2,0.001,1789737208112,SHORT,105.61,1789737494073,105.83,SL,285961,-0.0308,0.0296,-0.0604
D,0.5,0.25,0.001,1789736948296,SHORT,105.62,1789737515255,105.89,SL,566959,-0.0378,0.0296,-0.0674
D,0.5,0.25,0.001,1789737004165,SHORT,105.59,1789737494555,105.86,SL,490390,-0.0378,0.0296,-0.0674
D,0.5,0.25,0.001,1789737018795,SHORT,105.61,1789737515255,105.89,SL,496460,-0.0392,0.0296,-0.0688
D,0.5,0.25,0.001,1789737062867,SHORT,105.62,1789737515255,105.89,SL,452388,-0.0378,0.0296,-0.0674
D,0.5,0.25,0.001,1789737071973,SHORT,105.61,1789737515255,105.89,SL,443282,-0.0392,0.0296,-0.0688
D,0.5,0.25,0.001,1789737107395,SHORT,105.62,1789737515255,105.89,SL,407860,-0.0378,0.0296,-0.0674
D,0.5,0.25,0.001,1789737195007,SHORT,105.58,1789737494555,105.86,SL,299548,-0.0392,0.0296,-0.0688
D,0.5,0.25,0.001,1789737206609,SHORT,105.62,1789737515255,105.89,SL,308646,-0.0378,0.0296,-0.0674
D,0.5,0.3,0.001,1789736948296,SHORT,105.62,1789737607864,105.95,SL,659568,-0.0462,0.0296,-0.0758
D,0.5,0.3,0.001,1789737004165,SHORT,105.59,1789737558228,105.91,SL,554063,-0.0448,0.0296,-0.0744
D,0.5,0.3,0.001,1789737018795,SHORT,105.61,1789737578521,105.93,SL,559726,-0.0448,0.0296,-0.0744
D,0.5,0.3,0.001,1789737062867,SHORT,105.62,1789737607864,105.95,SL,544997,-0.0462,0.0296,-0.0758
D,0.5,0.3,0.001,1789737071973,SHORT,105.61,1789737578521,105.93,SL,506548,-0.0448,0.0296,-0.0744
D,0.5,0.3,0.001,1789737107395,SHORT,105.62,1789737607864,105.95,SL,500469,-0.0462,0.0296,-0.0758
D,0.5,0.3,0.001,1789737195007,SHORT,105.58,1789737527858,105.9,SL,332851,-0.0448,0.0296,-0.0744
D,0.5,0.3,0.001,1789737206609,SHORT,105.62,1789737607864,105.95,SL,401255,-0.0462,0.0296,-0.0758