timestamp,bestBid,bestAsk,mid,bidQty,askQty,spreadPercent,imbalance,microPrice,microEdgePercent,oneSecondReturn,twoSecondReturn,threeSecondReturn,thirtySecondReturn,oneMinuteReturn,threeMinuteReturn,fiveMinuteReturn,priceChangeFromStart,candidateACondition,candidateBCondition,candidateCCondition,candidateDCondition,signalCandidate,signalDirection,signal,positionState,entryPrice,quantity,usedMargin,availableMargin,unrealizedGrossPnl,unrealizedNetPnl,feedStatus,staleStatus,disconnectCount,reconnectCount
2026-09-23T15:06:12.792Z,2674.86,2674.87,2674.865,8.817,210.438,0.0003738506429208028,23.867301803334467,2674.8604021345013,-0.00017189149727009616,0.002617022986797454,0.006355864874315493,0.006355864874315493,0,0,0,0,-0.04857697488757913,,,,,,,,,,0.026,0,11.627906976744185,0,0,FRESH,false,0,1
2026-09-23T15:06:42.818Z,2674.24,2674.25,2674.245,266.039,21.676,0.0003739373168957324,12.273436058313342,2674.2492466155745,0.00015879680338299918,0.009349306935876843,0.009349306935876843,0.009349306935876843,-0.0231787398616338,0,0,0,-0.07174445521857108,,,,,,,,,,0.026,0,11.627906976744185,0,0,FRESH,false,0,1
2026-09-23T15:07:12.823Z,2674,2674.01,2674.005,103.168,72.359,0.000373970878895824,1.4257797924238866,2674.0058776142705,0.000032820218002347735,0,0,-0.007104941860993676,-0.008974495605293521,-0.03215115529193707,0,0,-0.08071251212088397,,,,,,,,,,0.026,0,11.627906976744185,0,0,FRESH,false,0,1
2026-09-23T15:07:42.833Z,2675.13,2675.14,2675.135,80.016,103.557,0.0003738129103676461,1.2942036592681463,2675.134358810936,-0.000023968475012533883,0,0.004859804000370434,0.004859804000370434,0.04225870931430978,0.033280421203005985,0,0,-0.03848791087245164,,,,,,,,,,0.026,0,11.627906976744185,0,0,FRESH,false,0,1
2026-09-23T15:08:12.883Z,2681.46,2681.47,2681.465,95.853,35.163,0.00037293046896989265,2.7259619486391946,2681.4673161293276,0.00008637551963133904,0,0.020888468632808705,0.007459165729602187,0.23662357226831268,0.27898227565019645,0,0,0.19804458992626323,,,,,,,,,,0.026,0,11.627906976744185,0,0,FRESH,false,0,1
2026-09-23T15:08:42.910Z,2681.46,2681.47,2681.465,1.963,187.642,0.00037293046896989265,95.58940397350993,2681.460103531025,-0.00018260424711671495,0,0.0052212991711309675,-0.008203797239414768,0,0.23662357226831268,0,0,0.19804458992626323,,,,,,,,,,0.026,0,11.627906976744185,0,0,FRESH,false,0,1
2026-09-23T15:09:12.926Z,2680.14,2680.15,2680.145,30.317,203.868,0.00037311414122065335,6.724543985222812,2680.1412945748016,-0.00013825465407299066,-0.01156520068421016,-0.01156520068421016,-0.03990728084096813,-0.049226821905195985,-0.049226821905195985,0.1973931394668591,0,0.14872027696349135,,,,,,,,,,0.026,0,11.627906976744185,0,0,FRESH,false,0,1
2026-09-23T15:09:42.938Z,2679.02,2679.03,2679.025,54.207,71.469,0.00037327012626676786,1.3184459571642038,2679.02431323403,-0.000025634922030626903,0,-0.0041058028057610885,-0.0041058028057610885,-0.04178878381579694,-0.09099503443080759,0.178742037472266,0,0.1068693447526639,,,,,,,,,,0.026,0,11.627906976744185,0,0,FRESH,false,0,1
2026-09-23T15:10:12.945Z,2676.57,2676.58,2676.575,166.742,6.032,0.00037361179865176694,27.642904509283817,2676.579650873395,0.00017376211745789876,0,0.01831033020250783,0.02653347609091028,-0.09145118093337214,-0.13320174841287183,0.096110515874118,0,0.015320430541459682,,,,,,,,,,0.026,0,11.627906976744185,0,0,FRESH,false,0,1
2026-09-23T15:10:42.957Z,2679.48,2679.49,2679.4849999999997,100.053,98.569,0.0003732060451826949,1.015055443394982,2679.4850373573922,0.0000013942004734928197,0.013063918018295243,0.013063918018295243,0.020903907350877333,0.10872103341022968,0.01717042580788091,0.16260861601375087,0,0.12405812048209691,,,,,,,,,,0.026,0,11.627906976744185,0,0,FRESH,false,0,1
2026-09-23T15:11:12.972Z,2676.49,2676.5,2676.495,61.07,89.661,0.00037362296586462065,1.4681676764368756,2676.4940515885914,-0.000035434828327509367,0.001120881461171558,0.001120881461171558,0.001120881461171558,-0.11158860751225635,-0.0029888943892820955,-0.18534644308242898,0.06093765479753592,0.012331078240688718,,,,,,,,,,0.026,0,11.627906976744185,0,0,FRESH,false,0,1
2026-09-23T15:11:42.980Z,2677.35,2677.36,2677.355,94.056,39.894,0.0003735029534827574,2.357647766581441,2677.357021724524,0.00007551200808946927,0,0,0,0.03213157506366077,-0.07949288762578087,-0.15327442275025505,0.11629450555203909,0.04446661547401056,,,,,,,,,,0.026,0,11.627906976744185,0,0,FRESH,false,0,1
2026-09-23T15:12:12.989Z,2677.1,2677.11,2677.105,299.196,5.953,0.0003735378328537087,50.25970099109693,2677.1098049149764,0.0001794817527282488,0.0018677240474972365,0.010833770731259487,0.010833770731259487,-0.009337573836865115,0.02279100091724914,-0.11342669892860138,0.11593097245517152,0.0351248895340928,,,,,,,,,,0.026,0,11.627906976744185,0,0,FRESH,false,0,1
2026-09-23T15:12:43.004Z,2678.33,2678.34,2678.335,139.612,83.072,0.00037336628913927044,1.680614406779661,2678.3362695119545,0.0000473992967434341,-0.006720141570993293,-0.006720141570993293,-0.002240147551049992,0.045945153440003966,0.03660328944051193,-0.02575563871184683,0.1196201313204686,0.08108618115848884,,,,,,,,,,0.026,0,11.627906976744185,0,0,FRESH,false,0,1
2026-09-23T15:13:13.013Z,2678.7,2678.71,2678.705,36.932,200.612,0.00037331471738090904,5.431928950503628,2678.701554743542,-0.00012861649408130003,0,0,0.01717542644530416,0.013814552697847388,0.05976605325528543,0.07957931311471225,-0.10292880943813246,0.09491193554956304,,,,,,,,,,0.026,0,11.627906976744185,0,0,FRESH,false,0,1
2026-09-23T15:13:43.021Z,2678.53,2678.54,2678.535,90.803,194.491,0.00037333841072689105,2.141900597997864,2678.53318278688,-0.0000678435458159322,-0.013438376644106145,-0.0003733370169333828,-0.0003733370169333828,-0.006346350195339643,0.007467325782615621,-0.035454574293187616,-0.10926862741077324,0.08855956191041625,,,,,,,,,,0.026,0,11.627906976744185,0,0,FRESH,false,0,1
2026-09-23T15:14:13.029Z,2679.5,2679.51,2679.505,43.965,158.84,0.0003732032595654152,3.612873876947572,2679.5021678459602,-0.00010569691192512207,0,0,0.008957680557906056,0.03621382584137429,0.029865177389827618,0.1124605127228042,-0.023879305037595826,0.12480545855730665,,,,,,,,,,0.026,0,11.627906976744185,0,0,FRESH,false,0,1
2026-09-23T15:14:43.043Z,2678.51,2678.52,2678.5150000000003,191.348,28.688,0.0003733411983790843,6.669966536530954,2678.5186962133475,0.00013799487205453753,0,0,0.0022400973695806043,-0.03694712269616148,-0.0007466768214537821,0.043326342603065685,-0.019036776439180805,0.0878122238352405,,,,,,,,,,0.026,0,11.627906976744185,0,0,FRESH,false,0,1
2026-09-23T15:15:13.043Z,2679.5,2679.51,2679.505,39.966,107.436,0.0003732032595654152,2.6881849572136316,2679.5027113607684,-0.00008541276212080222,0,0,0.019036989617383322,0.0369607786403952,0,0.08964907988293663,0.10946825700756718,0.12480545855730665,,,,,,,,,,0.026,0,11.627906976744185,0,0,FRESH,false,0,1
2026-09-23T15:15:43.047Z,2681.5,2681.51,2681.505,35.95,269.938,0.0003729249059844482,7.508706536856745,2681.5011752667647,-0.00014263382822083442,0.004102342250959942,0.004102342250959942,0.004102342250959942,0.07464065191145379,0.11162901831797774,0.11835711365456796,0.07538762112870334,0.1995392660766487,,,,,,,,,,0.026,0,11.627906976744185,0,0,FRESH,false,0,1
2026-09-23T15:16:13.055Z,2683.73,2683.74,2683.7349999999997,78.923,115.336,0.00037261503090892106,1.4613737440289902,2683.734062771866,-0.00003492252900556003,0.017888720975068096,0.017888720975068096,0.009316243616044063,0.08316225403270042,0.15786497879270847,0.18777730283848895,0.2705030272800727,0.28286746146069874,,,,,,,,,,0.026,0,11.627906976744185,0,0,FRESH,false,0,1
2026-09-23T15:16:43.069Z,2681.67,2681.68,2681.675,31.759,288.04,0.0003729012650587238,9.069555086747064,2681.670993092536,-0.00014941808624730767,-0.007457469121410138,-0.02125085516049835,-0.02125085516049835,-0.07675869636903386,0.006339723401599951,0.11722826097102809,0.1613532759010353,0.2058916397157955,,,,,,,,,,0.026,0,11.627906976744185,0,0,FRESH,false,0,1
2026-09-23T15:17:13.082Z,2679.01,2679.02,2679.0150000000003,43.588,149.058,0.00037327151956086585,3.4197026704597593,2679.012262595642,-0.00010217950845415896,0,0,0,-0.09919173650796066,-0.17587429459314521,-0.018286959718298034,0.07134572607351258,0.106495675715076,,,,,,,,,,0.026,0,11.627906976744185,0,0,FRESH,false,0,1
2026-09-23T15:17:43.089Z,2677.66,2677.67,2677.665,193.906,83.587,0.0003734597121080598,2.319810496847596,2677.666987779872,0.00007423556988091674,0.0007469250031270692,0.011578591557710703,0.030259390217249174,-0.05039165514192207,-0.14953340729209236,-0.03173400186298616,-0.0250155413717878,0.05605035563950653,,,,,,,,,,0.026,0,11.627906976744185,0,0,FRESH,false,0,1
2026-09-23T15:18:13.099Z,2677.96,2677.97,2677.965,73.251,61.489,0.0003734178751314349,1.1912862463204803,2677.9654364702387,0.000016298578905356953,0,0.012324308578276247,0.012324308578276247,0.01120379136300403,-0.03919350955482451,-0.05747330197181807,-0.027625289085576116,0.06726042676741463,,,,,,,,,,0.026,0,11.627906976744185,0,0,FRESH,false,0,1
2026-09-23T15:18:43.110Z,2678.01,2678.02,2678.0150000000003,23.301,185.366,0.00037341090321613325,7.955280889232223,2678.0111166595584,-0.0001450081661946074,-0.010827743666235309,-0.04441616076409233,-0.04441616076409233,0.0018670893757081178,0.013071089923510365,-0.13015079218572337,-0.019413597358239748,0.06912877195540498,,,,,,,,,,0.026,0,11.627906976744185,0,0,FRESH,false,0,1
2026-09-23T15:19:13.118Z,2676.82,2676.83,2676.825,154.691,68.854,0.0003735769054668696,2.246652336828652,2676.8269199042693,0.00007172318957985159,0,0.007472096390036636,-0.006723932155535422,-0.04443589748378964,-0.04256963776600244,-0.2574769863641475,-0.10001847356135894,0.024662156481377435,,,,,,,,,,0.026,0,11.627906976744185,0,0,FRESH,false,0,1
2026-09-23T15:19:43.133Z,2677.65,2677.66,2677.6549999999997,210.843,36.839,0.0003734611068178511,5.723363826379652,2677.658512649284,0.00013118378896470492,0.000373462501555043,0.005602230434663472,0.019423749642790783,0.031006883154480674,-0.01344279251612041,-0.14990630855716805,-0.03210734306138222,0.05567668660190167,,,,,,,,,,0.026,0,11.627906976744185,0,0,FRESH,false,0,1
2026-09-23T15:20:13.150Z,2678.35,2678.36,2678.355,248.423,7.563,0.0003733635011123723,32.847150601613116,2678.3597045541555,0.0001756508810640677,0.018298159167853364,0.018298159167853364,0.018298159167853364,0.02614227747787795,0.05715726653779011,-0.024635920291611248,-0.04291837484908933,0.08183351923368158,,,,,,,,,,0.026,0,11.627906976744185,0,0,FRESH,false,0,1
2026-09-23T15:20:43.157Z,2679.64,2679.65,2679.645,202.572,41.47,0.0003731837612899574,4.884784181335906,2679.648300702338,0.00012317685133806188,0.015302875634287744,0.015302875634287744,0.015302875634287744,0.04816389164244335,0.07431876025851862,0.07394502299578246,-0.06936403251159805,0.13003682508365585,,,,,,,,,,0.026,0,11.627906976744185,0,0,FRESH,false,0,1
2026-09-23T15:21:13.169Z,2677.58,2677.59,2677.585,69.5,221.597,0.0003734708702139532,3.1884460431654675,2677.582387520311,-0.00009756850628851687,-0.012696397397243965,-0.021656619364375504,-0.03546714901988655,-0.07687585482405115,-0.028748989585024455,-0.014189879255334149,-0.22915824401439178,0.05306100333873558,,,,,,,,,,0.026,0,11.627906976744185,0,0,FRESH,false,0,1
2026-09-23T15:21:43.186Z,2678.4,2678.41,2678.4049999999997,138.071,132.269,0.00037335653121031107,1.0438651535885204,2678.4051073093137,0.000004006463323858413,0,0,0,0.030624611356864822,-0.04627478639895346,0.01456302522575183,-0.12193871367710242,0.08370186442165493,,,,,,,,,,0.026,0,11.627906976744185,0,0,FRESH,false,0,1
2026-09-23T15:22:13.197Z,2679.74,2679.75,2679.745,196.953,104.542,0.00037316983519768783,1.8839605134778366,2679.746532546145,0.00005718999923395705,0.011196348497550124,0.011196348497550124,0.01530230448972803,0.050029775183370165,0.08066970796444761,0.10908445639890814,0.02724882092857126,0.13377351545961955,,,,,,,,,,0.026,0,11.627906976744185,0,0,FRESH,false,0,1
2026-09-23T15:22:43.207Z,2678.67,2678.68,2678.675,25.917,121.418,0.00037331889832710317,4.684878651078443,2678.6717590524995,-0.00012099069505153142,-0.013437674386473957,-0.013437674386473957,-0.020901488671187515,-0.03992917236527017,0.010080626342933073,0.038093032896337906,0.037719430922098854,0.09379092843678243,,,,,,,,,,0.026,0,11.627906976744185,0,0,FRESH,false,1,2
2026-09-23T15:23:13.208Z,2682.31,2682.32,2682.315,23.064,122.764,0.0003728122908837433,5.322754075615678,2682.3115815892693,-0.00012744255356935175,0,0,0,0.13588807899427413,0.09590464764371848,0.14785194643727348,0.16243677568601192,0.22980645812198017,,,,,,,,,,0.026,0,11.627906976744185,0,0,FRESH,false,1,2
2026-09-23T15:23:43.211Z,2680.16,2680.17,2680.165,185.627,34.998,0.00037311135695818277,5.303931653237329,2680.1684136883855,0.00012736859057316813,0,0,0,-0.08015464253825859,0.055624515852045565,0.019405555586653522,0.0802833441933535,0.14946761503868408,,,,,,,,,,0.026,0,11.627906976744185,0,0,FRESH,false,1,2
2026-09-23T15:24:13.225Z,2680.28,2680.29,2680.285,8.883,260.571,0.0003730946522389795,29.333671057075318,2680.28032966666,-0.0001742476393395788,-0.010072540947693167,-0.011564596666053624,-0.019397158689290588,0.004477336283396391,-0.0756808950477554,0.1008371349555595,0.12925760929459476,0.15395164348984053,,,,,,,,,,0.026,0,11.627906976744185,0,0,FRESH,false,1,2
2026-09-23T15:24:43.226Z,2677.4,2677.41,2677.4049999999997,425.136,0.975,0.0003734959783732208,436.03692307692313,2677.409977118638,0.00018589337952907388,-0.012697250858470299,-0.012697250858470299,-0.027631065532308242,-0.10745125984737106,-0.10297873451821879,-0.037335653121913975,-0.009336527670667057,0.046334960661983914,,,,,,,,,,0.026,0,11.627906976744185,0,0,FRESH,false,1,2
2026-09-23T15:25:13.236Z,2676.5,2676.51,2676.505,290.734,62.082,0.00037362156992863,4.6830643342675815,2676.5082403859237,0.00012106780759304785,0,-0.020918431192367217,-0.020918431192367217,-0.03361463805437117,-0.14102977854965967,-0.12090702660140357,-0.06907224770427778,0.012704747278293585,,,,,,,,,,0.026,0,11.627906976744185,0,0,FRESH,false,1,2
2026-09-23T15:25:43.247Z,2676.95,2676.96,2676.955,89.217,146.872,0.00037355876360335824,1.646233341179372,2676.953778956241,-0.00004561315968927941,0,0,0.017560345004745206,0.016812970646414564,-0.016807319027185585,-0.06421085051378964,-0.10038643178480935,0.029519853970138746,,,,,,,,,,0.026,0,11.627906976744185,0,0,FRESH,false,1,2
2026-09-23T15:26:13.261Z,2677.47,2677.48,2677.475,172.293,19.47,0.00037348621369828955,8.849152542372883,2677.4789846842195,0.00014882246219408818,0,0,0,0.019425055706949943,0.03624129228227856,-0.18044114878379852,-0.004108179572268568,0.048950643925167,,,,,,,,,,0.026,0,11.627906976744185,0,0,FRESH,false,1,2
2026-09-23T15:26:43.273Z,2678.09,2678.1,2678.0950000000003,77.616,44.079,0.0003733997486931394,1.7608384945212006,2678.0963779119934,0.000051451199196870146,0,0,0,0.023156145248801413,0.04258569904986552,-0.07723405088864713,-0.011574052467774317,0.07211812425617595,,,,,,,,,,0.026,0,11.627906976744185,0,0,FRESH,false,1,2
2026-09-23T15:27:13.277Z,2678.21,2678.22,2678.215,24.376,247.045,0.0003733830181581214,10.134763702001969,2678.2108980882103,-0.00015315842043312898,-0.0059737714098979594,-0.03210063174788585,-0.04441284538916662,0.004480796984419554,0.02763797981307898,-0.07201102925400814,-0.05709498478399047,0.0766021527073324,,,,,,,,,,0.026,0,11.627906976744185,0,0,FRESH,false,1,2
2026-09-23T15:27:43.289Z,2679.59,2679.6,2679.5950000000003,172.916,37.125,0.00037319072470890305,4.657670033670033,2679.598232487943,0.00012063345179285287,0.040320849425891855,0.04741769576135968,0.04741769576135968,0.05152685650704328,0.05600996230529536,0.08179561926568858,0.03434533864690836,0.1281684798956825,,,,,,,,,,0.026,0,11.627906976744185,0,0,FRESH,false,1,2
2026-09-23T15:28:13.303Z,2675.15,2675.16,2675.1549999999997,71.769,34.016,0.0003738101156667009,2.109860065851364,2675.156784421232,0.00006670347071701211,0,0,-0.005606837351275674,-0.16569668177469016,-0.11425520355910186,-0.050438911939277666,-0.2669336002669451,-0.03774057279727589,,,,,,,,,,0.026,0,11.627906976744185,0,0,FRESH,false,1,2
2026-09-23T15:28:43.312Z,2674.85,2674.86,2674.855,38.607,44.902,0.00037385204058606086,1.1630533322972518,2674.854623094517,-0.000014090688387999699,0,0.0056080950983413485,-0.002616895800822965,-0.011214303470256011,-0.1768924035162118,-0.0784473403549895,-0.19812213054046843,-0.048950643925167,,,,,,,,,,0.026,0,11.627906976744185,0,0,FRESH,false,1,2
2026-09-23T15:29:13.315Z,2675.25,2675.26,2675.255,30.7,192.287,0.00037379614280576165,6.26342019543974,2675.2513767618743,-0.00013543524358549918,0,0.00037379754004654826,0.02766856794595587,0.014954081623119418,0.0037381011567690025,-0.08291393943920297,-0.18245281505291217,-0.03400388242129519,,,,,,,,,,0.026,0,11.627906976744185,0,0,FRESH,false,1,2
2026-09-23T15:29:43.324Z,2673.04,2673.05,2673.045,121.527,97.076,0.0003741051871636384,1.2518748197288723,2673.0455592558196,0.000020922050304168943,0,-0.007481543966221507,-0.023189142992854034,-0.0826089475582715,-0.06766721934459795,-0.18856687309450118,-0.16284424657456278,-0.1165847397301695,,,,,,,,,,0.026,0,11.627906976744185,0,0,FRESH,false,1,2
2026-09-23T15:30:13.332Z,2672.37,2672.38,2672.375,81.552,83.39,0.0003741989803159466,1.0225377673141063,2672.374944283445,-0.0000020849078039313853,-0.015713887522240677,-0.010476473768583875,-0.010476473768583875,-0.025065047539419377,-0.10765328912571359,-0.21805568260950467,-0.1543057083771601,-0.14162056524915181,,,,,,,,,,0.026,0,11.627906976744185,0,0,FRESH,false,1,2
2026-09-23T15:30:43.332Z,2673.57,2673.58,2673.575,78.332,120.625,0.00037403102586475157,1.5399198284226117,2673.573937132144,-0.00003975455545608986,-0.01533292071570538,-0.002244135792671781,-0.002244135792671781,0.04490387763692663,0.019827574919230515,-0.22466081628008844,-0.12626286209518311,-0.09678028073755339,,,,,,,,,,0.026,0,11.627906976744185,0,0,FRESH,false,1,2
2026-09-23T15:31:13.336Z,2669.28,2669.29,2669.285,136.92,127.642,0.000374632158040956,1.0726876733363626,2669.2851753464215,0.000006569040835140726,-0.04830420415079014,-0.04942700249569531,-0.05204676720306018,-0.1604593100997714,-0.11562748491510905,-0.2194265379015381,-0.3058852090122244,-0.25708429786654075,,,,,,,,,,0.026,0,11.627906976744185,0,0,FRESH,false,1,2
2026-09-23T15:31:43.343Z,2668.89,2668.9,2668.895,86.948,98.459,0.00037468690226547983,1.1323894741684686,2668.894689574827,-0.000011631224636277105,-0.016108941399036698,-0.016108941399036698,-0.0191053811617107,-0.01461065416393801,-0.17504652010883692,-0.22281581618443005,-0.34352776880582175,-0.2716573903328076,,,,,,,,,,0.026,0,11.627906976744185,0,0,FRESH,false,1,2
2026-09-23T15:32:13.358Z,2666.84,2666.85,2666.8450000000003,139.584,20.935,0.00037497492354312043,6.667494626224027,2666.8486957930213,0.000138582970553292,-0.00037497351748645995,-0.010873090413494765,0.0011249374253632174,-0.07681081496273653,-0.09141024656413983,-0.31436255609277824,-0.4245364916558189,-0.3482595430401231,,,,,,,,,,0.026,0,11.627906976744185,0,0,FRESH,false,1,2
2026-09-23T15:32:43.371Z,2668.42,2668.43,2668.425,44.89,88.041,0.00037475289729947556,1.9612608598797059,2668.4233769399166,-0.000060824646883553694,0,0.005246815838650198,0.005246815838650198,0.05924603792121128,-0.017610284406085662,-0.17283659646582422,-0.41685403950970473,-0.28921983509984556,,,,,,,,,,0.026,0,11.627906976744185,0,0,FRESH,false,1,2
2026-09-23T15:33:13.382Z,2666.71,2666.72,2666.715,277.834,21.61,0.00037499320323932365,12.856732993984266,2666.71927832917,0.0001604344359882884,0,0.027006802338348523,0.04802218024450794,-0.06408274543972704,-0.004874674006179929,-0.2117966228541973,-0.3154957376301411,-0.3531172405288844,,,,,,,,,,0.026,0,11.627906976744185,0,0,FRESH,false,1,2
2026-09-23T15:33:43.382Z,2667.99,2668,2667.995,191.389,70.491,0.0003748132961350482,2.71508419514548,2667.997308270964,0.00008651706483790584,0.029243986705224188,0.029243986705224188,0.0337445797768597,0.047999130015758916,-0.016114374584269408,-0.208709312437464,-0.25646249983644454,-0.305287603716515,,,,,,,,,,0.026,0,11.627906976744185,0,0,FRESH,false,1,2
2026-09-23T15:34:13.390Z,2668.87,2668.88,2668.875,157.865,70.393,0.0003746897100920155,2.2426235563195207,2668.876916077421,0.00007179344933356842,0.005620661551868062,0.007494355813271308,0.01686388037886836,0.03298357005916837,0.08099853190160382,-0.015359918480036957,-0.23848193910487445,-0.2724047284080004,,,,,,,,,,0.026,0,11.627906976744185,0,0,FRESH,false,1,2
2026-09-23T15:34:43.400Z,2667.42,2667.43,2667.425,55.359,291.215,0.00037489338968344117,5.260481583843638,2667.421597321207,-0.00012756417867452007,-0.007872141428645087,-0.007872141428645087,-0.007872141428645087,-0.05433000796214952,-0.021364357879220502,-0.05507897463181579,-0.21024711518137146,-0.32658673885951656,,,,,,,,,,0.026,0,11.627906976744185,0,0,FRESH,false,1,2
2026-09-23T15:35:13.415Z,2666.54,2666.55,2666.545,37.328,223.621,0.00037501711016383666,5.990704029147021,2666.5414304710885,-0.00013386344170497765,0,-0.00375003046899415,0.01125177918759086,-0.03299061829292704,-0.08730270244953126,-0.011249247706566443,-0.21815800551943224,-0.3594696141680312,,,,,,,,,,0.026,0,11.627906976744185,0,0,FRESH,false,1,2
2026-09-23T15:35:43.426Z,2668.34,2668.35,2668.3450000000003,89.706,25.104,0.00037476413281504193,3.573374760994264,2668.3478134308857,0.00010543729860468835,0.01611745501638137,0.016492341368995873,-0.008618832148227555,0.06750307982802398,0.0344901918516949,-0.0029980231784639717,-0.19561822653187452,-0.2922091874006165,,,,,,,,,,0.026,0,11.627906976744185,0,0,FRESH,false,1,2
2026-09-23T15:36:13.429Z,2666.58,2666.59,2666.585,0.418,172.48,0.0003750114847349055,412.63157894736844,2666.580024176104,-0.00018659911070057286,-0.0273683460708622,-0.03373964614607529,-0.03373964614607529,-0.06595848737701528,0.001500068440621239,-0.004874911642230577,-0.1011506826734432,-0.3579749380176457,,,,,,,,,,0.026,0,11.627906976744185,0,0,FRESH,false,1,2
2026-09-23T15:36:43.439Z,2665.62,2665.63,2665.625,117.261,72.929,0.00037514654162600807,1.6078788959124628,2665.626165466113,0.000043722058165707086,0.004126782254073699,0.004126782254073699,0.006002704968921163,-0.03600110253376646,-0.10193584412811141,-0.08883075118206335,-0.12252261703813684,-0.39384716562693123,,,,,,,,,,0.026,0,11.627906976744185,0,0,FRESH,false,1,2
2026-09-23T15:37:13.449Z,2664.71,2664.72,2664.715,218.596,123.224,0.0003752746541286228,1.773972602739726,2664.7163950617287,0.00005235313076800082,0.0251497253237116,0.0251497253237116,0.028529010437496814,-0.03413833528721611,-0.07012714764389251,-0.15587091939487066,-0.10609005658760873,-0.42785104804822643,,,,,,,,,,0.026,0,11.627906976744185,0,0,FRESH,false,1,2
2026-09-23T15:37:43.460Z,2662.47,2662.48,2662.475,339.079,325.184,0.0003755903811385376,1.042729654595552,2662.475104589598,0.000003928284692541473,-0.015396834636129958,-0.015396834636129958,-0.009764396381906707,-0.08406152252680817,-0.11817116060961655,-0.1855722278977018,-0.22297797389847093,-0.5115529124698983,,,,,,,,,,0.026,0,11.627906976744185,0,0,FRESH,false,1,2
2026-09-23T15:38:13.469Z,2664.09,2664.1,2664.0950000000003,160.859,51.449,0.00037536198970995895,3.1265719450329454,2664.0975766810484,0.00009671881251006503,0,-0.0033781437850483645,-0.022516648246777002,0.06084564174312794,-0.02326702855652071,-0.09187919198812763,-0.09824821925102198,-0.4510185283792183,,,,,,,,,,0.026,0,11.627906976744185,0,0,FRESH,false,1,2
2026-09-23T15:38:43.476Z,2662,2662.01,2662.005,69.752,50.445,0.0003756566948679014,1.3827336703340272,2662.0058031398457,0.000030170485991935782,0,0,0,-0.07845065585124199,-0.01765274791311843,-0.23760046021036055,-0.22451316437998503,-0.5291153572369363,,,,,,,,,,0.026,0,11.627906976744185,0,0,FRESH,false,1,2
2026-09-23T15:39:13.490Z,2663.48,2663.49,2663.4849999999997,113.583,81.382,0.0003754479563340335,1.3956771767712761,2663.4858258148897,0.000031005051278663646,0.015020173971151358,0.015020173971151358,0.009011562961717068,0.05559719083921944,-0.022897081372870786,-0.11625356026529676,-0.21205292331440626,-0.4738123396726394,,,,,,,,,,0.026,0,11.627906976744185,0,0,FRESH,false,1,2
2026-09-23T15:39:43.497Z,2662.16,2662.17,2662.165,31.767,167.407,0.0003756341173525412,5.269839770831366,2662.1615949370903,-0.00012790578005789408,0,0,-0.007887694257947749,-0.04955913023725341,0.00601050711774976,-0.1298007033997669,-0.19719392297816124,-0.5231366526353943,,,,,,,,,,0.026,0,11.627906976744185,0,0,FRESH,false,1,2
2026-09-23T15:40:13.509Z,2661.82,2661.83,2661.825,83.2,167.328,0.0003756820977999505,2.0111538461538463,2661.8233209860773,-0.00006307754726596378,0,0.012399046400610455,0.03570254145722058,-0.012771559989713091,-0.062324360752917876,-0.10845437504574888,-0.17700807599347676,-0.535841399913688,,,,,,,,,,0.026,0,11.627906976744185,0,0,FRESH,false,1,2
2026-09-23T15:40:43.525Z,2660.88,2660.89,2660.885,107.147,73.011,0.00037581481348361655,1.4675459862212545,2660.885947390623,0.000035604343027551696,0.0037582893770208344,-0.012400350967506465,-0.022919449407181776,-0.03531411719401538,-0.0480811670200662,-0.05971887059971233,-0.2795740430866337,-0.5709662894477637,,,,,,,,,,0.026,0,11.627906976744185,0,0,FRESH,false,1,2
2026-09-23T15:41:13.524Z,2662.29,2662.3,2662.295,118.911,85.949,0.000375615775119522,1.383506498039535,2662.2958045006344,0.00003021831293417547,0.010518347943183839,0.01502688873904083,0.03268925481649458,0.05298988870243751,0.017657058597024773,-0.06756515814939715,-0.1608799269477614,-0.518278955146633,,,,,,,,,,0.026,0,11.627906976744185,0,0,FRESH,false,1,2
2026-09-23T15:41:43.531Z,2662.6,2662.61,2662.605,75.117,87.185,0.0003755720431764486,1.1606560432392135,2662.604628223928,-0.00001396286989303781,0,0,0,0.011644089028448967,0.06464014792070306,0.02253940169157868,-0.1132942555685808,-0.506695214981137,,,,,,,,,,0.026,0,11.627906976744185,0,0,FRESH,false,1,2
2026-09-23T15:42:13.534Z,2663.81,2663.82,2663.815,183.428,26.135,0.0003754014449283557,7.01848096422422,2663.818752880996,0.0001408836948422506,0,0.009761390322323493,0.015018312955363357,0.045444217223359694,0.05709359781692043,0.012389782559330426,-0.03377471887237813,-0.4614812614319337,,,,,,,,,,0.026,0,11.627906976744185,0,0,FRESH,false,1,2
2026-09-23T15:42:43.555Z,2663.41,2663.42,2663.415,104.118,99.506,0.000375457823892194,1.0463489638815748,2663.4151132479474,0.000004251982789420911,0,0,-0.015016057796809874,-0.015016057796809874,0.03042133549662625,0.04695426466804274,0.03530549582625394,-0.4764280229358055,,,,,,,,,,0.026,0,11.627906976744185,0,0,FRESH,false,1,2
2026-09-23T15:43:13.570Z,2661.79,2661.8,2661.795,13.762,168.764,0.00037568633197591396,12.263043162331057,2661.790753974776,-0.00015951736418065636,-0.00037568492057901606,-0.00037568492057901606,-0.027417582933494267,-0.06082416746920367,-0.07583109187387194,-0.0011270462934169355,-0.08633325763533889,-0.5369624070264686,,,,,,,,,,0.026,0,11.627906976744185,0,0,FRESH,false,1,2
2026-09-23T15:43:43.580Z,2663.99,2664,2663.995,178.595,24.5,0.00037537607991825357,7.289591836734694,2663.9987936679877,0.00014240522177380268,0.007883519127858908,0.04544114526708076,0.05445917345997225,0.08265099303289014,0.021776553785269187,0.11687840699615626,0.07475568227707242,-0.45475521875519903,,,,,,,,,,0.026,0,11.627906976744185,0,0,FRESH,false,1,2
2026-09-23T15:44:13.590Z,2664.82,2664.83,2664.825,0.854,200.398,0.0003752591633508216,234.65807962529274,2664.8200424343613,-0.0001860371933806502,-0.0003752577551787739,-0.003377218410348755,-0.003377218410348755,0.03115621463253224,0.11383295858620762,0.09503079110315518,0.05031002614995563,-0.42374068863467484,,,,,,,,,,0.026,0,11.627906976744185,0,0,FRESH,false,1,2
2026-09-23T15:44:43.594Z,2663.26,2663.27,2663.2650000000003,3.366,348.37,0.00037547897035268855,103.49673202614379,2663.2600956967726,-0.00018414627262792384,-0.0225236639243901,-0.0225236639243901,-0.0225236639243901,-0.058540429484093354,-0.027402453833417984,0.024787754849116158,0.04131975290789128,-0.4820330584997426,,,,,,,,,,0.026,0,11.627906976744185,0,0,FRESH,false,1,2
2026-09-23T15:45:13.603Z,2662.99,2663,2662.995,207.452,82.018,0.0003755170400326805,2.5293472164646786,2662.997166614847,0.00008136007943248857,0,0.004881959844006706,0.004881959844006706,-0.010137932199778713,-0.06867242689482152,-0.03078291848345939,0.043954805443636336,-0.4921221225148701,,,,,,,,,,0.026,0,11.627906976744185,0,0,FRESH,false,1,2
2026-09-23T15:45:43.613Z,2663.61,2663.62,2663.615,84.178,105.013,0.000375429632276569,1.247511226211124,2663.6144493659845,-0.000020672432589772476,0,0,0,0.023282056481513894,0.013141763962634369,0.007509156477673142,0.10259744408343702,-0.4689546421838781,,,,,,,,,,0.026,0,11.627906976744185,0,0,FRESH,false,1,2
2026-09-23T15:46:13.625Z,2663.78,2663.79,2663.785,14.031,236.506,0.00037540567274624385,16.85596179887392,2663.7805600370407,-0.0001666787281694297,0,0.03680329577267443,0.0259097028081837,0.006382303748855326,0.029665846161932848,0.07476158006156679,0.05596675049157894,-0.4626022685447313,,,,,,,,,,0.026,0,11.627906976744185,0,0,FRESH,false,1,2
2026-09-23T15:46:43.639Z,2660.91,2660.92,2660.915,121.132,105.135,0.0003758105764452558,1.1521567508441528,2660.9153534983006,0.000013284840014919159,0.008268516308718386,0.016162466617939627,0.016162466617939627,-0.10774142808071564,-0.10136600071706378,-0.11561583261229572,-0.06347167529543642,-0.5698452823349831,,,,,,,,,,0.026,0,11.627906976744185,0,0,FRESH,false,1,2
2026-09-23T15:47:13.651Z,2657.08,2657.09,2657.085,6.75,132.219,0.0003763522807971246,19.587999999999997,2657.0804857198364,-0.000169895963571949,-0.012041822755647294,-0.024080745750590174,-0.04213369548247373,-0.14393545077538844,-0.25152180074592423,-0.290450592440396,-0.2526451724312693,-0.7129605237345205,,,,,,,,,,0.026,0,11.627906976744185,0,0,FRESH,false,1,2
2026-09-23T15:47:43.667Z,2656.99,2657,2656.995,202.247,84.799,0.00037636502892245864,2.385016332739773,2656.9970458045045,0.0000769969271538916,0.03501420334215602,0.03501420334215602,0.016186315787486333,-0.003387170527105663,-0.1473177459633274,-0.23542531441671918,-0.2410439229335298,-0.7163235450728962,,,,,,,,,,0.026,0,11.627906976744185,0,0,FRESH,false,1,2
2026-09-23T15:48:13.680Z,2657.22,2657.23,2657.225,68.013,120.386,0.00037633245209638924,1.7700439621837,2657.2236100510086,-0.00005230829121905714,0.014679120080843282,0.014679120080843282,0.012044088892909748,0.008656395665028283,0.005268931931039942,-0.21667333209412643,-0.17168865370925124,-0.7077291572081712,,,,,,,,,,0.026,0,11.627906976744185,0,0,FRESH,false,1,2
2026-09-23T15:48:43.691Z,2657.28,2657.29,2657.285,157.769,62.923,0.00037632395470427643,2.507334361044451,2657.2871488318565,0.00008086569023005965,0.010914585838511688,0.0033870303082816854,0.010914585838511688,0.0022579947125269946,0.010914585838511688,-0.237646957236685,-0.2518773496196515,-0.705487142982593,,,,,,,,,,0.026,0,11.627906976744185,0,0,FRESH,false,1,2
2026-09-23T15:49:13.705Z,2657.56,2657.57,2657.565,84.529,58.728,0.00037628430537797866,1.4393304726876446,2657.5659005144603,0.00003388494581419407,0.004515615563082044,0.004515615563082044,0.004515615563082044,0.010537070731976439,0.012795303371003415,-0.23350232845367777,-0.2724381525991299,-0.6950244099298776,,,,,,,,,,0.026,0,11.627906976744185,0,0,FRESH,false,1,2
2026-09-23T15:49:43.720Z,2657.88,2657.89,2657.885,173.948,13.979,0.000376239002054774,12.443522426496889,2657.8892561473335,0.00016013286253197694,0,-0.004514664193629841,-0.012414345716953943,0.012041097771838646,0.022579437282804208,-0.11387060466041739,-0.2020076860545274,-0.6830670007267767,,,,,,,,,,0.026,0,11.627906976744185,0,0,FRESH,false,1,2
2026-09-23T15:50:13.732Z,2656.78,2656.79,2656.785,73.632,57.361,0.0003763947778899509,1.2836596293648996,2656.785621063721,0.00002337651413852547,0,0,0,-0.04138629022701748,-0.029350175818849213,-0.011290568423674135,-0.23319608185520574,-0.7241705948624285,,,,,,,,,,0.026,0,11.627906976744185,0,0,FRESH,false,2,3
2026-09-23T15:50:43.747Z,2658.69,2658.7,2658.6949999999997,195.562,79.631,0.00037612437680002904,2.455852620210722,2658.6971063580836,0.00007922526216405797,0.012037428880414125,-0.0007522430948949608,0.006770697174903339,0.07189140257867516,0.030475359167138182,0.06398205491541453,-0.1847113790844425,-0.6527998086814623,,,,,,,,,,0.026,0,11.627906976744185,0,0,FRESH,false,2,3
2026-09-23T15:51:13.759Z,2656.67,2656.68,2656.675,104.558,12.466,0.0003764103625683808,8.387453874538746,2656.6789347484278,0.00014810800822766184,0,0.01656479942476887,0.02484925725193022,-0.0759771241153847,-0.004140342556875043,-0.02069828486483934,-0.2669134333288788,-0.72828095427598,,,,,,,,,,0.026,0,11.627906976744185,0,0,FRESH,false,2,3
2026-09-23T15:51:43.771Z,2657.91,2657.92,2657.915,251.533,1.106,0.0003762347554462155,227.42585895117537,2657.9199562221197,0.00018647030171185986,0.006020118483451427,0.020697194401227605,0.020697194401227605,0.04667488495957472,-0.02933770139108643,0.023708409146934152,-0.1127431729311158,-0.6819459936139961,,,,,,,,,,0.026,0,11.627906976744185,0,0,FRESH,false,2,3
2026-09-23T15:52:13.780Z,2659.27,2659.28,2659.275,82.646,45.045,0.00037604234237595884,1.8347430347430347,2659.2764723433916,0.000055366345769791446,0,0.00676922035503945,0.025577419652103316,0.05116792673957321,0.09786669427008983,0.06434461621823122,0.08242114949277327,-0.6311270045008388,,,,,,,,,,0.026,0,11.627906976744185,0,0,FRESH,false,2,3
2026-09-23T15:52:43.779Z,2657.58,2657.59,2657.585,190.327,67.837,0.0003762814736017203,2.8056517829503074,2657.587372329217,0.00008926635336202415,0.017311944300702313,0.006773525300068716,0.006773525300068716,-0.0635511558601519,-0.012415746929451367,-0.01128717006191697,0.022205536705945834,-0.6942770718546849,,,,,,,,,,0.026,0,11.627906976744185,0,0,FRESH,false,2,3
2026-09-23T15:53:13.786Z,2654.45,2654.46,2654.455,1.263,328.675,0.00037672516581438675,260.23357086302457,2654.450038279919,-0.0001869204820085711,-0.004897187319302608,0,-0.004897187319302608,-0.11777610123477175,-0.18125240902126194,-0.08769998325042964,-0.10424408922842371,-0.8112354806224593,,,,,,,,,,0.026,0,11.627906976744185,0,0,FRESH,false,2,3
2026-09-23T15:53:43.789Z,2655.45,2655.46,2655.455,247.292,30.979,0.00037658329740923043,7.982568836954066,2655.458886732717,0.0001463678622718873,0.006025695826635251,0,0,0.037672516580616364,-0.08014795387542108,-0.12186429808608293,-0.06886728371250835,-0.7738685768627882,,,,,,,,,,0.026,0,11.627906976744185,0,0,FRESH,false,2,3
2026-09-23T15:54:13.803Z,2655.87,2655.88,2655.875,106.089,84.565,0.0003765237445368581,1.2545261041802165,2655.87556447806,0.00002125393928231218,0,-0.0007530418182940896,-0.0011295584744087362,0.015816498490845175,0.05349497354447798,-0.030112829006189383,-0.06359204760749236,-0.7581744772837237,,,,,,,,,,0.026,0,11.627906976744185,0,0,FRESH,false,2,3
2026-09-23T15:54:43.813Z,2655.73,2655.74,2655.7349999999997,1.492,180.844,0.0003765435933842621,121.20911528150134,2655.7300818269573,-0.0001851906550303304,0.0045187273004517175,0,-0.025598409887020328,-0.005271332423413279,0.0105443323272187,-0.08201917668549562,-0.08089138544370977,-0.7634058438100898,,,,,,,,,,0.026,0,11.627906976744185,0,0,FRESH,false,2,3
2026-09-23T15:55:13.819Z,2655.59,2655.6,2655.5950000000003,4.808,182.15,0.0003765634443416082,37.88477537437604,2655.5902571700594,-0.0001785976378485374,-0.0015062310897379955,-0.0015062310897379955,0.010544888271267254,-0.005271610307482408,-0.010542664846792314,-0.1316237291258868,-0.04479097856994826,-0.7686372103364221,,,,,,,,,,0.026,0,11.627906976744185,0,0,FRESH,false,2,3
2026-09-23T15:55:43.830Z,2658.54,2658.55,2658.545,153.322,28.063,0.0003761455984464539,5.463492855361152,2658.548452848913,0.00012987739205955429,0,-0.00940275575965804,-0.00940275575965804,0.1110862160833944,0.10580874974349475,0.03612302146497803,-0.0056418656521201645,-0.6584048442453994,,,,,,,,,,0.026,0,11.627906976744185,0,0,FRESH,false,2,3
2026-09-23T15:56:13.837Z,2657.97,2657.98,2657.975,49.635,95.785,0.0003762262624824642,1.9297874483731239,2657.973413216889,-0.000059698947910509116,0,-0.013166185473932236,-0.013166185473932236,-0.021440299110986036,0.08962209975540902,0.1326072583637689,0.04893334713503636,-0.679703979388418,,,,,,,,,,0.026,0,11.627906976744185,0,0,FRESH,false,2,3
2026-09-23T15:56:43.849Z,2657.27,2657.28,2657.275,150.816,1.136,0.00037632537092390807,132.7605633802817,2657.2799252395494,0.00018534926002261056,0.009409019486079357,0.009409019486079357,0.019196278180409764,-0.016931774355880242,-0.047770491001656236,0.06853816012699004,-0.02407902434802741,-0.7058608120201809,,,,,,,,,,0.026,0,11.627906976744185,0,0,FRESH,false,2,3
2026-09-23T15:57:13.853Z,2658.33,2658.34,2658.335,143.207,65.313,0.00037617531275096176,2.1926262765452513,2658.3368677824674,0.00007026136537882562,0,0,0,0.039890489317061475,0.022951960793540616,0.09262484115404665,-0.028581152610200774,-0.6662518940349316,,,,,,,,,,0.026,0,11.627906976744185,0,0,FRESH,false,2,3
2026-09-23T15:57:43.859Z,2659.99,2660,2659.995,203.626,107.071,0.00037594055628744716,1.9017847970038573,2659.9965538450647,0.000058415337802926265,0.0015037848384639447,0.03158898221428031,0.0376081940733247,0.06244510191529113,0.10236050088906115,0.160407570785497,0.09068383513602968,-0.6042228337938832,,,,,,,,,,0.026,0,11.627906976744185,0,0,FRESH,false,2,3
2026-09-23T15:58:13.863Z,2657.03,2657.04,2657.035,58.901,403.589,0.00037635936296524254,6.851988930578428,2657.0312735626717,-0.00014024795789926314,-0.0188144276557035,-0.04288656691152115,-0.04288656691152115,-0.11127840465865674,-0.04890279065656442,0.05422513598645877,0.09719509277798746,-0.7148288689225107,,,,,,,,,,0.026,0,11.627906976744185,0,0,FRESH,false,2,3
2026-09-23T15:58:43.875Z,2656.92,2656.93,2656.925,110.253,228.344,0.0003763749447110299,2.071091036071581,2656.9232561717918,-0.00006563332455445911,-0.0030109088993030587,-0.017686493727872597,-0.017686493727872597,-0.004139952992703242,-0.1154137507777161,-0.06093558694699134,0.055357744717958124,-0.7189392283360624,,,,,,,,,,0.026,0,11.627906976744185,0,0,FRESH,false,3,4
2026-09-23T15:59:13.886Z,2655,2655.01,2655.005,15.639,227.528,0.0003766471249665548,14.548756314342349,2655.0006431382544,-0.00016409994503555647,-0.006779188644099613,-0.006779188644099613,-0.006779188644099613,-0.0722639893862293,-0.0764009506837413,-0.10234316944002107,-0.032757565773987515,-0.7906836835546334,,,,,,,,,,0.026,0,11.627906976744185,0,0,FRESH,false,3,4
2026-09-23T15:59:43.900Z,2654.5,2654.51,2654.505,20.382,208.586,0.0003767180698555203,10.233833774899422,2654.5008901680585,-0.0001548247956438236,-0.004897095080872102,0,0,-0.01883235624791667,-0.0910827366222258,-0.10424212774364647,-0.046314861987343005,-0.8093671354344689,,,,,,,,,,0.026,0,11.627906976744185,0,0,FRESH,false,3,4
2026-09-23T16:00:13.911Z,2654.74,2654.75,2654.745,2.411,161.259,0.00037668401297368594,66.8846951472418,2654.7401473086084,-0.00018279312670459427,-0.015441659714775766,-0.036901411102430344,-0.015065090607107746,0.009041233676326912,-0.00979282524892489,-0.13504693727465295,-0.032007892769807283,-0.800399078532156,,,,,,,,,,0.026,0,11.627906976744185,0,0,FRESH,false,3,4
2026-09-23T16:00:43.923Z,2655.13,2655.14,2655.135,133.477,17.197,0.000376628683655013,7.761644472873176,2655.1388586617463,0.0001453282694140911,0,-0.02146322727862127,-0.003389543259034198,0.014690676505665419,0.02373323840038384,-0.18270711035169887,-0.12826564906743554,-0.7858259860658721,,,,,,,,,,0.026,0,11.627906976744185,0,0,FRESH,false,3,4
2026-09-23T16:01:13.932Z,2651.15,2651.16,2651.1549999999997,112.293,262.953,0.00037719409086845287,2.34166867035345,2651.152992516909,-0.00007572107594208911,-0.03016642439257762,-0.012068754183998104,-0.012068754183998104,-0.14989821609825763,-0.13522956065460695,-0.22129930542879978,-0.24720390559595762,-0.9345462630293804,,,,,,,,,,0.026,0,11.627906976744185,0,0,FRESH,false,3,4
2026-09-23T16:01:43.945Z,2640.59,2640.6,2640.5950000000003,272.523,13.75,0.0003787025272623606,19.819854545454547,2640.5995196892477,0.00017116177404884344,0.011362366705242478,0.05304647818749831,0.021969572142579767,-0.39831695996648603,-0.5476181060473371,-0.6146202847276429,-0.6277107186873709,-1.3291407667314874,,,,,,,,,,0.026,0,11.627906976744185,0,0,FRESH,false,3,4
2026-09-23T16:02:13.957Z,2638.74,2638.75,2638.745,59.73,118.371,0.0003789680321599199,1.981767955801105,2638.7433537150264,-0.00006238893767694482,-0.01667181345756567,-0.070438403320456,-0.07800651695223236,-0.07005996754520719,-0.4680978667788136,-0.6124282251822584,-0.7369274376630539,-1.3982695386868924,,,,,,,,,,0.026,0,11.627906976744185,0,0,FRESH,false,3,4
2026-09-23T16:02:43.959Z,2640.02,2640.03,2640.025,71.209,40.309,0.0003787842918236865,1.7665781835322139,2640.0263854265677,0.00005247778212685674,0.014395875202919678,0.029932916167011218,0.048887061413913045,0.048507908115418504,-0.021586044054471194,-0.5454877651388872,-0.750753290889637,-1.350439901874506,,,,,,,,,,0.026,0,11.627906976744185,0,0,FRESH,false,3,4
2026-09-23T16:03:13.966Z,2637.84,2637.85,2637.8450000000003,72.201,65.897,0.00037909733133537147,1.0956644460294094,2637.8452282437106,0.000008652658149099985,0.06524728531462866,0.06828411502839223,0.05575838035181849,-0.08257497561575501,-0.034107122893634524,-0.6231198563885783,-0.7222336175473639,-1.4318997520705827,,,,,,,,,,0.026,0,11.627906976744185,0,0,FRESH,false,3,4
2026-09-23T16:03:43.972Z,2643.52,2643.53,2643.525,260.852,14.005,0.00037828278530440524,18.625633702249193,2643.5294904623133,0.00016986645911207422,-0.007943307479742926,0.028757759392142826,0.03708546117473943,0.2153272842035766,0.13257450213539643,-0.4372659017338149,-0.5043424259247096,-1.2196557387156575,,,,,,,,,,0.026,0,11.627906976744185,0,0,FRESH,false,3,4
2026-09-23T16:04:13.975Z,2651.54,2651.55,2651.545,135.372,38.728,0.0003771386116478611,3.495455484404049,2651.547775531304,0.00010467600225514197,-0.007542203341566332,0.01886048709093961,0.019237769399506922,0.3033827938075101,0.5193633439417333,0.014710569544229871,-0.13031990523558473,-0.9199731705630965,,,,,,,,,,0.026,0,11.627906976744185,0,0,FRESH,false,3,4
2026-09-23T16:04:43.979Z,2652.25,2652.26,2652.255,178.557,93.68,0.0003770376528734333,1.9060311699402217,2652.2565588806815,0.00005877567132069329,0.010558168911856262,0.010558168911856262,0.009426829889083919,0.026776841426415027,0.330240871563538,0.4415671467983486,-0.08476156571564189,-0.8934426688937286,,,,,,,,,,0.026,0,11.627906976744185,0,0,FRESH,false,3,4
2026-09-23T16:05:13.980Z,2653.97,2653.98,2653.975,139.793,37.757,0.00037679330062333964,3.702439282782001,2653.9778734441,0.00010826944866699208,0.003014437270499671,-0.007912033260682145,-0.0007535809223446846,0.06485047629280744,0.09164468262842367,0.5771683129669604,-0.015446139124516948,-0.8291715944271021,,,,,,,,,,0.026,0,11.627906976744185,0,0,FRESH,false,3,4
2026-09-23T16:05:43.983Z,2657.57,2657.58,2657.575,170.353,35.144,0.0003762828894674104,4.8472854541315735,2657.5782898047173,0.00012378972249124618,-0.021819645581236884,-0.021819645581236884,-0.027085030066273857,0.135645588221438,0.2005840313242772,0.6647664321360489,0.0918973988139812,-0.6946507408922897,,,,,,,,,,0.026,0,11.627906976744185,0,0,FRESH,false,3,4
2026-09-23T16:06:14.001Z,2660.92,2660.93,2660.925,21.384,123.842,0.00037580916409758,5.791339319117097,2660.9214724636086,-0.0001325680502693551,0.010147877120499898,0.004885757828021668,-0.01878692805545901,0.126054767974577,0.26187134392751527,0.8749566407427247,0.36851862678720926,-0.5694716132973782,,,,,,,,,,0.026,0,11.627906976744185,0,0,FRESH,false,3,4
2026-09-23T16:06:44.006Z,2660.65,2660.66,2660.6549999999997,7.372,254.843,0.0003758473007497602,34.56904503526858,2660.650281143337,-0.00017735695393609072,-0.015783095177703477,-0.029683123265743374,-0.03794617279034808,-0.010146847430891007,0.11589512995870022,0.6479984112122886,0.7596772697062399,-0.5795606773125057,,,,,,,,,,0.026,0,11.627906976744185,0,0,FRESH,false,3,4
2026-09-23T16:07:14.009Z,2662.11,2662.12,2662.115,109.268,56.507,0.0003756411725174732,1.9337073282956094,2662.1165913436885,0.00005977742091110376,-0.009390147481656348,-0.007136672920664961,-0.009014575441676128,0.054873705910763945,0.0447212905286545,0.3986355125030768,0.8856482911383969,-0.5250049978233847,,,,,,,,,,0.026,0,11.627906976744185,0,0,FRESH,false,3,4
2026-09-23T16:07:44.022Z,2663.14,2663.15,2663.145,97.819,103.608,0.00037549588926694865,1.0591807317596786,2663.144856300297,-0.000005395864781322494,0.007134930931993014,0.001126500357671377,0.00751048181619496,0.03869104077022218,0.0935859778889122,0.4105940039702017,0.8757492826772432,-0.486517086950916,,,,,,,,,,0.026,0,11.627906976744185,0,0,FRESH,false,3,4
2026-09-23T16:08:14.031Z,2663.46,2663.47,2663.465,53.295,107.019,0.00037545077557856143,2.0080495356037154,2663.4633244133383,-0.00006291003117383251,0,0.013518055052283982,0.0018772891194268222,0.012015868456286221,0.050711558291071726,0.3575768422837531,0.9712473629041846,-0.47455967774781516,,,,,,,,,,0.026,0,11.627906976744185,0,0,FRESH,false,3,4
2026-09-23T16:08:44.033Z,2660.79,2660.8,2660.795,133.794,100.683,0.00037582752524032396,1.3288638598373113,2660.7957060607228,0.00002653570540675431,0,0.009020674257806423,0,-0.10024535708184912,-0.0882415339758034,0.11325220061066708,0.6532943702064471,-0.5743293107861395,,,,,,,,,,0.026,0,11.627906976744185,0,0,FRESH,false,3,4
2026-09-23T16:09:14.041Z,2662.84,2662.85,2662.8450000000003,168.421,99.518,0.00037553819316421083,1.6923672099519684,2662.8462857963946,0.00004828656547089167,0.011267415198623194,0.011267415198623194,0.011267415198623194,0.07704464267259153,-0.02327794808641716,0.07215535950844434,0.4261666311527875,-0.49772715807880713,,,,,,,,,,0.026,0,11.627906976744185,0,0,FRESH,false,3,4
2026-09-23T16:09:44.044Z,2662.92,2662.93,2662.925,53.419,275.404,0.0003755269111883936,5.15554390759842,2662.9216245518105,-0.00012675716325740192,-0.006008069588460544,0.0003755283214153767,0.0003755283214153767,0.003004305545381997,0.08005126287444576,0.08531733727222945,0.4022991756071747,-0.49473780577803617,,,,,,,,,,0.026,0,11.627906976744185,0,0,FRESH,false,3,4
2026-09-23T16:10:14.049Z,2662.19,2662.2,2662.1949999999997,64.786,120.344,0.00037562988435345764,1.857561818911493,2662.193499486847,-0.000056363758202451014,-0.01089208014317315,-0.015398453769909889,-0.033419887085854465,-0.027413464517418735,-0.024409982556271418,0.0030051293802081146,0.30972409310561705,-0.5220156455226137,,,,,,,,,,0.026,0,11.627906976744185,0,0,FRESH,false,3,4
2026-09-23T16:10:44.063Z,2663.39,2663.4,2663.395,127.323,42.589,0.00037546064328491567,2.989574772828665,2663.3974934672065,0.00009361988013333968,0,-0.006007009429139222,-0.001126369242618061,0.045075586123491065,0.017649764826264347,0.009387397231468808,0.21107802173614973,-0.4771753610109983,,,,,,,,,,0.026,0,11.627906976744185,0,0,FRESH,false,3,4
2026-09-23T16:11:14.067Z,2661.38,2661.39,2661.385,85.475,14.85,0.000375744208363823,5.755892255892256,2661.388519810616,0.00013225484534072686,0.0030060440272696,0.01540788620713495,0.01540788620713495,-0.07546758929861186,-0.03042602063333042,-0.07809376132218471,0.017287221548898835,-0.5522828375679282,,,,,,,,,,0.026,0,11.627906976744185,0,0,FRESH,false,3,4
2026-09-23T16:11:44.087Z,2662.31,2662.32,2662.315,190.172,57.16,0.0003756129533965094,3.327011896431071,2662.3176889363285,0.00010099993158090295,0,0.00375627062426998,0.010893962303132526,0.03494421137865571,-0.04054974947388304,0.05712578383528162,0.06239065192594716,-0.5175316170714402,,,,,,,,,,0.026,0,11.627906976744185,0,0,FRESH,false,3,4
2026-09-23T16:12:14.089Z,2662.52,2662.53,2662.525,181.539,9.558,0.00037558332786427466,18.993408662900187,2662.5294998351624,0.0001690063065052171,-0.003380135693657956,-0.010515227363633464,-0.013519171875620888,0.007887872021155887,0.04283483975448395,-0.012017222181545065,0.01540128807359221,-0.509684567281908,,,,,,,,,,0.026,0,11.627906976744185,0,0,FRESH,false,4,5
2026-09-23T16:12:44.095Z,2661.28,2661.29,2661.285,144.977,191.278,0.00037575832726534483,1.31936789973582,2661.2843115195315,-0.00002587022691661195,-0.008265999876019569,-0.019535615869698812,-0.03268029096727617,-0.046572332654162364,-0.0386881341990035,-0.06158641343636517,-0.06984223540213272,-0.5560195279439089,,,,,,,,,,0.026,0,11.627906976744185,0,0,FRESH,false,4,5
2026-09-23T16:13:14.105Z,2658.99,2659,2658.995,16.172,223.734,0.00037608194074145604,13.834652485777887,2658.9906740973547,-0.0001626893862221572,0.009026781331855764,0.004137072494661205,0.001128258551720137,-0.08604865694579737,-0.13258091473320252,-0.12020156299594202,-0.16782649668759508,-0.6415897375535541,,,,,,,,,,0.026,0,11.627906976744185,0,0,FRESH,false,4,5
2026-09-23T16:13:44.114Z,2660.11,2660.12,2660.115,78.218,102.8,0.0003759235972791978,1.3142754864609167,2660.1143210067507,-0.000025524958471314017,0,-0.02179881572295687,-0.02179881572295687,0.04212117736211956,-0.043963724291087684,-0.12315109099477171,-0.025556271715795126,-0.5997388053427267,,,,,,,,,,0.026,0,11.627906976744185,0,0,FRESH,false,4,5
2026-09-23T16:14:14.116Z,2662.27,2662.28,2662.275,226.745,17.48,0.0003756185968849303,12.971681922196796,2662.2792842665576,0.00016092501929866582,0.01014273076121126,0.01014273076121126,0,0.08119949701423847,0.12335487656051254,0.03344123454516624,-0.021405677010872343,-0.5190262932218258,,,,,,,,,,0.026,0,11.627906976744185,0,0,FRESH,false,4,5
2026-09-23T16:14:44.126Z,2661.35,2661.36,2661.355,50.38,102.774,0.00037574844393995833,2.039976181024216,2661.3532894994582,-0.00006427179169168066,-0.0052602015032856605,-0.0052602015032856605,-0.019910702378209428,-0.03455691091266202,0.046614526063731704,-0.036058843525279174,-0.05895772505797811,-0.5534038446807258,,,,,,,,,,0.026,0,11.627906976744185,0,0,FRESH,false,4,5
2026-09-23T16:15:14.133Z,2660.66,2660.67,2660.665,22.96,132.933,0.00037584588816022606,5.789764808362369,2660.661472805065,-0.00013256817130423147,0,-0.0037583176267112577,-0.0037583176267112577,-0.02592664263129325,-0.06047459409715853,-0.069858498981235,-0.05747137230742847,-0.5791870082749009,,,,,,,,,,0.026,0,11.627906976744185,0,0,FRESH,false,4,5
2026-09-23T16:15:44.145Z,2660.88,2660.89,2660.885,147.26,67.128,0.00037581481348361655,2.1937194613276128,2660.8868688546004,0.00007023432430042204,0,0,0.010148029684882503,0.00826860953935406,-0.01766017686478504,-0.015030333090955543,-0.09424062146244787,-0.5709662894477637,,,,,,,,,,0.026,0,11.627906976744185,0,0,FRESH,false,4,5
2026-09-23T16:16:14.158Z,2661.14,2661.15,2661.145,81.558,106.855,0.0003757780955272365,1.310171902204566,2661.144328682203,-0.00002522665231645597,0,-0.005636353730048376,-0.005636353730048376,0.009771185150796202,0.018040602631297746,0.08085761725765152,-0.009017861000953881,-0.561250894470258,,,,,,,,,,0.026,0,11.627906976744185,0,0,FRESH,false,4,5
2026-09-23T16:16:44.171Z,2661,2661.01,2661.005,74.9,139.375,0.00037579786585212273,1.860814419225634,2661.0034955081087,-0.000056538484197135965,-0.0015031688678682105,0.0030064733128489993,0.0030064733128489993,-0.005260893337261693,0.00450977776190594,0.03345720015865207,-0.04920529689386663,-0.5664822609966073,,,,,,,,,,0.026,0,11.627906976744185,0,0,FRESH,false,4,5
2026-09-23T16:17:14.185Z,2663.61,2663.62,2663.615,1.274,403.517,0.000375429632276569,316.7323390894819,2663.610031473032,-0.00018653322525164493,-0.0018771129252432982,-0.019518530404819445,-0.005631127370490478,0.09808324298525078,0.0928171895931939,0.05033289198147038,0.04093858273630072,-0.4689546421838781,,,,,,,,,,0.026,0,11.627906976744185,0,0,FRESH,false,4,5
2026-09-23T16:17:44.197Z,2662.64,2662.65,2662.645,310.599,7.26,0.00037556640108682454,42.78223140495868,2662.6497715968403,0.00017920514527201823,0,0.0015022881726716362,0.012019569361372625,-0.03641667433168082,0.061630849998398074,0.048471549267195234,0.05110313250930011,-0.5052005388307516,,,,,,,,,,0.026,0,11.627906976744185,0,0,FRESH,false,4,5
2026-09-23T16:18:14.199Z,2661.42,2661.43,2661.425,73.82,118.417,0.00037573856110029516,1.6041316716337037,2661.423840051603,-0.00004358373417789807,0,0,-0.006762836709422935,-0.04581910093158495,-0.0822190894704978,0.02856428749956189,0.09138791159818996,-0.5507881614175427,,,,,,,,,,0.026,0,11.627906976744185,0,0,FRESH,false,4,5
2026-09-23T16:18:44.205Z,2662.23,2662.24,2662.2349999999997,133.513,85.767,0.00037562424052585636,1.5566942996723683,2662.2360886993793,0.00004089418776251303,0,0.009391487930998862,0.024421538293897663,0.03043482344982446,-0.01539822244423531,0.050734999821467446,0.07969580262507038,-0.5205209693722282,,,,,,,,,,0.026,0,11.627906976744185,0,0,FRESH,false,4,5
2026-09-23T16:19:14.212Z,2660.8,2660.81,2660.8050000000003,232.634,5.908,0.0003758261127652545,39.37610020311442,2660.80975232873,0.000178604923316986,0.0030066993018963623,0.0033825494275089786,0.016163134896407125,-0.05371426639644441,-0.02329579078876507,-0.01277645524763554,-0.055215933740872,-0.5739556417485346,,,,,,,,,,0.026,0,11.627906976744185,0,0,FRESH,false,4,5
2026-09-23T16:19:44.228Z,2662.32,2662.33,2662.325,159.62,54.301,0.0003756115425338203,2.939540708274249,2662.3274616330327,0.0000924617780664697,0.0033806181648181146,0.0033806181648181146,0.0033806181648181146,0.05712556914165175,0.0033806181648181146,0.04960531829138648,0.03644759906137287,-0.5171579480338524,,,,,,,,,,0.026,0,11.627906976744185,0,0,FRESH,false,4,5
2026-09-23T16:20:14.241Z,2663.62,2663.63,2663.625,208.483,52.053,0.0003754282228248451,4.005206232109581,2663.628002080327,0.00011270656818999739,0.03417564403249519,0.03417564403249519,0.052963415802249426,0.048829500530558144,0.10598296380229699,0.00037542963229364153,0.11125038289299992,-0.4685809731462732,,,,,,,,,,0.026,0,11.627906976744185,0,0,FRESH,false,4,5
2026-09-23T16:20:44.241Z,2660.75,2660.76,2660.755,44.621,221.911,0.00037583317517840906,4.973241298939961,2660.7516741329373,-0.0001249971178410979,-0.004885592575406645,-0.004885592575406645,-0.009394946646097998,-0.10774789994837453,-0.058971012179193344,-0.07098204980385567,-0.004885592575406645,-0.575823986936525,,,,,,,,,,0.026,0,11.627906976744185,0,0,FRESH,false,4,5
2026-09-23T16:21:14.243Z,2660.03,2660.04,2660.035,87.177,59.44,0.00037593490310328743,1.4666386271870795,2660.0359458998614,0.000035559677281043047,0,0,-0.00714225300491705,-0.027059988612264364,-0.1347787319911829,-0.05222765999418835,-0.041711368602617566,-0.6027281576434976,,,,,,,,,,0.026,0,11.627906976744185,0,0,FRESH,false,4,5
2026-09-23T16:21:44.246Z,2657.92,2657.93,2657.925,230.497,2.566,0.00037623333990852,89.82735775526112,2657.9298899010137,0.00018397437901688843,-0.014670947573928322,-0.014670947573928322,-0.017303738924197825,-0.07932226455665706,-0.10636078857316542,-0.16189404767045326,-0.11574574267992459,-0.6815723245763913,,,,,,,,,,0.026,0,11.627906976744185,0,0,FRESH,false,4,5
2026-09-23T16:22:14.251Z,2657.49,2657.5,2657.495,235.001,29.623,0.00037629421693054097,7.933058771900212,2657.498880562609,0.0001460233268203111,-0.00978269253562568,-0.03573517601454302,-0.015801859728398867,-0.01617803361645987,-0.09548746539049162,-0.12439844332825592,-0.22976293495868927,-0.6976400931930608,,,,,,,,,,0.026,0,11.627906976744185,0,0,FRESH,false,4,5
2026-09-23T16:22:44.266Z,2660.61,2660.62,2660.615,211.779,62.327,0.00037585295128244906,3.397869302228569,2660.617726171627,0.00010246396518373717,0.005262218212908322,0.014660414062715472,0.03045336030270981,0.117403795679762,0.10120676843777004,-0.06422957377480347,-0.07623997941896873,-0.5810553534628912,,,,,,,,,,0.026,0,11.627906976744185,0,0,FRESH,false,4,5
2026-09-23T16:23:14.276Z,2663.4,2663.41,2663.4049999999997,3.181,200.19,0.0003754592335661881,62.93303992455203,2663.400156413648,-0.00018185692194215474,-0.009385599861843971,-0.009385599861843971,-0.014640766275194879,0.1048629734102816,0.22238988220108993,-0.008259420901975865,0.07439623509960128,-0.4768016919734104,,,,,,,,,,0.026,0,11.627906976744185,0,0,FRESH,false,4,5
2026-09-23T16:23:44.283Z,2663.37,2663.38,2663.375,142.88,96.848,0.0003754634627199804,1.4753015033867503,2663.3759600880994,0.0000360478002316046,0.010514082298969631,0.0048812632709386156,-0.02439917042820885,-0.0011263777007156383,0.10373541455641717,0.09846829189458972,0.04282116342097251,-0.477922699086191,,,,,,,,,,0.026,0,11.627906976744185,0,0,FRESH,false,4,5
2026-09-23T16:24:14.291Z,2661.21,2661.22,2661.215,207.406,6.821,0.00037576821112775673,30.406978448907786,2661.219681599425,0.00017591962410617627,0.0026304466686393906,0.013905357132786421,0.032702525424329956,-0.08110010794574006,-0.08222557215292454,0.04436031856724784,0.015408870623734338,-0.5586352112070749,,,,,,,,,,0.026,0,11.627906976744185,0,0,FRESH,false,4,5
2026-09-23T16:24:44.301Z,2660.61,2660.62,2660.615,52.704,60.352,0.00037585295128244906,1.1451123254401943,2660.6146617605436,-0.000012712829783388781,-0.007140696142727832,-0.019540534396054184,-0.018413403454588844,-0.02254609266821222,-0.1036279157084608,0.10120676843777004,-0.06422957377480347,-0.5810553534628912,,,,,,,,,,0.026,0,11.627906976744185,0,0,FRESH,false,4,5
2026-09-23T16:25:14.307Z,2662.72,2662.73,2662.725,65.117,125.05,0.0003755551174161162,1.9203894528310577,2662.723424200834,-0.00005917994407790554,-0.013518156574053301,-0.013518156574053301,-0.009763479704157686,0.07930497272247686,0.05674099988162413,0.19680187545037783,-0.03378854005350194,-0.5022111865299805,,,,,,,,,,0.026,0,11.627906976744185,0,0,FRESH,false,4,5
2026-09-23T16:25:44.308Z,2661,2661.01,2661.005,6.781,166.754,0.00037579786585212273,24.591358206754165,2661.000390756908,-0.00017321437171635394,-0.013151195537608063,-0.006012404341702017,-0.00789113243387086,-0.06459548019415448,0.014658265100374443,0.014658265100374443,0.009395829379255136,-0.5664822609966073,,,,,,,,,,0.026,0,11.627906976744185,0,0,FRESH,false,4,5
2026-09-23T16:26:14.310Z,2661,2661.01,2661.005,47.407,161.514,0.00037579786585212273,3.4069652161073263,2661.0022691352233,-0.00010262531550381425,0,0,0,0,-0.06459548019415448,-0.0901102160580023,0.03646568560189076,-0.5664822609966073,,,,,,,,,,0.026,0,11.627906976744185,0,0,FRESH,false,4,5
2026-09-23T16:26:44.327Z,2661.03,2661.04,2661.035,217.918,132.075,0.00037579362916171835,1.6499564641302291,2661.0362263530983,0.00004608556815094664,0,-0.001503151921684418,0.010147457592065704,0.0011273935975221895,0.0011273935975221895,-0.08785845027456313,0.11700856871430429,-0.5653612538838266,,,,,,,,,,0.026,0,11.627906976744185,0,0,FRESH,false,4,5
2026-09-23T16:27:14.341Z,2660.96,2660.97,2660.965,178.698,49.211,0.00037580351488138814,3.6312613033671335,2660.9678407610054,0.00010675679707344667,0.009395970631954192,0.009395970631954192,0.009395970631954192,-0.0026305554041832955,-0.0015031914633743123,-0.009394205278416062,0.13057409327205716,-0.5679769371469927,,,,,,,,,,0.026,0,11.627906976744185,0,0,FRESH,false,4,5
2026-09-23T16:27:44.357Z,2660.63,2660.64,2660.635,185.101,9.93,0.00037585012599486705,18.640584088620344,2660.6394908501725,0.00016878866031079995,0.014284344921825507,0.007517567615832481,0.0041345223217270025,-0.012401515991376334,-0.015031745166810518,0.0007517059025990818,0.0007517059025990818,-0.5803080153876814,,,,,,,,,,0.026,0,11.627906976744185,0,0,FRESH,false,4,5
2026-09-23T16:28:14.372Z,2659.62,2659.63,2659.625,3.624,218.691,0.00037599285614394053,60.34519867549669,2659.6201630119426,-0.00018186729547877282,-0.014285687432922462,-0.02142700065219689,-0.02142700065219689,-0.03796086272638743,-0.050357670995302285,-0.11642208639645135,-0.1419235902913656,-0.6180485881849573,,,,,,,,,,0.026,0,11.627906976744185,0,0,FRESH,false,4,5
2026-09-23T16:28:44.379Z,2659.9,2659.91,2659.9049999999997,230.631,10.354,0.0003759532765179032,22.27457987251304,2659.9095703467015,0.00017182368173720376,0,0,0.003759674111427503,0.010527799971790961,-0.02743705919829187,-0.041337765242844854,-0.1302858215609989,-0.607585855132259,,,,,,,,,,0.026,0,11.627906976744185,0,0,FRESH,false,4,5
2026-09-23T16:29:14.387Z,2659.74,2659.75,2659.745,125.869,71.437,0.0003759758924339844,1.7619580889455044,2659.7463793802517,0.00005186137211722869,0.006391998721602992,-0.00300771667308666,0.00037597730601801604,-0.006015252424423222,0.004511914273624697,-0.04735053109634211,-0.055237927037096006,-0.613564559733801,,,,,,,,,,0.026,0,11.627906976744185,0,0,FRESH,false,4,5
2026-09-23T16:29:44.397Z,2661.34,2661.35,2661.3450000000003,55.721,59.787,0.0003757498557971075,1.072970693275426,2661.3448239948743,-0.000006613390068650598,0,0,0,0.060156142788138106,0.05413727181987738,0.011649602504303783,0.027437265444285364,-0.5537775137183136,,,,,,,,,,0.026,0,11.627906976744185,0,0,FRESH,false,4,5
2026-09-23T16:30:14.404Z,2663.59,2663.6,2663.5950000000003,312.636,0.218,0.0003754324512459113,1434.1100917431195,2663.599993031893,0.00018745462027106542,0.02703844528940542,0.030419279063101233,0.03154627444132658,0.08454371755634837,0.14475071858393807,0.09883632441614636,0.03267329521450189,-0.46970198025905385,,,,,,,,,,0.026,0,11.627906976744185,0,0,FRESH,false,4,5
2026-09-23T16:30:44.416Z,2665.8,2665.81,2665.8050000000003,97.166,133.353,0.00037512121103244723,1.372424510631291,2665.804215097237,-0.000029443367514543066,-0.006751725909912531,-0.013127518842657473,-0.013127518842657473,0.08297057172730975,0.16758443568947415,0.1943145151439439,0.18038297560508837,-0.38712112295017953,,,,,,,,,,0.026,0,11.627906976744185,0,0,FRESH,false,4,5
2026-09-23T16:31:14.430Z,2665.8,2665.81,2665.8050000000003,73.668,126.713,0.00037512121103244723,1.7200548406363683,2665.8036763964647,-0.0000496511761227299,0,-0.015002597324648188,-0.015002597324648188,0,0.08297057172730975,0.23236358509189417,0.18038297560508837,-0.38712112295017953,,,,,,,,,,0.026,0,11.627906976744185,0,0,FRESH,false,4,5
2026-09-23T16:31:44.437Z,2665.51,2665.52,2665.5150000000003,127.71,39.366,0.0003751620230898543,3.2441700960219477,2665.5176438267613,0.00009918633963640047,0.01463345996905689,0.01463345996905689,0.01463345996905689,-0.010878515120196847,-0.010878515120196847,0.21090978813155292,0.16835554586844867,-0.39795752504048276,,,,,,,,,,0.026,0,11.627906976744185,0,0,FRESH,false,4,5
2026-09-23T16:32:14.442Z,2664.35,2664.36,2664.355,190.567,46.963,0.0003753253601797913,4.057811468602943,2664.3580228602705,0.00011345561197544211,0,0,0,-0.04351879467946378,-0.054392575601001296,0.17332488640828828,0.12739739154779836,-0.4413031334017128,,,,,,,,,,0.026,0,11.627906976744185,0,0,FRESH,false,4,5
2026-09-23T16:32:44.447Z,2665.41,2665.42,2665.415,77.703,136.124,0.00037517609828932,1.7518499929217661,2665.413633919009,-0.000051252093610928386,0,-0.006002457255933691,-0.006002457255933691,0.03978448817818742,-0.0037516202310009057,0.15293019131302812,0.17965636022978518,-0.4016942154164635,,,,,,,,,,0.026,0,11.627906976744185,0,0,FRESH,false,4,5
2026-09-23T16:33:14.450Z,2665.02,2665.03,2665.025,71.38,105.938,0.00037523100159354145,1.4841412160268985,2665.024025536043,-0.00003656490865700072,0,-0.006003335603339148,-0.006003335603339148,-0.01463186783295932,0.025146799131499847,0.05368684052942869,0.20303614231329947,-0.4162673078827305,,,,,,,,,,0.026,0,11.627906976744185,0,0,FRESH,false,4,5
2026-09-23T16:33:44.456Z,2664.63,2664.64,2664.635,99.955,101.547,0.0003752859209521578,1.0159271672252514,2664.6349604966695,-0.000001482504386307583,0,-0.003377459212477489,-0.003752718375352683,-0.01463400906182391,-0.02926373566591864,-0.0438891816918369,0.177825899797191,-0.4308404003489974,,,,,,,,,,0.026,0,11.627906976744185,0,0,FRESH,false,4,5
2026-09-23T16:34:14.459Z,2666.47,2666.48,2666.475,193.828,5.153,0.00037502695507058114,37.61459344071415,2666.479741030551,0.00017780142514109995,0.0007500595359749859,0.0007500595359749859,0.015378469767235775,0.06905260945681832,0.05440849522986907,0.025133121139753953,0.2530317756025491,-0.36208529743121426,,,,,,,,,,0.026,0,11.627906976744185,0,0,FRESH,false,4,5
2026-09-23T16:34:44.470Z,2666.54,2666.55,2666.545,63.201,75.388,0.00037501711016383666,1.1928292273856427,2666.54456031864,-0.00001648880330723182,0,0,0,0.002625188685442905,0.07167961090355168,0.03864168837915919,0.19538992501910943,-0.3594696141680312,,,,,,,,,,0.026,0,11.627906976744185,0,0,FRESH,false,4,5
2026-09-23T16:35:14.481Z,2665.59,2665.6,2665.5950000000003,49.41,104.347,0.0003751507637042961,2.111859947379073,2665.59321351223,-0.00006702022514521687,0,0,0.011255789696832129,-0.03562662546478001,-0.03300237204547781,0.04654034466128712,0.07508649025095782,-0.39496817273971185,,,,,,,,,,0.026,0,11.627906976744185,0,0,FRESH,false,4,5
2026-09-23T16:35:44.488Z,2661.21,2661.22,2661.215,0.906,149.192,0.00037576821112775673,164.6710816777042,2661.2100603605645,-0.00018561594743880447,-0.014277153361052643,-0.014277153361052643,-0.021038592668424092,-0.16431603450637133,-0.19988411971295916,-0.15757396127806808,-0.17218063586797028,-0.5586352112070749,,,,,,,,,,0.026,0,11.627906976744185,0,0,FRESH,false,4,5
2026-09-23T16:36:14.496Z,2661.21,2661.22,2661.215,202.095,5.386,0.00037576821112775673,37.522279985146675,2661.219740409965,0.00017812953726219395,0,-0.006387651542338772,-0.006387651542338772,0,-0.16431603450637133,-0.14296301160401667,-0.17218063586797028,-0.5586352112070749,,,,,,,,,,0.026,0,11.627906976744185,0,0,FRESH,false,4,5
2026-09-23T16:36:44.500Z,2663.39,2663.4,2663.395,68.143,165.263,0.00037546064328491567,2.4252381022262006,2663.3929195050678,-0.00007811439655835936,0,0,0,0.08191747002778191,0.08191747002778191,-0.04653545419917686,-0.07953434889694282,-0.4771753610109983,,,,,,,,,,0.026,0,11.627906976744185,0,0,FRESH,false,4,5
2026-09-23T16:37:14.508Z,2664.79,2664.8,2664.795,151.693,98.298,0.000375263387998637,1.5431951819975993,2664.7960679384455,0.0000400758199197547,0.013511307275280776,0.013511307275280776,0.021770014807360787,0.05256449005874423,0.13452501958691526,-0.06300452845047624,0.016514315847552394,-0.42486169574745547,,,,,,,,,,0.026,0,11.627906976744185,0,0,FRESH,false,4,5
2026-09-23T16:37:44.519Z,2664.83,2664.84,2664.835,89.898,71.156,0.0003752577551787739,1.2633931081005114,2664.8355818545333,0.000021834542598917706,0,0,-0.004502890292702536,0.001501053551960418,0.05406633263184974,-0.06412792583661765,-0.02176021370030285,-0.42336701959707,,,,,,,,,,0.026,0,11.627906976744185,0,0,FRESH,false,4,5
2026-09-23T16:38:14.523Z,2666.04,2666.05,2666.045,174.836,206.896,0.0003750874422681642,1.1833718456153193,2666.0445800718835,-0.00001575097631777033,0,-0.003375673024814779,-0.003375673024814779,0.04540618837564188,0.04690792349880572,0.0168817843670857,0.03827356216170512,-0.37815306604786664,,,,,,,,,,0.026,0,11.627906976744185,0,0,FRESH,false,4,5
2026-09-23T16:38:44.530Z,2664.24,2664.25,2664.245,56.422,145.111,0.000375340856423425,2.5718868526461307,2664.2427996407537,-0.00008258847238962544,0,0,-0.006005093069554159,-0.06751573960680265,-0.022140207555069846,0.11385776797439308,-0.01463615091749254,-0.44541349281528125,,,,,,,,,,0.026,0,11.627906976744185,0,0,FRESH,false,4,5
2026-09-23T16:39:14.543Z,2663.53,2663.54,2663.535,123.207,72.198,0.000375440908407944,1.7065154159394997,2663.536305212252,0.000049003007363945586,0,0,0,-0.026649200805482845,-0.09414694800726238,0.08717822498369011,-0.1102579247883462,-0.4719439944846491,,,,,,,,,,0.026,0,11.627906976744185,0,0,FRESH,false,4,5
2026-09-23T16:39:44.554Z,2662.14,2662.15,2662.145,26.238,191.435,0.0003756369393935446,7.296097263510939,2662.141205386061,-0.00014253971662457005,-0.006009829827923893,-0.006009829827923893,-0.014272166458535006,-0.052186286269933484,-0.07882157984719533,-0.046932580409590016,-0.1650075284684898,-0.5238839907105871,,,,,,,,,,0.026,0,11.627906976744185,0,0,FRESH,false,4,5
2026-09-23T16:40:14.570Z,2662,2662.01,2662.005,90.78,92.447,0.0003756566948679014,1.0183630755673057,2662.0049545099796,-0.0000017088630754394435,0,0.00563516795618435,0.00563516795618435,-0.005258917151390051,-0.05744245898776421,-0.10469848524933299,-0.13467912417303246,-0.5291153572369363,,,,,,,,,,0.026,0,11.627906976744185,0,0,FRESH,false,4,5
2026-09-23T16:40:44.573Z,2659.82,2659.83,2659.825,101.864,53.805,0.000375964584127284,1.8932069510268563,2659.8265436278252,0.000058034939344236604,0.0026318213519556863,0.006767820517393723,-0.0026316828295915333,-0.08189315947942588,-0.08714776993740625,-0.18800413534047017,-0.0522317813480056,-0.61057520743303,,,,,,,,,,0.026,0,11.627906976744185,0,0,FRESH,false,4,5
2026-09-23T16:41:14.584Z,2657.05,2657.06,2657.0550000000003,96.703,74.011,0.00037635653005916437,1.3066030725162476,2657.055664620359,0.000025013421203096093,-0.003010761590958955,-0.050030375585173974,-0.048150440031062496,-0.10414218980570253,-0.18595006395554547,-0.337203610591711,-0.1563195758328378,-0.714081530847301,,,,,,,,,,0.026,0,11.627906976744185,0,0,FRESH,false,4,5
2026-09-23T16:41:44.586Z,2657.2,2657.21,2657.205,169.297,35.514,0.0003763352846399988,4.7670496142366385,2657.2082660111028,0.00012291152179916645,0,0.0030107729218582955,0.015055677778370491,0.005645347951007269,-0.09850272104367358,-0.264239962916322,-0.2324101381882918,-0.708476495283364,,,,,,,,,,0.026,0,11.627906976744185,0,0,FRESH,false,4,5
2026-09-23T16:42:14.588Z,2656.23,2656.24,2656.2349999999997,134.137,54.12,0.0003764727141899543,2.478510716925351,2656.237125206499,0.0000800082259056886,-0.01693840255808547,-0.01693840255808547,-0.0015058681800799378,-0.03650452260929265,-0.030861235465604524,-0.2740718631442869,-0.3212254601198366,-0.7447223919302544,,,,,,,,,,0.026,0,11.627906976744185,0,0,FRESH,false,4,5
2026-09-23T16:42:44.595Z,2659.85,2659.86,2659.855,41.528,80.856,0.00037596034371115264,1.9470236948564823,2659.8533932540204,-0.00006040727707499713,0.006391734359522754,0,0,0.13628312253999914,0.09972885042742621,-0.0860208591192427,-0.1868783620749509,-0.6094542003202323,,,,,,,,,,0.026,0,11.627906976744185,0,0,FRESH,false,4,5
2026-09-23T16:43:14.608Z,2663.83,2663.84,2663.835,38.949,161.939,0.00037539862642462006,4.157719068525508,2663.8319388415434,-0.00011491546798518498,0.007508536267161909,0.007508536267161909,0.007508536267161909,0.14963221679377328,0.2861192627911448,0.06874517515932266,-0.08289432473945625,-0.46073392335674096,,,,,,,,,,0.026,0,11.627906976744185,0,0,FRESH,false,4,5
2026-09-23T16:43:44.615Z,2662.5,2662.51,2662.505,7.802,276.677,0.0003755861491421905,35.46231735452449,2662.5002742557444,-0.00017749240867775387,-0.006384556883587849,-0.006384556883587849,-0.006384556883587849,-0.049928017313381916,0.09962949108128416,0.10075850854850568,-0.06530930901624218,-0.5104319053571007,,,,,,,,,,0.026,0,11.627906976744185,0,0,FRESH,false,4,5
2026-09-23T16:44:14.618Z,2662.39,2662.4,2662.395,71.015,140.125,0.0003756016669283964,1.9731746814053368,2662.3933634081654,-0.00006147066211212135,-0.009013627478052247,-0.021029270115339744,-0.021029270115339744,-0.004131447640478697,-0.05405740220396738,0.20097438705633455,-0.04280026355951293,-0.5145422647706693,,,,,,,,,,0.026,0,11.627906976744185,0,0,FRESH,false,4,5
2026-09-23T16:44:44.619Z,2662.57,2662.58,2662.575,94.768,164.219,0.00037557627483783676,1.7328528617254768,2662.5736591798045,-0.000050358025419369925,0,0,0,0.0067608300045574115,0.0026291030439270146,0.20209204784726398,0.0161523883935637,-0.5078162220939346,,,,,,,,,,0.026,0,11.627906976744185,0,0,FRESH,false,4,5
2026-09-23T16:45:14.630Z,2665.02,2665.03,2665.025,173.268,10.058,0.00037523100159354145,17.226884072380194,2665.029451359873,0.00016702882234674165,0.0037524508194380344,0.0037524508194380344,0.014260811477705628,0.09201618733745615,0.09878323840001613,0.3309195157808108,0.1134483218476292,-0.4162673078827305,,,,,,,,,,0.026,3.4603269999999995,8.167579976744186,-0.08424000000000614,0,FRESH,false,4,5
2026-09-23T16:45:44.641Z,2662.53,2662.54,2662.535,1.799,164.062,0.0003755819172241316,91.19622012229017,2662.5301084643165,-0.0001837172350157904,-0.02515765778451425,-0.07018452525047397,-0.07018452525047397,-0.09343251939476126,-0.0015023050993855055,0.10075737211238343,0.10188640230090462,-0.5093108982443201,,,,,,,,,,0.026,3.4603269999999995,8.167579976744186,-0.0195,0,FRESH,false,4,5
2026-09-23T16:46:14.643Z,2663.24,2663.25,2663.245,62.082,94.247,0.00037548179008008197,1.5181050868206565,2663.2439712401406,-0.00003862805935276336,-0.030029522774584583,-0.004505578469338257,-0.04691320494127405,0.02666631612354528,-0.06679111828219998,-0.02214851895857459,0.23296469211211657,-0.4827803965749523,,,,,,,,,,0.026,3.4603269999999995,8.167579976744186,-0.037960000000000944,0,FRESH,false,4,5
2026-09-23T16:46:44.654Z,2661.57,2661.58,2661.575,71.23,71.148,0.00037571738537383063,1.0011525271265531,2661.5750028796588,1.0819379316402613e-7,0,0,0.0060118395665409,-0.06270545894200769,-0.036055864054370605,-0.034929511869472206,0.16445851938408557,-0.5451831258536056,,,,,,,,,,0.026,3.4603269999999995,8.167579976744186,0.005460000000000946,0,FRESH,false,4,5
2026-09-23T16:47:14.657Z,2660.27,2660.28,2660.275,173.718,36.86,0.00037590098768805025,4.712913727618014,2660.2782495797287,0.00012215202295316803,0.005638832761621764,0.010150356860230782,0.010150356860230782,-0.04884326009974272,-0.11151809165134263,-0.07962755338707783,0.15209497653635384,-0.5937601007411678,,,,,,,,,,0.026,3.4603269999999995,8.167579976744186,0.03925999999999385,0,FRESH,false,4,5
2026-09-23T16:47:44.663Z,2659.37,2659.38,2659.375,49.348,159.332,0.00037602820212336653,3.2287428061927534,2659.372364769024,-0.00009909211660677307,-0.0026321281319865225,-0.0285699785913203,-0.03383108889118948,-0.03383108889118948,-0.0826578247841905,-0.1201844079509429,-0.018046096497742102,-0.6273903141248751,,,,,,,,,,0.026,3.4603269999999995,8.167579976744186,0.06265999999999622,0,FRESH,false,4,5
2026-09-23T16:48:14.666Z,2658.41,2658.42,2658.415,41.555,171.444,0.00037616399246236115,4.1257129106004085,2658.4119509481266,-0.00011469435258994914,-0.0003761625774741916,-0.0003761625774741916,0.010157459431294449,-0.036098707403056596,-0.06991758370845598,-0.24802769204792177,-0.2034660555177056,-0.6632625417341607,,,,,,,,,,0.026,3.4603269999999995,8.167579976744186,0.08761999999999716,0,FRESH,false,4,5
2026-09-23T16:48:44.668Z,2657.2,2657.21,2657.205,183.555,34.61,0.0003763352846399988,5.303524992776654,2657.2084135860473,0.0001284652876753024,0,0.003763494479891049,0.004516227369462809,-0.045515843086953556,-0.08159811985899217,-0.20018516188519317,-0.19906065904102271,-0.708476495283364,,,,,,,,,,0.026,3.4603269999999995,8.167579976744186,0.1190799999999981,0,FRESH,false,4,5
2026-09-23T16:49:14.682Z,2656.4,2656.41,2656.4049999999997,49.76,84.852,0.0003764486213421347,1.7052250803858522,2656.403696550085,-0.00004906819234107556,0,-0.0003764472042289431,-0.003764344505294129,-0.030106822770549577,-0.07560896248329242,-0.2568295444091755,-0.22498539848520735,-0.7383700182911075,,,,,,,,,,0.026,3.4603269999999995,8.167579976744186,0.13988000000000284,0,FRESH,false,4,5
2026-09-23T16:49:44.684Z,2656.4,2656.41,2656.4049999999997,138.043,2.941,0.0003764486213421347,46.93743624617478,2656.4097913947685,0.00018037139550425462,0.009412101326918046,0.014307094247970347,0.006023540750188875,0,-0.030106822770549577,-0.19424588824286645,-0.23173056158042774,-0.7383700182911075,,,,,,,,,,0.026,3.4603269999999995,8.167579976744186,0.13988000000000284,0,FRESH,false,4,5
2026-09-23T16:50:14.685Z,2656.84,2656.85,2656.8450000000003,149.918,80.141,0.0003763862777001869,1.870677930148114,2656.846516502288,0.000057079065124748964,-0.01956825652477274,-0.01956825652477274,-0.01956825652477274,0.016563739339464777,0.016563739339464777,-0.12893403877418072,-0.306938959296811,-0.7219285806368333,,,,,,,,,,0.026,3.4603269999999995,8.167579976744186,0.12844000000000141,0,FRESH,false,4,5
2026-09-23T16:50:44.697Z,2657.24,2657.25,2657.245,67.247,85.257,0.00037632961959541855,1.2678186387496841,2657.244409523684,-0.00002222137272494635,0.006774392045352157,0.006774392045352157,0,0.015055451108349795,0.031621684193492546,-0.08009400705053289,-0.19868283421626245,-0.7069818191329785,,,,,,,,,,0.026,10.368357999999999,1.2595489767441865,0.10165999999999621,0,FRESH,false,4,5
2026-09-23T16:51:14.704Z,2653.86,2653.87,2653.865,158.886,42.291,0.0003768089183045683,3.75696956799319,2653.8678978213215,0.00010919249177207466,0.024498580024597937,0.024498580024597937,0.022613647713268528,-0.12719941142047908,-0.1121631107573258,-0.17115461656664524,-0.3522019190874332,-0.8332819538406706,,,,,,,,,,0.026,10.368357999999999,1.2595489767441865,0.3653000000000047,0,FRESH,false,4,5
2026-09-23T16:51:44.716Z,2656.78,2656.79,2656.785,93.617,9.75,0.0003763947778899509,9.60174358974359,2656.789056758927,0.00015269428753787655,0,0.01091664015930629,0.025977986480137185,0.1179505248421558,-0.017311162501012754,-0.015806081954537674,-0.1799686275983192,-0.7241705948624285,,,,,,,,,,0.026,10.368357999999999,1.2595489767441865,0.13753999999999905,0,FRESH,false,4,5
2026-09-23T16:52:14.721Z,2654.78,2654.79,2654.785,94.825,99.482,0.00037667833740824704,1.049111521223306,2654.7848801638643,-0.000004513967631347297,0,0.012055159890965183,0.019214286387045938,-0.0752789555797703,0.042582777339183475,-0.07640727713447117,-0.20636964223624388,-0.7989044023817705,,,,,,,,,,0.026,10.368357999999999,1.2595489767441865,0.293539999999999,0,FRESH,false,4,5
2026-09-23T16:52:44.729Z,2654.77,2654.78,2654.775,56.021,152.607,0.0003766797562964198,2.7241034612020494,2654.772685210039,-0.00008719345183751596,0,-0.03351326315630446,-0.03351326315630446,-0.00037667833740824704,-0.07565535035766024,-0.06136112528020594,-0.17297297297296954,-0.7992780714193584,,,,,,,,,,0.026,10.368357999999999,1.2595489767441865,0.2943199999999806,0,FRESH,false,4,5
2026-09-23T16:53:14.730Z,2654.33,2654.34,2654.335,5.683,180.535,0.0003767421972063918,31.767552349111384,2654.3303051799503,-0.00017687368209873383,0,0.027509746175486488,0.027509746175486488,-0.016573909276682754,-0.016950525183765094,-0.09447295570498912,-0.1534749089212906,-0.8157195090736157,,,,,,,,,,0.026,10.368357999999999,1.2595489767441865,0.32863999999998483,0,FRESH,false,4,5
2026-09-23T16:53:44.731Z,2653.63,2653.64,2653.635,217.437,127.261,0.000376841577676038,1.7085910058855425,2653.6363080435626,0.000049292519973671096,0.007914299443173874,0.007914299443173874,0.0022611005907276103,-0.026371953803864926,-0.04294149221684974,-0.13585499267096834,-0.134351696613536,-0.8418763417053786,,,,,,,,,,0.026,10.368357999999999,1.2595489767441865,0.38324000000000613,0,FRESH,false,4,5
2026-09-23T16:54:14.733Z,2656.99,2657,2656.995,78.515,85.76,0.00037636502892245864,1.0922753613959117,2656.9947794856184,-0.000008299390155176822,-0.020319581868158413,-0.006397796147400435,0,0.12661877010213057,0.10021342445470727,0.12586413832996926,0.006775029499601451,-0.7163235450728962,,,,,,,,,,0.026,10.368357999999999,1.2595489767441865,0.12115999999999622,0,FRESH,false,4,5
2026-09-23T16:54:44.739Z,2655.11,2655.12,2655.115,87.109,44.602,0.00037663152065969016,1.9530290121519214,2655.1166136465445,0.00006077501519457476,0,0,0,-0.07075662543588186,0.05577255349735601,-0.06285792790911092,-0.048561872154282336,-0.7865733241410818,,,,,,,,,,0.026,10.368357999999999,1.2595489767441865,0.2678000000000047,0,FRESH,false,4,5
2026-09-23T16:55:14.749Z,2655.77,2655.78,2655.775,227.996,1.206,0.00037653792208369605,189.0514096185738,2655.779947382658,0.00018628771857458673,0.0003765393398799792,-0.0018826541658327322,-0.0018826541658327322,0.024857680364139,-0.04591653352753016,0.037291155404307184,-0.0402733317148785,-0.7619111676596874,,,,,,,,,,0.026,10.368357999999999,1.2595489767441865,0.21631999999998058,0,FRESH,false,4,5
2026-09-23T16:55:44.755Z,2656.04,2656.05,2656.045,25.89,95.394,0.0003764996451573026,3.6845886442641946,2656.042134659147,-0.0001078799814414746,0,0,-0.0071529815697632115,0.010166523896037194,0.03502673142219041,0.04783832904860042,-0.04515955435045764,-0.7518221036445769,,,,,,,,,,0.026,10.368357999999999,1.2595489767441865,0.195259999999982,0,FRESH,false,4,5
2026-09-23T16:56:14.763Z,2657.45,2657.46,2657.455,77.563,78.946,0.00037629988090930153,1.017830666683857,2657.454955817237,-0.0000016625968398046987,0.0007526054259081337,0.009408382115794605,0.009408382115794605,0.053086449966015435,0.06325837090867398,0.12961494188991396,0.14319872025565428,-0.6991347693434462,,,,,,,,,,0.026,10.368357999999999,1.2595489767441865,0.08527999999999337,0,FRESH,false,4,5
2026-09-23T16:56:44.780Z,2658.04,2658.05,2658.045,98.903,53.079,0.0003762163545093585,1.8633169426703593,2658.046507546947,0.000056716381659015844,0,0,0,0.02220169297316965,0.07529992902981689,0.16618713575905708,0.0474257420152635,-0.6770882961252348,,,,,,,,,,0.026,10.368357999999999,1.2595489767441865,0.039259999999982025,0,FRESH,false,4,5
2026-09-23T16:57:14.788Z,2659.06,2659.07,2659.065,27.706,201.468,0.0003760720403682602,7.271637912365552,2659.0612089504043,-0.00014257077565789513,0,-0.003384533808660675,-0.003384533808660675,0.03837406815911626,0.060584280825079904,0.07790756098525453,0.16121832841454958,-0.6389740542903711,,,,,,,,,,0.026,10.368357999999999,1.2595489767441865,-0.04030000000001654,0,FRESH,false,4,5
2026-09-23T16:57:44.793Z,2659.13,2659.14,2659.135,28.588,125.163,0.00037606214049920486,4.378165663914929,2659.1318593700203,-0.00011810720328049502,0,0,0,0.002632504282526516,0.041007582640630445,0.15140587130879216,0.16423237374165897,-0.6363583710271881,,,,,,,,,,0.026,10.368357999999999,1.2595489767441865,-0.045759999999993854,0,FRESH,false,4,5
2026-09-23T16:58:14.807Z,2656.99,2657,2656.995,201.903,29.969,0.00037636502892245864,6.737061630351363,2656.998707519666,0.00013953807463027077,0.008280716281950857,0.008280716281950857,0.008280716281950857,-0.08047729806874518,-0.07784691235453679,0.04593762649320066,0.1122827112883523,-0.7163235450728962,,,,,,,,,,0.026,10.368357999999999,1.2595489767441865,0.12115999999999622,0,FRESH,false,4,5
2026-09-23T16:58:44.811Z,2659.69,2659.7,2659.6949999999997,23.121,173.781,0.0003759829604433415,7.51615414558194,2659.691174238961,-0.0001438420961264321,0,0,0,0.10161855780683887,0.02105947986843431,0.13742237047940212,0.22836599607705999,-0.6154329049217913,,,,,,,,,,0.026,10.368357999999999,1.2595489767441865,-0.08943999999998958,0,FRESH,false,4,5
2026-09-23T16:59:14.821Z,2659.64,2659.65,2659.645,42.473,162.199,0.0003759900287526448,3.818873166482236,2659.6420751739365,-0.00010997054356739772,0,-0.006391421959800692,-0.006391421959800692,-0.0018799148022509032,0.09973673266227791,0.08240967391734026,0.09973673266227791,-0.6173012501097647,,,,,,,,,,0.026,10.368357999999999,1.2595489767441865,-0.08554000000001089,0,FRESH,false,4,5
2026-09-23T16:59:44.833Z,2659.81,2659.82,2659.815,16.207,178.592,0.0003759659976433804,11.019436046152897,2659.81083198579,-0.00015670316205755743,0,0,0,0.006391830488658177,0.004511795525439782,0.06659029474670225,0.17701681471425054,-0.6109488764706178,,,,,,,,,,0.026,10.368357999999999,1.2595489767441865,-0.09880000000001654,0,FRESH,false,4,5
2026-09-23T17:00:14.837Z,2659.82,2659.83,2659.825,57.714,69.587,0.000375964584127284,1.2057213154520567,2659.8245336643076,-0.00001753257045786919,-0.006390989456749836,0.0015038809527824098,0.01729736234025929,0.00037596599762628347,0.006767820517393723,0.028581475067355012,0.1524978584405579,-0.61057520743303,,,,,,,,,,0.026,10.368357999999999,1.2595489767441865,-0.09957999999999811,0,FRESH,false,4,5
2026-09-23T17:00:44.842Z,2659.84,2659.85,2659.8450000000003,162.748,33.198,0.0003759617571611703,4.902343514669558,2659.8483057577087,0.0001242838476829924,0,0,0,0.0007519291682887618,0.0011278979929130442,0.026700411976076293,0.14306986515665893,-0.6098278693578202,,,,,,,,,,0.026,10.368357999999999,1.2595489767441865,-0.10113999999999669,0,FRESH,false,4,5
2026-09-23T17:01:14.850Z,2662.19,2662.2,2662.1949999999997,71.075,52.04,0.00037562988435345764,1.3657763259031515,2662.19577305771,0.00002903835783538487,0,0.007513162120883703,0.019160794759701602,0.08835101293494373,0.08910360644026923,0.1957098150353997,0.17836614354710736,-0.5220156455226137,,,,,,,,,,0.026,10.368357999999999,1.2595489767441865,-0.2844399999999896,0,FRESH,false,4,5
2026-09-23T17:01:44.852Z,2665.48,2665.49,2665.4849999999997,87.325,68.51,0.0003751662455336846,1.2746314406655963,2665.4856036833835,0.00002264816286023832,0,-0.004126658400866676,-0.004126658400866676,0.12358223195520854,0.21204243104389228,0.21769413410184119,0.27990496774883794,-0.3990785321532974,,,,,,,,,,0.026,10.368357999999999,1.2595489767441865,-0.5410599999999868,0,FRESH,false,4,5
2026-09-23T17:02:14.865Z,2658,2658.01,2658.005,310.142,14.289,0.0003762220161443744,21.70494786199174,2658.009559567366,0.0001715409627129777,0,-0.025952581999800647,-0.025952581999800647,-0.28062435166581556,-0.15738892154780548,-0.06166236471408299,-0.03986363627816339,-0.6785829722756204,,,,,,,,,,0.026,10.368357999999999,1.2595489767441865,0.04237999999997919,0,FRESH,false,4,5
2026-09-23T17:02:44.873Z,2657.65,2657.66,2657.6549999999997,99.021,27.301,0.0003762715627033431,3.6270099996337133,2657.6578387770933,0.00010681510931741116,-0.0018813224191617166,0.003386558748316251,-0.01655320821868704,-0.013167770564779366,-0.2937551702598187,-0.08120865548920919,-0.05565719679521622,-0.6916613885915188,,,,,,,,,,0.026,10.368357999999999,1.2595489767441865,0.06968000000000757,0,FRESH,false,4,5
2026-09-23T17:03:14.876Z,2656.91,2656.92,2656.915,174.775,45.871,0.0003763763613144673,3.8101414837261016,2656.917921059072,0.00010994175846510266,0.004140311389043328,0,0.016939805342807757,-0.0278440956406976,-0.04100819975884716,-0.10940569398362127,-0.0030109202313112083,-0.7193128973736672,,,,,,,,,,0.026,10.368357999999999,1.2595489767441865,0.12739999999999055,0,FRESH,false,4,5
2026-09-23T17:03:44.888Z,2655.6,2655.61,2655.605,37.933,105.998,0.00037656202636379574,2.7943479292436666,2655.602635498954,-0.00008903813052134502,0,-0.01618954569498656,-0.02371778099451496,-0.04930530333111693,-0.07713567035599908,-0.1594077850401146,-0.1537770308249514,-0.7682635412988341,,,,,,,,,,0.026,10.368357999999999,1.2595489767441865,0.22957999999998627,0,FRESH,false,4,5
2026-09-23T17:04:14.903Z,2654.13,2654.14,2654.135,149.096,74.047,0.0003767705862649613,2.013531945926236,2654.1366816346467,0.00006335904716610352,0,0.006405510245993174,0.014319332417653818,-0.05535461787426218,-0.1046326284431284,-0.302757686796027,-0.20717050583817626,-0.8231928898255432,,,,,,,,,,0.026,10.368357999999999,1.2595489767441865,0.3442400000000061,0,FRESH,false,4,5
2026-09-23T17:04:44.915Z,2656.41,2656.42,2656.415,92.276,53.924,0.0003764472042289431,1.7112232030264816,2656.416311627907,0.000049375865854680584,0,0,-0.011292140858171911,0.08590369367043293,0.030501524134799618,-0.34027578470708747,-0.12782843919596254,-0.7379963492535028,,,,,,,,,,0.026,10.368357999999999,1.2595489767441865,0.16639999999999053,0,FRESH,false,4,5
2026-09-23T17:05:14.916Z,2655.15,2655.16,2655.1549999999997,100.523,41.658,0.00037662584669307563,2.4130539152143644,2655.157070072654,0.0000779642866076784,-0.011297498922037161,-0.017321787985082042,-0.02146306564121525,-0.0474323477318197,0.038430599799917,-0.10722327459881995,-0.17557546079159617,-0.7850786479906964,,,,,,,,,,0.026,10.368357999999999,1.2595489767441865,0.2646800000000076,0,FRESH,false,4,5
2026-09-23T17:05:44.926Z,2655.37,2655.38,2655.375,339.279,21.178,0.0003765946429494244,16.02035130796109,2655.379412468061,0.0001661711834004061,0.006779163112324747,0.013182550070146572,0.013182550070146572,0.008285768627453187,-0.03915050923895414,-0.0857899162983813,-0.1680549054550267,-0.7768579291635592,,,,,,,,,,0.026,10.368357999999999,1.2595489767441865,0.2475199999999877,0,FRESH,false,4,5
2026-09-23T17:06:14.942Z,2655.87,2655.88,2655.875,60.364,65.79,0.0003765237445368581,1.089888012722815,2655.8747849453844,-0.000008097316915788589,0.008284208603913336,0.011673598650379313,0.018453068010845196,0.018829732147060206,0.02711706096255227,-0.03914314157584882,-0.237772823655576,-0.7581744772837237,,,,,,,,,,0.026,10.368357999999999,1.2595489767441865,0.2085199999999877,0,FRESH,false,4,5
2026-09-23T17:06:44.947Z,2655.81,2655.82,2655.815,100.526,37.955,0.00037653225093684157,2.6485575023053616,2655.8172591907914,0.00008506581939600572,-0.01054179161514178,-0.01054179161514178,-0.018070282103456813,-0.002259142467169781,0.01657016428941504,0.007907802553468471,-0.3627857594396374,-0.7604164915093019,,,,,,,,,,0.026,10.368357999999999,1.2595489767441865,0.21319999999998343,0,FRESH,false,4,5
2026-09-23T17:07:14.950Z,2655.42,2655.43,2655.425,83.418,48.403,0.0003765875518895668,1.7234055740346674,2655.426328126778,0.000050015601191327665,0,0,0.013558990081226912,-0.01468475778621149,-0.01694356850378192,0.04860340562932795,-0.09706528016312713,-0.7749895839755688,,,,,,,,,,0.026,10.368357999999999,1.2595489767441865,0.24362000000000897,0,FRESH,false,4,5
2026-09-23T17:07:44.965Z,2655.12,2655.13,2655.125,0.298,266.385,0.00037663010216913625,893.9093959731543,2655.1200111743156,-0.0001878941927197286,-0.023345614883955007,-0.018451469810186406,-0.018451469810186406,-0.01129762655696101,-0.02598072531407702,-0.04856168934447229,-0.09519670536618732,-0.7861996551034769,,,,,,,,,,0.026,10.368357999999999,1.2595489767441865,0.2670199999999877,0,FRESH,false,4,5
2026-09-23T17:08:14.977Z,2652.4,2652.41,2652.4049999999997,29.018,112.794,0.0003770163304534388,3.8870356330553446,2652.40204623022,-0.00011136194433547437,0.010557571758485944,-0.0007540269753315007,-0.0007540269753315007,-0.10244338778777853,-0.11372944067335497,-0.10357210784304495,-0.18402172133693576,-0.8878376333297916,,,,,,,,,,0.026,10.368357999999999,1.2595489767441865,0.4791800000000076,0,FRESH,false,4,5
2026-09-23T17:08:44.995Z,2649.43,2649.44,2649.435,66.628,67.788,0.0003774389634098696,1.0174100978567568,2649.434956850375,-0.0000016286349758056756,-0.008302967744849798,0.0007548836252524354,-0.011321886905661403,-0.1119738501473116,-0.2143025281295628,-0.22369721790707733,-0.2323387702613933,-0.9988173374960071,,,,,,,,,,0.026,10.368357999999999,1.2595489767441865,0.7108399999999919,0,FRESH,false,4,5
2026-09-23T17:09:15.005Z,2647.13,2647.14,2647.135,61.364,40.685,0.0003777669064767581,1.508270861496866,2647.1360131897422,0.000038274955452787004,-0.0018887988561331055,-0.00906558383303392,0.0003777683335776844,-0.08681096158236482,-0.19868760615364273,-0.3290817527180226,-0.26373941039170956,-1.0847612161432403,,,,,,,,,,0.026,10.368357999999999,1.2595489767441865,0.8902400000000061,0,FRESH,false,4,5
2026-09-23T17:09:45.011Z,2651.96,2651.97,2651.965,65.426,154.653,0.000377078883008016,2.3637850395867086,2651.9629728415703,-0.00007643986364384701,-0.009803089858506106,0.007542146457164118,0.015839821688867158,0.18246141583258604,0.09549205774062018,-0.14496491660751631,-0.16751900587821625,-0.9042790709840318,,,,,,,,,,0.026,10.368357999999999,1.2595489767441865,0.5135000000000118,0,FRESH,false,4,5
2026-09-23T17:10:15.017Z,2649.44,2649.45,2649.4449999999997,258.616,13.33,0.0003774375387963718,19.40105026256564,2649.4495098291573,0.00017021788176547882,0.0007548807759995872,0.009814339126930114,0.012456990353379422,-0.0950238785202835,0.0872641553981754,-0.22519935603530403,-0.2150533584668329,-0.9984436684584193,,,,,,,,,,0.026,10.368357999999999,1.2595489767441865,0.7100600000000103,0,FRESH,false,4,5
2026-09-23T17:10:45.037Z,2647.67,2647.68,2647.675,229.539,59.113,0.0003776898599625532,3.883054488860318,2647.6779521014923,0.00011149787991938717,0.011331979791309576,-0.023788800761245746,-0.023788800761245746,-0.06680644436851972,-0.16176684081426276,-0.28058942610987503,-0.2899778750647204,-1.0645830881130194,,,,,,,,,,0.026,10.368357999999999,1.2595489767441865,0.848120000000009,0,FRESH,false,4,5
2026-09-23T17:11:15.046Z,2651.03,2651.04,2651.035,275.831,18.53,0.0003772111646871328,14.8856449001619,2651.039370500848,0.00016486017151514222,0.0011316463001671193,0.0015088674252483926,0.0033950157396756826,0.1269037929504064,0.060012568670047714,-0.05165123727333839,-0.18223749235186693,-0.9390302914805368,,,,,,,,,,0.026,10.368357999999999,1.2595489767441865,0.586039999999999,0,FRESH,false,4,5
2026-09-23T17:11:45.051Z,2649.18,2649.19,2649.185,68.129,81.832,0.00037747458181358715,1.2011331444759206,2649.1845431145425,-0.000017246264697426006,0,0,0.0022648987873333808,-0.06978406546876631,0.05703116885568522,-0.009435974085040773,-0.24964088236568094,-1.008159063435925,,,,,,,,,,0.026,10.368357999999999,1.2595489767441865,0.730339999999992,0,FRESH,false,4,5
2026-09-23T17:12:15.059Z,2650.59,2650.6,2650.5950000000003,45.265,255.375,0.00037727378191551445,5.641776206782282,2650.591505621341,-0.00013183374521834557,-0.005658786492085667,0.014338459332548835,0.026038669310805833,0.0532239160345657,-0.016597291246611225,0.1307073496440505,-0.18189178756695923,-0.9554717291347772,,,,,,,,,,0.026,10.368357999999999,1.2595489767441865,0.6203600000000034,0,FRESH,false,4,5
2026-09-23T17:12:45.070Z,2650.59,2650.6,2650.5950000000003,2.122,195.852,0.00037727378191551445,92.29594721960416,2650.590107185792,-0.00018459305205937443,-0.006036016153882742,-0.02904164458682705,-0.05279044643747957,0,0.0532239160345657,-0.05165980697331567,-0.170613436278885,-0.9554717291347772,,,,,,,,,,0.026,10.368357999999999,1.2595489767441865,0.6203600000000034,0,FRESH,false,4,5
2026-09-23T17:13:15.074Z,2648.88,2648.89,2648.885,43.054,222.778,0.0003775173327556134,5.174385655223672,2648.8816195943305,-0.00012761617321095694,-0.011701667865124716,-0.05998924721039401,-0.04528156644031486,-0.0645138167090799,-0.0645138167090799,-0.021136502173077408,-0.13270974832273078,-1.019369134563816,,,,,,,,,,0.026,10.368357999999999,1.2595489767441865,0.7537400000000061,0,FRESH,false,4,5
2026-09-23T17:13:45.074Z,2648.94,2648.95,2648.9449999999997,231.783,46.829,0.0003775087817891097,4.949561169360866,2648.9483192037674,0.0001253028570868753,0.018501352675419507,0.018501352675419507,0.018501352675419507,0.0022651039965680157,-0.06225017401755249,0.04796661221636066,-0.01849450920668884,-1.0171271203382548,,,,,,,,,,0.026,10.368357999999999,1.2595489767441865,0.7490600000000104,0,FRESH,false,4,5
2026-09-23T17:14:15.090Z,2649.98,2649.99,2649.9849999999997,283.358,17.15,0.000377360626560661,16.522332361516035,2649.989429299719,0.00016714433174166431,0.010189775126741065,0.010189775126741065,0.03208594503486815,0.03926091330699444,0.04152690660407886,-0.04300061294734603,0.10577273594402081,-0.9782655404281982,,,,,,,,,,0.026,10.368357999999999,1.2595489767441865,0.6679400000000133,0,FRESH,false,4,5
2026-09-23T17:14:45.102Z,2650.53,2650.54,2650.535,286.592,46.588,0.00037728232223922835,6.151627028419335,2650.53860171679,0.00013588640745904038,0.017735414037006635,0.017735414037006635,0.017735414037006635,0.020754834461334006,0.06002389630589332,0.050959068543718504,-0.05392228027143235,-0.9577137433603724,,,,,,,,,,0.026,10.368357999999999,1.2595489767441865,0.625039999999999,0,FRESH,false,4,5
2026-09-23T17:15:15.110Z,2649.16,2649.17,2649.165,68.271,166.493,0.0003774774315762997,2.438707503918208,2649.16290806938,-0.00007896565973907244,0,-0.045653916898553464,-0.06940763974417798,-0.05168767814799242,-0.03094357137869494,-0.053950150815205294,-0.010568251086538704,-1.0089064015111175,,,,,,,,,,0.026,10.368357999999999,1.2595489767441865,0.7318999999999906,0,FRESH,false,4,5
2026-09-23T17:15:45.125Z,2653.3,2653.31,2653.3050000000003,46.231,175.978,0.0003768884466641992,3.806493478401938,2653.302080518791,-0.00011003187379962394,-0.002261279545011361,0.012061885008796451,0.023749611241486765,0.15627565666918927,0.10450720326275399,0.10224119490152346,0.2126393911639498,-0.8542074199460674,,,,,,,,,,0.026,10.368357999999999,1.2595489767441865,0.40898000000000045,0,FRESH,false,4,5
2026-09-23T17:16:15.126Z,2654.35,2654.36,2654.355,39.944,185.442,0.00037673935853411766,4.642549569397156,2654.351772248498,-0.00012160210303374651,-0.004520667928682352,-0.004520667928682352,-0.004520667928682352,0.039573286900666416,0.19591078698382525,0.21406849059061658,0.12183507001744612,-0.814972170998423,,,,,,,,,,0.026,10.368357999999999,1.2595489767441865,0.32707999999998627,0,FRESH,false,4,5
2026-09-23T17:16:45.158Z,2656.84,2656.85,2656.8450000000003,35.85,115.719,0.0003763862777001869,3.2278661087866105,2656.842365259387,-0.0000991680212169965,0.026353982933923898,0.026353982933923898,0.03313296673714108,0.09380810027295657,0.13341851012228007,0.2982319376204695,0.289145529662908,-0.7219285806368333,,,,,,,,,,0.026,10.368357999999999,1.2595489767441865,0.1328600000000033,0,FRESH,false,4,5
2026-09-23T17:17:15.162Z,2656.88,2656.89,2656.885,44.873,67.236,0.0003763806111202981,1.4983620439908187,2656.8840026224475,-0.00003753935728198419,0,0,-0.003010954227847459,0.0015055451108349797,0.09531505770705878,0.2603788323330338,0.23730520883046874,-0.7204339044864478,,,,,,,,,,0.026,10.368357999999999,1.2595489767441865,0.12974000000000616,0,FRESH,false,4,5
2026-09-23T17:17:45.172Z,2656.55,2656.56,2656.5550000000003,98.093,45.084,0.00037642736550771695,2.1757829828764086,2656.5568511702295,0.00006968311325011793,0.005646729320286091,0.014306286295146558,0.014306286295146558,-0.012420560167260803,-0.01091520205356216,0.22712395799340274,0.22485517402696512,-0.7327649827271365,,,,,,,,,,0.026,10.368357999999999,1.2595489767441865,0.15548000000000048,0,FRESH,false,4,5
2026-09-23T17:18:15.185Z,2656.82,2656.83,2656.825,96.261,241.807,0.0003763891110541165,2.5119934345165746,2656.822847385733,-0.00008102205703550488,-0.008656200191583271,-0.017310901916807436,-0.03386354871177759,0.010163538868930892,-0.0022582836667902517,0.2891477125811286,0.3073223127702944,-0.7226759187120431,,,,,,,,,,0.026,10.368357999999999,1.2595489767441865,0.1344200000000019,0,FRESH,false,4,5
2026-09-23T17:18:45.186Z,2658.36,2658.37,2658.365,114.756,42.401,0.00037617106754578593,2.7064456026980492,2658.3673019973653,0.00008659448064960782,0,0.019564722547760573,0.04177243057213827,0.05796392310370325,0.06813335315848873,0.19070555401657519,0.35561327245375324,-0.6651308869221509,,,,,,,,,,0.026,10.368357999999999,1.2595489767441865,0.014300000000004729,0,FRESH,false,4,5
2026-09-23T17:19:15.198Z,2658.5,2658.51,2658.505,183.89,0.643,0.0003761512579520549,285.98755832037324,2658.509965155284,0.0001867649405972894,0.01692967226034894,0.02671387371862903,0.013543279241731633,0.005266394945777853,0.06323337065859781,0.15634683378824954,0.3215112538373024,-0.6598995203957848,,,,,,,,,,0.026,10.368357999999999,1.2595489767441865,0.0033799999999791913,0,FRESH,false,4,5
2026-09-23T17:19:45.212Z,2658.83,2658.84,2658.835,3.364,195.565,0.00037610457212344046,58.134661117717,2658.8301691055603,-0.00018169214861742838,0,0,-0.015041919950648823,0.012412991512144127,0.017680040175079594,0.07490086926410014,0.3131443274659713,-0.647568442155096,,,,,,,,,,0.026,10.368357999999999,1.2595489767441865,-0.022360000000015125,0,FRESH,false,4,5
2026-09-23T17:20:15.215Z,2659.28,2659.29,2659.285,31.896,291.624,0.0003760409282857434,9.142964635063958,2659.2809859050444,-0.0001509463993305355,-0.0033842538190418992,-0.008648193373621615,0.004512694774483376,0.01692470574517855,0.02933979811961028,0.09033134667099389,0.38200716074687274,-0.630753335463251,,,,,,,,,,0.026,10.368357999999999,1.2595489767441865,-0.057460000000000934,0,FRESH,false,4,5
2026-09-23T17:20:45.216Z,2660.46,2660.47,2660.465,65.893,258.419,0.0003758741422933033,3.9217974595177028,2660.4620317780405,-0.00011156778832612752,0.006014347978891686,0.017669206145133908,0.017669206145133908,0.04437282953877795,0.06130504525478674,0.14718309991699227,0.26985212781794227,-0.5866603890268283,,,,,,,,,,0.026,10.368357999999999,1.2595489767441865,-0.14949999999998817,0,FRESH,false,4,5
2026-09-23T17:21:15.227Z,2661,2661.01,2661.005,56.965,113.519,0.00037579786585212273,1.992785043447731,2661.003341369278,-0.00006233098855420436,0,0.009771699279721217,0,0.020297203684316974,0.0646790396666869,0.15733064842435204,0.2505316734197231,-0.5664822609966073,,,,,,,,,,0.026,10.368357999999999,1.2595489767441865,-0.1916200000000208,0,FRESH,false,4,5
2026-09-23T17:21:45.232Z,2661.11,2661.12,2661.115,135.419,41.444,0.00037578233183321777,3.2675176141299103,2661.117656717346,0.0000998347439447875,0,0.004133776524270815,0.014281768007716258,0.004133776524270815,0.024431819249628773,0.10344704357753733,0.16071694058176245,-0.5623719015830556,,,,,,,,,,0.026,10.368357999999999,1.2595489767441865,-0.20019999999999527,0,FRESH,false,4,5
2026-09-23T17:22:15.240Z,2662.13,2662.14,2662.135,84.686,111.314,0.00037563835041286525,1.3144321375433954,2662.134320714286,-0.00002551657652000928,0,0,0,0.03832979784791099,0.04246515884036705,0.13654290663361962,0.19759982084282907,-0.524257659748175,,,,,,,,,,0.026,10.368357999999999,1.2595489767441865,-0.27975999999999385,0,FRESH,false,4,5
2026-09-23T17:22:45.311Z,2664.01,2664.02,2664.0150000000003,92.71,106.475,0.0003753732617783132,1.148473735303635,2664.0146544669524,-0.000012970386726360978,0,0,-0.007506901657704731,0.0706200098792927,0.10897687623423061,0.19482216835570057,0.2808148146753986,-0.45400788067998926,,,,,,,,,,0.026,10.368357999999999,1.2595489767441865,-0.42640000000000233,0,FRESH,false,4,5
2026-09-23T17:23:15.317Z,2666.37,2666.38,2666.375,340.768,212.378,0.00037504102011976106,1.6045353096836772,2666.3761605435093,0.00004352514216065151,0.0011251357194866133,0.0011251357194866133,0.0026253560639052527,0.08858808978176445,0.15927066057881292,0.2666130181609021,0.3594516010651881,-0.36582198780717795,,,,,,,,,,0.026,10.368357999999999,1.2595489767441865,-0.6104800000000123,0,FRESH,false,4,5
2026-09-23T17:23:45.321Z,2665.13,2665.14,2665.135,15.244,223.042,0.00037521551440221714,14.631461558646025,2665.130639735444,-0.00016360389083474507,-0.0363826630984076,-0.04388095135403011,-0.04762967366171033,-0.04650508649382708,0.04204180532016114,0.17553322445512617,0.2546678127345356,-0.41215694846916184,,,,,,,,,,0.026,10.368357999999999,1.2595489767441865,-0.5137599999999938,0,FRESH,false,4,5
2026-09-23T17:24:15.323Z,2663.13,2663.14,2663.135,133.748,188.856,0.0003754972992267959,1.4120285910817358,2663.1341458878373,-0.000032071681040186436,-0.04053726895163968,-0.04053726895163968,-0.036785198837120905,-0.07504310288221797,-0.12151329051614203,0.09358632963060598,0.17415803242800404,-0.4868907559885039,,,,,,,,,,0.026,10.368357999999999,1.2595489767441865,-0.35775999999999386,0,FRESH,false,4,5
2026-09-23T17:24:45.326Z,2660.95,2660.96,2660.955,231.268,22.313,0.00037580492718660325,10.364720118316677,2660.959120083918,0.00015483478368570033,-0.002630565289697155,-0.002630565289697155,-0.03193321824853299,-0.08185841123338812,-0.15684008502384647,-0.006012517309468193,0.07973416928842485,-0.5683506061845975,,,,,,,,,,0.026,10.368357999999999,1.2595489767441865,-0.1877200000000066,0,FRESH,false,4,5
2026-09-23T17:25:15.335Z,2661.3,2661.31,2661.3050000000003,23.112,283.029,0.00037575550340015633,12.24597611630322,2661.30075494625,-0.00015951023089461877,-0.0011272538030629492,-0.0011272538030629492,-0.000751505359154822,0.01315317245125768,-0.06871600576012583,-0.03117798308500234,0.07596026751553281,-0.5552721898686991,,,,,,,,,,0.026,10.368357999999999,1.2595489767441865,-0.21501999999999952,0,FRESH,false,4,5
2026-09-23T17:25:45.340Z,2661.49,2661.5,2661.495,290.749,0.958,0.0003757286788146617,303.49582463465555,2661.499967158827,0.00018663040235600306,0.012024763497316371,0.012024763497316371,0.012024763497316371,0.007139354564756756,0.020293466067632247,-0.09459406197038817,0.038715036657116154,-0.5481724781543765,,,,,,,,,,0.026,10.368357999999999,1.2595489767441865,-0.22984000000000376,0,FRESH,false,4,5
2026-09-23T17:26:15.346Z,2664.6,2664.61,2664.605,78.255,188.995,0.00037529014620246823,2.4151172449044793,2664.602928157156,-0.00007775422038496055,-0.0030022310329336204,-0.003377497237008017,0.005254338112899688,0.11685161910881393,0.12399931612497353,-0.06638226055974804,0.1488360904968546,-0.431961407461795,,,,,,,,,,0.026,10.368357999999999,1.2595489767441865,-0.4724200000000137,0,FRESH,false,4,5
2026-09-23T17:26:45.352Z,2663.36,2663.37,2663.365,71.841,73.627,0.00037546487243631763,1.024860455728623,2663.364938611928,-0.0000023049064462383157,0,-0.011262677551425645,-0.011262677551425645,-0.046535978128099155,0.07026126293680397,-0.06641314605077928,0.08455102466447335,-0.4782963681237959,,,,,,,,,,0.026,10.368357999999999,1.2595489767441865,-0.37569999999999526,0,FRESH,false,4,5
2026-09-23T17:27:15.355Z,2663.02,2663.03,2663.025,0.027,296.465,0.00037551280968891687,10980.185185185184,2663.0200009106484,-0.00018772220883068455,-0.008260599381573978,-0.008260599381573978,-0.008260599381573978,-0.012765805663125062,-0.05929584309869295,-0.004130470291597209,0.03343181318753078,-0.4910011154020725,,,,,,,,,,0.026,10.368357999999999,1.2595489767441865,-0.34918000000001936,0,FRESH,false,4,5
2026-09-23T17:27:45.362Z,2662.23,2662.24,2662.2349999999997,35.541,188.876,0.00037562424052585636,5.314313046903576,2662.231583703552,-0.0001283243758548714,0,0,0.0045076940703121715,-0.029665511964792605,-0.042427530586311275,0.04810303067882566,-0.06681644059814433,-0.5205209693722282,,,,,,,,,,0.026,10.368357999999999,1.2595489767441865,-0.2875599999999867,0,FRESH,false,4,5
2026-09-23T17:28:15.376Z,2662.85,2662.86,2662.855,42.687,214.005,0.0003755367828972392,5.013353011455479,2662.8516629657333,-0.00012531791128989484,0,0,0,0.023288702913166783,-0.006383717764574976,0.058242103028391216,-0.13201443907927363,-0.4973534890412193,,,,,,,,,,0.026,10.368357999999999,1.2595489767441865,-0.3359200000000137,0,FRESH,false,4,5
2026-09-23T17:28:45.387Z,2662.1,2662.11,2662.105,245.272,39.368,0.00037564258360276093,6.230237756553546,2662.108616919618,0.0001358669029883485,0.008264819855095164,0.008264819855095164,-0.0048831151269386214,-0.028165258716678153,-0.0048831151269386214,0.022919449407198863,-0.11369030086656771,-0.5253786668609726,,,,,,,,,,0.026,10.368357999999999,1.2595489767441865,-0.2774200000000137,0,FRESH,false,4,5
2026-09-23T17:29:15.388Z,2662.48,2662.49,2662.4849999999997,132.992,81.975,0.0003755889704454122,1.6223482769136932,2662.4861866239935,0.00004456828841541617,0.021037407139550914,0.0217889068167319,0.01389872338347107,0.014274418176580352,-0.013894860966907533,-0.07956151099319958,-0.02440732445033938,-0.5111792434323105,,,,,,,,,,0.026,10.368357999999999,1.2595489767441865,-0.30705999999998673,0,FRESH,false,4,5
2026-09-23T17:29:45.394Z,2661.5,2661.51,2661.505,2.191,168.523,0.00037572726709956503,76.91602008215428,2661.500128343311,-0.0001830414253935182,0,0.002630160045244904,0.006763548232564269,-0.03680771910450439,-0.02253855501567027,-0.0698364662747942,0.02066927099481885,-0.5477988091167717,,,,,,,,,,0.026,10.368357999999999,1.2595489767441865,-0.2306200000000208,0,FRESH,false,4,5
2026-09-23T17:30:15.407Z,2662.21,2662.22,2662.215,248.749,1.472,0.00037562706241845724,168.98709239130434,2662.2199411720035,0.00018560379245581836,0.02066375746009291,0.026676635963488193,0.03381786823431615,0.026676635963488193,-0.010140902202248166,-0.03041653758413629,0.03419375081021733,-0.5212683074474039,,,,,,,,,,0.026,10.368357999999999,1.2595489767441865,-0.28599999999998815,0,FRESH,false,4,5
2026-09-23T17:30:45.411Z,2661.45,2661.46,2661.455,12.607,169.601,0.00037573432578113397,13.452922979297217,2661.4506919015625,-0.00016187004617313985,0,0,0,-0.02854765674448601,-0.0018786363354636529,-0.029298690761700056,-0.0015029147152244744,-0.5496671543047621,,,,,,,,,,0.026,10.368357999999999,1.2595489767441865,-0.22672000000000664,0,FRESH,false,4,5
2026-09-23T17:31:15.423Z,2661.24,2661.25,2661.245,30.505,228.4,0.00037576397514014223,7.487297164399279,2661.2411782313975,-0.0001436082962069518,-0.004508964384813465,-0.004508964384813465,-0.004508964384813465,-0.00789042084123295,-0.03643582505546151,-0.060461422045140545,-0.12609748912128166,-0.5575142040942943,,,,,,,,,,0.026,10.368357999999999,1.2595489767441865,-0.21034000000000377,0,FRESH,false,4,5
2026-09-23T17:31:45.436Z,2661,2661.01,2661.005,48.24,209.103,0.00037579786585212273,4.334639303482587,2661.001874540982,-0.00011745408287715195,-0.010145512959013323,-0.018035044345527534,-0.018035044345527534,-0.009018335403158361,-0.016908044659775127,-0.04132068419539834,-0.08860970989705402,-0.5664822609966073,,,,,,,,,,0.026,10.368357999999999,1.2595489767441865,-0.1916200000000208,0,FRESH,false,4,5
2026-09-23T17:32:20.071Z,2660.95,2660.96,2660.955,147.755,59.547,0.00037580492718660325,2.4813172787881843,2660.9571275240955,0.0000799534037822097,0,0.0056373916915984515,0.0056373916915984515,0.0018790599438981061,-0.010897155278824898,-0.040194964359844994,-0.05070793917302352,-0.5683506061845975,,,,,,,,,,0.026,10.368357999999999,1.2595489767441865,-0.1877200000000066,0,FRESH,false,4,5
2026-09-23T17:32:51.324Z,2661.2,2661.21,2661.205,174.517,0.158,0.0003757696231676357,1104.5379746835442,2661.2099909546305,0.000187544914073027,0.017288391033339776,0.015033044510951991,0.015033044510951991,0.009395123179460006,0.01089850671667316,-0.004133295006420786,-0.05258008604355851,-0.5590088802446799,,,,,,,,,,0.026,10.368357999999999,1.2595489767441865,-0.20722000000000662,0,FRESH,false,4,5
2026-09-23T17:33:24.189Z,2661.15,2661.16,2661.1549999999997,53.047,211.408,0.00037577668342368383,3.9852960582125285,2661.1520058989245,-0.0001125113371928222,0,0,-0.004884858254569095,-0.052581073442634824,-0.005636332551156131,-0.032681886909414655,-0.07547410693667941,-0.5608772254326702,,,,,,,,,,0.026,10.368357999999999,1.2595489767441865,-0.20331999999999242,0,FRESH,false,4,5
2026-09-23T17:33:54.265Z,2660.94,2660.95,2660.9449999999997,140.938,60.687,0.00037580633946825403,2.3223754675630692,2660.9469901053935,0.00007478942232235582,0,0,0,-0.007891310352085332,-0.06046823445902833,-0.03268446529906645,-0.049206405847689275,-0.5687242752222025,,,,,,,,,,0.026,10.368357999999999,1.2595489767441865,-0.1869399999999896,0,FRESH,false,4,5
2026-09-23T17:34:31.039Z,2658.82,2658.83,2658.825,331.947,9.162,0.00037610598665814907,36.23084479371316,2658.829731405504,0.00017795099354477983,0.006394210606493614,-0.006769449474532429,-0.006769449474532429,-0.08943317031194926,-0.07291136195795228,-0.09506435631474193,-0.09055945829661247,-0.647942111192701,,,,,,,,,,0.026,10.368357999999999,1.2595489767441865,-0.021579999999998108,0,FRESH,false,4,5
2026-09-23T17:35:05.403Z,2657.63,2657.64,2657.635,57.193,91.885,0.0003762743943304303,1.606577728043642,2657.633836448034,-0.00004378148114126539,0,0.004891806412409727,0.004891806412409727,-0.05152303211163164,-0.12589323126584534,-0.08609265298833477,-0.1176353417156385,-0.6924087266666945,,,,,,,,,,0.026,10.368357999999999,1.2595489767441865,0.07124000000000615,0,FRESH,false,4,5
2026-09-23T17:35:35.450Z,2657.45,2657.46,2657.455,199.561,48.504,0.00037629988090930153,4.114320468414976,2657.4580447060243,0.00011457225143648436,0.01204304636383582,-0.006772939098118855,-0.006772939098118855,-0.006772939098118855,-0.05829248158616407,-0.15967208988223713,-0.13528468971894092,-0.6991347693434462,,,,,,,,,,0.026,10.368357999999999,1.2595489767441865,0.08527999999999337,0,FRESH,false,4,5
2026-09-23T17:36:05.568Z,2656.83,2656.84,2656.835,333.673,25.772,0.0003763876943889357,12.947113146049977,2656.839283005745,0.00016120706573939937,-0.011290355966113197,-0.011290355966113197,-0.011290355966113197,-0.02333059261586333,-0.03010195154715308,-0.17846508753242898,-0.17058851157766056,-0.7223022496744381,,,,,,,,,,0.026,10.368357999999999,1.2595489767441865,0.13363999999998485,0,FRESH,false,4,5
2026-09-23T17:36:35.571Z,2658.2,2658.21,2658.205,83.242,70.025,0.0003761937096731922,1.188746876115673,2658.205431175661,0.000016220557146869924,0,0,0,0.05156511413015452,0.028222491067581575,-0.10860191011596079,-0.12323946969454067,-0.6711095915236929,,,,,,,,,,0.026,10.368357999999999,1.2595489767441865,0.026779999999993385,0,FRESH,false,4,5
2026-09-23T17:37:05.588Z,2659.18,2659.19,2659.185,57.581,89.672,0.0003760550695125867,1.5573192546152375,2659.183910344781,-0.00004097703690972544,0.001880310702530227,0.02745955827727075,0.024073318300042792,0.036866983547168795,0.08845110817946576,-0.06764412426224603,-0.044730536108633354,-0.6344900258392147,,,,,,,,,,0.026,10.368357999999999,1.2595489767441865,-0.04966000000000804,0,FRESH,false,4,5
2026-09-23T17:37:35.598Z,2658.91,2658.92,2658.915,42.798,89.097,0.0003760932560919878,2.0818028879854196,2658.913244853861,-0.00006600986262247521,0,0,0.005265582834195172,-0.010153486876617528,0.026709753386215,-0.0033847247372662146,-0.10482003076974959,-0.6445790898543251,,,,,,,,,,0.026,10.368357999999999,1.2595489767441865,-0.028600000000009458,0,FRESH,false,4,5
2026-09-23T17:38:05.626Z,2660.48,2660.49,2660.4849999999997,95.152,63.319,0.0003758713166871278,1.5027400938107045,2660.48600437935,0.00003775173889098181,0.01052550461335669,0.01052550461335669,0.01842108725767461,0.05904664120514228,0.0488871590355589,0.10723820238668794,-0.0413287571127867,-0.5859130509516525,,,,,,,,,,0.026,10.368357999999999,1.2595489767441865,-0.15105999999998676,0,FRESH,false,4,5
2026-09-23T17:38:35.637Z,2659.78,2659.79,2659.785,16.775,144.504,0.0003759702381870539,8.61424739195231,2659.7810401230167,-0.00014887958925692427,0.028205721248498045,0.028205721248498045,0.028205721248498045,-0.02631099216871428,0.032720113279284625,0.0876778722499507,-0.049227855450496884,-0.6120698835834154,,,,,,,,,,0.026,10.368357999999999,1.2595489767441865,-0.09646000000000093,0,FRESH,false,4,5
2026-09-23T17:39:05.645Z,2658.68,2658.69,2658.685,43.036,167.453,0.00037612579151792254,3.8909982340366205,2658.6820445724,-0.00011116125452140887,0,0,-0.0052654838133338105,-0.04135672620155047,-0.06765683700527263,0.06963172346042976,-0.08643415877953943,-0.6531734777190501,,,,,,,,,,0.026,10.368357999999999,1.2595489767441865,-0.010660000000008038,0,FRESH,false,4,5
2026-09-23T17:39:35.654Z,2657.55,2657.56,2657.5550000000003,285.244,18.179,0.0003762857212649797,15.690852082072723,2657.5594008694134,0.00016559843213311744,0,-0.016929990726120458,-0.016929990726120458,-0.04250221444058452,-0.08384136311767919,-0.02445259112821006,-0.05453167632252733,-0.6953980789674655,,,,,,,,,,0.026,10.368357999999999,1.2595489767441865,0.07748000000000047,0,FRESH,false,4,5
2026-09-23T17:40:05.742Z,2657.9,2657.91,2657.9049999999997,58.032,111.528,0.00037623617096034403,1.9218362282878414,2657.903422505308,-0.000059351056260511124,0,0.000752478004109548,0.000752478004109548,0.013170000244565183,-0.0293378117377651,-0.04813504889656794,0.01015940864714406,-0.682319662651601,,,,,,,,,,0.026,10.368357999999999,1.2595489767441865,0.050180000000007566,0,FRESH,false,4,5
2026-09-23T17:40:35.897Z,2659.62,2659.63,2659.625,23.044,144.525,0.00037599285614394053,6.2716976219406355,2659.6213751946952,-0.0001362900899470021,0,0.007520422647745963,0.0015039940441822172,0.06471262140671902,0.07789114430368171,0.026702621181949642,0.08165707415553877,-0.6180485881849573,,,,,,,,,,0.026,10.368357999999999,1.2595489767441865,-0.0839800000000123,0,FRESH,false,4,5
2026-09-23T17:41:06.007Z,2661.54,2661.55,2661.545,140.088,62.005,0.0003757216203452611,2.259301669220224,2661.5469318581054,0.00007258408575877893,0.03194654028366137,0.06353729808579996,0.06353729808579996,0.07219062837806355,0.136949966232816,0.039842359569792735,0.17727860405332047,-0.5463041329663862,,,,,,,,,,0.026,10.368357999999999,1.2595489767441865,-0.233740000000018,0,FRESH,false,4,5
2026-09-23T17:41:36.153Z,2660.54,2660.55,2660.545,219.87,30.391,0.00037586284014058316,7.234707643710309,2660.548785627805,0.00014228768184612725,-0.004885978182232295,-0.007516691753618559,0.0018793495195511324,-0.03757216203370599,0.03459134276449021,0.0349674670958124,0.08802932806161096,-0.5836710367260572,,,,,,,,,,0.026,10.368357999999999,1.2595489767441865,-0.15574000000001798,0,FRESH,false,4,5
2026-09-23T17:42:06.243Z,2662.2,2662.21,2662.205,68.076,16.822,0.00037562847339773906,4.046843419331827,2662.2080185634527,0.00011338583815933561,0.00788882022693643,0.01615463365610678,0.024421813563861583,0.06239323146196942,0.02479762694224048,0.13239627861141812,0.11356863099032154,-0.5216419764850089,,,,,,,,,,0.026,10.368357999999999,1.2595489767441865,-0.2852200000000066,0,FRESH,false,4,5
2026-09-23T17:42:36.259Z,2662.5,2662.51,2662.505,170.536,21.037,0.0003755861491421905,8.106479060702572,2662.5089018807453,0.00014654923634551593,0,-0.0007511666557114698,0,0.01126885420169303,0.07366911666594762,0.18626143203056258,0.13501747893408197,-0.5104319053571007,,,,,,,,,,0.026,10.368357999999999,1.2595489767441865,-0.30862000000002077,0,FRESH,false,4,5
2026-09-23T17:43:06.269Z,2665.92,2665.93,2665.925,60.538,140.242,0.00037510432588176826,2.3165945356635502,2665.92301514095,-0.00007445292159479313,0,0.014255996428501831,0.04578367961932952,0.12845046300382806,0.1397337921009184,0.3017414091173476,0.20447399628265184,-0.3826370944990231,,,,,,,,,,0.026,10.368357999999999,1.2595489767441865,-0.5753799999999909,0,FRESH,false,4,5
2026-09-23T17:43:36.277Z,2664.98,2664.99,2664.9849999999997,100.627,21.728,0.0003752366335931922,4.631213181148747,2664.9882241837277,0.00012098318482017103,0,0,-0.01350669425536214,-0.03525980663373911,0.09314536498521368,0.2015321708887408,0.20190892290801082,-0.4177619840331329,,,,,,,,,,0.026,10.368357999999999,1.2595489767441865,-0.5020599999999867,0,FRESH,false,4,5
2026-09-23T17:44:06.372Z,2664.28,2664.29,2664.285,29.271,138.904,0.00037533522126062085,4.745447712753236,2664.281740508399,-0.00012234020013086633,-0.0022519606132238947,-0.0386445879755376,-0.04876978224292911,-0.02626656435213775,-0.06151710944607697,0.1029477239723462,0.2106304432454356,-0.4439188166648958,,,,,,,,,,0.026,10.368357999999999,1.2595489767441865,-0.44746000000000086,0,FRESH,false,4,5
2026-09-23T17:44:36.411Z,2666.47,2666.48,2666.475,63.367,58.784,0.00037502695507058114,1.07796339139902,2666.4751875956804,0.000007035343683043757,0,0.010501857516055656,0.010501857516055656,0.08219841345802176,0.05591025840671661,0.2228866641984945,0.33564686337628447,-0.36208529743121426,,,,,,,,,,0.026,10.368357999999999,1.2595489767441865,-0.6182800000000052,0,FRESH,false,4,5
2026-09-23T17:45:06.610Z,2666.88,2666.89,2666.885,267.282,62.151,0.00037496929937974567,4.3005261379543365,2666.8881133948325,0.00011674274789973569,0.005999868752882627,0,0,0.015376105157569795,0.09758715753008271,0.1836968138557859,0.3378600815303961,-0.34676486688973757,,,,,,,,,,0.026,10.368357999999999,1.2595489767441865,-0.6502599999999938,0,FRESH,false,4,5
2026-09-23T17:45:36.690Z,2667,2667.01,2667.005,390.909,190.381,0.00037495242791889326,2.0532983858683376,2667.0067248533433,0.00006467379488034049,0,0.02550326760617296,0.02550326760617296,0.004499631592659258,0.019876428618314446,0.1690137671102965,0.27748272782817535,-0.34228083843858115,,,,,,,,,,0.026,10.368357999999999,1.2595489767441865,-0.6596200000000207,0,FRESH,false,4,5
2026-09-23T17:46:06.818Z,2667.94,2667.95,2667.9449999999997,62.48,70.124,0.00037482032049999275,1.1223431498079386,2667.9447117734007,-0.000010803318620448396,0,0,0,0.03524552822359162,0.039746745735173825,0.06563660947530095,0.24046183701570464,-0.3071559489045053,,,,,,,,,,0.026,10.368357999999999,1.2595489767441865,-0.7329399999999896,0,FRESH,false,4,5
2026-09-23T17:46:36.940Z,2668.6,2668.61,2668.605,11.131,229.734,0.0003747276198694928,20.63911598239152,2668.600462126087,-0.00017004666905725936,-0.0048712217586105175,-0.014612241686472724,0.0033726623234154865,0.024738141153596092,0.05999238846571,0.1358356613639606,0.3029454491466953,-0.2824937924231109,,,,,,,,,,0.026,10.368357999999999,1.2595489767441865,-0.7844200000000137,0,FRESH,false,4,5
2026-09-23T17:47:06.948Z,2666.72,2666.73,2666.725,2.791,213.862,0.0003749917970626247,76.62558222859191,2666.72012882351,-0.00018266512256848337,-0.007124336546161186,-0.007124336546161186,-0.02324408728530976,-0.07044879253393099,-0.045728079102072945,0.09158179398975916,0.17768628415906185,-0.3527435714912965,,,,,,,,,,0.026,10.368357999999999,1.2595489767441865,-0.6377800000000052,0,FRESH,false,4,5
2026-09-23T17:47:36.962Z,2666.31,2666.32,2666.315,20.041,198.605,0.00037504945965567753,9.9099346340003,2666.310916595776,-0.0001531478547836621,-0.005625425422801009,-0.005625425422801009,-0.005625425422801009,-0.01537466367922656,-0.08581262494823938,-0.006000431280992865,0.14309832282004897,-0.3680640020327562,,,,,,,,,,0.026,10.368357999999999,1.2595489767441865,-0.6058000000000165,0,FRESH,false,4,5
2026-09-23T17:48:06.968Z,2666.9,2666.91,2666.9049999999997,18.487,232.038,0.00037496648736132454,12.551414507491753,2666.9007379303466,-0.00015981332867586343,-0.0003749650813849815,0.021377658846308097,0.01800163139782906,0.022127918119190373,0.012000367511244118,0.0007499385987594913,0.015375989829339808,-0.3460175288145618,,,,,,,,,,0.026,10.368357999999999,1.2595489767441865,-0.6518199999999924,0,FRESH,false,4,5
2026-09-23T17:48:36.989Z,2666.08,2666.09,2666.085,2.362,321.52,0.0003750818147290232,136.12193056731581,2666.0800729277944,-0.0001848055184154389,-0.012001177615542612,-0.012001177615542612,-0.012001177615542612,-0.030747251964344777,-0.008626137571892976,-0.03449562336778794,0.04127602969624084,-0.3766583898974812,,,,,,,,,,0.026,10.368357999999999,1.2595489767441865,-0.587860000000015,0,FRESH,false,4,5
2026-09-23T17:49:06.993Z,2666.28,2666.29,2666.285,24.832,75.437,0.0003750536795490179,3.0378946520618553,2666.2824765381124,-0.00009464336661119235,0,0,0.0018753035647713688,0.007501636294409897,-0.02324792221694777,-0.062220173204464664,0.07506704425389928,-0.36918500914555374,,,,,,,,,,0.026,10.368357999999999,1.2595489767441865,-0.603460000000001,0,FRESH,false,4,5
2026-09-23T17:49:36.996Z,2667.52,2667.53,2667.525,24.052,145.907,0.00037487933572199995,6.066314651588226,2667.521415164834,-0.00013438806257836338,0,0.01199757798894962,0.01387245960584764,0.046506656265186824,0.05401178131980242,-0.04047058294501911,0.039377830281558314,-0.3228500484835529,,,,,,,,,,0.026,10.368357999999999,1.2595489767441865,-0.7001800000000193,0,FRESH,false,4,5
2026-09-23T17:50:07.081Z,2668.18,2668.19,2668.185,12.759,92.882,0.00037478660588446,7.279724116310056,2668.1812077697105,-0.00014212771188996536,0,0,0,0.024742036157106476,0.06525542435715856,0.060001837556271746,0.0487460089205094,-0.29818789200217544,,,,,,,,,,0.026,10.368357999999999,1.2595489767441865,-0.751660000000008,0,FRESH,false,4,5
2026-09-23T17:50:37.211Z,2667.69,2667.7,2667.6949999999997,33.031,168.42,0.00037485544635963003,5.098846538100572,2667.6916396543074,-0.0001259643884429048,0,0,-0.0029987536430314396,-0.018364543687946544,0.006372948707120571,0.051756825431340796,0.046878896808297196,-0.31649767484442304,,,,,,,,,,0.026,10.368357999999999,1.2595489767441865,-0.7134399999999896,0,FRESH,false,4,5
2026-09-23T17:51:07.292Z,2668.29,2668.3,2668.295,90.448,80.809,0.0003747711553714368,1.1192812681755744,2668.2952814191535,0.000010546778128077628,0,0,0.008995316813175955,0.02249132678212329,0.0041226526646438435,0.052120341744468876,0.0131187112178236,-0.29407753258860686,,,,,,,,,,0.026,10.368357999999999,1.2595489767441865,-0.760240000000018,0,FRESH,false,4,5
2026-09-23T17:51:37.374Z,2667.88,2667.89,2667.885,193.294,89.039,0.00037482875010592774,2.1708914071361987,2667.8868463126873,0.00006920510768346832,0,0,-0.0044977426953806635,-0.015365617369888054,0.007122253481020482,0.07051749715398542,-0.02698038863000706,-0.30939796313006657,,,,,,,,,,0.026,10.368357999999999,1.2595489767441865,-0.7282599999999939,0,FRESH,false,4,5
2026-09-23T17:52:07.507Z,2667.24,2667.25,2667.245,179.66,62.697,0.0003749186895173964,2.865527856197266,2667.24741303119,0.00009046904914685723,-0.017243285895555783,-0.017243285895555783,-0.017243285895555783,-0.023989040007358915,-0.03935097131314873,0.030002493957317026,0.024750757991958045,-0.33331278153626825,,,,,,,,,,0.026,10.368357999999999,1.2595489767441865,-0.6783400000000037,0,FRESH,false,4,5
2026-09-23T17:52:37.642Z,2667.46,2667.47,2667.465,233.042,7.312,0.0003748877679655977,31.87117067833698,2667.4696957820543,0.0001760391253161262,0,0.009748032116024763,0.003374103753695881,0.008248211169212226,-0.01574280750482396,-0.002249276014280857,0.05288713098566437,-0.3250920627091311,,,,,,,,,,0.026,10.368357999999999,1.2595489767441865,-0.6954999999999881,0,FRESH,false,4,5
2026-09-23T17:53:07.657Z,2668.06,2668.07,2668.065,76.362,85.784,0.0003748034624425671,1.1233859773185617,2668.064709459376,-0.000010889563187714917,0,0,0.015744223837882206,0.022493266078464347,0.030743332539761577,-0.00037480205765443367,0.043496112534953786,-0.3026719204533319,,,,,,,,,,0.026,10.368357999999999,1.2595489767441865,-0.7423000000000166,0,FRESH,false,4,5
2026-09-23T17:53:37.658Z,2667.87,2667.88,2667.875,28.879,106.325,0.00037483015509415837,3.681741057515842,2667.872135957516,-0.0001073529488415617,0,0,0,-0.007121265786255378,0.015370398486947514,0.006747398034643806,0.07014240408400925,-0.30977163216767145,,,,,,,,,,0.026,10.368357999999999,1.2595489767441865,-0.7274800000000123,0,FRESH,false,4,5
2026-09-23T17:54:07.692Z,2664.57,2664.58,2664.575,294.279,44.415,0.00037529437151378857,6.625667004390409,2664.5786886393025,0.00013843255688839336,0.007881802981199514,-0.01088235238933168,-0.016135054155631642,-0.12369395117837911,-0.13080640838960955,-0.1394148697951409,-0.08324599378655857,-0.4330824145745926,,,,,,,,,,0.026,10.368357999999999,1.2595489767441865,-0.47007999999999805,0,FRESH,false,4,5
2026-09-23T17:54:37.828Z,2665.55,2665.56,2665.5550000000003,27.962,80.905,0.0003751563933125946,2.8933910306845005,2665.5525684550876,-0.0000912209619656825,0,0,-0.001500603054851304,0.036778848409238736,-0.08696059597993568,-0.08733509877674364,-0.07385122913561447,-0.3964628488900973,,,,,,,,,,0.026,10.368357999999999,1.2595489767441865,-0.5465199999999996,0,FRESH,false,4,5
2026-09-23T17:55:07.908Z,2665.48,2665.49,2665.4849999999997,33.198,89.514,0.0003751662455336846,2.696367251039219,2665.4827053588892,-0.00008608718902708263,0,-0.003376382206471231,-0.006752536421504242,-0.0026260947532734625,0.034151787808556884,-0.06598568935362961,-0.0892099112961154,-0.3990785321532974,,,,,,,,,,0.026,10.368357999999999,1.2595489767441865,-0.5410599999999868,0,FRESH,false,4,5
2026-09-23T17:55:38.121Z,2664.54,2664.55,2664.545,348.562,13.189,0.00037529859695438727,26.428235650921224,2664.5496354122033,0.00017396636961442179,0.013137176520501085,0.020270232225538753,0.020270232225538753,-0.03526562708098526,-0.03789079572547624,-0.10946722824854581,-0.11807946560606203,-0.43420342168737325,,,,,,,,,,0.026,10.368357999999999,1.2595489767441865,-0.4677400000000179,0,FRESH,false,4,5
2026-09-23T17:56:08.210Z,2664.15,2664.16,2664.1549999999997,37.79,105.706,0.0003753535361029494,2.797195025138926,2664.1526335228855,-0.00008882655529670209,0,-0.005629986056421682,-0.005629986056421682,-0.014636645280913905,-0.049897110657157226,-0.14654815381185649,-0.1551552583204004,-0.4487765141536571,,,,,,,,,,0.026,10.368357999999999,1.2595489767441865,-0.4373199999999924,0,FRESH,false,4,5
2026-09-23T17:56:38.297Z,2665.6,2665.61,2665.605,116.224,84.405,0.0003751493563456806,1.376980036727682,2665.6057929810745,0.000029748633967998568,-0.007127329745912742,-0.007127329745912742,-0.007127329745912742,0.05442626273622492,0.039781651276294655,-0.08508644520451603,-0.08546095502617991,-0.39459450370212396,,,,,,,,,,0.026,10.368357999999999,1.2595489767441865,-0.5504200000000137,0,FRESH,false,4,5
2026-09-23T17:57:08.305Z,2664.84,2664.85,2664.8450000000003,87.945,150.977,0.00037525634698316526,1.7167206776962876,2664.8436809084133,-0.00004949974902828219,0,-0.006003741081155738,-0.006003741081155738,-0.02851135108164051,0.025899393991735065,0.004127990212932321,-0.0899804854821974,-0.42299335055946513,,,,,,,,,,0.026,10.368357999999999,1.2595489767441865,-0.49113999999999663,0,FRESH,false,4,5
2026-09-23T17:57:38.309Z,2665.49,2665.5,2665.495,103.636,47.496,0.0003751648380589076,2.1819942732019535,2665.4968573167826,0.00006967999499761416,0,0,0,0.02439166255446888,-0.004126642919717187,-0.002250938359943808,-0.07385289029097869,-0.39870486311569253,,,,,,,,,,0.026,10.368357999999999,1.2595489767441865,-0.5418400000000038,0,FRESH,false,4,5
2026-09-23T17:58:08.519Z,2665.55,2665.56,2665.5550000000003,69.25,103.448,0.0003751563933125946,1.4938339350180505,2665.554009890098,-0.000037144605998820815,0,-0.019129316051925346,-0.019129316051925346,-0.0003751549858946802,0.02664320063643613,0.002626163718821095,-0.09407566907102201,-0.3964628488900973,,,,,,,,,,0.026,10.368357999999999,1.2595489767441865,-0.5465199999999996,0,FRESH,false,4,5