candidate,direction,timestamp,entryPrice,MFE_Pct,MAE_Pct,MFE_1000ms,MAE_1000ms,MFE_2000ms,MAE_2000ms,MFE_3000ms,MAE_3000ms,MFE_5000ms,MAE_5000ms,MFE_10000ms,MAE_10000ms,MFE_15000ms,MAE_15000ms,MFE_30000ms,MAE_30000ms,MFE_60000ms,MAE_60000ms,MFE_120000ms,MAE_120000ms,MFE_300000ms,MAE_300000ms
A,SHORT,2026-09-18T13:09:08.296Z,105.62,0.03787,0.02840,0.00000,0.00947,0.00000,0.00947,0.00000,0.00947,0.00000,0.00947,0.00000,0.00947,0.00000,0.00947,0.00000,0.01894,0.01894,0.01894,0.01894,0.02840,0.03787,0.02840
B,SHORT,2026-09-18T13:09:08.296Z,105.62,0.03787,0.02840,0.00000,0.00947,0.00000,0.00947,0.00000,0.00947,0.00000,0.00947,0.00000,0.00947,0.00000,0.00947,0.00000,0.01894,0.01894,0.01894,0.01894,0.02840,0.03787,0.02840
C,SHORT,2026-09-18T13:09:08.296Z,105.62,0.03787,0.02840,0.00000,0.00947,0.00000,0.00947,0.00000,0.00947,0.00000,0.00947,0.00000,0.00947,0.00000,0.00947,0.00000,0.01894,0.01894,0.01894,0.01894,0.02840,0.03787,0.02840
D,SHORT,2026-09-18T13:09:08.296Z,105.62,0.03787,0.02840,0.00000,0.00947,0.00000,0.00947,0.00000,0.00947,0.00000,0.00947,0.00000,0.00947,0.00000,0.00947,0.00000,0.01894,0.01894,0.01894,0.01894,0.02840,0.03787,0.02840
A,SHORT,2026-09-18T13:09:09.811Z,105.62,0.03787,0.02840,0.00000,0.00947,0.00000,0.00947,0.00000,0.00947,0.00000,0.00947,0.00000,0.00947,0.00000,0.00947,0.00000,0.01894,0.01894,0.01894,0.01894,0.02840,0.03787,0.02840
C,SHORT,2026-09-18T13:09:09.811Z,105.62,0.03787,0.02840,0.00000,0.00947,0.00000,0.00947,0.00000,0.00947,0.00000,0.00947,0.00000,0.00947,0.00000,0.00947,0.00000,0.01894,0.01894,0.01894,0.01894,0.02840,0.03787,0.02840
A,SHORT,2026-09-18T13:09:15.383Z,105.62,0.03787,0.02840,0.00000,0.00947,0.00000,0.00947,0.00000,0.00947,0.00000,0.00947,0.00000,0.00947,0.00000,0.00947,0.00000,0.01894,0.01894,0.01894,0.01894,0.02840,0.03787,0.02840
C,SHORT,2026-09-18T13:09:15.383Z,105.62,0.03787,0.02840,0.00000,0.00947,0.00000,0.00947,0.00000,0.00947,0.00000,0.00947,0.00000,0.00947,0.00000,0.00947,0.00000,0.01894,0.01894,0.01894,0.01894,0.02840,0.03787,0.02840
A,SHORT,2026-09-18T13:09:31.127Z,105.62,0.03787,0.02840,0.00000,0.00947,0.00000,0.00947,0.00000,0.00947,0.00000,0.00947,0.00000,0.01894,0.00000,0.01894,0.01894,0.01894,0.01894,0.01894,0.01894,0.02840,0.03787,0.02840
C,SHORT,2026-09-18T13:09:31.127Z,105.62,0.03787,0.02840,0.00000,0.00947,0.00000,0.00947,0.00000,0.00947,0.00000,0.00947,0.00000,0.01894,0.00000,0.01894,0.01894,0.01894,0.01894,0.01894,0.01894,0.02840,0.03787,0.02840
A,LONG,2026-09-18T13:09:39.772Z,105.64,0.00000,0.06626,0.00000,0.00947,0.00000,0.00947,0.00000,0.00947,0.00000,0.00947,0.00000,0.00947,0.00000,0.00947,0.00000,0.04733,0.00000,0.04733,0.00000,0.04733,0.00000,0.06626
C,LONG,2026-09-18T13:09:39.772Z,105.64,0.00000,0.06626,0.00000,0.00947,0.00000,0.00947,0.00000,0.00947,0.00000,0.00947,0.00000,0.00947,0.00000,0.00947,0.00000,0.04733,0.00000,0.04733,0.00000,0.04733,0.00000,0.06626
A,LONG,2026-09-18T13:09:48.436Z,105.64,0.00000,0.06626,0.00000,0.00947,0.00000,0.00947,0.00000,0.00947,0.00000,0.00947,0.00000,0.00947,0.00000,0.04733,0.00000,0.04733,0.00000,0.04733,0.00000,0.05680,0.00000,0.06626
B,LONG,2026-09-18T13:09:48.436Z,105.64,0.00000,0.06626,0.00000,0.00947,0.00000,0.00947,0.00000,0.00947,0.00000,0.00947,0.00000,0.00947,0.00000,0.04733,0.00000,0.04733,0.00000,0.04733,0.00000,0.05680,0.00000,0.06626
C,LONG,2026-09-18T13:09:48.436Z,105.64,0.00000,0.06626,0.00000,0.00947,0.00000,0.00947,0.00000,0.00947,0.00000,0.00947,0.00000,0.00947,0.00000,0.04733,0.00000,0.04733,0.00000,0.04733,0.00000,0.05680,0.00000,0.06626
D,LONG,2026-09-18T13:09:48.436Z,105.64,0.00000,0.06626,0.00000,0.00947,0.00000,0.00947,0.00000,0.00947,0.00000,0.00947,0.00000,0.00947,0.00000,0.04733,0.00000,0.04733,0.00000,0.04733,0.00000,0.05680,0.00000,0.06626
A,LONG,2026-09-18T13:10:02.128Z,105.61,0.02841,0.03788,0.00000,0.00947,0.00000,0.00947,0.00000,0.01894,0.00000,0.01894,0.00000,0.01894,0.00000,0.01894,0.00947,0.01894,0.02841,0.01894,0.02841,0.02841,0.02841,0.03788
B,LONG,2026-09-18T13:10:02.128Z,105.61,0.02841,0.03788,0.00000,0.00947,0.00000,0.00947,0.00000,0.01894,0.00000,0.01894,0.00000,0.01894,0.00000,0.01894,0.00947,0.01894,0.02841,0.01894,0.02841,0.02841,0.02841,0.03788
C,LONG,2026-09-18T13:10:02.128Z,105.61,0.02841,0.03788,0.00000,0.00947,0.00000,0.00947,0.00000,0.01894,0.00000,0.01894,0.00000,0.01894,0.00000,0.01894,0.00947,0.01894,0.02841,0.01894,0.02841,0.02841,0.02841,0.03788
D,LONG,2026-09-18T13:10:02.128Z,105.61,0.02841,0.03788,0.00000,0.00947,0.00000,0.00947,0.00000,0.01894,0.00000,0.01894,0.00000,0.01894,0.00000,0.01894,0.00947,0.01894,0.02841,0.01894,0.02841,0.02841,0.02841,0.03788
A,SHORT,2026-09-18T13:10:04.165Z,105.59,0.00947,0.05682,0.00000,0.00947,0.00000,0.00947,0.00000,0.01894,0.00000,0.01894,0.00000,0.02841,0.00000,0.02841,0.00000,0.04735,0.00000,0.05682,0.00000,0.05682,0.00947,0.05682
B,SHORT,2026-09-18T13:10:04.165Z,105.59,0.00947,0.05682,0.00000,0.00947,0.00000,0.00947,0.00000,0.01894,0.00000,0.01894,0.00000,0.02841,0.00000,0.02841,0.00000,0.04735,0.00000,0.05682,0.00000,0.05682,0.00947,0.05682
C,SHORT,2026-09-18T13:10:04.165Z,105.59,0.00947,0.05682,0.00000,0.00947,0.00000,0.00947,0.00000,0.01894,0.00000,0.01894,0.00000,0.02841,0.00000,0.02841,0.00000,0.04735,0.00000,0.05682,0.00000,0.05682,0.00947,0.05682
D,SHORT,2026-09-18T13:10:04.165Z,105.59,0.00947,0.05682,0.00000,0.00947,0.00000,0.00947,0.00000,0.01894,0.00000,0.01894,0.00000,0.02841,0.00000,0.02841,0.00000,0.04735,0.00000,0.05682,0.00000,0.05682,0.00947,0.05682
A,LONG,2026-09-18T13:10:06.174Z,105.61,0.02841,0.03788,0.00000,0.00947,0.00000,0.00947,0.00000,0.00947,0.00000,0.00947,0.00000,0.00947,0.00000,0.00947,0.02841,0.01894,0.02841,0.01894,0.02841,0.02841,0.02841,0.03788
C,LONG,2026-09-18T13:10:06.174Z,105.61,0.02841,0.03788,0.00000,0.00947,0.00000,0.00947,0.00000,0.00947,0.00000,0.00947,0.00000,0.00947,0.00000,0.00947,0.02841,0.01894,0.02841,0.01894,0.02841,0.02841,0.02841,0.03788
B,LONG,2026-09-18T13:10:08.174Z,105.61,0.02841,0.03788,0.00000,0.00947,0.00000,0.00947,0.00000,0.00947,0.00000,0.00947,0.00000,0.00947,0.00000,0.00947,0.02841,0.01894,0.02841,0.01894,0.02841,0.02841,0.02841,0.03788
D,LONG,2026-09-18T13:10:08.174Z,105.61,0.02841,0.03788,0.00000,0.00947,0.00000,0.00947,0.00000,0.00947,0.00000,0.00947,0.00000,0.00947,0.00000,0.00947,0.02841,0.01894,0.02841,0.01894,0.02841,0.02841,0.02841,0.03788
A,LONG,2026-09-18T13:10:13.730Z,105.62,0.01894,0.04734,0.00000,0.00947,0.00000,0.00947,0.00000,0.00947,0.00000,0.00947,0.00000,0.01894,0.00000,0.02840,0.01894,0.02840,0.01894,0.02840,0.01894,0.03787,0.01894,0.04734
C,LONG,2026-09-18T13:10:13.730Z,105.62,0.01894,0.04734,0.00000,0.00947,0.00000,0.00947,0.00000,0.00947,0.00000,0.00947,0.00000,0.01894,0.00000,0.02840,0.01894,0.02840,0.01894,0.02840,0.01894,0.03787,0.01894,0.04734
A,SHORT,2026-09-18T13:10:18.795Z,105.61,0.02841,0.03788,0.00000,0.00947,0.00000,0.00947,0.00000,0.00947,0.00000,0.00947,0.00947,0.00947,0.00947,0.02841,0.00947,0.03788,0.00947,0.03788,0.01894,0.03788,0.02841,0.03788
B,SHORT,2026-09-18T13:10:18.795Z,105.61,0.02841,0.03788,0.00000,0.00947,0.00000,0.00947,0.00000,0.00947,0.00000,0.00947,0.00947,0.00947,0.00947,0.02841,0.00947,0.03788,0.00947,0.03788,0.01894,0.03788,0.02841,0.03788
C,SHORT,2026-09-18T13:10:18.795Z,105.61,0.02841,0.03788,0.00000,0.00947,0.00000,0.00947,0.00000,0.00947,0.00000,0.00947,0.00947,0.00947,0.00947,0.02841,0.00947,0.03788,0.00947,0.03788,0.01894,0.03788,0.02841,0.03788
D,SHORT,2026-09-18T13:10:18.795Z,105.61,0.02841,0.03788,0.00000,0.00947,0.00000,0.00947,0.00000,0.00947,0.00000,0.00947,0.00947,0.00947,0.00947,0.02841,0.00947,0.03788,0.00947,0.03788,0.01894,0.03788,0.02841,0.03788
A,SHORT,2026-09-18T13:10:19.818Z,105.6,0.01894,0.04735,0.00000,0.00947,0.00000,0.00947,0.00000,0.00947,0.00000,0.00947,0.00000,0.00947,0.00000,0.03788,0.00000,0.04735,0.00000,0.04735,0.00947,0.04735,0.01894,0.04735
C,SHORT,2026-09-18T13:10:19.818Z,105.6,0.01894,0.04735,0.00000,0.00947,0.00000,0.00947,0.00000,0.00947,0.00000,0.00947,0.00000,0.00947,0.00000,0.03788,0.00000,0.04735,0.00000,0.04735,0.00947,0.04735,0.01894,0.04735
A,LONG,2026-09-18T13:10:27.429Z,105.6,0.03788,0.02841,0.00000,0.00947,0.00000,0.00947,0.00000,0.00947,0.01894,0.00947,0.03788,0.00947,0.03788,0.00947,0.03788,0.00947,0.03788,0.00947,0.03788,0.01894,0.03788,0.02841
C,LONG,2026-09-18T13:10:27.429Z,105.6,0.03788,0.02841,0.00000,0.00947,0.00000,0.00947,0.00000,0.00947,0.01894,0.00947,0.03788,0.00947,0.03788,0.00947,0.03788,0.00947,0.03788,0.00947,0.03788,0.01894,0.03788,0.02841
A,LONG,2026-09-18T13:10:29.476Z,105.61,0.02841,0.03788,0.00000,0.00947,0.00947,0.00947,0.00947,0.00947,0.01894,0.00947,0.02841,0.00947,0.02841,0.00947,0.02841,0.00947,0.02841,0.01894,0.02841,0.02841,0.02841,0.03788
C,LONG,2026-09-18T13:10:29.476Z,105.61,0.02841,0.03788,0.00000,0.00947,0.00947,0.00947,0.00947,0.00947,0.01894,0.00947,0.02841,0.00947,0.02841,0.00947,0.02841,0.00947,0.02841,0.01894,0.02841,0.02841,0.02841,0.03788
A,LONG,2026-09-18T13:10:30.479Z,105.62,0.01894,0.04734,0.00000,0.00947,0.00000,0.00947,0.00947,0.00947,0.01894,0.00947,0.01894,0.00947,0.01894,0.00947,0.01894,0.00947,0.01894,0.02840,0.01894,0.03787,0.01894,0.04734
B,LONG,2026-09-18T13:10:30.479Z,105.62,0.01894,0.04734,0.00000,0.00947,0.00000,0.00947,0.00947,0.00947,0.01894,0.00947,0.01894,0.00947,0.01894,0.00947,0.01894,0.00947,0.01894,0.02840,0.01894,0.03787,0.01894,0.04734
C,LONG,2026-09-18T13:10:30.479Z,105.62,0.01894,0.04734,0.00000,0.00947,0.00000,0.00947,0.00947,0.00947,0.01894,0.00947,0.01894,0.00947,0.01894,0.00947,0.01894,0.00947,0.01894,0.02840,0.01894,0.03787,0.01894,0.04734
D,LONG,2026-09-18T13:10:30.479Z,105.62,0.01894,0.04734,0.00000,0.00947,0.00000,0.00947,0.00947,0.00947,0.01894,0.00947,0.01894,0.00947,0.01894,0.00947,0.01894,0.00947,0.01894,0.02840,0.01894,0.03787,0.01894,0.04734
A,SHORT,2026-09-18T13:10:31.485Z,105.62,0.03787,0.02840,0.00000,0.00947,0.00000,0.01894,0.00000,0.01894,0.00000,0.02840,0.00000,0.02840,0.00000,0.02840,0.00000,0.02840,0.01894,0.02840,0.02840,0.02840,0.03787,0.02840
A,LONG,2026-09-18T13:10:32.494Z,105.64,0.00000,0.06626,0.00000,0.00947,0.00000,0.00947,0.00000,0.00947,0.00000,0.00947,0.00000,0.00947,0.00000,0.00947,0.00000,0.02840,0.00000,0.04733,0.00000,0.05680,0.00000,0.06626
B,LONG,2026-09-18T13:10:32.494Z,105.64,0.00000,0.06626,0.00000,0.00947,0.00000,0.00947,0.00000,0.00947,0.00000,0.00947,0.00000,0.00947,0.00000,0.00947,0.00000,0.02840,0.00000,0.04733,0.00000,0.05680,0.00000,0.06626
C,LONG,2026-09-18T13:10:32.494Z,105.64,0.00000,0.06626,0.00000,0.00947,0.00000,0.00947,0.00000,0.00947,0.00000,0.00947,0.00000,0.00947,0.00000,0.00947,0.00000,0.02840,0.00000,0.04733,0.00000,0.05680,0.00000,0.06626
D,LONG,2026-09-18T13:10:32.494Z,105.64,0.00000,0.06626,0.00000,0.00947,0.00000,0.00947,0.00000,0.00947,0.00000,0.00947,0.00000,0.00947,0.00000,0.00947,0.00000,0.02840,0.00000,0.04733,0.00000,0.05680,0.00000,0.06626
A,LONG,2026-09-18T13:10:33.513Z,105.64,0.00000,0.06626,0.00000,0.00947,0.00000,0.00947,0.00000,0.00947,0.00000,0.00947,0.00000,0.00947,0.00000,0.00947,0.00000,0.02840,0.00000,0.04733,0.00000,0.05680,0.00000,0.06626
C,LONG,2026-09-18T13:10:33.513Z,105.64,0.00000,0.06626,0.00000,0.00947,0.00000,0.00947,0.00000,0.00947,0.00000,0.00947,0.00000,0.00947,0.00000,0.00947,0.00000,0.02840,0.00000,0.04733,0.00000,0.05680,0.00000,0.06626
B,LONG,2026-09-18T13:10:34.008Z,105.64,0.00000,0.06626,0.00000,0.00947,0.00000,0.00947,0.00000,0.00947,0.00000,0.00947,0.00000,0.00947,0.00000,0.00947,0.00000,0.02840,0.00000,0.04733,0.00000,0.05680,0.00000,0.06626
D,LONG,2026-09-18T13:10:34.008Z,105.64,0.00000,0.06626,0.00000,0.00947,0.00000,0.00947,0.00000,0.00947,0.00000,0.00947,0.00000,0.00947,0.00000,0.00947,0.00000,0.02840,0.00000,0.04733,0.00000,0.05680,0.00000,0.06626
A,LONG,2026-09-18T13:10:36.025Z,105.65,0.00000,0.07572,0.00000,0.00947,0.00000,0.00947,0.00000,0.00947,0.00000,0.00947,0.00000,0.01893,0.00000,0.01893,0.00000,0.03786,0.00000,0.05679,0.00000,0.06626,0.00000,0.07572
C,LONG,2026-09-18T13:10:36.025Z,105.65,0.00000,0.07572,0.00000,0.00947,0.00000,0.00947,0.00000,0.00947,0.00000,0.00947,0.00000,0.01893,0.00000,0.01893,0.00000,0.03786,0.00000,0.05679,0.00000,0.06626,0.00000,0.07572
A,SHORT,2026-09-18T13:10:47.655Z,105.63,0.04734,0.01893,0.00000,0.00947,0.00000,0.00947,0.00000,0.00947,0.00000,0.00947,0.00947,0.00947,0.00947,0.00947,0.02840,0.00947,0.02840,0.00947,0.03787,0.00947,0.04734,0.01893
C,SHORT,2026-09-18T13:10:47.655Z,105.63,0.04734,0.01893,0.00000,0.00947,0.00000,0.00947,0.00000,0.00947,0.00000,0.00947,0.00947,0.00947,0.00947,0.00947,0.02840,0.00947,0.02840,0.00947,0.03787,0.00947,0.04734,0.01893
A,SHORT,2026-09-18T13:10:54.270Z,105.63,0.04734,0.01893,0.00947,0.00947,0.00947,0.00947,0.00947,0.00947,0.00947,0.00947,0.00947,0.00947,0.00947,0.00947,0.02840,0.00947,0.03787,0.00947,0.03787,0.00947,0.04734,0.01893
C,SHORT,2026-09-18T13:10:54.270Z,105.63,0.04734,0.01893,0.00947,0.00947,0.00947,0.00947,0.00947,0.00947,0.00947,0.00947,0.00947,0.00947,0.00947,0.00947,0.02840,0.00947,0.03787,0.00947,0.03787,0.00947,0.04734,0.01893
A,SHORT,2026-09-18T13:10:55.270Z,105.61,0.02841,0.03788,0.00000,0.00947,0.00000,0.00947,0.00000,0.00947,0.00000,0.01894,0.00000,0.01894,0.00000,0.01894,0.00947,0.01894,0.01894,0.01894,0.01894,0.01894,0.02841,0.03788
C,SHORT,2026-09-18T13:10:55.270Z,105.61,0.02841,0.03788,0.00000,0.00947,0.00000,0.00947,0.00000,0.00947,0.00000,0.01894,0.00000,0.01894,0.00000,0.01894,0.00947,0.01894,0.01894,0.01894,0.01894,0.01894,0.02841,0.03788
A,LONG,2026-09-18T13:10:57.793Z,105.62,0.01894,0.04734,0.00000,0.00947,0.00000,0.00947,0.00000,0.00947,0.00000,0.00947,0.00000,0.00947,0.00000,0.02840,0.00000,0.02840,0.00000,0.03787,0.00000,0.03787,0.01894,0.04734
B,LONG,2026-09-18T13:10:57.793Z,105.62,0.01894,0.04734,0.00000,0.00947,0.00000,0.00947,0.00000,0.00947,0.00000,0.00947,0.00000,0.00947,0.00000,0.02840,0.00000,0.02840,0.00000,0.03787,0.00000,0.03787,0.01894,0.04734
C,LONG,2026-09-18T13:10:57.793Z,105.62,0.01894,0.04734,0.00000,0.00947,0.00000,0.00947,0.00000,0.00947,0.00000,0.00947,0.00000,0.00947,0.00000,0.02840,0.00000,0.02840,0.00000,0.03787,0.00000,0.03787,0.01894,0.04734
D,LONG,2026-09-18T13:10:57.793Z,105.62,0.01894,0.04734,0.00000,0.00947,0.00000,0.00947,0.00000,0.00947,0.00000,0.00947,0.00000,0.00947,0.00000,0.02840,0.00000,0.02840,0.00000,0.03787,0.00000,0.03787,0.01894,0.04734
B,LONG,2026-09-18T13:10:59.319Z,105.63,0.00947,0.05680,0.00000,0.00947,0.00000,0.00947,0.00000,0.00947,0.00000,0.00947,0.00000,0.00947,0.00000,0.03787,0.00000,0.03787,0.00000,0.04734,0.00000,0.04734,0.00947,0.05680
D,LONG,2026-09-18T13:10:59.319Z,105.63,0.00947,0.05680,0.00000,0.00947,0.00000,0.00947,0.00000,0.00947,0.00000,0.00947,0.00000,0.00947,0.00000,0.03787,0.00000,0.03787,0.00000,0.04734,0.00000,0.04734,0.00947,0.05680
A,SHORT,2026-09-18T13:11:02.335Z,105.62,0.03787,0.02840,0.00000,0.00947,0.00000,0.00947,0.00000,0.00947,0.00000,0.00947,0.00000,0.00947,0.01894,0.00947,0.01894,0.00947,0.02840,0.00947,0.02840,0.00947,0.03787,0.02840
C,SHORT,2026-09-18T13:11:02.335Z,105.62,0.03787,0.02840,0.00000,0.00947,0.00000,0.00947,0.00000,0.00947,0.00000,0.00947,0.00000,0.00947,0.01894,0.00947,0.01894,0.00947,0.02840,0.00947,0.02840,0.00947,0.03787,0.02840
B,SHORT,2026-09-18T13:11:02.867Z,105.62,0.03787,0.02840,0.00000,0.00947,0.00000,0.00947,0.00000,0.00947,0.00000,0.00947,0.01894,0.00947,0.01894,0.00947,0.01894,0.00947,0.02840,0.00947,0.02840,0.00947,0.03787,0.02840
D,SHORT,2026-09-18T13:11:02.867Z,105.62,0.03787,0.02840,0.00000,0.00947,0.00000,0.00947,0.00000,0.00947,0.00000,0.00947,0.01894,0.00947,0.01894,0.00947,0.01894,0.00947,0.02840,0.00947,0.02840,0.00947,0.03787,0.02840
A,SHORT,2026-09-18T13:11:09.934Z,105.62,0.03787,0.02840,0.00000,0.00947,0.00000,0.00947,0.01894,0.00947,0.01894,0.00947,0.01894,0.00947,0.01894,0.00947,0.01894,0.00947,0.02840,0.00947,0.02840,0.00947,0.03787,0.02840
C,SHORT,2026-09-18T13:11:09.934Z,105.62,0.03787,0.02840,0.00000,0.00947,0.00000,0.00947,0.01894,0.00947,0.01894,0.00947,0.01894,0.00947,0.01894,0.00947,0.01894,0.00947,0.02840,0.00947,0.02840,0.00947,0.03787,0.02840
B,SHORT,2026-09-18T13:11:11.973Z,105.61,0.02841,0.03788,0.00947,0.00947,0.00947,0.00947,0.00947,0.00947,0.00947,0.00947,0.00947,0.00947,0.00947,0.01894,0.00947,0.01894,0.01894,0.01894,0.01894,0.01894,0.02841,0.03788
D,SHORT,2026-09-18T13:11:11.973Z,105.61,0.02841,0.03788,0.00947,0.00947,0.00947,0.00947,0.00947,0.00947,0.00947,0.00947,0.00947,0.00947,0.00947,0.01894,0.00947,0.01894,0.01894,0.01894,0.01894,0.01894,0.02841,0.03788
A,LONG,2026-09-18T13:11:15.515Z,105.6,0.05682,0.02841,0.00000,0.00947,0.00000,0.00947,0.00000,0.00947,0.00000,0.00947,0.01894,0.00947,0.01894,0.00947,0.01894,0.00947,0.01894,0.01894,0.01894,0.02841,0.05682,0.02841
C,LONG,2026-09-18T13:11:15.515Z,105.6,0.05682,0.02841,0.00000,0.00947,0.00000,0.00947,0.00000,0.00947,0.00000,0.00947,0.01894,0.00947,0.01894,0.00947,0.01894,0.00947,0.01894,0.01894,0.01894,0.02841,0.05682,0.02841
B,LONG,2026-09-18T13:11:16.027Z,105.6,0.05682,0.02841,0.00000,0.00947,0.00000,0.00947,0.00000,0.00947,0.00000,0.00947,0.01894,0.00947,0.01894,0.00947,0.01894,0.00947,0.01894,0.01894,0.01894,0.02841,0.05682,0.02841
D,LONG,2026-09-18T13:11:16.027Z,105.6,0.05682,0.02841,0.00000,0.00947,0.00000,0.00947,0.00000,0.00947,0.00000,0.00947,0.01894,0.00947,0.01894,0.00947,0.01894,0.00947,0.01894,0.01894,0.01894,0.02841,0.05682,0.02841
A,LONG,2026-09-18T13:11:22.590Z,105.61,0.05681,0.03788,0.00000,0.00947,0.00947,0.00947,0.00947,0.00947,0.00947,0.00947,0.00947,0.00947,0.00947,0.00947,0.00947,0.02841,0.00947,0.02841,0.00947,0.03788,0.05681,0.03788
C,LONG,2026-09-18T13:11:22.590Z,105.61,0.05681,0.03788,0.00000,0.00947,0.00947,0.00947,0.00947,0.00947,0.00947,0.00947,0.00947,0.00947,0.00947,0.00947,0.00947,0.02841,0.00947,0.02841,0.00947,0.03788,0.05681,0.03788
A,LONG,2026-09-18T13:11:27.151Z,105.63,0.10414,0.05680,0.00000,0.00947,0.00000,0.00947,0.00000,0.01893,0.00000,0.01893,0.00000,0.01893,0.00000,0.01893,0.00000,0.04734,0.00000,0.04734,0.00000,0.05680,0.10414,0.05680
C,LONG,2026-09-18T13:11:27.151Z,105.63,0.10414,0.05680,0.00000,0.00947,0.00000,0.00947,0.00000,0.01893,0.00000,0.01893,0.00000,0.01893,0.00000,0.01893,0.00000,0.04734,0.00000,0.04734,0.00000,0.05680,0.10414,0.05680
A,LONG,2026-09-18T13:11:28.659Z,105.63,0.12307,0.05680,0.00000,0.01893,0.00000,0.01893,0.00000,0.01893,0.00000,0.01893,0.00000,0.01893,0.00000,0.01893,0.00000,0.04734,0.00000,0.04734,0.00000,0.05680,0.12307,0.05680
C,LONG,2026-09-18T13:11:28.659Z,105.63,0.12307,0.05680,0.00000,0.01893,0.00000,0.01893,0.00000,0.01893,0.00000,0.01893,0.00000,0.01893,0.00000,0.01893,0.00000,0.04734,0.00000,0.04734,0.00000,0.05680,0.12307,0.05680
A,LONG,2026-09-18T13:11:29.666Z,105.62,0.13255,0.04734,0.00000,0.00947,0.00000,0.00947,0.00000,0.00947,0.00000,0.00947,0.00000,0.00947,0.00000,0.00947,0.00000,0.03787,0.00000,0.03787,0.00000,0.04734,0.13255,0.04734
A,LONG,2026-09-18T13:11:34.209Z,105.63,0.14201,0.05680,0.00000,0.00947,0.00000,0.00947,0.00000,0.00947,0.00000,0.00947,0.00000,0.00947,0.00000,0.04734,0.00000,0.04734,0.00000,0.04734,0.00000,0.05680,0.14201,0.05680
C,LONG,2026-09-18T13:11:34.209Z,105.63,0.14201,0.05680,0.00000,0.00947,0.00000,0.00947,0.00000,0.00947,0.00000,0.00947,0.00000,0.00947,0.00000,0.04734,0.00000,0.04734,0.00000,0.04734,0.00000,0.05680,0.14201,0.05680
A,SHORT,2026-09-18T13:11:38.787Z,105.62,0.03787,0.16095,0.00000,0.00947,0.00000,0.00947,0.00000,0.00947,0.00000,0.00947,0.02840,0.00947,0.02840,0.00947,0.02840,0.00947,0.02840,0.00947,0.03787,0.00947,0.03787,0.16095
C,SHORT,2026-09-18T13:11:38.787Z,105.62,0.03787,0.16095,0.00000,0.00947,0.00000,0.00947,0.00000,0.00947,0.00000,0.00947,0.02840,0.00947,0.02840,0.00947,0.02840,0.00947,0.02840,0.00947,0.03787,0.00947,0.03787,0.16095
A,SHORT,2026-09-18T13:11:39.790Z,105.62,0.03787,0.16095,0.00000,0.00947,0.00000,0.00947,0.00000,0.00947,0.00000,0.00947,0.02840,0.00947,0.02840,0.00947,0.02840,0.00947,0.02840,0.00947,0.03787,0.00947,0.03787,0.16095
C,SHORT,2026-09-18T13:11:39.790Z,105.62,0.03787,0.16095,0.00000,0.00947,0.00000,0.00947,0.00000,0.00947,0.00000,0.00947,0.02840,0.00947,0.02840,0.00947,0.02840,0.00947,0.02840,0.00947,0.03787,0.00947,0.03787,0.16095
A,SHORT,2026-09-18T13:11:47.395Z,105.62,0.03787,0.16095,0.00000,0.00947,0.02840,0.00947,0.02840,0.00947,0.02840,0.00947,0.02840,0.00947,0.02840,0.00947,0.02840,0.00947,0.02840,0.00947,0.03787,0.00947,0.03787,0.16095
B,SHORT,2026-09-18T13:11:47.395Z,105.62,0.03787,0.16095,0.00000,0.00947,0.02840,0.00947,0.02840,0.00947,0.02840,0.00947,0.02840,0.00947,0.02840,0.00947,0.02840,0.00947,0.02840,0.00947,0.03787,0.00947,0.03787,0.16095
C,SHORT,2026-09-18T13:11:47.395Z,105.62,0.03787,0.16095,0.00000,0.00947,0.02840,0.00947,0.02840,0.00947,0.02840,0.00947,0.02840,0.00947,0.02840,0.00947,0.02840,0.00947,0.02840,0.00947,0.03787,0.00947,0.03787,0.16095
D,SHORT,2026-09-18T13:11:47.395Z,105.62,0.03787,0.16095,0.00000,0.00947,0.02840,0.00947,0.02840,0.00947,0.02840,0.00947,0.02840,0.00947,0.02840,0.00947,0.02840,0.00947,0.02840,0.00947,0.03787,0.00947,0.03787,0.16095
A,SHORT,2026-09-18T13:11:50.416Z,105.59,0.00947,0.18941,0.00000,0.00947,0.00000,0.00947,0.00000,0.00947,0.00000,0.00947,0.00000,0.01894,0.00000,0.01894,0.00000,0.02841,0.00000,0.02841,0.00947,0.03788,0.00947,0.18941
B,SHORT,2026-09-18T13:11:50.416Z,105.59,0.00947,0.18941,0.00000,0.00947,0.00000,0.00947,0.00000,0.00947,0.00000,0.00947,0.00000,0.01894,0.00000,0.01894,0.00000,0.02841,0.00000,0.02841,0.00947,0.03788,0.00947,0.18941
A,SHORT,2026-09-18T13:11:52.424Z,105.58,0.00000,0.19890,0.00000,0.00947,0.00000,0.00947,0.00000,0.01894,0.00000,0.01894,0.00000,0.02841,0.00000,0.02841,0.00000,0.03789,0.00000,0.03789,0.00000,0.04736,0.00000,0.19890
C,SHORT,2026-09-18T13:11:52.424Z,105.58,0.00000,0.19890,0.00000,0.00947,0.00000,0.00947,0.00000,0.01894,0.00000,0.01894,0.00000,0.02841,0.00000,0.02841,0.00000,0.03789,0.00000,0.03789,0.00000,0.04736,0.00000,0.19890
A,LONG,2026-09-18T13:11:54.960Z,105.6,0.17045,0.02841,0.00000,0.00947,0.00000,0.00947,0.00000,0.00947,0.00000,0.00947,0.00000,0.00947,0.00000,0.00947,0.00947,0.00947,0.00947,0.01894,0.01894,0.02841,0.17045,0.02841
C,LONG,2026-09-18T13:11:54.960Z,105.6,0.17045,0.02841,0.00000,0.00947,0.00000,0.00947,0.00000,0.00947,0.00000,0.00947,0.00000,0.00947,0.00000,0.00947,0.00947,0.00947,0.00947,0.01894,0.01894,0.02841,0.17045,0.02841
A,LONG,2026-09-18T13:11:56.986Z,105.6,0.17045,0.02841,0.00000,0.00947,0.00000,0.00947,0.00000,0.00947,0.00000,0.00947,0.00000,0.00947,0.00000,0.00947,0.00947,0.00947,0.00947,0.01894,0.01894,0.02841,0.17045,0.02841
C,LONG,2026-09-18T13:11:56.986Z,105.6,0.17045,0.02841,0.00000,0.00947,0.00000,0.00947,0.00000,0.00947,0.00000,0.00947,0.00000,0.00947,0.00000,0.00947,0.00947,0.00947,0.00947,0.01894,0.01894,0.02841,0.17045,0.02841
A,LONG,2026-09-18T13:12:05.618Z,105.61,0.16097,0.03788,0.00000,0.00947,0.00000,0.00947,0.00000,0.00947,0.00000,0.00947,0.00000,0.00947,0.00000,0.00947,0.00000,0.02841,0.00000,0.02841,0.01894,0.03788,0.16097,0.03788
C,LONG,2026-09-18T13:12:05.618Z,105.61,0.16097,0.03788,0.00000,0.00947,0.00000,0.00947,0.00000,0.00947,0.00000,0.00947,0.00000,0.00947,0.00000,0.00947,0.00000,0.02841,0.00000,0.02841,0.01894,0.03788,0.16097,0.03788
B,LONG,2026-09-18T13:12:06.637Z,105.61,0.16097,0.03788,0.00000,0.00947,0.00000,0.00947,0.00000,0.00947,0.00000,0.00947,0.00000,0.00947,0.00000,0.00947,0.00000,0.02841,0.00000,0.02841,0.01894,0.03788,0.16097,0.03788
D,LONG,2026-09-18T13:12:06.637Z,105.61,0.16097,0.03788,0.00000,0.00947,0.00000,0.00947,0.00000,0.00947,0.00000,0.00947,0.00000,0.00947,0.00000,0.00947,0.00000,0.02841,0.00000,0.02841,0.01894,0.03788,0.16097,0.03788
A,LONG,2026-09-18T13:12:13.261Z,105.61,0.16097,0.03788,0.00000,0.00947,0.00000,0.00947,0.00000,0.00947,0.00000,0.00947,0.00000,0.01894,0.00000,0.01894,0.00000,0.02841,0.00000,0.02841,0.01894,0.03788,0.16097,0.03788
C,LONG,2026-09-18T13:12:13.261Z,105.61,0.16097,0.03788,0.00000,0.00947,0.00000,0.00947,0.00000,0.00947,0.00000,0.00947,0.00000,0.01894,0.00000,0.01894,0.00000,0.02841,0.00000,0.02841,0.01894,0.03788,0.16097,0.03788
A,SHORT,2026-09-18T13:12:21.345Z,105.6,0.01894,0.17992,0.00000,0.00947,0.00000,0.00947,0.00000,0.00947,0.00000,0.00947,0.00000,0.00947,0.00947,0.00947,0.00947,0.01894,0.01894,0.01894,0.01894,0.03788,0.01894,0.17992
C,SHORT,2026-09-18T13:12:21.345Z,105.6,0.01894,0.17992,0.00000,0.00947,0.00000,0.00947,0.00000,0.00947,0.00000,0.00947,0.00000,0.00947,0.00947,0.00947,0.00947,0.01894,0.01894,0.01894,0.01894,0.03788,0.01894,0.17992
A,SHORT,2026-09-18T13:12:25.379Z,105.6,0.01894,0.17992,0.00000,0.00947,0.00000,0.00947,0.00000,0.00947,0.00000,0.00947,0.00947,0.00947,0.00947,0.00947,0.00947,0.01894,0.01894,0.02841,0.01894,0.03788,0.01894,0.17992
A,SHORT,2026-09-18T13:12:26.881Z,105.6,0.01894,0.17992,0.00000,0.00947,0.00000,0.00947,0.00000,0.00947,0.00947,0.00947,0.00947,0.00947,0.00947,0.00947,0.00947,0.01894,0.01894,0.02841,0.01894,0.03788,0.01894,0.17992
C,SHORT,2026-09-18T13:12:26.881Z,105.6,0.01894,0.17992,0.00000,0.00947,0.00000,0.00947,0.00000,0.00947,0.00947,0.00947,0.00947,0.00947,0.00947,0.00947,0.00947,0.01894,0.01894,0.02841,0.01894,0.03788,0.01894,0.17992
A,SHORT,2026-09-18T13:12:31.941Z,105.58,0.00000,0.19890,0.00000,0.00947,0.00000,0.00947,0.00000,0.00947,0.00000,0.02841,0.00000,0.02841,0.00000,0.02841,0.00000,0.03789,0.00000,0.04736,0.00000,0.06630,0.00000,0.19890
C,SHORT,2026-09-18T13:12:31.941Z,105.58,0.00000,0.19890,0.00000,0.00947,0.00000,0.00947,0.00000,0.00947,0.00000,0.02841,0.00000,0.02841,0.00000,0.02841,0.00000,0.03789,0.00000,0.04736,0.00000,0.06630,0.00000,0.19890
A,LONG,2026-09-18T13:12:32.452Z,105.59,0.17994,0.01894,0.00000,0.00947,0.00000,0.00947,0.00000,0.00947,0.00947,0.00947,0.00947,0.00947,0.00947,0.00947,0.01894,0.00947,0.02841,0.01894,0.04735,0.01894,0.17994,0.01894
C,LONG,2026-09-18T13:12:32.452Z,105.59,0.17994,0.01894,0.00000,0.00947,0.00000,0.00947,0.00000,0.00947,0.00947,0.00947,0.00947,0.00947,0.00947,0.00947,0.01894,0.00947,0.02841,0.01894,0.04735,0.01894,0.17994,0.01894
A,LONG,2026-09-18T13:12:33.452Z,105.59,0.17994,0.01894,0.00000,0.00947,0.00000,0.00947,0.00947,0.00947,0.00947,0.00947,0.00947,0.00947,0.00947,0.00947,0.01894,0.00947,0.02841,0.01894,0.04735,0.01894,0.17994,0.01894
C,LONG,2026-09-18T13:12:33.452Z,105.59,0.17994,0.01894,0.00000,0.00947,0.00000,0.00947,0.00947,0.00947,0.00947,0.00947,0.00947,0.00947,0.00947,0.00947,0.01894,0.00947,0.02841,0.01894,0.04735,0.01894,0.17994,0.01894
A,SHORT,2026-09-18T13:12:42.588Z,105.59,0.00947,0.18941,0.00000,0.00947,0.00000,0.00947,0.00000,0.01894,0.00000,0.01894,0.00000,0.02841,0.00000,0.02841,0.00000,0.02841,0.00947,0.03788,0.00947,0.05682,0.00947,0.18941
C,SHORT,2026-09-18T13:12:42.588Z,105.59,0.00947,0.18941,0.00000,0.00947,0.00000,0.00947,0.00000,0.01894,0.00000,0.01894,0.00000,0.02841,0.00000,0.02841,0.00000,0.02841,0.00947,0.03788,0.00947,0.05682,0.00947,0.18941
A,SHORT,2026-09-18T13:12:46.142Z,105.59,0.00947,0.18941,0.00000,0.00947,0.00000,0.00947,0.00000,0.00947,0.00000,0.02841,0.00000,0.02841,0.00000,0.02841,0.00947,0.02841,0.00947,0.03788,0.00947,0.05682,0.00947,0.18941
C,SHORT,2026-09-18T13:12:46.142Z,105.59,0.00947,0.18941,0.00000,0.00947,0.00000,0.00947,0.00000,0.00947,0.00000,0.02841,0.00000,0.02841,0.00000,0.02841,0.00947,0.02841,0.00947,0.03788,0.00947,0.05682,0.00947,0.18941
A,LONG,2026-09-18T13:12:47.359Z,105.6,0.17045,0.02841,0.00000,0.00947,0.00000,0.00947,0.00000,0.00947,0.00947,0.01894,0.00947,0.01894,0.00947,0.01894,0.00947,0.02841,0.01894,0.02841,0.03788,0.02841,0.17045,0.02841
C,LONG,2026-09-18T13:12:47.359Z,105.6,0.17045,0.02841,0.00000,0.00947,0.00000,0.00947,0.00000,0.00947,0.00947,0.01894,0.00947,0.01894,0.00947,0.01894,0.00947,0.02841,0.01894,0.02841,0.03788,0.02841,0.17045,0.02841
A,LONG,2026-09-18T13:12:49.664Z,105.61,0.16097,0.03788,0.00000,0.00947,0.00000,0.00947,0.00000,0.02841,0.00000,0.02841,0.00000,0.02841,0.00000,0.02841,0.00000,0.03788,0.00947,0.03788,0.02841,0.03788,0.16097,0.03788
B,LONG,2026-09-18T13:12:49.664Z,105.61,0.16097,0.03788,0.00000,0.00947,0.00000,0.00947,0.00000,0.02841,0.00000,0.02841,0.00000,0.02841,0.00000,0.02841,0.00000,0.03788,0.00947,0.03788,0.02841,0.03788,0.16097,0.03788
C,LONG,2026-09-18T13:12:49.664Z,105.61,0.16097,0.03788,0.00000,0.00947,0.00000,0.00947,0.00000,0.02841,0.00000,0.02841,0.00000,0.02841,0.00000,0.02841,0.00000,0.03788,0.00947,0.03788,0.02841,0.03788,0.16097,0.03788
D,LONG,2026-09-18T13:12:49.664Z,105.61,0.16097,0.03788,0.00000,0.00947,0.00000,0.00947,0.00000,0.02841,0.00000,0.02841,0.00000,0.02841,0.00000,0.02841,0.00000,0.03788,0.00947,0.03788,0.02841,0.03788,0.16097,0.03788
A,LONG,2026-09-18T13:12:50.670Z,105.62,0.15149,0.04734,0.00000,0.00947,0.00000,0.03787,0.00000,0.03787,0.00000,0.03787,0.00000,0.03787,0.00000,0.03787,0.00000,0.04734,0.00000,0.04734,0.01894,0.04734,0.15149,0.04734
C,LONG,2026-09-18T13:12:50.670Z,105.62,0.15149,0.04734,0.00000,0.00947,0.00000,0.03787,0.00000,0.03787,0.00000,0.03787,0.00000,0.03787,0.00000,0.03787,0.00000,0.04734,0.00000,0.04734,0.01894,0.04734,0.15149,0.04734
A,SHORT,2026-09-18T13:12:51.687Z,105.59,0.00947,0.18941,0.00000,0.00947,0.00000,0.00947,0.00000,0.00947,0.00000,0.01894,0.00000,0.01894,0.00000,0.01894,0.00947,0.01894,0.00947,0.03788,0.00947,0.05682,0.00947,0.18941
C,SHORT,2026-09-18T13:12:51.687Z,105.59,0.00947,0.18941,0.00000,0.00947,0.00000,0.00947,0.00000,0.00947,0.00000,0.01894,0.00000,0.01894,0.00000,0.01894,0.00947,0.01894,0.00947,0.03788,0.00947,0.05682,0.00947,0.18941
A,LONG,2026-09-18T13:12:53.194Z,105.59,0.17994,0.01894,0.00000,0.00947,0.00947,0.00947,0.00947,0.00947,0.00947,0.00947,0.00947,0.00947,0.00947,0.00947,0.02841,0.01894,0.02841,0.01894,0.04735,0.01894,0.17994,0.01894
B,LONG,2026-09-18T13:12:53.194Z,105.59,0.17994,0.01894,0.00000,0.00947,0.00947,0.00947,0.00947,0.00947,0.00947,0.00947,0.00947,0.00947,0.00947,0.00947,0.02841,0.01894,0.02841,0.01894,0.04735,0.01894,0.17994,0.01894
C,LONG,2026-09-18T13:12:53.194Z,105.59,0.17994,0.01894,0.00000,0.00947,0.00947,0.00947,0.00947,0.00947,0.00947,0.00947,0.00947,0.00947,0.00947,0.00947,0.02841,0.01894,0.02841,0.01894,0.04735,0.01894,0.17994,0.01894
D,LONG,2026-09-18T13:12:53.194Z,105.59,0.17994,0.01894,0.00000,0.00947,0.00947,0.00947,0.00947,0.00947,0.00947,0.00947,0.00947,0.00947,0.00947,0.00947,0.02841,0.01894,0.02841,0.01894,0.04735,0.01894,0.17994,0.01894
A,SHORT,2026-09-18T13:12:56.251Z,105.6,0.01894,0.17992,0.00000,0.00947,0.00000,0.00947,0.00000,0.00947,0.00000,0.00947,0.00947,0.00947,0.00947,0.00947,0.01894,0.02841,0.01894,0.02841,0.01894,0.04735,0.01894,0.17992
C,SHORT,2026-09-18T13:12:56.251Z,105.6,0.01894,0.17992,0.00000,0.00947,0.00000,0.00947,0.00000,0.00947,0.00000,0.00947,0.00947,0.00947,0.00947,0.00947,0.01894,0.02841,0.01894,0.02841,0.01894,0.04735,0.01894,0.17992
A,SHORT,2026-09-18T13:13:01.360Z,105.6,0.01894,0.17992,0.00000,0.00947,0.00000,0.00947,0.00947,0.00947,0.00947,0.00947,0.00947,0.00947,0.01894,0.00947,0.01894,0.02841,0.01894,0.02841,0.01894,0.04735,0.01894,0.17992
C,SHORT,2026-09-18T13:13:01.360Z,105.6,0.01894,0.17992,0.00000,0.00947,0.00000,0.00947,0.00947,0.00947,0.00947,0.00947,0.00947,0.00947,0.01894,0.00947,0.01894,0.02841,0.01894,0.02841,0.01894,0.04735,0.01894,0.17992
A,LONG,2026-09-18T13:13:04.910Z,105.6,0.17992,0.02841,0.00000,0.01894,0.00000,0.01894,0.00000,0.01894,0.00000,0.01894,0.00000,0.01894,0.00000,0.02841,0.01894,0.02841,0.02841,0.02841,0.03788,0.02841,0.17992,0.02841
B,LONG,2026-09-18T13:13:04.910Z,105.6,0.17992,0.02841,0.00000,0.01894,0.00000,0.01894,0.00000,0.01894,0.00000,0.01894,0.00000,0.01894,0.00000,0.02841,0.01894,0.02841,0.02841,0.02841,0.03788,0.02841,0.17992,0.02841
C,LONG,2026-09-18T13:13:04.910Z,105.6,0.17992,0.02841,0.00000,0.01894,0.00000,0.01894,0.00000,0.01894,0.00000,0.01894,0.00000,0.01894,0.00000,0.02841,0.01894,0.02841,0.02841,0.02841,0.03788,0.02841,0.17992,0.02841
D,LONG,2026-09-18T13:13:04.910Z,105.6,0.17992,0.02841,0.00000,0.01894,0.00000,0.01894,0.00000,0.01894,0.00000,0.01894,0.00000,0.01894,0.00000,0.02841,0.01894,0.02841,0.02841,0.02841,0.03788,0.02841,0.17992,0.02841
A,LONG,2026-09-18T13:13:07.440Z,105.59,0.19888,0.01894,0.00947,0.00947,0.00947,0.00947,0.00947,0.00947,0.00947,0.00947,0.00947,0.01894,0.00947,0.01894,0.02841,0.01894,0.03788,0.01894,0.04735,0.01894,0.19888,0.01894
B,LONG,2026-09-18T13:13:07.440Z,105.59,0.19888,0.01894,0.00947,0.00947,0.00947,0.00947,0.00947,0.00947,0.00947,0.00947,0.00947,0.01894,0.00947,0.01894,0.02841,0.01894,0.03788,0.01894,0.04735,0.01894,0.19888,0.01894
C,LONG,2026-09-18T13:13:07.440Z,105.59,0.19888,0.01894,0.00947,0.00947,0.00947,0.00947,0.00947,0.00947,0.00947,0.00947,0.00947,0.01894,0.00947,0.01894,0.02841,0.01894,0.03788,0.01894,0.04735,0.01894,0.19888,0.01894
D,LONG,2026-09-18T13:13:07.440Z,105.59,0.19888,0.01894,0.00947,0.00947,0.00947,0.00947,0.00947,0.00947,0.00947,0.00947,0.00947,0.01894,0.00947,0.01894,0.02841,0.01894,0.03788,0.01894,0.04735,0.01894,0.19888,0.01894
A,SHORT,2026-09-18T13:13:11.484Z,105.59,0.00947,0.20835,0.00000,0.00947,0.00000,0.00947,0.00000,0.00947,0.00947,0.00947,0.00947,0.01894,0.00947,0.03788,0.00947,0.03788,0.00947,0.04735,0.00947,0.05682,0.00947,0.20835
C,SHORT,2026-09-18T13:13:11.484Z,105.59,0.00947,0.20835,0.00000,0.00947,0.00000,0.00947,0.00000,0.00947,0.00947,0.00947,0.00947,0.01894,0.00947,0.03788,0.00947,0.03788,0.00947,0.04735,0.00947,0.05682,0.00947,0.20835
A,LONG,2026-09-18T13:13:13.502Z,105.6,0.18939,0.02841,0.00000,0.00947,0.00000,0.01894,0.00000,0.02841,0.00000,0.02841,0.01894,0.02841,0.01894,0.02841,0.01894,0.02841,0.02841,0.02841,0.03788,0.02841,0.18939,0.02841
B,LONG,2026-09-18T13:13:13.502Z,105.6,0.18939,0.02841,0.00000,0.00947,0.00000,0.01894,0.00000,0.02841,0.00000,0.02841,0.01894,0.02841,0.01894,0.02841,0.01894,0.02841,0.02841,0.02841,0.03788,0.02841,0.18939,0.02841
C,LONG,2026-09-18T13:13:13.502Z,105.6,0.18939,0.02841,0.00000,0.00947,0.00000,0.01894,0.00000,0.02841,0.00000,0.02841,0.01894,0.02841,0.01894,0.02841,0.01894,0.02841,0.02841,0.02841,0.03788,0.02841,0.18939,0.02841
D,LONG,2026-09-18T13:13:13.502Z,105.6,0.18939,0.02841,0.00000,0.00947,0.00000,0.01894,0.00000,0.02841,0.00000,0.02841,0.01894,0.02841,0.01894,0.02841,0.01894,0.02841,0.02841,0.02841,0.03788,0.02841,0.18939,0.02841
A,SHORT,2026-09-18T13:13:15.007Z,105.58,0.00000,0.27467,0.00000,0.00947,0.00000,0.00947,0.00000,0.01894,0.00000,0.02841,0.00000,0.04736,0.00000,0.04736,0.00000,0.04736,0.00000,0.05683,0.00000,0.06630,0.00000,0.26520
B,SHORT,2026-09-18T13:13:15.007Z,105.58,0.00000,0.27467,0.00000,0.00947,0.00000,0.00947,0.00000,0.01894,0.00000,0.02841,0.00000,0.04736,0.00000,0.04736,0.00000,0.04736,0.00000,0.05683,0.00000,0.06630,0.00000,0.26520
C,SHORT,2026-09-18T13:13:15.007Z,105.58,0.00000,0.27467,0.00000,0.00947,0.00000,0.00947,0.00000,0.01894,0.00000,0.02841,0.00000,0.04736,0.00000,0.04736,0.00000,0.04736,0.00000,0.05683,0.00000,0.06630,0.00000,0.26520
D,SHORT,2026-09-18T13:13:15.007Z,105.58,0.00000,0.27467,0.00000,0.00947,0.00000,0.00947,0.00000,0.01894,0.00000,0.02841,0.00000,0.04736,0.00000,0.04736,0.00000,0.04736,0.00000,0.05683,0.00000,0.06630,0.00000,0.26520
A,LONG,2026-09-18T13:13:19.279Z,105.61,0.23672,0.02841,0.00000,0.00947,0.00000,0.00947,0.00000,0.00947,0.00947,0.00947,0.00947,0.00947,0.00947,0.00947,0.00947,0.02841,0.01894,0.02841,0.02841,0.02841,0.23672,0.02841
B,LONG,2026-09-18T13:13:19.279Z,105.61,0.23672,0.02841,0.00000,0.00947,0.00000,0.00947,0.00000,0.00947,0.00947,0.00947,0.00947,0.00947,0.00947,0.00947,0.00947,0.02841,0.01894,0.02841,0.02841,0.02841,0.23672,0.02841
C,LONG,2026-09-18T13:13:19.279Z,105.61,0.23672,0.02841,0.00000,0.00947,0.00000,0.00947,0.00000,0.00947,0.00947,0.00947,0.00947,0.00947,0.00947,0.00947,0.00947,0.02841,0.01894,0.02841,0.02841,0.02841,0.23672,0.02841
D,LONG,2026-09-18T13:13:19.279Z,105.61,0.23672,0.02841,0.00000,0.00947,0.00000,0.00947,0.00000,0.00947,0.00947,0.00947,0.00947,0.00947,0.00947,0.00947,0.00947,0.02841,0.01894,0.02841,0.02841,0.02841,0.23672,0.02841
A,LONG,2026-09-18T13:13:22.275Z,105.61,0.23672,0.02841,0.00947,0.00947,0.00947,0.00947,0.00947,0.00947,0.00947,0.00947,0.00947,0.00947,0.00947,0.02841,0.00947,0.02841,0.01894,0.02841,0.02841,0.02841,0.23672,0.02841
C,LONG,2026-09-18T13:13:22.275Z,105.61,0.23672,0.02841,0.00947,0.00947,0.00947,0.00947,0.00947,0.00947,0.00947,0.00947,0.00947,0.00947,0.00947,0.02841,0.00947,0.02841,0.01894,0.02841,0.02841,0.02841,0.23672,0.02841
A,SHORT,2026-09-18T13:13:26.609Z,105.62,0.02840,0.23670,0.00000,0.00947,0.00000,0.00947,0.00000,0.00947,0.00947,0.00947,0.02840,0.00947,0.02840,0.00947,0.02840,0.00947,0.02840,0.01894,0.02840,0.02840,0.02840,0.23670
B,SHORT,2026-09-18T13:13:26.609Z,105.62,0.02840,0.23670,0.00000,0.00947,0.00000,0.00947,0.00000,0.00947,0.00947,0.00947,0.02840,0.00947,0.02840,0.00947,0.02840,0.00947,0.02840,0.01894,0.02840,0.02840,0.02840,0.23670
C,SHORT,2026-09-18T13:13:26.609Z,105.62,0.02840,0.23670,0.00000,0.00947,0.00000,0.00947,0.00000,0.00947,0.00947,0.00947,0.02840,0.00947,0.02840,0.00947,0.02840,0.00947,0.02840,0.01894,0.02840,0.02840,0.02840,0.23670
D,SHORT,2026-09-18T13:13:26.609Z,105.62,0.02840,0.23670,0.00000,0.00947,0.00000,0.00947,0.00000,0.00947,0.00947,0.00947,0.02840,0.00947,0.02840,0.00947,0.02840,0.00947,0.02840,0.01894,0.02840,0.02840,0.02840,0.23670
B,SHORT,2026-09-18T13:13:28.112Z,105.61,0.01894,0.24619,0.00000,0.00947,0.00000,0.00947,0.00000,0.00947,0.00000,0.00947,0.01894,0.00947,0.01894,0.00947,0.01894,0.01894,0.01894,0.03788,0.01894,0.03788,0.01894,0.24619
D,SHORT,2026-09-18T13:13:28.112Z,105.61,0.01894,0.24619,0.00000,0.00947,0.00000,0.00947,0.00000,0.00947,0.00000,0.00947,0.01894,0.00947,0.01894,0.00947,0.01894,0.01894,0.01894,0.03788,0.01894,0.03788,0.01894,0.24619
B,SHORT,2026-09-18T13:13:29.644Z,105.61,0.01894,0.24619,0.00000,0.00947,0.00000,0.00947,0.00000,0.00947,0.00000,0.00947,0.01894,0.00947,0.01894,0.00947,0.01894,0.01894,0.01894,0.03788,0.01894,0.03788,0.01894,0.24619
D,SHORT,2026-09-18T13:13:29.644Z,105.61,0.01894,0.24619,0.00000,0.00947,0.00000,0.00947,0.00000,0.00947,0.00000,0.00947,0.01894,0.00947,0.01894,0.00947,0.01894,0.01894,0.01894,0.03788,0.01894,0.03788,0.01894,0.24619
A,LONG,2026-09-18T13:13:31.173Z,105.61,0.23672,0.02841,0.00000,0.00947,0.00000,0.00947,0.00000,0.00947,0.00000,0.02841,0.00000,0.02841,0.00000,0.02841,0.00947,0.02841,0.02841,0.02841,0.02841,0.02841,0.23672,0.02841
A,LONG,2026-09-18T13:13:35.717Z,105.59,0.27465,0.00947,0.00000,0.00947,0.00947,0.00947,0.00947,0.00947,0.00947,0.00947,0.00947,0.00947,0.02841,0.00947,0.03788,0.00947,0.04735,0.00947,0.04735,0.00947,0.27465,0.00947
B,LONG,2026-09-18T13:13:35.717Z,105.59,0.27465,0.00947,0.00000,0.00947,0.00947,0.00947,0.00947,0.00947,0.00947,0.00947,0.00947,0.00947,0.02841,0.00947,0.03788,0.00947,0.04735,0.00947,0.04735,0.00947,0.27465,0.00947
A,LONG,2026-09-18T13:13:39.262Z,105.61,0.25566,0.01894,0.00000,0.00947,0.00000,0.00947,0.00000,0.00947,0.00000,0.01894,0.00947,0.01894,0.00947,0.01894,0.01894,0.01894,0.02841,0.01894,0.02841,0.01894,0.25566,0.01894
B,LONG,2026-09-18T13:13:39.262Z,105.61,0.25566,0.01894,0.00000,0.00947,0.00000,0.00947,0.00000,0.00947,0.00000,0.01894,0.00947,0.01894,0.00947,0.01894,0.01894,0.01894,0.02841,0.01894,0.02841,0.01894,0.25566,0.01894
C,LONG,2026-09-18T13:13:39.262Z,105.61,0.25566,0.01894,0.00000,0.00947,0.00000,0.00947,0.00000,0.00947,0.00000,0.01894,0.00947,0.01894,0.00947,0.01894,0.01894,0.01894,0.02841,0.01894,0.02841,0.01894,0.25566,0.01894
D,LONG,2026-09-18T13:13:39.262Z,105.61,0.25566,0.01894,0.00000,0.00947,0.00000,0.00947,0.00000,0.00947,0.00000,0.01894,0.00947,0.01894,0.00947,0.01894,0.01894,0.01894,0.02841,0.01894,0.02841,0.01894,0.25566,0.01894
A,SHORT,2026-09-18T13:13:48.848Z,105.62,0.00947,0.26510,0.00000,0.00947,0.00000,0.00947,0.00000,0.00947,0.00000,0.00947,0.00000,0.00947,0.00000,0.00947,0.00000,0.01894,0.00000,0.02840,0.00947,0.02840,0.00947,0.26510
C,SHORT,2026-09-18T13:13:48.848Z,105.62,0.00947,0.26510,0.00000,0.00947,0.00000,0.00947,0.00000,0.00947,0.00000,0.00947,0.00000,0.00947,0.00000,0.00947,0.00000,0.01894,0.00000,0.02840,0.00947,0.02840,0.00947,0.26510
A,LONG,2026-09-18T13:14:04.125Z,105.64,0.23665,0.03786,0.00000,0.00947,0.00000,0.00947,0.00000,0.00947,0.00000,0.00947,0.00000,0.01893,0.00000,0.01893,0.00000,0.01893,0.00000,0.03786,0.00000,0.03786,0.23665,0.03786
C,LONG,2026-09-18T13:14:04.125Z,105.64,0.23665,0.03786,0.00000,0.00947,0.00000,0.00947,0.00000,0.00947,0.00000,0.00947,0.00000,0.01893,0.00000,0.01893,0.00000,0.01893,0.00000,0.03786,0.00000,0.03786,0.23665,0.03786
B,LONG,2026-09-18T13:14:04.623Z,105.64,0.23665,0.03786,0.00000,0.00947,0.00000,0.00947,0.00000,0.00947,0.00000,0.00947,0.00000,0.01893,0.00000,0.01893,0.00000,0.01893,0.00000,0.03786,0.00000,0.03786,0.23665,0.03786
D,LONG,2026-09-18T13:14:04.623Z,105.64,0.23665,0.03786,0.00000,0.00947,0.00000,0.00947,0.00000,0.00947,0.00000,0.00947,0.00000,0.01893,0.00000,0.01893,0.00000,0.01893,0.00000,0.03786,0.00000,0.03786,0.23665,0.03786
B,LONG,2026-09-18T13:14:06.635Z,105.64,0.23665,0.03786,0.00000,0.00947,0.00000,0.00947,0.00000,0.00947,0.00000,0.00947,0.00000,0.01893,0.00000,0.01893,0.00000,0.01893,0.00000,0.03786,0.00000,0.03786,0.23665,0.03786
D,LONG,2026-09-18T13:14:06.635Z,105.64,0.23665,0.03786,0.00000,0.00947,0.00000,0.00947,0.00000,0.00947,0.00000,0.00947,0.00000,0.01893,0.00000,0.01893,0.00000,0.01893,0.00000,0.03786,0.00000,0.03786,0.23665,0.03786
B,LONG,2026-09-18T13:14:07.659Z,105.64,0.23665,0.03786,0.00000,0.00947,0.00000,0.00947,0.00000,0.00947,0.00000,0.00947,0.00000,0.01893,0.00000,0.01893,0.00000,0.01893,0.00000,0.03786,0.00000,0.03786,0.23665,0.03786
D,LONG,2026-09-18T13:14:07.659Z,105.64,0.23665,0.03786,0.00000,0.00947,0.00000,0.00947,0.00000,0.00947,0.00000,0.00947,0.00000,0.01893,0.00000,0.01893,0.00000,0.01893,0.00000,0.03786,0.00000,0.03786,0.23665,0.03786
A,LONG,2026-09-18T13:14:10.194Z,105.64,0.23665,0.03786,0.00000,0.00947,0.00000,0.00947,0.00000,0.01893,0.00000,0.01893,0.00000,0.01893,0.00000,0.01893,0.00000,0.01893,0.00000,0.03786,0.00000,0.03786,0.23665,0.03786
C,LONG,2026-09-18T13:14:10.194Z,105.64,0.23665,0.03786,0.00000,0.00947,0.00000,0.00947,0.00000,0.01893,0.00000,0.01893,0.00000,0.01893,0.00000,0.01893,0.00000,0.01893,0.00000,0.03786,0.00000,0.03786,0.23665,0.03786
A,LONG,2026-09-18T13:14:18.858Z,105.63,0.25561,0.02840,0.00000,0.00947,0.00000,0.00947,0.00000,0.00947,0.00000,0.00947,0.00947,0.00947,0.00947,0.00947,0.00947,0.00947,0.00947,0.02840,0.03787,0.02840,0.25561,0.02840
C,LONG,2026-09-18T13:14:18.858Z,105.63,0.25561,0.02840,0.00000,0.00947,0.00000,0.00947,0.00000,0.00947,0.00000,0.00947,0.00947,0.00947,0.00947,0.00947,0.00947,0.00947,0.00947,0.02840,0.03787,0.02840,0.25561,0.02840
B,LONG,2026-09-18T13:14:21.415Z,105.63,0.25561,0.02840,0.00000,0.00947,0.00000,0.00947,0.00000,0.00947,0.00000,0.00947,0.00947,0.00947,0.00947,0.00947,0.00947,0.00947,0.00947,0.02840,0.03787,0.02840,0.25561,0.02840
D,LONG,2026-09-18T13:14:21.415Z,105.63,0.25561,0.02840,0.00000,0.00947,0.00000,0.00947,0.00000,0.00947,0.00000,0.00947,0.00947,0.00947,0.00947,0.00947,0.00947,0.00947,0.00947,0.02840,0.03787,0.02840,0.25561,0.02840
B,LONG,2026-09-18T13:14:25.459Z,105.63,0.25561,0.02840,0.00000,0.00947,0.00000,0.00947,0.00947,0.00947,0.00947,0.00947,0.00947,0.00947,0.00947,0.00947,0.00947,0.01893,0.00947,0.02840,0.10414,0.02840,0.25561,0.02840
D,LONG,2026-09-18T13:14:25.459Z,105.63,0.25561,0.02840,0.00000,0.00947,0.00000,0.00947,0.00947,0.00947,0.00947,0.00947,0.00947,0.00947,0.00947,0.00947,0.00947,0.01893,0.00947,0.02840,0.10414,0.02840,0.25561,0.02840
A,LONG,2026-09-18T13:14:26.477Z,105.63,0.25561,0.02840,0.00000,0.00947,0.00947,0.00947,0.00947,0.00947,0.00947,0.00947,0.00947,0.00947,0.00947,0.00947,0.00947,0.01893,0.00947,0.02840,0.10414,0.02840,0.25561,0.02840
C,LONG,2026-09-18T13:14:26.477Z,105.63,0.25561,0.02840,0.00000,0.00947,0.00947,0.00947,0.00947,0.00947,0.00947,0.00947,0.00947,0.00947,0.00947,0.00947,0.00947,0.01893,0.00947,0.02840,0.10414,0.02840,0.25561,0.02840
A,LONG,2026-09-18T13:14:27.498Z,105.64,0.24612,0.03786,0.00000,0.00947,0.00000,0.00947,0.00000,0.00947,0.00000,0.00947,0.00000,0.00947,0.00000,0.00947,0.00000,0.02840,0.00000,0.03786,0.09466,0.03786,0.24612,0.03786
B,LONG,2026-09-18T13:14:27.498Z,105.64,0.24612,0.03786,0.00000,0.00947,0.00000,0.00947,0.00000,0.00947,0.00000,0.00947,0.00000,0.00947,0.00000,0.00947,0.00000,0.02840,0.00000,0.03786,0.09466,0.03786,0.24612,0.03786
C,LONG,2026-09-18T13:14:27.498Z,105.64,0.24612,0.03786,0.00000,0.00947,0.00000,0.00947,0.00000,0.00947,0.00000,0.00947,0.00000,0.00947,0.00000,0.00947,0.00000,0.02840,0.00000,0.03786,0.09466,0.03786,0.24612,0.03786
D,LONG,2026-09-18T13:14:27.498Z,105.64,0.24612,0.03786,0.00000,0.00947,0.00000,0.00947,0.00000,0.00947,0.00000,0.00947,0.00000,0.00947,0.00000,0.00947,0.00000,0.02840,0.00000,0.03786,0.09466,0.03786,0.24612,0.03786
B,LONG,2026-09-18T13:14:29.519Z,105.65,0.23663,0.04733,0.00000,0.00947,0.00000,0.00947,0.00000,0.00947,0.00000,0.00947,0.00000,0.01893,0.00000,0.01893,0.00000,0.04733,0.00000,0.04733,0.10412,0.04733,0.23663,0.04733
D,LONG,2026-09-18T13:14:29.519Z,105.65,0.23663,0.04733,0.00000,0.00947,0.00000,0.00947,0.00000,0.00947,0.00000,0.00947,0.00000,0.01893,0.00000,0.01893,0.00000,0.04733,0.00000,0.04733,0.10412,0.04733,0.23663,0.04733
A,SHORT,2026-09-18T13:14:35.644Z,105.63,0.01893,0.26508,0.00000,0.00947,0.00000,0.01893,0.00000,0.01893,0.00000,0.01893,0.00000,0.01893,0.00000,0.01893,0.01893,0.01893,0.01893,0.01893,0.01893,0.15147,0.01893,0.26508
C,SHORT,2026-09-18T13:14:35.644Z,105.63,0.01893,0.26508,0.00000,0.00947,0.00000,0.01893,0.00000,0.01893,0.00000,0.01893,0.00000,0.01893,0.00000,0.01893,0.01893,0.01893,0.01893,0.01893,0.01893,0.15147,0.01893,0.26508
A,SHORT,2026-09-18T13:14:39.187Z,105.64,0.02840,0.27452,0.00000,0.00947,0.00000,0.00947,0.00000,0.00947,0.00000,0.00947,0.00947,0.00947,0.00947,0.00947,0.02840,0.00947,0.02840,0.00947,0.02840,0.14199,0.02840,0.27452
C,SHORT,2026-09-18T13:14:39.187Z,105.64,0.02840,0.27452,0.00000,0.00947,0.00000,0.00947,0.00000,0.00947,0.00000,0.00947,0.00947,0.00947,0.00947,0.00947,0.02840,0.00947,0.02840,0.00947,0.02840,0.14199,0.02840,0.27452
A,SHORT,2026-09-18T13:14:40.234Z,105.64,0.02840,0.27452,0.00000,0.00947,0.00000,0.00947,0.00000,0.00947,0.00000,0.00947,0.00947,0.00947,0.00947,0.00947,0.02840,0.00947,0.02840,0.00947,0.02840,0.14199,0.02840,0.27452
C,SHORT,2026-09-18T13:14:40.234Z,105.64,0.02840,0.27452,0.00000,0.00947,0.00000,0.00947,0.00000,0.00947,0.00000,0.00947,0.00947,0.00947,0.00947,0.00947,0.02840,0.00947,0.02840,0.00947,0.02840,0.14199,0.02840,0.27452
B,SHORT,2026-09-18T13:14:40.709Z,105.64,0.02840,0.27452,0.00000,0.00947,0.00000,0.00947,0.00000,0.00947,0.00947,0.00947,0.00947,0.00947,0.01893,0.00947,0.02840,0.00947,0.02840,0.00947,0.02840,0.14199,0.02840,0.27452
D,SHORT,2026-09-18T13:14:40.709Z,105.64,0.02840,0.27452,0.00000,0.00947,0.00000,0.00947,0.00000,0.00947,0.00947,0.00947,0.00947,0.00947,0.01893,0.00947,0.02840,0.00947,0.02840,0.00947,0.02840,0.14199,0.02840,0.27452
A,LONG,2026-09-18T13:14:45.799Z,105.63,0.27454,0.02840,0.00000,0.00947,0.00000,0.00947,0.00000,0.00947,0.00000,0.00947,0.00000,0.01893,0.00000,0.02840,0.00000,0.02840,0.00000,0.02840,0.14201,0.02840,0.27454,0.02840
B,LONG,2026-09-18T13:14:45.799Z,105.63,0.27454,0.02840,0.00000,0.00947,0.00000,0.00947,0.00000,0.00947,0.00000,0.00947,0.00000,0.01893,0.00000,0.02840,0.00000,0.02840,0.00000,0.02840,0.14201,0.02840,0.27454,0.02840
A,LONG,2026-09-18T13:14:47.830Z,105.63,0.27454,0.02840,0.00000,0.00947,0.00000,0.00947,0.00000,0.00947,0.00000,0.00947,0.00000,0.01893,0.00000,0.02840,0.00000,0.02840,0.00000,0.02840,0.14201,0.02840,0.27454,0.02840
C,LONG,2026-09-18T13:14:47.830Z,105.63,0.27454,0.02840,0.00000,0.00947,0.00000,0.00947,0.00000,0.00947,0.00000,0.00947,0.00000,0.01893,0.00000,0.02840,0.00000,0.02840,0.00000,0.02840,0.14201,0.02840,0.27454,0.02840
A,LONG,2026-09-18T13:14:49.864Z,105.63,0.27454,0.02840,0.00000,0.00947,0.00000,0.00947,0.00000,0.00947,0.00000,0.00947,0.00000,0.02840,0.00000,0.02840,0.00000,0.02840,0.00000,0.02840,0.14201,0.02840,0.27454,0.02840
B,LONG,2026-09-18T13:14:49.864Z,105.63,0.27454,0.02840,0.00000,0.00947,0.00000,0.00947,0.00000,0.00947,0.00000,0.00947,0.00000,0.02840,0.00000,0.02840,0.00000,0.02840,0.00000,0.02840,0.14201,0.02840,0.27454,0.02840
C,LONG,2026-09-18T13:14:49.864Z,105.63,0.27454,0.02840,0.00000,0.00947,0.00000,0.00947,0.00000,0.00947,0.00000,0.00947,0.00000,0.02840,0.00000,0.02840,0.00000,0.02840,0.00000,0.02840,0.14201,0.02840,0.27454,0.02840
D,LONG,2026-09-18T13:14:49.864Z,105.63,0.27454,0.02840,0.00000,0.00947,0.00000,0.00947,0.00000,0.00947,0.00000,0.00947,0.00000,0.02840,0.00000,0.02840,0.00000,0.02840,0.00000,0.02840,0.14201,0.02840,0.27454,0.02840
A,SHORT,2026-09-18T13:14:58.483Z,105.61,0.00000,0.30300,0.00000,0.00947,0.00000,0.00947,0.00000,0.00947,0.00000,0.00947,0.00000,0.00947,0.00000,0.00947,0.00000,0.01894,0.00000,0.01894,0.00000,0.17044,0.00000,0.30300
C,SHORT,2026-09-18T13:14:58.483Z,105.61,0.00000,0.30300,0.00000,0.00947,0.00000,0.00947,0.00000,0.00947,0.00000,0.00947,0.00000,0.00947,0.00000,0.00947,0.00000,0.01894,0.00000,0.01894,0.00000,0.17044,0.00000,0.30300
B,SHORT,2026-09-18T13:14:59.008Z,105.61,0.00000,0.30300,0.00000,0.00947,0.00000,0.00947,0.00000,0.00947,0.00000,0.00947,0.00000,0.00947,0.00000,0.00947,0.00000,0.01894,0.00000,0.01894,0.00000,0.17044,0.00000,0.30300
D,SHORT,2026-09-18T13:14:59.008Z,105.61,0.00000,0.30300,0.00000,0.00947,0.00000,0.00947,0.00000,0.00947,0.00000,0.00947,0.00000,0.00947,0.00000,0.00947,0.00000,0.01894,0.00000,0.01894,0.00000,0.17044,0.00000,0.30300
A,LONG,2026-09-18T13:15:08.112Z,105.61,0.31247,0.00947,0.00000,0.00947,0.00000,0.00947,0.00000,0.00947,0.00000,0.00947,0.00000,0.00947,0.00947,0.00947,0.00947,0.00947,0.01894,0.00947,0.16097,0.00947,0.31247,0.00947
C,LONG,2026-09-18T13:15:08.112Z,105.61,0.31247,0.00947,0.00000,0.00947,0.00000,0.00947,0.00000,0.00947,0.00000,0.00947,0.00000,0.00947,0.00947,0.00947,0.00947,0.00947,0.01894,0.00947,0.16097,0.00947,0.31247,0.00947
B,LONG,2026-09-18T13:15:08.613Z,105.61,0.31247,0.00947,0.00000,0.00947,0.00000,0.00947,0.00000,0.00947,0.00000,0.00947,0.00000,0.00947,0.00947,0.00947,0.00947,0.00947,0.02841,0.00947,0.16097,0.00947,0.31247,0.00947
D,LONG,2026-09-18T13:15:08.613Z,105.61,0.31247,0.00947,0.00000,0.00947,0.00000,0.00947,0.00000,0.00947,0.00000,0.00947,0.00000,0.00947,0.00947,0.00947,0.00947,0.00947,0.02841,0.00947,0.16097,0.00947,0.31247,0.00947
A,LONG,2026-09-18T13:15:18.204Z,105.62,0.30297,0.01894,0.00000,0.00947,0.00000,0.00947,0.00000,0.00947,0.00000,0.00947,0.00000,0.00947,0.00000,0.01894,0.00000,0.01894,0.03787,0.01894,0.15149,0.01894,0.30297,0.01894
B,LONG,2026-09-18T13:15:18.204Z,105.62,0.30297,0.01894,0.00000,0.00947,0.00000,0.00947,0.00000,0.00947,0.00000,0.00947,0.00000,0.00947,0.00000,0.01894,0.00000,0.01894,0.03787,0.01894,0.15149,0.01894,0.30297,0.01894
C,LONG,2026-09-18T13:15:18.204Z,105.62,0.30297,0.01894,0.00000,0.00947,0.00000,0.00947,0.00000,0.00947,0.00000,0.00947,0.00000,0.00947,0.00000,0.01894,0.00000,0.01894,0.03787,0.01894,0.15149,0.01894,0.30297,0.01894
D,LONG,2026-09-18T13:15:18.204Z,105.62,0.30297,0.01894,0.00000,0.00947,0.00000,0.00947,0.00000,0.00947,0.00000,0.00947,0.00000,0.00947,0.00000,0.01894,0.00000,0.01894,0.03787,0.01894,0.15149,0.01894,0.30297,0.01894
A,LONG,2026-09-18T13:15:22.782Z,105.63,0.29348,0.02840,0.00000,0.00947,0.00000,0.00947,0.00000,0.00947,0.00000,0.00947,0.00000,0.02840,0.00000,0.02840,0.00000,0.02840,0.03787,0.02840,0.14201,0.02840,0.29348,0.02840
C,LONG,2026-09-18T13:15:22.782Z,105.63,0.29348,0.02840,0.00000,0.00947,0.00000,0.00947,0.00000,0.00947,0.00000,0.00947,0.00000,0.02840,0.00000,0.02840,0.00000,0.02840,0.03787,0.02840,0.14201,0.02840,0.29348,0.02840
A,LONG,2026-09-18T13:15:32.922Z,105.61,0.31247,0.00947,0.00000,0.00947,0.00000,0.00947,0.00000,0.00947,0.00000,0.00947,0.00000,0.00947,0.00000,0.00947,0.01894,0.00947,0.16097,0.00947,0.16097,0.00947,0.31247,0.00947
B,LONG,2026-09-18T13:15:32.922Z,105.61,0.31247,0.00947,0.00000,0.00947,0.00000,0.00947,0.00000,0.00947,0.00000,0.00947,0.00000,0.00947,0.00000,0.00947,0.01894,0.00947,0.16097,0.00947,0.16097,0.00947,0.31247,0.00947
C,LONG,2026-09-18T13:15:32.922Z,105.61,0.31247,0.00947,0.00000,0.00947,0.00000,0.00947,0.00000,0.00947,0.00000,0.00947,0.00000,0.00947,0.00000,0.00947,0.01894,0.00947,0.16097,0.00947,0.16097,0.00947,0.31247,0.00947
D,LONG,2026-09-18T13:15:32.922Z,105.61,0.31247,0.00947,0.00000,0.00947,0.00000,0.00947,0.00000,0.00947,0.00000,0.00947,0.00000,0.00947,0.00000,0.00947,0.01894,0.00947,0.16097,0.00947,0.16097,0.00947,0.31247,0.00947
A,SHORT,2026-09-18T13:15:41.003Z,105.6,0.00000,0.33144,0.00000,0.00947,0.00000,0.00947,0.00000,0.00947,0.00000,0.00947,0.00000,0.00947,0.00000,0.01894,0.00000,0.04735,0.00000,0.17992,0.00000,0.17992,0.00000,0.33144
B,SHORT,2026-09-18T13:15:41.003Z,105.6,0.00000,0.33144,0.00000,0.00947,0.00000,0.00947,0.00000,0.00947,0.00000,0.00947,0.00000,0.00947,0.00000,0.01894,0.00000,0.04735,0.00000,0.17992,0.00000,0.17992,0.00000,0.33144
C,SHORT,2026-09-18T13:15:41.003Z,105.6,0.00000,0.33144,0.00000,0.00947,0.00000,0.00947,0.00000,0.00947,0.00000,0.00947,0.00000,0.00947,0.00000,0.01894,0.00000,0.04735,0.00000,0.17992,0.00000,0.17992,0.00000,0.33144
D,SHORT,2026-09-18T13:15:41.003Z,105.6,0.00000,0.33144,0.00000,0.00947,0.00000,0.00947,0.00000,0.00947,0.00000,0.00947,0.00000,0.00947,0.00000,0.01894,0.00000,0.04735,0.00000,0.17992,0.00000,0.17992,0.00000,0.33144
A,LONG,2026-09-18T13:15:45.308Z,105.61,0.31247,0.00947,0.00000,0.00947,0.00000,0.00947,0.00000,0.00947,0.00000,0.00947,0.00000,0.00947,0.00947,0.00947,0.04734,0.00947,0.16097,0.00947,0.16097,0.00947,0.31247,0.00947
C,LONG,2026-09-18T13:15:45.308Z,105.61,0.31247,0.00947,0.00000,0.00947,0.00000,0.00947,0.00000,0.00947,0.00000,0.00947,0.00000,0.00947,0.00947,0.00947,0.04734,0.00947,0.16097,0.00947,0.16097,0.00947,0.31247,0.00947
B,LONG,2026-09-18T13:15:45.587Z,105.61,0.31247,0.00947,0.00000,0.00947,0.00000,0.00947,0.00000,0.00947,0.00000,0.00947,0.00000,0.00947,0.00947,0.00947,0.04734,0.00947,0.16097,0.00947,0.16097,0.00947,0.31247,0.00947
D,LONG,2026-09-18T13:15:45.587Z,105.61,0.31247,0.00947,0.00000,0.00947,0.00000,0.00947,0.00000,0.00947,0.00000,0.00947,0.00000,0.00947,0.00947,0.00947,0.04734,0.00947,0.16097,0.00947,0.16097,0.00947,0.31247,0.00947
A,LONG,2026-09-18T13:16:00.307Z,105.63,0.29348,0.00947,0.00000,0.00947,0.00000,0.00947,0.00000,0.00947,0.00000,0.00947,0.00947,0.00947,0.02840,0.00947,0.12307,0.00947,0.14201,0.00947,0.14201,0.00947,0.29348,0.00947
B,LONG,2026-09-18T13:16:00.307Z,105.63,0.29348,0.00947,0.00000,0.00947,0.00000,0.00947,0.00000,0.00947,0.00000,0.00947,0.00947,0.00947,0.02840,0.00947,0.12307,0.00947,0.14201,0.00947,0.14201,0.00947,0.29348,0.00947
C,LONG,2026-09-18T13:16:00.307Z,105.63,0.29348,0.00947,0.00000,0.00947,0.00000,0.00947,0.00000,0.00947,0.00000,0.00947,0.00947,0.00947,0.02840,0.00947,0.12307,0.00947,0.14201,0.00947,0.14201,0.00947,0.29348,0.00947
D,LONG,2026-09-18T13:16:00.307Z,105.63,0.29348,0.00947,0.00000,0.00947,0.00000,0.00947,0.00000,0.00947,0.00000,0.00947,0.00947,0.00947,0.02840,0.00947,0.12307,0.00947,0.14201,0.00947,0.14201,0.00947,0.29348,0.00947
A,LONG,2026-09-18T13:16:07.417Z,105.64,0.29345,0.00947,0.00000,0.00947,0.00000,0.00947,0.00000,0.00947,0.00000,0.00947,0.01893,0.00947,0.02840,0.00947,0.13253,0.00947,0.13253,0.00947,0.15146,0.00947,0.29345,0.00947
C,LONG,2026-09-18T13:16:07.417Z,105.64,0.29345,0.00947,0.00000,0.00947,0.00000,0.00947,0.00000,0.00947,0.00000,0.00947,0.01893,0.00947,0.02840,0.00947,0.13253,0.00947,0.13253,0.00947,0.15146,0.00947,0.29345,0.00947
B,LONG,2026-09-18T13:16:07.913Z,105.64,0.30292,0.00947,0.00000,0.00947,0.00000,0.00947,0.00000,0.00947,0.00000,0.00947,0.01893,0.00947,0.02840,0.00947,0.13253,0.00947,0.13253,0.00947,0.15146,0.00947,0.29345,0.00947
D,LONG,2026-09-18T13:16:07.913Z,105.64,0.30292,0.00947,0.00000,0.00947,0.00000,0.00947,0.00000,0.00947,0.00000,0.00947,0.01893,0.00947,0.02840,0.00947,0.13253,0.00947,0.13253,0.00947,0.15146,0.00947,0.29345,0.00947
A,LONG,2026-09-18T13:16:13.993Z,105.66,0.28393,0.00946,0.00000,0.00946,0.00000,0.00946,0.00000,0.00946,0.00946,0.00946,0.00946,0.00946,0.09464,0.00946,0.11357,0.00946,0.11357,0.00946,0.13250,0.00946,0.28393,0.00946
B,LONG,2026-09-18T13:16:13.993Z,105.66,0.28393,0.00946,0.00000,0.00946,0.00000,0.00946,0.00000,0.00946,0.00946,0.00946,0.00946,0.00946,0.09464,0.00946,0.11357,0.00946,0.11357,0.00946,0.13250,0.00946,0.28393,0.00946
C,LONG,2026-09-18T13:16:13.993Z,105.66,0.28393,0.00946,0.00000,0.00946,0.00000,0.00946,0.00000,0.00946,0.00946,0.00946,0.00946,0.00946,0.09464,0.00946,0.11357,0.00946,0.11357,0.00946,0.13250,0.00946,0.28393,0.00946
D,LONG,2026-09-18T13:16:13.993Z,105.66,0.28393,0.00946,0.00000,0.00946,0.00000,0.00946,0.00000,0.00946,0.00946,0.00946,0.00946,0.00946,0.09464,0.00946,0.11357,0.00946,0.11357,0.00946,0.13250,0.00946,0.28393,0.00946
A,SHORT,2026-09-18T13:16:18.506Z,105.67,0.00946,0.28390,0.00000,0.00946,0.00000,0.00946,0.00946,0.00946,0.00946,0.00946,0.00946,0.09463,0.00946,0.11356,0.00946,0.11356,0.00946,0.11356,0.00946,0.18927,0.00946,0.28390
A,SHORT,2026-09-18T13:16:20.029Z,105.66,0.00000,0.29339,0.00000,0.00946,0.00000,0.00946,0.00000,0.00946,0.00000,0.00946,0.00000,0.10411,0.00000,0.12304,0.00000,0.12304,0.00000,0.12304,0.00000,0.19875,0.00000,0.29339
B,SHORT,2026-09-18T13:16:20.029Z,105.66,0.00000,0.29339,0.00000,0.00946,0.00000,0.00946,0.00000,0.00946,0.00000,0.00946,0.00000,0.10411,0.00000,0.12304,0.00000,0.12304,0.00000,0.12304,0.00000,0.19875,0.00000,0.29339
C,SHORT,2026-09-18T13:16:20.029Z,105.66,0.00000,0.29339,0.00000,0.00946,0.00000,0.00946,0.00000,0.00946,0.00000,0.00946,0.00000,0.10411,0.00000,0.12304,0.00000,0.12304,0.00000,0.12304,0.00000,0.19875,0.00000,0.29339
D,SHORT,2026-09-18T13:16:20.029Z,105.66,0.00000,0.29339,0.00000,0.00946,0.00000,0.00946,0.00000,0.00946,0.00000,0.00946,0.00000,0.10411,0.00000,0.12304,0.00000,0.12304,0.00000,0.12304,0.00000,0.19875,0.00000,0.29339
A,SHORT,2026-09-18T13:16:22.040Z,105.65,0.00000,0.30289,0.00000,0.00947,0.00000,0.00947,0.00000,0.00947,0.00000,0.09465,0.00000,0.12305,0.00000,0.13251,0.00000,0.13251,0.00000,0.13251,0.00000,0.20823,0.00000,0.30289
C,SHORT,2026-09-18T13:16:22.040Z,105.65,0.00000,0.30289,0.00000,0.00947,0.00000,0.00947,0.00000,0.00947,0.00000,0.09465,0.00000,0.12305,0.00000,0.13251,0.00000,0.13251,0.00000,0.13251,0.00000,0.20823,0.00000,0.30289
A,LONG,2026-09-18T13:16:25.716Z,105.73,0.21754,0.00946,0.00000,0.00946,0.00946,0.00946,0.02837,0.00946,0.03783,0.00946,0.04729,0.00946,0.04729,0.00946,0.04729,0.00946,0.04729,0.00946,0.12295,0.00946,0.21754,0.00946
B,LONG,2026-09-18T13:16:25.716Z,105.73,0.21754,0.00946,0.00000,0.00946,0.00946,0.00946,0.02837,0.00946,0.03783,0.00946,0.04729,0.00946,0.04729,0.00946,0.04729,0.00946,0.04729,0.00946,0.12295,0.00946,0.21754,0.00946
C,LONG,2026-09-18T13:16:25.716Z,105.73,0.21754,0.00946,0.00000,0.00946,0.00946,0.00946,0.02837,0.00946,0.03783,0.00946,0.04729,0.00946,0.04729,0.00946,0.04729,0.00946,0.04729,0.00946,0.12295,0.00946,0.21754,0.00946
D,LONG,2026-09-18T13:16:25.716Z,105.73,0.21754,0.00946,0.00000,0.00946,0.00946,0.00946,0.02837,0.00946,0.03783,0.00946,0.04729,0.00946,0.04729,0.00946,0.04729,0.00946,0.04729,0.00946,0.12295,0.00946,0.21754,0.00946
A,LONG,2026-09-18T13:16:26.601Z,105.73,0.21754,0.00946,0.00946,0.00946,0.02837,0.00946,0.02837,0.00946,0.03783,0.00946,0.04729,0.00946,0.04729,0.00946,0.04729,0.00946,0.04729,0.00946,0.12295,0.00946,0.21754,0.00946
B,LONG,2026-09-18T13:16:26.601Z,105.73,0.21754,0.00946,0.00946,0.00946,0.02837,0.00946,0.02837,0.00946,0.03783,0.00946,0.04729,0.00946,0.04729,0.00946,0.04729,0.00946,0.04729,0.00946,0.12295,0.00946,0.21754,0.00946
B,LONG,2026-09-18T13:16:27.605Z,105.75,0.19858,0.00946,0.00946,0.00946,0.00946,0.00946,0.00946,0.00946,0.02837,0.00946,0.02837,0.00946,0.02837,0.00946,0.02837,0.00946,0.02837,0.00946,0.10402,0.00946,0.19858,0.00946
D,LONG,2026-09-18T13:16:27.605Z,105.75,0.19858,0.00946,0.00946,0.00946,0.00946,0.00946,0.00946,0.00946,0.02837,0.00946,0.02837,0.00946,0.02837,0.00946,0.02837,0.00946,0.02837,0.00946,0.10402,0.00946,0.19858,0.00946
A,LONG,2026-09-18T13:16:30.622Z,105.78,0.17016,0.01891,0.00000,0.00945,0.00000,0.00945,0.00000,0.00945,0.00000,0.00945,0.00000,0.00945,0.00000,0.00945,0.00000,0.01891,0.00000,0.01891,0.07563,0.01891,0.17016,0.01891
B,LONG,2026-09-18T13:16:30.622Z,105.78,0.17016,0.01891,0.00000,0.00945,0.00000,0.00945,0.00000,0.00945,0.00000,0.00945,0.00000,0.00945,0.00000,0.00945,0.00000,0.01891,0.00000,0.01891,0.07563,0.01891,0.17016,0.01891
C,LONG,2026-09-18T13:16:30.622Z,105.78,0.17016,0.01891,0.00000,0.00945,0.00000,0.00945,0.00000,0.00945,0.00000,0.00945,0.00000,0.00945,0.00000,0.00945,0.00000,0.01891,0.00000,0.01891,0.07563,0.01891,0.17016,0.01891
D,LONG,2026-09-18T13:16:30.622Z,105.78,0.17016,0.01891,0.00000,0.00945,0.00000,0.00945,0.00000,0.00945,0.00000,0.00945,0.00000,0.00945,0.00000,0.00945,0.00000,0.01891,0.00000,0.01891,0.07563,0.01891,0.17016,0.01891
A,LONG,2026-09-18T13:16:49.393Z,105.78,0.18907,0.00945,0.00000,0.00945,0.00000,0.00945,0.00000,0.00945,0.00000,0.00945,0.00000,0.00945,0.00000,0.00945,0.00000,0.00945,0.00000,0.00945,0.10399,0.00945,0.18907,0.00945
C,LONG,2026-09-18T13:16:49.393Z,105.78,0.18907,0.00945,0.00000,0.00945,0.00000,0.00945,0.00000,0.00945,0.00000,0.00945,0.00000,0.00945,0.00000,0.00945,0.00000,0.00945,0.00000,0.00945,0.10399,0.00945,0.18907,0.00945
A,LONG,2026-09-18T13:17:18.326Z,105.79,0.18905,0.01891,0.00000,0.00945,0.00000,0.00945,0.00000,0.00945,0.00000,0.00945,0.00000,0.00945,0.00000,0.01891,0.00000,0.01891,0.06617,0.01891,0.10398,0.01891,0.18905,0.01891
B,LONG,2026-09-18T13:17:18.326Z,105.79,0.18905,0.01891,0.00000,0.00945,0.00000,0.00945,0.00000,0.00945,0.00000,0.00945,0.00000,0.00945,0.00000,0.01891,0.00000,0.01891,0.06617,0.01891,0.10398,0.01891,0.18905,0.01891
C,LONG,2026-09-18T13:17:18.326Z,105.79,0.18905,0.01891,0.00000,0.00945,0.00000,0.00945,0.00000,0.00945,0.00000,0.00945,0.00000,0.00945,0.00000,0.01891,0.00000,0.01891,0.06617,0.01891,0.10398,0.01891,0.18905,0.01891
D,LONG,2026-09-18T13:17:18.326Z,105.79,0.18905,0.01891,0.00000,0.00945,0.00000,0.00945,0.00000,0.00945,0.00000,0.00945,0.00000,0.00945,0.00000,0.01891,0.00000,0.01891,0.06617,0.01891,0.10398,0.01891,0.18905,0.01891
A,SHORT,2026-09-18T13:17:28.456Z,105.77,0.00000,0.21745,0.00000,0.00945,0.00000,0.00945,0.00000,0.00945,0.00000,0.00945,0.00000,0.00945,0.00000,0.00945,0.00000,0.00945,0.00000,0.09454,0.00000,0.13236,0.00000,0.21745
C,SHORT,2026-09-18T13:17:28.456Z,105.77,0.00000,0.21745,0.00000,0.00945,0.00000,0.00945,0.00000,0.00945,0.00000,0.00945,0.00000,0.00945,0.00000,0.00945,0.00000,0.00945,0.00000,0.09454,0.00000,0.13236,0.00000,0.21745
A,LONG,2026-09-18T13:17:31.491Z,105.78,0.19853,0.00945,0.00000,0.00945,0.00000,0.00945,0.00000,0.00945,0.00000,0.00945,0.00000,0.00945,0.00000,0.00945,0.00000,0.00945,0.07563,0.00945,0.11344,0.00945,0.19853,0.00945
C,LONG,2026-09-18T13:17:31.491Z,105.78,0.19853,0.00945,0.00000,0.00945,0.00000,0.00945,0.00000,0.00945,0.00000,0.00945,0.00000,0.00945,0.00000,0.00945,0.00000,0.00945,0.07563,0.00945,0.11344,0.00945,0.19853,0.00945
A,LONG,2026-09-18T13:18:01.382Z,105.78,0.23634,0.00945,0.00000,0.00945,0.00945,0.00945,0.00945,0.00945,0.01891,0.00945,0.01891,0.00945,0.07563,0.00945,0.07563,0.00945,0.10399,0.00945,0.13235,0.00945,0.23634,0.00945
C,LONG,2026-09-18T13:18:01.382Z,105.78,0.23634,0.00945,0.00000,0.00945,0.00945,0.00945,0.00945,0.00945,0.01891,0.00945,0.01891,0.00945,0.07563,0.00945,0.07563,0.00945,0.10399,0.00945,0.13235,0.00945,0.23634,0.00945
B,LONG,2026-09-18T13:18:01.889Z,105.79,0.22686,0.00945,0.00000,0.00945,0.00000,0.00945,0.00000,0.00945,0.00945,0.00945,0.00945,0.00945,0.06617,0.00945,0.06617,0.00945,0.09453,0.00945,0.12288,0.00945,0.22686,0.00945
D,LONG,2026-09-18T13:18:01.889Z,105.79,0.22686,0.00945,0.00000,0.00945,0.00000,0.00945,0.00000,0.00945,0.00945,0.00945,0.00945,0.00945,0.06617,0.00945,0.06617,0.00945,0.09453,0.00945,0.12288,0.00945,0.22686,0.00945
A,LONG,2026-09-18T13:18:05.445Z,105.81,0.20792,0.00945,0.00000,0.00945,0.00000,0.00945,0.00000,0.00945,0.00000,0.00945,0.04725,0.00945,0.04725,0.00945,0.06616,0.00945,0.07561,0.00945,0.10396,0.00945,0.20792,0.00945
C,LONG,2026-09-18T13:18:05.445Z,105.81,0.20792,0.00945,0.00000,0.00945,0.00000,0.00945,0.00000,0.00945,0.00000,0.00945,0.04725,0.00945,0.04725,0.00945,0.06616,0.00945,0.07561,0.00945,0.10396,0.00945,0.20792,0.00945
A,LONG,2026-09-18T13:18:09.507Z,105.81,0.20792,0.00945,0.00000,0.00945,0.00000,0.00945,0.00000,0.00945,0.00945,0.00945,0.04725,0.00945,0.04725,0.00945,0.06616,0.00945,0.07561,0.00945,0.12286,0.00945,0.20792,0.00945
C,LONG,2026-09-18T13:18:09.507Z,105.81,0.20792,0.00945,0.00000,0.00945,0.00000,0.00945,0.00000,0.00945,0.00945,0.00945,0.04725,0.00945,0.04725,0.00945,0.06616,0.00945,0.07561,0.00945,0.12286,0.00945,0.20792,0.00945
A,LONG,2026-09-18T13:18:11.019Z,105.81,0.20792,0.00945,0.00000,0.00945,0.00000,0.00945,0.00000,0.00945,0.04725,0.00945,0.04725,0.00945,0.04725,0.00945,0.06616,0.00945,0.07561,0.00945,0.12286,0.00945,0.20792,0.00945
C,LONG,2026-09-18T13:18:11.019Z,105.81,0.20792,0.00945,0.00000,0.00945,0.00000,0.00945,0.00000,0.00945,0.04725,0.00945,0.04725,0.00945,0.04725,0.00945,0.06616,0.00945,0.07561,0.00945,0.12286,0.00945,0.20792,0.00945
B,LONG,2026-09-18T13:18:13.544Z,105.81,0.20792,0.00945,0.00945,0.00945,0.04725,0.00945,0.04725,0.00945,0.04725,0.00945,0.04725,0.00945,0.04725,0.00945,0.06616,0.00945,0.07561,0.00945,0.12286,0.00945,0.20792,0.00945
D,LONG,2026-09-18T13:18:13.544Z,105.81,0.20792,0.00945,0.00945,0.00945,0.04725,0.00945,0.04725,0.00945,0.04725,0.00945,0.04725,0.00945,0.04725,0.00945,0.06616,0.00945,0.07561,0.00945,0.12286,0.00945,0.20792,0.00945
A,LONG,2026-09-18T13:18:15.571Z,105.87,0.15113,0.02834,0.00000,0.00945,0.00000,0.00945,0.00000,0.00945,0.00000,0.01889,0.00000,0.02834,0.00000,0.02834,0.00945,0.02834,0.01889,0.02834,0.06612,0.02834,0.15113,0.02834
C,LONG,2026-09-18T13:18:15.571Z,105.87,0.15113,0.02834,0.00000,0.00945,0.00000,0.00945,0.00000,0.00945,0.00000,0.01889,0.00000,0.02834,0.00000,0.02834,0.00945,0.02834,0.01889,0.02834,0.06612,0.02834,0.15113,0.02834
A,SHORT,2026-09-18T13:18:17.567Z,105.86,0.00945,0.17004,0.00000,0.00945,0.00000,0.00945,0.00000,0.00945,0.00945,0.00945,0.00945,0.00945,0.00945,0.00945,0.00945,0.02834,0.00945,0.03779,0.00945,0.08502,0.00945,0.17004
C,SHORT,2026-09-18T13:18:17.567Z,105.86,0.00945,0.17004,0.00000,0.00945,0.00000,0.00945,0.00000,0.00945,0.00945,0.00945,0.00945,0.00945,0.00945,0.00945,0.00945,0.02834,0.00945,0.03779,0.00945,0.08502,0.00945,0.17004
A,SHORT,2026-09-18T13:18:22.102Z,105.84,0.00000,0.18896,0.00000,0.00945,0.00000,0.00945,0.00000,0.00945,0.00000,0.00945,0.00000,0.02834,0.00000,0.04724,0.00000,0.05669,0.00000,0.06614,0.00000,0.10393,0.00000,0.18896
B,SHORT,2026-09-18T13:18:22.102Z,105.84,0.00000,0.18896,0.00000,0.00945,0.00000,0.00945,0.00000,0.00945,0.00000,0.00945,0.00000,0.02834,0.00000,0.04724,0.00000,0.05669,0.00000,0.06614,0.00000,0.10393,0.00000,0.18896
C,SHORT,2026-09-18T13:18:22.102Z,105.84,0.00000,0.18896,0.00000,0.00945,0.00000,0.00945,0.00000,0.00945,0.00000,0.00945,0.00000,0.02834,0.00000,0.04724,0.00000,0.05669,0.00000,0.06614,0.00000,0.10393,0.00000,0.18896
D,SHORT,2026-09-18T13:18:22.102Z,105.84,0.00000,0.18896,0.00000,0.00945,0.00000,0.00945,0.00000,0.00945,0.00000,0.00945,0.00000,0.02834,0.00000,0.04724,0.00000,0.05669,0.00000,0.06614,0.00000,0.10393,0.00000,0.18896
B,SHORT,2026-09-18T13:18:25.134Z,105.84,0.00000,0.18896,0.00000,0.00945,0.00000,0.00945,0.00000,0.01890,0.00000,0.02834,0.00000,0.02834,0.00000,0.04724,0.00000,0.05669,0.00000,0.06614,0.00000,0.10393,0.00000,0.18896
D,SHORT,2026-09-18T13:18:25.134Z,105.84,0.00000,0.18896,0.00000,0.00945,0.00000,0.00945,0.00000,0.01890,0.00000,0.02834,0.00000,0.02834,0.00000,0.04724,0.00000,0.05669,0.00000,0.06614,0.00000,0.10393,0.00000,0.18896
A,LONG,2026-09-18T13:18:27.686Z,105.86,0.16059,0.00945,0.00000,0.00945,0.00000,0.00945,0.00000,0.00945,0.00000,0.00945,0.01889,0.00945,0.01889,0.00945,0.02834,0.00945,0.03779,0.00945,0.07557,0.00945,0.16059,0.00945
C,LONG,2026-09-18T13:18:27.686Z,105.86,0.16059,0.00945,0.00000,0.00945,0.00000,0.00945,0.00000,0.00945,0.00000,0.00945,0.01889,0.00945,0.01889,0.00945,0.02834,0.00945,0.03779,0.00945,0.07557,0.00945,0.16059,0.00945
B,LONG,2026-09-18T13:18:28.175Z,105.86,0.16059,0.00945,0.00000,0.00945,0.00000,0.00945,0.00000,0.00945,0.00000,0.00945,0.01889,0.00945,0.01889,0.00945,0.02834,0.00945,0.03779,0.00945,0.07557,0.00945,0.16059,0.00945
D,LONG,2026-09-18T13:18:28.175Z,105.86,0.16059,0.00945,0.00000,0.00945,0.00000,0.00945,0.00000,0.00945,0.00000,0.00945,0.01889,0.00945,0.01889,0.00945,0.02834,0.00945,0.03779,0.00945,0.07557,0.00945,0.16059,0.00945
A,LONG,2026-09-18T13:18:35.255Z,105.89,0.13221,0.01889,0.00000,0.00944,0.00000,0.00944,0.00000,0.00944,0.00000,0.00944,0.00000,0.00944,0.00000,0.00944,0.00000,0.01889,0.00944,0.01889,0.04722,0.01889,0.13221,0.01889
B,LONG,2026-09-18T13:18:35.255Z,105.89,0.13221,0.01889,0.00000,0.00944,0.00000,0.00944,0.00000,0.00944,0.00000,0.00944,0.00000,0.00944,0.00000,0.00944,0.00000,0.01889,0.00944,0.01889,0.04722,0.01889,0.13221,0.01889
C,LONG,2026-09-18T13:18:35.255Z,105.89,0.13221,0.01889,0.00000,0.00944,0.00000,0.00944,0.00000,0.00944,0.00000,0.00944,0.00000,0.00944,0.00000,0.00944,0.00000,0.01889,0.00944,0.01889,0.04722,0.01889,0.13221,0.01889
D,LONG,2026-09-18T13:18:35.255Z,105.89,0.13221,0.01889,0.00000,0.00944,0.00000,0.00944,0.00000,0.00944,0.00000,0.00944,0.00000,0.00944,0.00000,0.00944,0.00000,0.01889,0.00944,0.01889,0.04722,0.01889,0.13221,0.01889
A,LONG,2026-09-18T13:18:42.818Z,105.89,0.13221,0.04722,0.00000,0.00944,0.00000,0.00944,0.00000,0.00944,0.00000,0.00944,0.00000,0.00944,0.00000,0.00944,0.00000,0.01889,0.02833,0.01889,0.04722,0.01889,0.13221,0.04722
C,LONG,2026-09-18T13:18:42.818Z,105.89,0.13221,0.04722,0.00000,0.00944,0.00000,0.00944,0.00000,0.00944,0.00000,0.00944,0.00000,0.00944,0.00000,0.00944,0.00000,0.01889,0.02833,0.01889,0.04722,0.01889,0.13221,0.04722
B,LONG,2026-09-18T13:18:45.846Z,105.89,0.13221,0.04722,0.00000,0.00944,0.00000,0.00944,0.00000,0.00944,0.00000,0.00944,0.00000,0.00944,0.00000,0.01889,0.00000,0.01889,0.02833,0.01889,0.04722,0.01889,0.13221,0.04722
D,LONG,2026-09-18T13:18:45.846Z,105.89,0.13221,0.04722,0.00000,0.00944,0.00000,0.00944,0.00000,0.00944,0.00000,0.00944,0.00000,0.00944,0.00000,0.01889,0.00000,0.01889,0.02833,0.01889,0.04722,0.01889,0.13221,0.04722
A,SHORT,2026-09-18T13:18:49.870Z,105.89,0.03778,0.14166,0.00000,0.00944,0.00000,0.00944,0.00000,0.00944,0.00000,0.00944,0.00000,0.00944,0.00944,0.00944,0.00944,0.01889,0.00944,0.03778,0.00944,0.05666,0.03778,0.14166
C,SHORT,2026-09-18T13:18:49.870Z,105.89,0.03778,0.14166,0.00000,0.00944,0.00000,0.00944,0.00000,0.00944,0.00000,0.00944,0.00000,0.00944,0.00944,0.00944,0.00944,0.01889,0.00944,0.03778,0.00944,0.05666,0.03778,0.14166
A,SHORT,2026-09-18T13:18:51.891Z,105.89,0.03778,0.14166,0.00000,0.00944,0.00000,0.00944,0.00000,0.00944,0.00000,0.00944,0.00944,0.00944,0.00944,0.00944,0.00944,0.01889,0.00944,0.03778,0.00944,0.05666,0.03778,0.14166
C,SHORT,2026-09-18T13:18:51.891Z,105.89,0.03778,0.14166,0.00000,0.00944,0.00000,0.00944,0.00000,0.00944,0.00000,0.00944,0.00944,0.00944,0.00944,0.00944,0.00944,0.01889,0.00944,0.03778,0.00944,0.05666,0.03778,0.14166
A,SHORT,2026-09-18T13:19:00.503Z,105.87,0.01889,0.16057,0.00000,0.00945,0.00000,0.00945,0.00000,0.00945,0.00000,0.00945,0.00000,0.00945,0.00000,0.00945,0.00000,0.03778,0.00000,0.05667,0.00000,0.07556,0.01889,0.16057
C,SHORT,2026-09-18T13:19:00.503Z,105.87,0.01889,0.16057,0.00000,0.00945,0.00000,0.00945,0.00000,0.00945,0.00000,0.00945,0.00000,0.00945,0.00000,0.00945,0.00000,0.03778,0.00000,0.05667,0.00000,0.07556,0.01889,0.16057
A,LONG,2026-09-18T13:19:07.087Z,105.88,0.14167,0.03778,0.00000,0.00944,0.00000,0.00944,0.00000,0.00944,0.00000,0.00944,0.00000,0.00944,0.01889,0.00944,0.01889,0.00944,0.03778,0.00944,0.06611,0.00944,0.14167,0.03778
C,LONG,2026-09-18T13:19:07.087Z,105.88,0.14167,0.03778,0.00000,0.00944,0.00000,0.00944,0.00000,0.00944,0.00000,0.00944,0.00000,0.00944,0.01889,0.00944,0.01889,0.00944,0.03778,0.00944,0.06611,0.00944,0.14167,0.03778
A,LONG,2026-09-18T13:19:11.653Z,105.88,0.14167,0.03778,0.00000,0.00944,0.00000,0.00944,0.00000,0.00944,0.00000,0.00944,0.01889,0.00944,0.01889,0.00944,0.03778,0.00944,0.05667,0.00944,0.07556,0.00944,0.14167,0.03778
B,LONG,2026-09-18T13:19:11.653Z,105.88,0.14167,0.03778,0.00000,0.00944,0.00000,0.00944,0.00000,0.00944,0.00000,0.00944,0.01889,0.00944,0.01889,0.00944,0.03778,0.00944,0.05667,0.00944,0.07556,0.00944,0.14167,0.03778
C,LONG,2026-09-18T13:19:11.653Z,105.88,0.14167,0.03778,0.00000,0.00944,0.00000,0.00944,0.00000,0.00944,0.00000,0.00944,0.01889,0.00944,0.01889,0.00944,0.03778,0.00944,0.05667,0.00944,0.07556,0.00944,0.14167,0.03778
D,LONG,2026-09-18T13:19:11.653Z,105.88,0.14167,0.03778,0.00000,0.00944,0.00000,0.00944,0.00000,0.00944,0.00000,0.00944,0.01889,0.00944,0.01889,0.00944,0.03778,0.00944,0.05667,0.00944,0.07556,0.00944,0.14167,0.03778
A,LONG,2026-09-18T13:19:12.657Z,105.88,0.14167,0.03778,0.00000,0.00944,0.00000,0.00944,0.00000,0.00944,0.00000,0.00944,0.01889,0.00944,0.01889,0.00944,0.03778,0.00944,0.05667,0.00944,0.07556,0.00944,0.14167,0.03778
C,LONG,2026-09-18T13:19:12.657Z,105.88,0.14167,0.03778,0.00000,0.00944,0.00000,0.00944,0.00000,0.00944,0.00000,0.00944,0.01889,0.00944,0.01889,0.00944,0.03778,0.00944,0.05667,0.00944,0.07556,0.00944,0.14167,0.03778
A,LONG,2026-09-18T13:19:15.709Z,105.88,0.14167,0.03778,0.00000,0.00944,0.00000,0.00944,0.01889,0.00944,0.01889,0.00944,0.01889,0.00944,0.01889,0.00944,0.03778,0.00944,0.05667,0.00944,0.07556,0.00944,0.14167,0.03778
B,LONG,2026-09-18T13:19:15.709Z,105.88,0.14167,0.03778,0.00000,0.00944,0.00000,0.00944,0.01889,0.00944,0.01889,0.00944,0.01889,0.00944,0.01889,0.00944,0.03778,0.00944,0.05667,0.00944,0.07556,0.00944,0.14167,0.03778
C,LONG,2026-09-18T13:19:15.709Z,105.88,0.14167,0.03778,0.00000,0.00944,0.00000,0.00944,0.01889,0.00944,0.01889,0.00944,0.01889,0.00944,0.01889,0.00944,0.03778,0.00944,0.05667,0.00944,0.07556,0.00944,0.14167,0.03778
D,LONG,2026-09-18T13:19:15.709Z,105.88,0.14167,0.03778,0.00000,0.00944,0.00000,0.00944,0.01889,0.00944,0.01889,0.00944,0.01889,0.00944,0.01889,0.00944,0.03778,0.00944,0.05667,0.00944,0.07556,0.00944,0.14167,0.03778
A,SHORT,2026-09-18T13:19:20.759Z,105.9,0.04721,0.13220,0.00000,0.00944,0.00000,0.00944,0.00000,0.00944,0.00000,0.00944,0.00000,0.00944,0.00000,0.00944,0.00000,0.02833,0.00000,0.04721,0.00000,0.06610,0.04721,0.13220
B,SHORT,2026-09-18T13:19:20.759Z,105.9,0.04721,0.13220,0.00000,0.00944,0.00000,0.00944,0.00000,0.00944,0.00000,0.00944,0.00000,0.00944,0.00000,0.00944,0.00000,0.02833,0.00000,0.04721,0.00000,0.06610,0.04721,0.13220
C,SHORT,2026-09-18T13:19:20.759Z,105.9,0.04721,0.13220,0.00000,0.00944,0.00000,0.00944,0.00000,0.00944,0.00000,0.00944,0.00000,0.00944,0.00000,0.00944,0.00000,0.02833,0.00000,0.04721,0.00000,0.06610,0.04721,0.13220
D,SHORT,2026-09-18T13:19:20.759Z,105.9,0.04721,0.13220,0.00000,0.00944,0.00000,0.00944,0.00000,0.00944,0.00000,0.00944,0.00000,0.00944,0.00000,0.00944,0.00000,0.02833,0.00000,0.04721,0.00000,0.06610,0.04721,0.13220
A,LONG,2026-09-18T13:19:28.343Z,105.9,0.12276,0.05666,0.00000,0.00944,0.00000,0.00944,0.00000,0.00944,0.00000,0.00944,0.00000,0.00944,0.01889,0.00944,0.01889,0.00944,0.03777,0.00944,0.05666,0.00944,0.12276,0.05666
C,LONG,2026-09-18T13:19:28.343Z,105.9,0.12276,0.05666,0.00000,0.00944,0.00000,0.00944,0.00000,0.00944,0.00000,0.00944,0.00000,0.00944,0.01889,0.00944,0.01889,0.00944,0.03777,0.00944,0.05666,0.00944,0.12276,0.05666
A,LONG,2026-09-18T13:19:30.921Z,105.9,0.12276,0.05666,0.00000,0.00944,0.00000,0.00944,0.00000,0.00944,0.00000,0.00944,0.01889,0.00944,0.01889,0.00944,0.01889,0.00944,0.03777,0.00944,0.05666,0.00944,0.12276,0.05666
C,LONG,2026-09-18T13:19:30.921Z,105.9,0.12276,0.05666,0.00000,0.00944,0.00000,0.00944,0.00000,0.00944,0.00000,0.00944,0.01889,0.00944,0.01889,0.00944,0.01889,0.00944,0.03777,0.00944,0.05666,0.00944,0.12276,0.05666
A,LONG,2026-09-18T13:19:31.928Z,105.9,0.12276,0.05666,0.00000,0.00944,0.00000,0.00944,0.00000,0.00944,0.00000,0.00944,0.01889,0.00944,0.01889,0.00944,0.01889,0.00944,0.03777,0.00944,0.06610,0.00944,0.12276,0.05666
C,LONG,2026-09-18T13:19:31.928Z,105.9,0.12276,0.05666,0.00000,0.00944,0.00000,0.00944,0.00000,0.00944,0.00000,0.00944,0.01889,0.00944,0.01889,0.00944,0.01889,0.00944,0.03777,0.00944,0.06610,0.00944,0.12276,0.05666
B,LONG,2026-09-18T13:19:34.970Z,105.91,0.11330,0.06609,0.00000,0.00944,0.00000,0.00944,0.00000,0.00944,0.00944,0.00944,0.00944,0.00944,0.00944,0.00944,0.00944,0.00944,0.02833,0.01888,0.06609,0.01888,0.11330,0.06609
D,LONG,2026-09-18T13:19:34.970Z,105.91,0.11330,0.06609,0.00000,0.00944,0.00000,0.00944,0.00000,0.00944,0.00944,0.00944,0.00944,0.00944,0.00944,0.00944,0.00944,0.00944,0.02833,0.01888,0.06609,0.01888,0.11330,0.06609
B,LONG,2026-09-18T13:19:38.521Z,105.93,0.09440,0.08496,0.00000,0.00944,0.00000,0.00944,0.00000,0.00944,0.00000,0.00944,0.00000,0.00944,0.00000,0.00944,0.00944,0.00944,0.00944,0.03776,0.04720,0.03776,0.09440,0.08496
D,LONG,2026-09-18T13:19:38.521Z,105.93,0.09440,0.08496,0.00000,0.00944,0.00000,0.00944,0.00000,0.00944,0.00000,0.00944,0.00000,0.00944,0.00000,0.00944,0.00944,0.00944,0.00944,0.03776,0.04720,0.03776,0.09440,0.08496
B,LONG,2026-09-18T13:19:41.552Z,105.93,0.09440,0.08496,0.00000,0.00944,0.00000,0.00944,0.00000,0.00944,0.00000,0.00944,0.00000,0.00944,0.00000,0.00944,0.00944,0.02832,0.00944,0.03776,0.04720,0.03776,0.09440,0.08496
D,LONG,2026-09-18T13:19:41.552Z,105.93,0.09440,0.08496,0.00000,0.00944,0.00000,0.00944,0.00000,0.00944,0.00000,0.00944,0.00000,0.00944,0.00000,0.00944,0.00944,0.02832,0.00944,0.03776,0.04720,0.03776,0.09440,0.08496
A,LONG,2026-09-18T13:19:46.105Z,105.93,0.09440,0.08496,0.00000,0.00944,0.00000,0.00944,0.00000,0.00944,0.00000,0.00944,0.00000,0.00944,0.00000,0.00944,0.00944,0.03776,0.00944,0.03776,0.04720,0.03776,0.09440,0.08496
B,LONG,2026-09-18T13:19:46.105Z,105.93,0.09440,0.08496,0.00000,0.00944,0.00000,0.00944,0.00000,0.00944,0.00000,0.00944,0.00000,0.00944,0.00000,0.00944,0.00944,0.03776,0.00944,0.03776,0.04720,0.03776,0.09440,0.08496
C,LONG,2026-09-18T13:19:46.105Z,105.93,0.09440,0.08496,0.00000,0.00944,0.00000,0.00944,0.00000,0.00944,0.00000,0.00944,0.00000,0.00944,0.00000,0.00944,0.00944,0.03776,0.00944,0.03776,0.04720,0.03776,0.09440,0.08496
D,LONG,2026-09-18T13:19:46.105Z,105.93,0.09440,0.08496,0.00000,0.00944,0.00000,0.00944,0.00000,0.00944,0.00000,0.00944,0.00000,0.00944,0.00000,0.00944,0.00944,0.03776,0.00944,0.03776,0.04720,0.03776,0.09440,0.08496
A,LONG,2026-09-18T13:19:49.165Z,105.93,0.09440,0.08496,0.00000,0.00944,0.00000,0.00944,0.00000,0.00944,0.00000,0.00944,0.00000,0.00944,0.00000,0.00944,0.00944,0.03776,0.00944,0.03776,0.04720,0.03776,0.09440,0.08496
C,LONG,2026-09-18T13:19:49.165Z,105.93,0.09440,0.08496,0.00000,0.00944,0.00000,0.00944,0.00000,0.00944,0.00000,0.00944,0.00000,0.00944,0.00000,0.00944,0.00944,0.03776,0.00944,0.03776,0.04720,0.03776,0.09440,0.08496
A,LONG,2026-09-18T13:20:01.780Z,105.93,0.09440,0.08496,0.00000,0.00944,0.00000,0.00944,0.00000,0.00944,0.00000,0.00944,0.00944,0.02832,0.00944,0.03776,0.00944,0.03776,0.00944,0.03776,0.04720,0.03776,0.09440,0.08496
C,LONG,2026-09-18T13:20:01.780Z,105.93,0.09440,0.08496,0.00000,0.00944,0.00000,0.00944,0.00000,0.00944,0.00000,0.00944,0.00944,0.02832,0.00944,0.03776,0.00944,0.03776,0.00944,0.03776,0.04720,0.03776,0.09440,0.08496
A,SHORT,2026-09-18T13:20:12.396Z,105.89,0.03778,0.14166,0.00000,0.00944,0.00000,0.00944,0.00000,0.00944,0.00000,0.00944,0.00000,0.01889,0.00000,0.03778,0.00000,0.03778,0.00000,0.07555,0.00000,0.10388,0.03778,0.14166
B,SHORT,2026-09-18T13:20:12.396Z,105.89,0.03778,0.14166,0.00000,0.00944,0.00000,0.00944,0.00000,0.00944,0.00000,0.00944,0.00000,0.01889,0.00000,0.03778,0.00000,0.03778,0.00000,0.07555,0.00000,0.10388,0.03778,0.14166
C,SHORT,2026-09-18T13:20:12.396Z,105.89,0.03778,0.14166,0.00000,0.00944,0.00000,0.00944,0.00000,0.00944,0.00000,0.00944,0.00000,0.01889,0.00000,0.03778,0.00000,0.03778,0.00000,0.07555,0.00000,0.10388,0.03778,0.14166
D,SHORT,2026-09-18T13:20:12.396Z,105.89,0.03778,0.14166,0.00000,0.00944,0.00000,0.00944,0.00000,0.00944,0.00000,0.00944,0.00000,0.01889,0.00000,0.03778,0.00000,0.03778,0.00000,0.07555,0.00000,0.10388,0.03778,0.14166
A,LONG,2026-09-18T13:20:17.428Z,105.9,0.12276,0.05666,0.00000,0.00944,0.00000,0.00944,0.00000,0.00944,0.00000,0.00944,0.01889,0.00944,0.01889,0.00944,0.01889,0.00944,0.05666,0.00944,0.08499,0.00944,0.12276,0.05666
B,LONG,2026-09-18T13:20:17.428Z,105.9,0.12276,0.05666,0.00000,0.00944,0.00000,0.00944,0.00000,0.00944,0.00000,0.00944,0.01889,0.00944,0.01889,0.00944,0.01889,0.00944,0.05666,0.00944,0.08499,0.00944,0.12276,0.05666
C,LONG,2026-09-18T13:20:17.428Z,105.9,0.12276,0.05666,0.00000,0.00944,0.00000,0.00944,0.00000,0.00944,0.00000,0.00944,0.01889,0.00944,0.01889,0.00944,0.01889,0.00944,0.05666,0.00944,0.08499,0.00944,0.12276,0.05666
D,LONG,2026-09-18T13:20:17.428Z,105.9,0.12276,0.05666,0.00000,0.00944,0.00000,0.00944,0.00000,0.00944,0.00000,0.00944,0.01889,0.00944,0.01889,0.00944,0.01889,0.00944,0.05666,0.00944,0.08499,0.00944,0.12276,0.05666
A,LONG,2026-09-18T13:20:20.981Z,105.91,0.11330,0.06609,0.00000,0.00944,0.00000,0.00944,0.00944,0.00944,0.00944,0.00944,0.00944,0.01888,0.00944,0.01888,0.01888,0.01888,0.04721,0.01888,0.07554,0.01888,0.11330,0.06609
C,LONG,2026-09-18T13:20:20.981Z,105.91,0.11330,0.06609,0.00000,0.00944,0.00000,0.00944,0.00944,0.00944,0.00944,0.00944,0.00944,0.01888,0.00944,0.01888,0.01888,0.01888,0.04721,0.01888,0.07554,0.01888,0.11330,0.06609
B,LONG,2026-09-18T13:20:23.007Z,105.92,0.10385,0.07553,0.00000,0.00944,0.00000,0.00944,0.00000,0.00944,0.00000,0.01888,0.00000,0.02832,0.00000,0.02832,0.00944,0.02832,0.03776,0.02832,0.06609,0.02832,0.10385,0.07553
D,LONG,2026-09-18T13:20:23.007Z,105.92,0.10385,0.07553,0.00000,0.00944,0.00000,0.00944,0.00000,0.00944,0.00000,0.01888,0.00000,0.02832,0.00000,0.02832,0.00944,0.02832,0.03776,0.02832,0.06609,0.02832,0.10385,0.07553
A,SHORT,2026-09-18T13:20:24.517Z,105.91,0.05665,0.12275,0.00000,0.00944,0.00000,0.00944,0.00000,0.00944,0.00944,0.00944,0.00944,0.00944,0.00944,0.00944,0.00944,0.02833,0.00944,0.05665,0.00944,0.08498,0.05665,0.12275
B,SHORT,2026-09-18T13:20:24.517Z,105.91,0.05665,0.12275,0.00000,0.00944,0.00000,0.00944,0.00000,0.00944,0.00944,0.00944,0.00944,0.00944,0.00944,0.00944,0.00944,0.02833,0.00944,0.05665,0.00944,0.08498,0.05665,0.12275
C,SHORT,2026-09-18T13:20:24.517Z,105.91,0.05665,0.12275,0.00000,0.00944,0.00000,0.00944,0.00000,0.00944,0.00944,0.00944,0.00944,0.00944,0.00944,0.00944,0.00944,0.02833,0.00944,0.05665,0.00944,0.08498,0.05665,0.12275
D,SHORT,2026-09-18T13:20:24.517Z,105.91,0.05665,0.12275,0.00000,0.00944,0.00000,0.00944,0.00000,0.00944,0.00944,0.00944,0.00944,0.00944,0.00944,0.00944,0.00944,0.02833,0.00944,0.05665,0.00944,0.08498,0.05665,0.12275
B,SHORT,2026-09-18T13:20:27.049Z,105.91,0.05665,0.12275,0.00000,0.00944,0.00944,0.00944,0.00944,0.00944,0.00944,0.00944,0.00944,0.00944,0.00944,0.00944,0.00944,0.02833,0.00944,0.05665,0.00944,0.08498,0.05665,0.12275
D,SHORT,2026-09-18T13:20:27.049Z,105.91,0.05665,0.12275,0.00000,0.00944,0.00944,0.00944,0.00944,0.00944,0.00944,0.00944,0.00944,0.00944,0.00944,0.00944,0.00944,0.02833,0.00944,0.05665,0.00944,0.08498,0.05665,0.12275
A,LONG,2026-09-18T13:20:32.101Z,105.9,0.12276,0.05666,0.00000,0.00944,0.00000,0.00944,0.00000,0.00944,0.00000,0.00944,0.00000,0.00944,0.00944,0.00944,0.02833,0.00944,0.06610,0.00944,0.08499,0.00944,0.12276,0.05666
C,LONG,2026-09-18T13:20:32.101Z,105.9,0.12276,0.05666,0.00000,0.00944,0.00000,0.00944,0.00000,0.00944,0.00000,0.00944,0.00000,0.00944,0.00944,0.00944,0.02833,0.00944,0.06610,0.00944,0.08499,0.00944,0.12276,0.05666
A,LONG,2026-09-18T13:20:38.684Z,105.9,0.12276,0.05666,0.00000,0.00944,0.00000,0.00944,0.00000,0.00944,0.00000,0.00944,0.00944,0.00944,0.02833,0.00944,0.05666,0.00944,0.07554,0.00944,0.08499,0.00944,0.12276,0.05666
B,LONG,2026-09-18T13:20:38.684Z,105.9,0.12276,0.05666,0.00000,0.00944,0.00000,0.00944,0.00000,0.00944,0.00000,0.00944,0.00944,0.00944,0.02833,0.00944,0.05666,0.00944,0.07554,0.00944,0.08499,0.00944,0.12276,0.05666
C,LONG,2026-09-18T13:20:38.684Z,105.9,0.12276,0.05666,0.00000,0.00944,0.00000,0.00944,0.00000,0.00944,0.00000,0.00944,0.00944,0.00944,0.02833,0.00944,0.05666,0.00944,0.07554,0.00944,0.08499,0.00944,0.12276,0.05666
D,LONG,2026-09-18T13:20:38.684Z,105.9,0.12276,0.05666,0.00000,0.00944,0.00000,0.00944,0.00000,0.00944,0.00000,0.00944,0.00944,0.00944,0.02833,0.00944,0.05666,0.00944,0.07554,0.00944,0.08499,0.00944,0.12276,0.05666
A,LONG,2026-09-18T13:20:40.730Z,105.9,0.12276,0.05666,0.00000,0.00944,0.00000,0.00944,0.00000,0.00944,0.00000,0.00944,0.00944,0.00944,0.02833,0.00944,0.05666,0.00944,0.07554,0.00944,0.08499,0.00944,0.12276,0.05666
C,LONG,2026-09-18T13:20:40.730Z,105.9,0.12276,0.05666,0.00000,0.00944,0.00000,0.00944,0.00000,0.00944,0.00000,0.00944,0.00944,0.00944,0.02833,0.00944,0.05666,0.00944,0.07554,0.00944,0.08499,0.00944,0.12276,0.05666
B,LONG,2026-09-18T13:20:41.748Z,105.91,0.11330,0.06609,0.00000,0.00944,0.00000,0.00944,0.00000,0.00944,0.00000,0.00944,0.01888,0.00944,0.01888,0.00944,0.04721,0.00944,0.06609,0.00944,0.07554,0.00944,0.11330,0.06609
D,LONG,2026-09-18T13:20:41.748Z,105.91,0.11330,0.06609,0.00000,0.00944,0.00000,0.00944,0.00000,0.00944,0.00000,0.00944,0.01888,0.00944,0.01888,0.00944,0.04721,0.00944,0.06609,0.00944,0.07554,0.00944,0.11330,0.06609
A,LONG,2026-09-18T13:20:47.284Z,105.92,0.10385,0.07553,0.00000,0.00944,0.00000,0.00944,0.00000,0.00944,0.00944,0.00944,0.00944,0.00944,0.00944,0.00944,0.03776,0.00944,0.05665,0.00944,0.06609,0.00944,0.10385,0.07553
C,LONG,2026-09-18T13:20:47.284Z,105.92,0.10385,0.07553,0.00000,0.00944,0.00000,0.00944,0.00000,0.00944,0.00944,0.00944,0.00944,0.00944,0.00944,0.00944,0.03776,0.00944,0.05665,0.00944,0.06609,0.00944,0.10385,0.07553
B,LONG,2026-09-18T13:20:49.824Z,105.92,0.10385,0.07553,0.00000,0.00944,0.00944,0.00944,0.00944,0.00944,0.00944,0.00944,0.00944,0.00944,0.02832,0.00944,0.03776,0.00944,0.05665,0.00944,0.07553,0.00944,0.10385,0.07553
D,LONG,2026-09-18T13:20:49.824Z,105.92,0.10385,0.07553,0.00000,0.00944,0.00944,0.00944,0.00944,0.00944,0.00944,0.00944,0.00944,0.00944,0.02832,0.00944,0.03776,0.00944,0.05665,0.00944,0.07553,0.00944,0.10385,0.07553
A,SHORT,2026-09-18T13:20:54.879Z,105.93,0.07552,0.10384,0.00000,0.00944,0.00944,0.00944,0.00944,0.00944,0.00944,0.00944,0.00944,0.02832,0.00944,0.03776,0.00944,0.03776,0.00944,0.05664,0.00944,0.08496,0.07552,0.10384
C,SHORT,2026-09-18T13:20:54.879Z,105.93,0.07552,0.10384,0.00000,0.00944,0.00944,0.00944,0.00944,0.00944,0.00944,0.00944,0.00944,0.02832,0.00944,0.03776,0.00944,0.03776,0.00944,0.05664,0.00944,0.08496,0.07552,0.10384
A,LONG,2026-09-18T13:20:58.922Z,105.92,0.10385,0.07553,0.00000,0.00944,0.00000,0.00944,0.00000,0.00944,0.02832,0.00944,0.03776,0.00944,0.03776,0.00944,0.03776,0.00944,0.05665,0.00944,0.10385,0.00944,0.10385,0.07553
C,LONG,2026-09-18T13:20:58.922Z,105.92,0.10385,0.07553,0.00000,0.00944,0.00000,0.00944,0.00000,0.00944,0.02832,0.00944,0.03776,0.00944,0.03776,0.00944,0.03776,0.00944,0.05665,0.00944,0.10385,0.00944,0.10385,0.07553
B,LONG,2026-09-18T13:20:59.932Z,105.92,0.10385,0.07553,0.00000,0.00944,0.00000,0.00944,0.00000,0.00944,0.02832,0.00944,0.03776,0.00944,0.03776,0.00944,0.03776,0.00944,0.05665,0.00944,0.10385,0.00944,0.10385,0.07553
D,LONG,2026-09-18T13:20:59.932Z,105.92,0.10385,0.07553,0.00000,0.00944,0.00000,0.00944,0.00000,0.00944,0.02832,0.00944,0.03776,0.00944,0.03776,0.00944,0.03776,0.00944,0.05665,0.00944,0.10385,0.00944,0.10385,0.07553
B,LONG,2026-09-18T13:21:02.963Z,105.95,0.07551,0.10382,0.00000,0.00944,0.00000,0.00944,0.00000,0.00944,0.00000,0.00944,0.00944,0.00944,0.00944,0.00944,0.02832,0.00944,0.02832,0.00944,0.07551,0.00944,0.07551,0.10382
D,LONG,2026-09-18T13:21:02.963Z,105.95,0.07551,0.10382,0.00000,0.00944,0.00000,0.00944,0.00000,0.00944,0.00000,0.00944,0.00944,0.00944,0.00944,0.00944,0.02832,0.00944,0.02832,0.00944,0.07551,0.00944,0.07551,0.10382
A,SHORT,2026-09-18T13:21:06.523Z,105.95,0.09438,0.08495,0.00000,0.00944,0.00000,0.01888,0.00000,0.01888,0.00000,0.01888,0.00000,0.01888,0.00000,0.01888,0.00000,0.03775,0.00000,0.03775,0.00000,0.08495,0.09438,0.08495
C,SHORT,2026-09-18T13:21:06.523Z,105.95,0.09438,0.08495,0.00000,0.00944,0.00000,0.01888,0.00000,0.01888,0.00000,0.01888,0.00000,0.01888,0.00000,0.01888,0.00000,0.03775,0.00000,0.03775,0.00000,0.08495,0.09438,0.08495
A,LONG,2026-09-18T13:21:08.031Z,105.97,0.05662,0.12268,0.00000,0.00944,0.00000,0.00944,0.00000,0.00944,0.00000,0.00944,0.00000,0.01887,0.00000,0.01887,0.00944,0.01887,0.01887,0.01887,0.05662,0.01887,0.05662,0.12268
C,LONG,2026-09-18T13:21:08.031Z,105.97,0.05662,0.12268,0.00000,0.00944,0.00000,0.00944,0.00000,0.00944,0.00000,0.00944,0.00000,0.01887,0.00000,0.01887,0.00944,0.01887,0.01887,0.01887,0.05662,0.01887,0.05662,0.12268
A,SHORT,2026-09-18T13:21:09.532Z,105.96,0.10381,0.07550,0.00000,0.00944,0.00000,0.00944,0.00000,0.00944,0.00000,0.00944,0.00000,0.00944,0.00000,0.00944,0.00000,0.02831,0.00000,0.03775,0.00000,0.07550,0.10381,0.07550
C,SHORT,2026-09-18T13:21:09.532Z,105.96,0.10381,0.07550,0.00000,0.00944,0.00000,0.00944,0.00000,0.00944,0.00000,0.00944,0.00000,0.00944,0.00000,0.00944,0.00000,0.02831,0.00000,0.03775,0.00000,0.07550,0.10381,0.07550
A,LONG,2026-09-18T13:21:16.642Z,105.96,0.06606,0.11325,0.00000,0.00944,0.00000,0.00944,0.00000,0.00944,0.00000,0.00944,0.00000,0.00944,0.00944,0.00944,0.01888,0.00944,0.02831,0.00944,0.06606,0.00944,0.06606,0.11325
B,LONG,2026-09-18T13:21:16.642Z,105.96,0.06606,0.11325,0.00000,0.00944,0.00000,0.00944,0.00000,0.00944,0.00000,0.00944,0.00000,0.00944,0.00944,0.00944,0.01888,0.00944,0.02831,0.00944,0.06606,0.00944,0.06606,0.11325
A,LONG,2026-09-18T13:21:31.313Z,105.98,0.04718,0.13210,0.00000,0.00944,0.00000,0.00944,0.00000,0.00944,0.00000,0.00944,0.00000,0.00944,0.00000,0.02831,0.00000,0.02831,0.00944,0.02831,0.04718,0.07549,0.04718,0.13210
B,LONG,2026-09-18T13:21:31.313Z,105.98,0.04718,0.13210,0.00000,0.00944,0.00000,0.00944,0.00000,0.00944,0.00000,0.00944,0.00000,0.00944,0.00000,0.02831,0.00000,0.02831,0.00944,0.02831,0.04718,0.07549,0.04718,0.13210
C,LONG,2026-09-18T13:21:31.313Z,105.98,0.04718,0.13210,0.00000,0.00944,0.00000,0.00944,0.00000,0.00944,0.00000,0.00944,0.00000,0.00944,0.00000,0.02831,0.00000,0.02831,0.00944,0.02831,0.04718,0.07549,0.04718,0.13210
D,LONG,2026-09-18T13:21:31.313Z,105.98,0.04718,0.13210,0.00000,0.00944,0.00000,0.00944,0.00000,0.00944,0.00000,0.00944,0.00000,0.00944,0.00000,0.02831,0.00000,0.02831,0.00944,0.02831,0.04718,0.07549,0.04718,0.13210
A,SHORT,2026-09-18T13:21:41.461Z,105.97,0.11324,0.06606,0.00000,0.00944,0.00000,0.00944,0.00944,0.00944,0.00944,0.00944,0.00944,0.00944,0.00944,0.00944,0.00944,0.02831,0.00944,0.02831,0.11324,0.06606,0.11324,0.06606
B,SHORT,2026-09-18T13:21:41.461Z,105.97,0.11324,0.06606,0.00000,0.00944,0.00000,0.00944,0.00944,0.00944,0.00944,0.00944,0.00944,0.00944,0.00944,0.00944,0.00944,0.02831,0.00944,0.02831,0.11324,0.06606,0.11324,0.06606
C,SHORT,2026-09-18T13:21:41.461Z,105.97,0.11324,0.06606,0.00000,0.00944,0.00000,0.00944,0.00944,0.00944,0.00944,0.00944,0.00944,0.00944,0.00944,0.00944,0.00944,0.02831,0.00944,0.02831,0.11324,0.06606,0.11324,0.06606
D,SHORT,2026-09-18T13:21:41.461Z,105.97,0.11324,0.06606,0.00000,0.00944,0.00000,0.00944,0.00944,0.00944,0.00944,0.00944,0.00944,0.00944,0.00944,0.00944,0.00944,0.02831,0.00944,0.02831,0.11324,0.06606,0.11324,0.06606
A,SHORT,2026-09-18T13:21:50.057Z,105.95,0.09438,0.08495,0.00000,0.00944,0.00000,0.00944,0.00000,0.00944,0.00000,0.00944,0.00000,0.02832,0.00000,0.02832,0.00000,0.04719,0.00000,0.05663,0.09438,0.08495,0.09438,0.08495
B,SHORT,2026-09-18T13:21:50.057Z,105.95,0.09438,0.08495,0.00000,0.00944,0.00000,0.00944,0.00000,0.00944,0.00000,0.00944,0.00000,0.02832,0.00000,0.02832,0.00000,0.04719,0.00000,0.05663,0.09438,0.08495,0.09438,0.08495
C,SHORT,2026-09-18T13:21:50.057Z,105.95,0.09438,0.08495,0.00000,0.00944,0.00000,0.00944,0.00000,0.00944,0.00000,0.00944,0.00000,0.02832,0.00000,0.02832,0.00000,0.04719,0.00000,0.05663,0.09438,0.08495,0.09438,0.08495
D,SHORT,2026-09-18T13:21:50.057Z,105.95,0.09438,0.08495,0.00000,0.00944,0.00000,0.00944,0.00000,0.00944,0.00000,0.00944,0.00000,0.02832,0.00000,0.02832,0.00000,0.04719,0.00000,0.05663,0.09438,0.08495,0.09438,0.08495
A,LONG,2026-09-18T13:21:56.117Z,105.98,0.04718,0.13210,0.00000,0.00944,0.00000,0.00944,0.00000,0.00944,0.00000,0.00944,0.00000,0.01887,0.00944,0.01887,0.00944,0.01887,0.02831,0.01887,0.04718,0.13210,0.04718,0.13210
C,LONG,2026-09-18T13:21:56.117Z,105.98,0.04718,0.13210,0.00000,0.00944,0.00000,0.00944,0.00000,0.00944,0.00000,0.00944,0.00000,0.01887,0.00944,0.01887,0.00944,0.01887,0.02831,0.01887,0.04718,0.13210,0.04718,0.13210
B,LONG,2026-09-18T13:21:56.609Z,105.98,0.04718,0.13210,0.00000,0.00944,0.00000,0.00944,0.00000,0.00944,0.00000,0.01887,0.00000,0.01887,0.00944,0.01887,0.00944,0.01887,0.02831,0.01887,0.04718,0.13210,0.04718,0.13210
D,LONG,2026-09-18T13:21:56.609Z,105.98,0.04718,0.13210,0.00000,0.00944,0.00000,0.00944,0.00000,0.00944,0.00000,0.01887,0.00000,0.01887,0.00944,0.01887,0.00944,0.01887,0.02831,0.01887,0.04718,0.13210,0.04718,0.13210
A,SHORT,2026-09-18T13:22:00.158Z,105.97,0.11324,0.06606,0.00000,0.00944,0.00000,0.00944,0.00000,0.00944,0.00000,0.00944,0.00000,0.02831,0.00000,0.02831,0.00000,0.02831,0.00000,0.06606,0.11324,0.06606,0.11324,0.06606
C,SHORT,2026-09-18T13:22:00.158Z,105.97,0.11324,0.06606,0.00000,0.00944,0.00000,0.00944,0.00000,0.00944,0.00000,0.00944,0.00000,0.02831,0.00000,0.02831,0.00000,0.02831,0.00000,0.06606,0.11324,0.06606,0.11324,0.06606
B,SHORT,2026-09-18T13:22:01.166Z,105.96,0.10381,0.07550,0.00000,0.00944,0.00000,0.00944,0.00000,0.01888,0.00000,0.01888,0.00000,0.03775,0.00000,0.03775,0.00000,0.03775,0.00000,0.07550,0.10381,0.07550,0.10381,0.07550
D,SHORT,2026-09-18T13:22:01.166Z,105.96,0.10381,0.07550,0.00000,0.00944,0.00000,0.00944,0.00000,0.01888,0.00000,0.01888,0.00000,0.03775,0.00000,0.03775,0.00000,0.03775,0.00000,0.07550,0.10381,0.07550,0.10381,0.07550
A,LONG,2026-09-18T13:22:03.694Z,105.98,0.04718,0.13210,0.00000,0.00944,0.00000,0.00944,0.00000,0.00944,0.00944,0.00944,0.00944,0.00944,0.00944,0.00944,0.00944,0.01887,0.04718,0.01887,0.04718,0.13210,0.04718,0.13210
C,LONG,2026-09-18T13:22:03.694Z,105.98,0.04718,0.13210,0.00000,0.00944,0.00000,0.00944,0.00000,0.00944,0.00944,0.00944,0.00944,0.00944,0.00944,0.00944,0.00944,0.01887,0.04718,0.01887,0.04718,0.13210,0.04718,0.13210
A,LONG,2026-09-18T13:22:08.236Z,106,0.02830,0.15094,0.00000,0.00943,0.00000,0.00943,0.00000,0.00943,0.00000,0.00943,0.00000,0.00943,0.00000,0.01887,0.00000,0.03774,0.02830,0.03774,0.02830,0.15094,0.02830,0.15094
C,LONG,2026-09-18T13:22:08.236Z,106,0.02830,0.15094,0.00000,0.00943,0.00000,0.00943,0.00000,0.00943,0.00000,0.00943,0.00000,0.00943,0.00000,0.01887,0.00000,0.03774,0.02830,0.03774,0.02830,0.15094,0.02830,0.15094
A,LONG,2026-09-18T13:22:10.268Z,106,0.02830,0.15094,0.00000,0.00943,0.00000,0.00943,0.00000,0.00943,0.00000,0.00943,0.00000,0.00943,0.00000,0.03774,0.00000,0.03774,0.02830,0.03774,0.02830,0.15094,0.02830,0.15094
C,LONG,2026-09-18T13:22:10.268Z,106,0.02830,0.15094,0.00000,0.00943,0.00000,0.00943,0.00000,0.00943,0.00000,0.00943,0.00000,0.00943,0.00000,0.03774,0.00000,0.03774,0.02830,0.03774,0.02830,0.15094,0.02830,0.15094
A,LONG,2026-09-18T13:22:12.767Z,106,0.02830,0.15094,0.00000,0.00943,0.00000,0.00943,0.00000,0.00943,0.00000,0.00943,0.00000,0.01887,0.00000,0.03774,0.00000,0.03774,0.02830,0.03774,0.02830,0.15094,0.02830,0.15094
C,LONG,2026-09-18T13:22:12.767Z,106,0.02830,0.15094,0.00000,0.00943,0.00000,0.00943,0.00000,0.00943,0.00000,0.00943,0.00000,0.01887,0.00000,0.03774,0.00000,0.03774,0.02830,0.03774,0.02830,0.15094,0.02830,0.15094
A,SHORT,2026-09-18T13:22:20.849Z,105.98,0.12266,0.05661,0.00000,0.00944,0.00000,0.00944,0.00000,0.00944,0.00944,0.00944,0.00944,0.00944,0.00944,0.00944,0.00944,0.02831,0.00944,0.05661,0.12266,0.05661,0.12266,0.05661
B,SHORT,2026-09-18T13:22:20.849Z,105.98,0.12266,0.05661,0.00000,0.00944,0.00000,0.00944,0.00000,0.00944,0.00944,0.00944,0.00944,0.00944,0.00944,0.00944,0.00944,0.02831,0.00944,0.05661,0.12266,0.05661,0.12266,0.05661
C,SHORT,2026-09-18T13:22:20.849Z,105.98,0.12266,0.05661,0.00000,0.00944,0.00000,0.00944,0.00000,0.00944,0.00944,0.00944,0.00944,0.00944,0.00944,0.00944,0.00944,0.02831,0.00944,0.05661,0.12266,0.05661,0.12266,0.05661
D,SHORT,2026-09-18T13:22:20.849Z,105.98,0.12266,0.05661,0.00000,0.00944,0.00000,0.00944,0.00000,0.00944,0.00944,0.00944,0.00944,0.00944,0.00944,0.00944,0.00944,0.02831,0.00944,0.05661,0.12266,0.05661,0.12266,0.05661
A,SHORT,2026-09-18T13:22:25.390Z,105.96,0.10381,0.07550,0.00000,0.00944,0.00000,0.00944,0.00000,0.01888,0.00000,0.01888,0.00000,0.02831,0.00000,0.03775,0.00000,0.05663,0.04719,0.07550,0.10381,0.07550,0.10381,0.07550
C,SHORT,2026-09-18T13:22:25.390Z,105.96,0.10381,0.07550,0.00000,0.00944,0.00000,0.00944,0.00000,0.01888,0.00000,0.01888,0.00000,0.02831,0.00000,0.03775,0.00000,0.05663,0.04719,0.07550,0.10381,0.07550,0.10381,0.07550
A,LONG,2026-09-18T13:22:30.997Z,105.98,0.04718,0.13210,0.00000,0.00944,0.00000,0.00944,0.00000,0.00944,0.00000,0.00944,0.00944,0.00944,0.00944,0.00944,0.04718,0.00944,0.04718,0.07549,0.04718,0.13210,0.04718,0.13210
B,LONG,2026-09-18T13:22:30.997Z,105.98,0.04718,0.13210,0.00000,0.00944,0.00000,0.00944,0.00000,0.00944,0.00000,0.00944,0.00944,0.00944,0.00944,0.00944,0.04718,0.00944,0.04718,0.07549,0.04718,0.13210,0.04718,0.13210
C,LONG,2026-09-18T13:22:30.997Z,105.98,0.04718,0.13210,0.00000,0.00944,0.00000,0.00944,0.00000,0.00944,0.00000,0.00944,0.00944,0.00944,0.00944,0.00944,0.04718,0.00944,0.04718,0.07549,0.04718,0.13210,0.04718,0.13210
D,LONG,2026-09-18T13:22:30.997Z,105.98,0.04718,0.13210,0.00000,0.00944,0.00000,0.00944,0.00000,0.00944,0.00000,0.00944,0.00944,0.00944,0.00944,0.00944,0.04718,0.00944,0.04718,0.07549,0.04718,0.13210,0.04718,0.13210
A,LONG,2026-09-18T13:22:36.043Z,105.99,0.03774,0.14152,0.00000,0.00943,0.00000,0.00943,0.00000,0.00943,0.00000,0.00943,0.00000,0.00943,0.00943,0.00943,0.03774,0.00943,0.03774,0.10378,0.03774,0.14152,0.03774,0.14152
C,LONG,2026-09-18T13:22:36.043Z,105.99,0.03774,0.14152,0.00000,0.00943,0.00000,0.00943,0.00000,0.00943,0.00000,0.00943,0.00000,0.00943,0.00943,0.00943,0.03774,0.00943,0.03774,0.10378,0.03774,0.14152,0.03774,0.14152
A,LONG,2026-09-18T13:22:40.303Z,106,0.02830,0.15094,0.00000,0.00943,0.00000,0.00943,0.00000,0.00943,0.00000,0.00943,0.00000,0.00943,0.00943,0.00943,0.02830,0.00943,0.02830,0.15094,0.02830,0.15094,0.02830,0.15094
C,LONG,2026-09-18T13:22:40.303Z,106,0.02830,0.15094,0.00000,0.00943,0.00000,0.00943,0.00000,0.00943,0.00000,0.00943,0.00000,0.00943,0.00943,0.00943,0.02830,0.00943,0.02830,0.15094,0.02830,0.15094,0.02830,0.15094
A,SHORT,2026-09-18T13:22:49.743Z,106,0.14151,0.03774,0.00000,0.00943,0.00000,0.00943,0.00000,0.00943,0.00000,0.01887,0.00000,0.03774,0.00000,0.03774,0.00000,0.03774,0.14151,0.03774,0.14151,0.03774,0.14151,0.03774
A,SHORT,2026-09-18T13:22:52.293Z,106,0.14151,0.03774,0.00000,0.00943,0.00000,0.01887,0.00000,0.01887,0.00000,0.01887,0.00000,0.03774,0.00000,0.03774,0.08491,0.03774,0.14151,0.03774,0.14151,0.03774,0.14151,0.03774
C,SHORT,2026-09-18T13:22:52.293Z,106,0.14151,0.03774,0.00000,0.00943,0.00000,0.01887,0.00000,0.01887,0.00000,0.01887,0.00000,0.03774,0.00000,0.03774,0.08491,0.03774,0.14151,0.03774,0.14151,0.03774,0.14151,0.03774
A,LONG,2026-09-18T13:22:54.342Z,106.02,0.00943,0.16978,0.00000,0.00943,0.00000,0.00943,0.00000,0.00943,0.00943,0.00943,0.00943,0.00943,0.00943,0.00943,0.00943,0.11319,0.00943,0.16978,0.00943,0.16978,0.00943,0.16978
C,LONG,2026-09-18T13:22:54.342Z,106.02,0.00943,0.16978,0.00000,0.00943,0.00000,0.00943,0.00000,0.00943,0.00943,0.00943,0.00943,0.00943,0.00943,0.00943,0.00943,0.11319,0.00943,0.16978,0.00943,0.16978,0.00943,0.16978
B,LONG,2026-09-18T13:22:56.885Z,106.02,0.00943,0.16978,0.00000,0.00943,0.00000,0.00943,0.00943,0.00943,0.00943,0.00943,0.00943,0.00943,0.00943,0.00943,0.00943,0.11319,0.00943,0.16978,0.00943,0.16978,0.00943,0.16978
D,LONG,2026-09-18T13:22:56.885Z,106.02,0.00943,0.16978,0.00000,0.00943,0.00000,0.00943,0.00943,0.00943,0.00943,0.00943,0.00943,0.00943,0.00943,0.00943,0.00943,0.11319,0.00943,0.16978,0.00943,0.16978,0.00943,0.16978
B,LONG,2026-09-18T13:22:58.409Z,106.03,0.00000,0.17919,0.00000,0.00943,0.00000,0.00943,0.00000,0.00943,0.00000,0.00943,0.00000,0.00943,0.00000,0.00943,0.00000,0.12261,0.00000,0.17919,0.00000,0.17919,0.00000,0.17919
D,LONG,2026-09-18T13:22:58.409Z,106.03,0.00000,0.17919,0.00000,0.00943,0.00000,0.00943,0.00000,0.00943,0.00000,0.00943,0.00000,0.00943,0.00000,0.00943,0.00000,0.12261,0.00000,0.17919,0.00000,0.17919,0.00000,0.17919
A,LONG,2026-09-18T13:22:59.952Z,106.04,0.00000,0.18861,0.00000,0.00943,0.00000,0.00943,0.00000,0.00943,0.00000,0.00943,0.00000,0.00943,0.00000,0.00943,0.00000,0.13203,0.00000,0.18861,0.00000,0.18861,0.00000,0.18861
C,LONG,2026-09-18T13:22:59.952Z,106.04,0.00000,0.18861,0.00000,0.00943,0.00000,0.00943,0.00000,0.00943,0.00000,0.00943,0.00000,0.00943,0.00000,0.00943,0.00000,0.13203,0.00000,0.18861,0.00000,0.18861,0.00000,0.18861
A,LONG,2026-09-18T13:23:21.874Z,105.91,0.00000,0.06609,0.00000,0.00944,0.00000,0.00944,0.00000,0.00944,0.00000,0.00944,0.00000,0.00944,0.00000,0.02833,0.00000,0.06609,0.00000,0.06609,0.00000,0.06609,0.00000,0.06609
B,LONG,2026-09-18T13:23:21.874Z,105.91,0.00000,0.06609,0.00000,0.00944,0.00000,0.00944,0.00000,0.00944,0.00000,0.00944,0.00000,0.00944,0.00000,0.02833,0.00000,0.06609,0.00000,0.06609,0.00000,0.06609,0.00000,0.06609
A,SHORT,2026-09-18T13:23:22.407Z,105.91,0.05665,0.00944,0.00000,0.00944,0.00000,0.00944,0.00000,0.00944,0.00000,0.00944,0.00000,0.00944,0.01888,0.00944,0.05665,0.00944,0.05665,0.00944,0.05665,0.00944,0.05665,0.00944
C,SHORT,2026-09-18T13:23:22.407Z,105.91,0.05665,0.00944,0.00000,0.00944,0.00000,0.00944,0.00000,0.00944,0.00000,0.00944,0.00000,0.00944,0.01888,0.00944,0.05665,0.00944,0.05665,0.00944,0.05665,0.00944,0.05665,0.00944
A,SHORT,2026-09-18T13:23:23.806Z,105.91,0.05665,0.00944,0.00000,0.00944,0.00000,0.00944,0.00000,0.00944,0.00000,0.00944,0.00000,0.00944,0.03777,0.00944,0.05665,0.00944,0.05665,0.00944,0.05665,0.00944,0.05665,0.00944
B,SHORT,2026-09-18T13:23:23.806Z,105.91,0.05665,0.00944,0.00000,0.00944,0.00000,0.00944,0.00000,0.00944,0.00000,0.00944,0.00000,0.00944,0.03777,0.00944,0.05665,0.00944,0.05665,0.00944,0.05665,0.00944,0.05665,0.00944
C,SHORT,2026-09-18T13:23:23.806Z,105.91,0.05665,0.00944,0.00000,0.00944,0.00000,0.00944,0.00000,0.00944,0.00000,0.00944,0.00000,0.00944,0.03777,0.00944,0.05665,0.00944,0.05665,0.00944,0.05665,0.00944,0.05665,0.00944
D,SHORT,2026-09-18T13:23:23.806Z,105.91,0.05665,0.00944,0.00000,0.00944,0.00000,0.00944,0.00000,0.00944,0.00000,0.00944,0.00000,0.00944,0.03777,0.00944,0.05665,0.00944,0.05665,0.00944,0.05665,0.00944,0.05665,0.00944
A,LONG,2026-09-18T13:23:28.351Z,105.92,0.00000,0.07553,0.00000,0.00944,0.00000,0.00944,0.00000,0.01888,0.00000,0.01888,0.00000,0.04721,0.00000,0.07553,0.00000,0.07553,0.00000,0.07553,0.00000,0.07553,0.00000,0.07553
C,LONG,2026-09-18T13:23:28.351Z,105.92,0.00000,0.07553,0.00000,0.00944,0.00000,0.00944,0.00000,0.01888,0.00000,0.01888,0.00000,0.04721,0.00000,0.07553,0.00000,0.07553,0.00000,0.07553,0.00000,0.07553,0.00000,0.07553
A,LONG,2026-09-18T13:23:30.907Z,105.91,0.00000,0.06609,0.00000,0.00944,0.00000,0.00944,0.00000,0.00944,0.00000,0.02833,0.00000,0.06609,0.00000,0.06609,0.00000,0.06609,0.00000,0.06609,0.00000,0.06609,0.00000,0.06609
A,SHORT,2026-09-18T13:23:35.429Z,105.88,0.02833,0.03778,0.00000,0.00944,0.00000,0.00944,0.00000,0.00944,0.02833,0.00944,0.02833,0.00944,0.02833,0.00944,0.02833,0.03778,0.02833,0.03778,0.02833,0.03778,0.02833,0.03778
C,SHORT,2026-09-18T13:23:35.429Z,105.88,0.02833,0.03778,0.00000,0.00944,0.00000,0.00944,0.00000,0.00944,0.02833,0.00944,0.02833,0.00944,0.02833,0.00944,0.02833,0.03778,0.02833,0.03778,0.02833,0.03778,0.02833,0.03778
A,SHORT,2026-09-18T13:23:37.473Z,105.88,0.02833,0.03778,0.00944,0.00944,0.01889,0.00944,0.02833,0.00944,0.02833,0.00944,0.02833,0.00944,0.02833,0.00944,0.02833,0.03778,0.02833,0.03778,0.02833,0.03778,0.02833,0.03778
C,SHORT,2026-09-18T13:23:37.473Z,105.88,0.02833,0.03778,0.00944,0.00944,0.01889,0.00944,0.02833,0.00944,0.02833,0.00944,0.02833,0.00944,0.02833,0.00944,0.02833,0.03778,0.02833,0.03778,0.02833,0.03778,0.02833,0.03778
B,SHORT,2026-09-18T13:23:38.471Z,105.86,0.00945,0.05668,0.00000,0.00945,0.00945,0.00945,0.00945,0.00945,0.00945,0.00945,0.00945,0.01889,0.00945,0.02834,0.00945,0.05668,0.00945,0.05668,0.00945,0.05668,0.00945,0.05668
D,SHORT,2026-09-18T13:23:38.471Z,105.86,0.00945,0.05668,0.00000,0.00945,0.00945,0.00945,0.00945,0.00945,0.00945,0.00945,0.00945,0.01889,0.00945,0.02834,0.00945,0.05668,0.00945,0.05668,0.00945,0.05668,0.00945,0.05668
A,LONG,2026-09-18T13:23:41.492Z,105.87,0.03778,0.00945,0.00000,0.00945,0.00000,0.00945,0.00000,0.00945,0.00000,0.00945,0.00000,0.00945,0.00945,0.00945,0.03778,0.00945,0.03778,0.00945,0.03778,0.00945,0.03778,0.00945
C,LONG,2026-09-18T13:23:41.492Z,105.87,0.03778,0.00945,0.00000,0.00945,0.00000,0.00945,0.00000,0.00945,0.00000,0.00945,0.00000,0.00945,0.00945,0.00945,0.03778,0.00945,0.03778,0.00945,0.03778,0.00945,0.03778,0.00945
B,LONG,2026-09-18T13:23:42.000Z,105.87,0.03778,0.00945,0.00000,0.00945,0.00000,0.00945,0.00000,0.00945,0.00000,0.00945,0.00000,0.00945,0.00945,0.00945,0.03778,0.00945,0.03778,0.00945,0.03778,0.00945,0.03778,0.00945
D,LONG,2026-09-18T13:23:42.000Z,105.87,0.03778,0.00945,0.00000,0.00945,0.00000,0.00945,0.00000,0.00945,0.00000,0.00945,0.00000,0.00945,0.00945,0.00945,0.03778,0.00945,0.03778,0.00945,0.03778,0.00945,0.03778,0.00945
A,LONG,2026-09-18T13:23:49.081Z,105.88,0.02833,0.00944,0.00000,0.00944,0.00000,0.00944,0.00000,0.00944,0.00000,0.00944,0.00000,0.00944,0.02833,0.00944,0.02833,0.00944,0.02833,0.00944,0.02833,0.00944,0.02833,0.00944
C,LONG,2026-09-18T13:23:49.081Z,105.88,0.02833,0.00944,0.00000,0.00944,0.00000,0.00944,0.00000,0.00944,0.00000,0.00944,0.00000,0.00944,0.02833,0.00944,0.02833,0.00944,0.02833,0.00944,0.02833,0.00944,0.02833,0.00944
B,LONG,2026-09-18T13:23:52.119Z,105.89,0.01889,0.00944,0.00000,0.00944,0.00000,0.00944,0.00000,0.00944,0.00000,0.00944,0.01889,0.00944,0.01889,0.00944,0.01889,0.00944,0.01889,0.00944,0.01889,0.00944,0.01889,0.00944
D,LONG,2026-09-18T13:23:52.119Z,105.89,0.01889,0.00944,0.00000,0.00944,0.00000,0.00944,0.00000,0.00944,0.00000,0.00944,0.01889,0.00944,0.01889,0.00944,0.01889,0.00944,0.01889,0.00944,0.01889,0.00944,0.01889,0.00944
A,LONG,2026-09-18T13:23:59.202Z,105.91,0.00000,0.02833,0.00000,0.00944,0.00000,0.00944,0.00000,0.00944,0.00000,0.00944,0.00000,0.02833,0.00000,0.02833,0.00000,0.02833,0.00000,0.02833,0.00000,0.02833,0.00000,0.02833
B,LONG,2026-09-18T13:23:59.202Z,105.91,0.00000,0.02833,0.00000,0.00944,0.00000,0.00944,0.00000,0.00944,0.00000,0.00944,0.00000,0.02833,0.00000,0.02833,0.00000,0.02833,0.00000,0.02833,0.00000,0.02833,0.00000,0.02833
C,LONG,2026-09-18T13:23:59.202Z,105.91,0.00000,0.02833,0.00000,0.00944,0.00000,0.00944,0.00000,0.00944,0.00000,0.00944,0.00000,0.02833,0.00000,0.02833,0.00000,0.02833,0.00000,0.02833,0.00000,0.02833,0.00000,0.02833
D,LONG,2026-09-18T13:23:59.202Z,105.91,0.00000,0.02833,0.00000,0.00944,0.00000,0.00944,0.00000,0.00944,0.00000,0.00944,0.00000,0.02833,0.00000,0.02833,0.00000,0.02833,0.00000,0.02833,0.00000,0.02833,0.00000,0.02833
B,LONG,2026-09-18T13:24:04.246Z,105.92,0.00000,0.03776,0.00000,0.00944,0.00000,0.00944,0.00000,0.01888,0.00000,0.03776,0.00000,0.03776,0.00000,0.03776,0.00000,0.03776,0.00000,0.03776,0.00000,0.03776,0.00000,0.03776
D,LONG,2026-09-18T13:24:04.246Z,105.92,0.00000,0.03776,0.00000,0.00944,0.00000,0.00944,0.00000,0.01888,0.00000,0.03776,0.00000,0.03776,0.00000,0.03776,0.00000,0.03776,0.00000,0.03776,0.00000,0.03776,0.00000,0.03776
A,SHORT,2026-09-18T13:24:06.271Z,105.9,0.00944,0.00944,0.00000,0.00944,0.00944,0.00944,0.00944,0.00944,0.00944,0.00944,0.00944,0.00944,0.00944,0.00944,0.00944,0.00944,0.00944,0.00944,0.00944,0.00944,0.00944,0.00944
B,SHORT,2026-09-18T13:24:06.271Z,105.9,0.00944,0.00944,0.00000,0.00944,0.00944,0.00944,0.00944,0.00944,0.00944,0.00944,0.00944,0.00944,0.00944,0.00944,0.00944,0.00944,0.00944,0.00944,0.00944,0.00944,0.00944,0.00944
C,SHORT,2026-09-18T13:24:06.271Z,105.9,0.00944,0.00944,0.00000,0.00944,0.00944,0.00944,0.00944,0.00944,0.00944,0.00944,0.00944,0.00944,0.00944,0.00944,0.00944,0.00944,0.00944,0.00944,0.00944,0.00944,0.00944,0.00944
D,SHORT,2026-09-18T13:24:06.271Z,105.9,0.00944,0.00944,0.00000,0.00944,0.00944,0.00944,0.00944,0.00944,0.00944,0.00944,0.00944,0.00944,0.00944,0.00944,0.00944,0.00944,0.00944,0.00944,0.00944,0.00944,0.00944,0.00944