timestamp,bestBid,bestAsk,mid,bidQty,askQty,spreadPercent,imbalance,microPrice,microEdgePercent,oneSecondReturn,twoSecondReturn,threeSecondReturn,thirtySecondReturn,oneMinuteReturn,threeMinuteReturn,fiveMinuteReturn,priceChangeFromStart,candidateACondition,candidateBCondition,candidateCCondition,candidateDCondition,signalCandidate,signalDirection,signal,positionState,entryPrice,quantity,usedMargin,availableMargin,unrealizedGrossPnl,unrealizedNetPnl,feedStatus,staleStatus,disconnectCount,reconnectCount
2026-09-22T04:07:04.437Z,2739.74,2739.75,2739.745,446.947,0.421,0.00036499747240047083,1061.6318289786225,2739.7499905894033,0.0001821552517991808,-0.009489033779143405,0.004745192298921898,-0.009489033779143405,0,0,0,0,-0.041592405372729145,,,,,,,,,,0.009,0,11.627906976744185,0,0,FRESH,false,1,2
2026-09-22T04:07:34.447Z,2739.38,2739.39,2739.385,89.453,4.633,0.0003650454390223912,19.307791927476796,2739.3895075781734,0.00016454708531882752,0,0.006206157603549658,0.008031644680048652,-0.013139909006118182,0,0,0,-0.054726849174627896,,,,,,,,,,0.009,0,11.627906976744185,0,0,FRESH,false,1,2
2026-09-22T04:08:04.459Z,2738.5,2738.51,2738.505,68.683,5.429,0.000365162743913861,12.651132805304846,2738.5092674600605,0.0001558317425171278,-0.004381760920165808,-0.02299996166673454,-0.02299996166673454,-0.032123998634734044,-0.045259686576662496,0,0,-0.08683326735708025,,,,,,,,,,0.009,0,11.627906976744185,0,0,FRESH,false,1,2
2026-09-22T04:08:34.473Z,2737.73,2737.74,2737.7349999999997,158.887,14.761,0.0003652654475237206,10.763972630580584,2737.739149947019,0.00015158322552818145,0.006575210361047778,0.006575210361047778,0.002191640717013184,-0.02811753128076949,-0.06023249744013877,0,0,-0.11492638326673849,,,,,,,,,,0.009,0,11.627906976744185,0,0,FRESH,false,1,2
2026-09-22T04:09:04.486Z,2737.63,2737.64,2737.635,13.868,103.035,0.0003652787898957871,7.429694260167291,2737.631186282645,-0.00013930700605138856,0,0.013882520992750369,0.02155609425494084,-0.003652654475303648,-0.03176915871980846,0,0,-0.11857483987836044,,,,,,,,,,0.009,0,11.627906976744185,0,0,FRESH,false,1,2
2026-09-22T04:09:34.494Z,2737.75,2737.76,2737.755,32.767,61.034,0.0003652627791828808,1.8626667073580125,2737.753493246341,-0.00005503610290965243,0.004383345478849111,0.011689775282341452,0.029960521532303972,0.004383345478849111,0.0007305308950806619,0,0,-0.11419669194439419,,,,,,,,,,0.009,0,11.627906976744185,0,0,FRESH,false,1,2
2026-09-22T04:10:04.500Z,2736.54,2736.55,2736.545,68.804,63.603,0.0003654242850096848,1.0817728723487885,2736.5451964020026,0.000007177006134735373,-0.005115678274988634,-0.005846446730643401,-0.01351887069930527,-0.044196796280165186,-0.039815388099587616,-0.11679919116559453,0,-0.15834301694526204,,,,,,,,,,0.009,0,11.627906976744185,0,0,FRESH,false,1,2
2026-09-22T04:10:34.514Z,2737.09,2737.1,2737.0950000000003,49.059,147.458,0.0003653508555517266,3.0057277971422165,2737.092496425246,-0.00009146831784895931,-0.00730648322522118,-0.00730648322522118,-0.00730648322522118,0.020098335675100606,-0.024107343425538608,-0.08359540553810302,0,-0.13827650558122517,,,,,,,,,,0.009,0,11.627906976744185,0,0,FRESH,false,1,2
2026-09-22T04:11:04.527Z,2739.33,2739.34,2739.335,219.832,8.699,0.000365052102069235,25.270950683986666,2739.3396193514227,0.00016863039470023077,0.008762018111813635,0.019716700227653535,0.029577966240948883,0.081838591645514,0.1019533755154753,0.030308507744186232,0,-0.05655107748045547,,,,,,,,,,0.009,0,11.627906976744185,0,0,FRESH,false,1,2
2026-09-22T04:11:34.527Z,2739.41,2739.42,2739.415,46.347,62.702,0.000365041441337595,1.3528815241547456,2739.4142501077495,-0.000027374174796315513,0,0,0,0.0029204168164874774,0.08476139848999427,0.06136459518544678,0,-0.053632312191144636,,,,,,,,,,0.009,0,11.627906976744185,0,0,FRESH,false,1,2
2026-09-22T04:12:04.528Z,2739.52,2739.53,2739.525,22.144,94.922,0.000365026783848232,4.286578757225434,2739.5218915825258,-0.00011346556334849208,0,0,0,0.0040154558546305445,0.006935989939166059,0.06903769129193163,-0.014234018208589416,-0.049619009918333935,,,,,,,,,,0.009,0,11.627906976744185,0,0,FRESH,false,1,2
2026-09-22T04:12:34.531Z,2738.33,2738.34,2738.335,8.872,101.103,0.00036518541377217464,11.395739404869252,2738.3308067288017,-0.00015313214775936247,0,0,0,-0.04343818727699344,-0.03942447566359705,0.021185241192142,-0.03832977109826409,-0.09303564359687407,,,,,,,,,,0.009,0,11.627906976744185,0,0,FRESH,false,1,2
2026-09-22T04:13:04.543Z,2739.31,2739.32,2739.315,54.129,35.47,0.0003650547673494388,1.5260501832534537,2739.316041250461,0.00003801134446860713,0,0,0,0.0357881705488926,-0.007665562460646877,0.10122252694547255,0.029578182256375117,-0.05728076880278317,,,,,,,,,,0.009,0,11.627906976744185,0,0,FRESH,false,1,2
2026-09-22T04:13:34.546Z,2740.04,2740.05,2740.045,135.075,17.404,0.0003649575098298852,7.761146862790163,2740.048858596922,0.00014082239240132766,0,0,0,0.026648998015928002,0.062446705753680117,0.10777850239030132,0.08437631837998931,-0.030647035537796935,,,,,,,,,,0.009,0,11.627906976744185,0,0,FRESH,false,1,2
2026-09-22T04:14:04.557Z,2739,2739.01,2739.005,63.824,288.405,0.00036509608416991857,4.518754700426172,2739.0018120029868,-0.0001163925225896238,-0.0029206833668881118,-0.006936344436945885,-0.0029206833668881118,-0.037955581021478245,-0.01131669778758359,-0.012046719368019144,0.05991163034525274,-0.06859098429887095,,,,,,,,,,0.009,0,11.627906976744185,0,0,FRESH,false,1,2
2026-09-22T04:14:34.560Z,2739.47,2739.48,2739.475,61.027,56.363,0.00036503344619747503,1.0827493213633057,2739.475198654059,0.000007251537583087013,0,-0.002920182292393545,-0.018613240583425224,0.01715951595560431,-0.020802578059855355,0.0021902486479757695,0.06282519801807684,-0.05144323822416151,,,,,,,,,,0.009,0,11.627906976744185,0,0,FRESH,false,1,2
2026-09-22T04:15:04.574Z,2738.14,2738.15,2738.145,193.66,0.009,0.0003652107540038339,21517.777777777777,2738.1499995352897,0.00018258840527797258,0.008400552975531316,0.008400552975531316,-0.006938522861521858,-0.048549448343201795,-0.03139826323793229,-0.05037369616996046,0.05846788560027001,-0.09996771115899558,,,,,,,,,,0.009,0,11.627906976744185,0,0,FRESH,false,1,2
2026-09-22T04:15:34.583Z,2738.93,2738.94,2738.935,129.632,28.126,0.00036510541506893295,4.60897390315011,2738.9382171427123,0.00011745962253216142,0,0,0,0.02885164956567178,-0.019711806094232055,0.021911124825848886,0.06722455742309605,-0.07114490392702623,,,,,,,,,,0.009,0,11.627906976744185,0,0,FRESH,false,1,2
2026-09-22T04:16:04.585Z,2739.28,2739.29,2739.285,47.94,48.367,0.0003650587653261173,1.008906967042136,2739.284977831311,-8.092874126511243e-7,0,0,0,0.012778689527130401,0.04163402595552364,-0.0010951643020317156,-0.0018252605103129737,-0.058375305786283034,,,,,,,,,,0.009,0,11.627906976744185,0,0,FRESH,false,1,2
2026-09-22T04:16:34.598Z,2739.8,2739.81,2739.8050000000003,299.702,11.868,0.0003649894791696318,25.25294910684193,2739.8096190904134,0.00016859194041705768,0.014236616211867403,0.014236616211867403,0.014236616211867403,0.018983055797422925,0.031764171110316444,-0.008758980235718089,0.014236616211867403,-0.039403331405729436,,,,,,,,,,0.009,0,11.627906976744185,0,0,FRESH,false,1,2
2026-09-22T04:17:04.599Z,2736.4,2736.41,2736.4049999999997,18.7,124.423,0.0003654429808366646,6.653636363636364,2736.4013065684767,-0.0001349738625335434,-0.021191201267085034,-0.02740071351457992,-0.02740071351457992,-0.12409642292062922,-0.10513692441641191,-0.0949249818821201,-0.11388835655817507,-0.1634508562015726,,,,,,,,,,0.009,0,11.627906976744185,0,0,FRESH,false,1,2
2026-09-22T04:17:34.607Z,2736.26,2736.27,2736.2650000000003,291.745,12.635,0.0003654616785933939,23.090225563909776,2736.2695848938824,0.00016756030143684613,0.0032892632963953516,0.0032892632963953516,0.009502906610193266,-0.0051162017318130155,-0.12920627562910367,-0.11717573622681651,-0.07559338064917948,-0.16855869545784996,,,,,,,,,,0.009,0,11.627906976744185,0,0,FRESH,false,1,2
2026-09-22T04:18:04.620Z,2735.77,2735.78,2735.775,73.067,48.455,0.0003655271358287242,1.507935197606026,2735.7760126561448,0.000037015330013134655,0,0,0,-0.017907622251508402,-0.023022907793241662,-0.08655494869701535,-0.1292293876388792,-0.18643613285490368,,,,,,,,,,0.009,0,11.627906976744185,0,0,FRESH,false,1,2
2026-09-22T04:18:34.626Z,2736.41,2736.42,2736.415,45.258,47.633,0.0003654416453724409,1.0524769101595297,2736.4148721619963,-0.000004671733039900115,0,0,-0.008769830322045773,0.023393736692523058,0.005481925179017244,-0.09200656459536213,-0.13247957606536057,-0.16308601054040042,,,,,,,,,,0.009,0,11.627906976744185,0,0,FRESH,false,1,2
2026-09-22T04:19:04.632Z,2737.58,2737.59,2737.585,72.55,74.208,0.0003652854614639647,1.0228532046864232,2737.5849435124496,-0.0000020634080917909854,0.009863680285242355,0.010959764876517494,0.021556488046201968,0.042756672507644956,0.06616041158355294,-0.062059990106900824,-0.051843643950999455,-0.12039906818418801,,,,,,,,,,0.009,0,11.627906976744185,0,0,FRESH,false,1,2
2026-09-22T04:19:34.637Z,2736.5,2736.51,2736.505,65.588,108.899,0.00036542962648408386,1.6603494541684456,2736.5037589046747,-0.00004535330011968754,0,-0.0032887584754099715,-0.0032887584754099715,-0.039450829837244406,0.003288974808285495,-0.12044652812883332,-0.1084149335182763,-0.15980239958991743,,,,,,,,,,0.009,0,11.627906976744185,0,0,FRESH,false,1,2
2026-09-22T04:20:04.654Z,2736.1,2736.11,2736.105,66.802,63.173,0.0003654830498178352,1.057445427635224,2736.1051396037697,0.000005102281149279978,0,0,-0.0010964371275613259,-0.014617185059047615,-0.054062248295487385,-0.010963289425349215,-0.07450299381515454,-0.1743962260364882,,,,,,,,,,0.009,0,11.627906976744185,0,0,FRESH,false,1,2
2026-09-22T04:20:34.667Z,2735.43,2735.44,2735.435,32.132,146.835,0.0003655725689047,4.569743557823976,2735.4317954147964,-0.00011715084451094796,-0.003290044872561776,-0.003290044872561776,0.000731150483563986,-0.02448736433726311,-0.03910097003294946,-0.030333319323982946,-0.12778689527133721,-0.19884088533449132,,,,,,,,,,0.009,0,11.627906976744185,0,0,FRESH,false,1,2
2026-09-22T04:21:04.676Z,2737,2737.01,2737.005,169.385,45.634,0.00036536286927566,3.7118157514134196,2737.0078776759265,0.00010513959332761393,0.013885716895815433,0.02009899669463528,0.02009899669463528,0.05739489331679107,0.0328934744828905,0.044959837705952355,-0.08323339849631366,-0.14156011653170814,,,,,,,,,,0.009,0,11.627906976744185,0,0,FRESH,false,1,2
2026-09-22T04:21:34.690Z,2737.82,2737.83,2737.825,155.656,13.804,0.0003652534402222031,11.276151840046364,2737.829185412487,0.0001528736309663406,0,0.0029221129067874196,0.0029221129067874196,0.02995975527993953,0.0873718439663115,0.051527271996384114,-0.07226791687731327,-0.11164277231625551,,,,,,,,,,0.009,0,11.627906976744185,0,0,FRESH,false,1,2
2026-09-22T04:22:04.694Z,2737.38,2737.39,2737.385,31.406,55.435,0.0003653121500908177,1.7651085779787303,2737.383616494513,-0.00005054113642804099,0,0,0,-0.01607115137014235,0.013883789032176014,-0.007305709229113182,0.03581341212285729,-0.1276959814074651,,,,,,,,,,0.009,0,11.627906976744185,0,0,FRESH,false,1,2
2026-09-22T04:22:34.708Z,2738.79,2738.8,2738.795,73.712,29.13,0.00036512407829787473,2.5304497082046002,2738.7971674996597,0.00007914063154281383,0.006572665380138905,0.019720588476966668,0.019720588476966668,0.05150901316401801,0.035429583702400805,0.08368338446302723,0.09246180468630578,-0.07625274318332018,,,,,,,,,,0.009,0,11.627906976744185,0,0,FRESH,false,1,2
2026-09-22T04:23:04.722Z,2736.56,2736.57,2736.565,173.323,31.331,0.000365421614331042,5.53199706361112,2736.5684690746334,0.00012676748527289155,0,0,0.005116164338502706,-0.08142266945864944,-0.029955596308161386,0.016812220291254773,0.028876643729837566,-0.1576133256229343,,,,,,,,,,0.009,0,11.627906976744185,0,0,FRESH,false,1,2
2026-09-22T04:23:34.729Z,2735.64,2735.65,2735.645,26.068,90.118,0.00036554450596544064,3.45703544575725,2735.6422436438124,-0.00010075708608195768,0,0,0,-0.03361878851772469,-0.11501408466132335,0.007677023946832456,-0.02813900669306307,-0.1911791264500421,,,,,,,,,,0.009,0,11.627906976744185,0,0,FRESH,false,1,2
2026-09-22T04:24:04.740Z,2735.86,2735.87,2735.865,100.035,52.938,0.00036551511129984603,1.889663379802788,2735.866539389304,0.00005626700528245865,0,0,-0.02156074190878876,0.008041979131056842,-0.025579513002624565,-0.041651367096528044,-0.0628290993704398,-0.1831525219044373,,,,,,,,,,0.009,0,11.627906976744185,0,0,FRESH,false,1,2
2026-09-22T04:24:34.744Z,2736.5,2736.51,2736.505,52.723,55.593,0.00036542962648408386,1.054435445630939,2736.5048675172643,-0.000004841311666069343,0,0,0,0.023392967123755284,0.031436827512346346,-0.048213454110460276,0,-0.15980239958991743,,,,,,,,,,0.009,0,11.627906976744185,0,0,FRESH,false,1,2
2026-09-22T04:25:04.755Z,2736.6,2736.61,2736.605,112.173,36.996,0.00036541627309086543,3.032030489782679,2736.6075198600247,0.00009207978589079336,0,-0.0069424271821621475,-0.02484213372008528,0.003654296264757749,0.027048118236836848,-0.028494347707764895,0.018274152490492874,-0.1561539429782789,,,,,,,,,,0.009,0,11.627906976744185,0,0,FRESH,false,1,2
2026-09-22T04:25:35.297Z,2735.83,2735.84,2735.835,317.746,31.949,0.00036551911939931603,9.945413001971891,2735.8390863752697,0.000149364829008613,0.004386421831217464,0.004386421831217464,0.004386421831217464,-0.028137053027381804,-0.02448378497390185,-0.10807672717381316,0.014622902755872136,-0.18424705888792056,,,,,,,,,,0.009,0,11.627906976744185,0,0,FRESH,false,1,2
2026-09-22T04:26:05.303Z,2735.99,2736,2735.995,89.271,0.965,0.00036549774397315343,92.50880829015544,2735.999893058203,0.00017884017342591248,0.006579392246911296,0,0.004020636832311028,0.005848305910256082,-0.022290392658060893,-0.03617118836967619,-0.03799732191952107,-0.1784095283092989,,,,,,,,,,0.009,0,11.627906976744185,0,0,FRESH,false,1,2
2026-09-22T04:26:35.307Z,2736.89,2736.9,2736.895,54.712,22.449,0.00036537755376871525,2.437168693483006,2736.8970906286854,0.00007638687949069907,0,0,0,0.03289479695686911,0.03874502665547979,0.0456930632446827,-0.03396856994146216,-0.14557341880451882,,,,,,,,,,0.009,0,11.627906976744185,0,0,FRESH,false,1,2
2026-09-22T04:27:05.320Z,2736.5,2736.51,2736.505,40.793,87.437,0.00036542962648408386,2.1434314710857256,2736.50318123684,-0.00006646299421771858,-0.005846532184240837,-0.014615048750308697,-0.014615048750308697,-0.014249724596664199,0.01571594345916289,0.023392967123755284,-0.032147469208756135,-0.15980239958991743,,,,,,,,,,0.009,0,11.627906976744185,0,0,FRESH,false,1,2
2026-09-22T04:27:35.325Z,2735.64,2735.65,2735.645,2.908,353.864,0.00036554450596544064,121.68638239339752,2735.640081508638,-0.00017979274949335116,0,0,-0.0003655431697258438,-0.031426947876949884,-0.04567219422009248,-0.031426947876949884,-0.11501408466132335,-0.1911791264500421,,,,,,,,,,0.009,0,11.627906976744185,0,0,FRESH,false,1,2
2026-09-22T04:28:05.337Z,2736.7,2736.71,2736.705,86.82,24.497,0.00036540292067352084,3.5441074417275584,2736.7077993478088,0.00010228898653058892,0.010232328677005412,0.010232328677005412,-0.002557755021883922,0.03874771763148893,0.007308592529515498,0.0036541627308255683,-0.010230235094446823,-0.15250548636664035,,,,,,,,,,0.009,0,11.627906976744185,0,0,FRESH,false,1,2
2026-09-22T04:28:35.351Z,2737.31,2737.32,2737.315,35.922,37.776,0.000365321492054012,1.0516118256221816,2737.3148742163967,-0.000004595145366175032,-0.007305896040762255,-0.007305896040762255,-0.018627925451764213,0.022289578160602893,0.061045932494898744,0.05409682966991862,0.061045932494898744,-0.13024990103562037,,,,,,,,,,0.009,0,11.627906976744185,0,0,FRESH,false,1,2
2026-09-22T04:29:05.366Z,2735.72,2735.73,2735.725,323.279,15.538,0.0003655338164551729,20.8057021495688,2735.729541404357,0.0001660036866659389,0,0,-0.007675620948598427,-0.05808611723532533,-0.03580948622522406,-0.012792047001632232,-0.005117211558314196,-0.18826036116073125,,,,,,,,,,0.009,0,11.627906976744185,0,0,FRESH,false,1,2
2026-09-22T04:29:35.376Z,2736.23,2736.24,2736.2349999999997,42.442,57.726,0.00036546568550448086,1.3601149804439,2736.2342370817028,-0.00002788204583721774,-0.004385395900763812,-0.004385395900763812,0,0.018642224638798256,-0.03945472114098604,-0.024114918548220125,-0.009866599914870851,-0.16965323244136638,,,,,,,,,,0.009,0,11.627906976744185,0,0,FRESH,false,1,2
2026-09-22T04:30:05.381Z,2735.29,2735.3,2735.295,51.963,73.725,0.0003655912799247715,1.4187979908781247,2735.2941342848962,-0.000031649789285171226,0.0051185398999445166,0.010603271292007277,0.010603271292007277,-0.03435377443821894,-0.01571795410722336,-0.04421698480361031,-0.04786953177385649,-0.20394872459078528,,,,,,,,,,0.009,0,11.627906976744185,0,0,FRESH,false,1,2
2026-09-22T04:30:35.396Z,2733.89,2733.9,2733.895,14.69,129.981,0.0003657784955244543,8.848264125255275,2733.8910154073724,-0.0001457478296570636,-0.011703541967261671,-0.011703541967261671,-0.011703541967261671,-0.05118277918835412,-0.08551897041005949,-0.06397028854255578,-0.07091070916192148,-0.25502711715377463,,,,,,,,,,0.009,0,11.627906976744185,0,0,FRESH,false,1,2
2026-09-22T04:31:05.408Z,2733.69,2733.7,2733.6949999999997,14.742,115.124,0.000365805256247077,7.809252475919142,2733.6911351700987,-0.00014137750923114958,0,0,-0.018652588229493335,-0.007315569910339381,-0.058494604786699926,-0.10998627912033698,-0.08698591961112576,-0.2623240303770683,,,,,,,,,,0.009,0,11.627906976744185,0,0,FRESH,false,1,2
2026-09-22T04:31:35.425Z,2732.48,2732.49,2732.4849999999997,79.828,31.648,0.0003659672422634903,2.52237108190091,2732.487161003265,0.00007908564055897865,0,0,-0.0003659659029648098,-0.04426243600694432,-0.0515747678678336,-0.17645028065825022,-0.16113150120849754,-0.30647035537793615,,,,,,,,,,0.009,0,11.627906976744185,0,0,FRESH,false,1,2
2026-09-22T04:32:05.439Z,2732.01,2732.02,2732.0150000000003,21.228,44.437,0.00036603020114324154,2.0933201432070847,2732.013232772406,-0.00006468586718695989,-0.008783953181521554,-0.008783953181521554,-0.008783953181521554,-0.017200460386766814,-0.06145528305093954,-0.13561304590189371,-0.1640779022877642,-0.323618101452629,,,,,,,,,,0.009,0,11.627906976744185,0,0,FRESH,false,1,2
2026-09-22T04:32:35.452Z,2732,2732.01,2732.005,9332.106,91.096,0.0003660315409458723,102.44254412927022,2732.0099033279776,0.00017947726953079736,0,0,0,-0.00036603020115988664,-0.017566427629046946,-0.15459198497203508,-0.13305820016851136,-0.32398294711380116,,,,,,,,,,0.009,0,11.627906976744185,0,0,FRESH,false,1,2
2026-09-22T04:33:05.458Z,2732,2732.01,2732.005,8544.764,133.249,0.0003660315409458723,64.12628987834805,2732.009846452178,0.0001773954358738064,0,0,0,0,-0.00036603020115988664,-0.10968901336560627,-0.17173937271279946,-0.32398294711380116,,,,,,,,,,0.009,0,11.627906976744185,0,0,FRESH,false,1,2
2026-09-22T04:33:35.468Z,2730.69,2730.7,2730.6949999999997,397.139,56.556,0.0003662071377346621,7.0220489426409225,2730.6987534356776,0.0001374534936320632,0.006592163016844131,0.006592163016844131,0.006592163016844131,-0.04795013186287727,-0.04795013186287727,-0.11704911856528041,-0.24184282773448965,-0.37177772872632414,,,,,,,,,,0.009,0,11.627906976744185,0,0,FRESH,false,1,2
2026-09-22T04:34:05.476Z,2730,2730.01,2730.005,383.73,254.129,0.0003662996954297988,1.509981151305046,2730.0060159063364,0.00003721261815660469,0,0,0,-0.025268292504274547,-0.07320630818757652,-0.1349821395583487,-0.20908534300778772,-0.39695207934663834,,,,,,,,,,0.009,0,11.627906976744185,0,0,FRESH,false,1,2
2026-09-22T04:34:35.488Z,2729.29,2729.3,2729.295,174.149,28.925,0.0003663949847934459,6.020708729472775,2729.2985756423764,0.00013100974340591576,0,0.002564830675380876,0.002564830675380876,-0.02600727837494936,-0.05126899928405172,-0.11674355028479938,-0.2536331857460927,-0.42285612128929684,,,,,,,,,,0.009,0,11.627906976744185,0,0,FRESH,false,1,2
2026-09-22T04:35:05.490Z,2729.52,2729.53,2729.525,73.289,121.104,0.00036636411097968615,1.6524171430910504,2729.5237701460446,-0.00004505743510189254,-0.005495159680185038,-0.01318736869868611,0.01905456384286514,0.008427084650065976,-0.01758238538024722,-0.091141520086831,-0.20036526441450814,-0.41446467108251994,,,,,,,,,,0.009,0,11.627906976744185,0,0,FRESH,false,1,2
2026-09-22T04:35:35.521Z,2729.09,2729.1,2729.0950000000003,77.139,87.382,0.00036642183580137485,1.132786268943077,2729.0946887023542,-0.000011406625493856304,0.008794897493646106,0.008794897493646106,0.008794897493646106,-0.015753656771776637,-0.0073278996957023,-0.10651517841291851,-0.17557367784789565,-0.4301530345125739,,,,,,,,,,0.009,0,11.627906976744185,0,0,FRESH,false,1,2
2026-09-22T04:36:05.530Z,2728.32,2728.33,2728.325,8.593,213.18,0.0003665252489994239,24.80856511113697,2728.320387468267,-0.00016906093418557773,-0.0007330451244412475,-0.0007330451244412475,-0.0007330451244412475,-0.02821448135738904,-0.043963693316612706,-0.13469960706515144,-0.1964374226093215,-0.4582461504222322,,,,,,,,,,0.009,0,11.627906976744185,0,0,FRESH,false,1,2
2026-09-22T04:36:35.540Z,2727.73,2727.74,2727.7349999999997,73.704,64.188,0.00036660452719063737,1.148252009721443,2727.73534505265,0.000012649786365548887,-0.009897342563537696,-0.009897342563537696,-0.009897342563537696,-0.021624989691482705,-0.04983336967018671,-0.10839731277202458,-0.17383444007926852,-0.47977204443092447,,,,,,,,,,0.009,0,11.627906976744185,0,0,FRESH,false,1,2
2026-09-22T04:37:05.549Z,2726.4,2726.41,2726.4049999999997,84.393,71.396,0.00036678336489859477,1.1820410107008796,2726.4054171347148,0.000015299807439016046,0.013572826467741274,-0.003667699123983407,-0.003667699123983407,-0.04875840211750509,-0.07037284780955616,-0.1318678903518625,-0.2049776629252276,-0.5282965173657586,,,,,,,,,,0.009,0,11.627906976744185,0,0,FRESH,false,1,2
2026-09-22T04:37:35.564Z,2726.51,2726.52,2726.5150000000003,111.561,6.319,0.0003667685671915809,17.65485045102073,2726.519463946386,0.00016372352199933777,0,-0.004034291477547245,-0.004034291477547245,0.004034617014001298,-0.04472575231829138,-0.1018578057703453,-0.20095131597488958,-0.5242832150929313,,,,,,,,,,0.009,0,11.627906976744185,0,0,FRESH,false,1,2
2026-09-22T04:38:05.579Z,2731.01,2731.02,2731.0150000000003,6.015,184.937,0.00036616422830938424,30.74596841230258,2731.0103150006285,-0.00017154791796731854,-0.00036616288755187266,-0.00036616288755187266,-0.00036616288755187266,0.1650458552401142,0.1690871312222719,0.054588252534790355,-0.036237122552842393,-0.36010266756904763,,,,,,,,,,0.009,0,11.627906976744185,0,0,FRESH,false,1,2
2026-09-22T04:38:35.585Z,2730,2730.01,2730.005,41.103,152.141,0.0003662996954297988,3.701457314551249,2730.002127000062,-0.00010523790022593376,-0.00439540314087783,-0.00439540314087783,-0.015016032361375633,-0.03698258706013032,0.12800222995288058,0.03334438705870827,-0.025268292504274547,-0.39695207934663834,,,,,,,,,,0.009,0,11.627906976744185,0,0,FRESH,false,1,2
2026-09-22T04:39:05.592Z,2731.84,2731.85,2731.8450000000003,340.684,10.083,0.00036605297883897256,33.78795993255976,2731.849712544224,0.00017250408510809245,-0.001464190476537761,0.019770768918153173,0.02746151268996501,0.06739914395761712,0.030391630950394894,0.12901688765086405,0.06739914395761712,-0.3298204776924228,,,,,,,,,,0.009,0,11.627906976744185,0,0,FRESH,false,1,2
2026-09-22T04:39:35.593Z,2730.85,2730.86,2730.855,22.416,99.548,0.00036618568178165006,4.440935046395432,2730.8518379193865,-0.00011579086452749908,0,-0.008421561394098616,-0.008421561394098616,-0.03623924490592389,0.031135474110849944,0.11438061248619628,0.05715761762652793,-0.36594019814768586,,,,,,,,,,0.009,0,11.627906976744185,0,0,FRESH,false,1,2
2026-09-22T04:40:05.603Z,2729.4,2729.41,2729.4049999999997,84.251,134.382,0.0003663802183905845,1.5950196436837545,2729.4038535353766,-0.00004200419590209558,-0.005495401265061362,-0.024175248574678964,-0.024175248574678964,-0.053096923857190254,-0.08931692683884002,0.11003500947218041,-0.004396369331672932,-0.4188428190165028,,,,,,,,,,0.009,0,11.627906976744185,0,0,FRESH,false,1,2
2026-09-22T04:40:35.614Z,2731.12,2731.13,2731.125,69.63,49.696,0.0003661494805334168,1.401118802318094,2731.1258352747936,0.000030583543178880606,0,0,0.005492543871697506,0.06301739756468003,0.009887013407888072,0.16908030947930497,0.0743836326694287,-0.3560893652962535,,,,,,,,,,0.009,0,11.627906976744185,0,0,FRESH,false,1,2
2026-09-22T04:41:05.618Z,2729.99,2730,2729.995,209.072,9.012,0.0003663010371893824,23.199289835774522,2729.9995867647326,0.00016801366789028367,0.0007326074414594204,0,0,-0.041374891299376965,0.021616432885560977,-0.037348751288456356,0.06120971658435388,-0.3973169250078105,,,,,,,,,,0.009,0,11.627906976744185,0,0,FRESH,false,1,2
2026-09-22T04:41:35.628Z,2731.1,2731.11,2731.105,87.257,40.894,0.00036615216186189396,2.1337360003912558,2731.106808920726,0.00006623402344598825,0,0.0069573750922329895,0.003661655690850403,0.040659415127138596,-0.0007322989610501829,0.04029296649639502,0.12354572566617894,-0.3568190566185812,,,,,,,,,,0.009,0,11.627906976744185,0,0,FRESH,false,1,2
2026-09-22T04:42:05.636Z,2731.5,2731.51,2731.505,38.145,178.021,0.0003660985427527417,4.666955039979027,2731.5017646160823,-0.00011844693375461699,0,-0.0032947783254891555,-0.0032947783254891555,0.014646086474159395,0.055311456614397396,-0.012445801280824698,0.18705951610272004,-0.34222523017201045,,,,,,,,,,0.009,0,11.627906976744185,0,0,FRESH,false,1,2
2026-09-22T04:42:35.637Z,2730,2730.01,2730.005,40.153,125.529,0.0003662996954297988,3.1262670286155454,2730.0024234980265,-0.00009437718881963435,-0.015016032361375633,-0.019043956748243718,-0.049791953839917864,-0.054914781411712583,-0.04027673780392585,-0.03112578295075751,0.12800222995288058,-0.39695207934663834,,,,,,,,,,0.009,0,11.627906976744185,0,0,FRESH,false,1,2
2026-09-22T04:43:05.646Z,2729.88,2729.89,2729.885,295.406,22.864,0.0003663157971769335,12.920136459062281,2729.889281616238,0.0001568423665347311,0.004762332150691514,0.006960484596283077,0.006960484596283077,-0.004395596345057641,-0.05930796392464561,0.017586250483181243,-0.04137655779994284,-0.4013302272806046,,,,,,,,,,0.009,0,11.627906976744185,0,0,FRESH,false,1,2
2026-09-22T04:43:35.649Z,2729.46,2729.47,2729.465,48.316,52.128,0.00036637216449976576,1.0788972597069293,2729.4648102425235,-0.0000069521857440553045,0,0,0,-0.015385263481797683,-0.019780183552776043,-0.06078081376721514,-0.019780183552776043,-0.4166537450495031,,,,,,,,,,0.009,0,11.627906976744185,0,0,FRESH,false,1,2
2026-09-22T04:44:05.652Z,2730,2730.01,2730.005,129.368,16.825,0.0003662996954297988,7.689034175334324,2730.0088491241036,0.00014099329867357403,0.012089351296397089,-0.006592959817735292,-0.006592959817735292,0.01978409688345385,0.004395789566223151,0.0003663010371893824,-0.06735374810796899,-0.39695207934663834,,,,,,,,,,0.009,0,11.627906976744185,0,0,FRESH,false,1,2
2026-09-22T04:44:35.661Z,2729.02,2729.03,2729.025,9.146,124.064,0.0003664312346064356,13.564837087251256,2729.0206865850914,-0.00015805699503175809,0,0,0,-0.035897370151337385,-0.016120375238372887,-0.07615964966560888,-0.06701197976457655,-0.43270695414072924,,,,,,,,,,0.009,1.2283559999999998,10.399550976744186,0.005849999999996725,0,FRESH,false,1,2
2026-09-22T04:45:05.670Z,2728,2728.01,2728.005,22.645,152.529,0.0003665682431013975,6.7356590858909255,2728.001292714672,-0.00013589730692910903,0,0,0,-0.03737598592903992,-0.07325993908436065,-0.1281344899606627,-0.05129323057588142,-0.46992121157947553,,,,,,,,,,0.009,1.2283559999999998,10.399550976744186,0.015029999999996562,0,FRESH,false,1,2
2026-09-22T04:45:35.674Z,2728.03,2728.04,2728.035,190.571,7.209,0.00036656421196075314,26.435150506311555,2728.0396355040957,0.00016992099059794975,0,0,0,0.0010997047292708533,-0.03627669222525395,-0.07216103999810457,-0.11314018948236149,-0.4688266745959923,,,,,,,,,,0.009,1.2283559999999998,10.399550976744186,0.014759999999998852,0,FRESH,false,1,2
2026-09-22T04:46:05.676Z,2728.77,2728.78,2728.775,121.667,48.745,0.00036646480564422786,2.4959893322392044,2728.7771395793725,0.00007840805388486915,0,0,0.00183235760291645,0.02712575168574584,0.02822575471819083,-0.040661053487605785,-0.04468872653612186,-0.4418280956698339,,,,,,,,,,0.009,1.2283559999999998,10.399550976744186,0.008099999999996724,0,FRESH,false,1,2
2026-09-22T04:46:35.689Z,2728.22,2728.23,2728.225,13.14,196.195,0.0003665386835843187,14.931126331811262,2728.220627702009,-0.00016026163497557982,0,0,-0.0036652524900775774,-0.020155564309999242,0.006964720027421004,-0.0454301483990539,-0.10545182261392767,-0.46189460703387075,,,,,,,,,,0.009,1.2283559999999998,10.399550976744186,0.013049999999998362,0,FRESH,false,1,2
2026-09-22T04:47:05.694Z,2728.13,2728.14,2728.135,31.118,129.21,0.00036655077552113553,4.152259142618421,2728.131940896163,-0.00011213168839266607,0,0,0,-0.0032988481521755274,-0.023453747560713972,-0.0684980430438732,-0.12337520890497695,-0.4651782179843371,,,,,,,,,,0.009,1.2283559999999998,10.399550976744186,0.013859999999999671,0,FRESH,false,1,2
2026-09-22T04:47:35.699Z,2727.77,2727.78,2727.775,38.432,81.443,0.00036659915133096675,2.1191455037468776,2727.7732060062567,-0.00006576765838005818,0,0,0.004399383353112678,-0.013195827919077585,-0.01649424076092764,-0.04580390432480465,-0.0816848320790628,-0.4783126617862525,,,,,,,,,,0.009,1.2283559999999998,10.399550976744186,0.017099999999996725,0,FRESH,false,1,2
2026-09-22T04:48:05.705Z,2728.43,2728.44,2728.435,157.269,16.352,0.0003665104721284648,9.617722602739725,2728.4390581784464,0.0001487364898370244,0,0.005497959340761356,0.005497959340761356,0.024195543987310334,0.010996523265884097,0.01576243445301003,-0.053115790591921376,-0.4542328481494215,,,,,,,,,,0.009,1.2283559999999998,10.399550976744186,0.011159999999998034,0,FRESH,false,1,2
2026-09-22T04:48:35.712Z,2727.88,2727.89,2727.885,67.401,43.401,0.00036658436846727523,1.5529826501693507,2727.886083012942,0.000039701561530736,0,0,0,-0.020158075966615556,0.004032590664557279,-0.005498463179527983,-0.05788680199232916,-0.47429935951344177,,,,,,,,,,0.009,1.2283559999999998,10.399550976744186,0.01610999999999967,0,FRESH,false,1,2
2026-09-22T04:49:05.715Z,2726.12,2726.13,2726.125,25.61,140.665,0.00036682103719448954,5.492581023037876,2726.121540219516,-0.0001269120265508211,0,0,-0.019804413083380747,-0.06451884885177411,-0.08466391905982534,-0.09711317349360395,-0.14212428182366366,-0.5385121958783464,,,,,,,,,,0.009,1.2283559999999998,10.399550976744186,0.03194999999999754,0,FRESH,false,1,2
2026-09-22T04:49:35.732Z,2726.66,2726.67,2726.665,99.18,71.186,0.0003667483904410068,1.393251482032984,2726.665821584119,0.000030131465323635713,0,0,0,0.01980833600806873,-0.04472329295407448,-0.0571800346379036,-0.08647777136523584,-0.5188105301754817,,,,,,,,,,0.009,1.2283559999999998,10.399550976744186,0.02708999999999787,0,FRESH,false,1,2
2026-09-22T04:50:05.735Z,2726.99,2727,2726.995,89.905,217.763,0.0003667040093662907,2.422145598131361,2726.992922143349,-0.00007619583647513926,0,-0.016865539486445657,-0.02163085660025794,0.012102696884286382,0.03191343023521999,-0.04178678841040957,-0.037023392552441005,-0.5067706233570662,,,,,,,,,,0.009,1.2283559999999998,10.399550976744186,0.024119999999998525,0,FRESH,false,1,2
2026-09-22T04:50:35.751Z,2725.43,2725.44,2725.435,167.756,7.666,0.00036691390549465605,21.88312027132794,2725.4395629966593,0.0001674226925018525,0.007338816652518879,0.012109625133707775,0.012109625133707775,-0.05720582545989067,-0.04511005202325985,-0.08578420140957907,-0.09530669511204619,-0.5636865464986773,,,,,,,,,,0.009,1.2283559999999998,10.399550976744186,0.038159999999998036,0,FRESH,false,1,2
2026-09-22T04:51:05.765Z,2725.52,2725.53,2725.525,27.437,269.857,0.0003669017895714873,9.835514086817073,2725.520922891145,-0.00014958985352176864,-0.008071187877068469,-0.015774288276946477,-0.015774288276946477,0.0033022251493851633,-0.05390548937566075,-0.1066545473870499,-0.11910106183177432,-0.5604029355481943,,,,,,,,,,0.009,1.2283559999999998,10.399550976744186,0.037349999999996726,0,FRESH,false,1,2
2026-09-22T04:51:35.779Z,2726.77,2726.78,2726.775,143.535,21.174,0.0003667335955558592,6.778832530461887,2726.778714460048,0.00013622172888600565,0.010636405481798667,0.013204152706030717,0.013204152706030717,0.04586272369543482,0.04916646333521605,-0.04069086490083443,-0.05314810911855943,-0.514797227902671,,,,,,,,,,0.009,1.2283559999999998,10.399550976744186,0.026099999999996723,0,FRESH,false,1,2
2026-09-22T04:52:05.788Z,2727.87,2727.88,2727.875,221.496,1.14,0.00036658571232986404,194.2947368421053,2727.8799487953434,0.00018141576660780592,0.0014663643512149238,0.0014663643512149238,0.0014663643512149238,0.04034069551026062,0.08622192054741414,0.06419368150763446,-0.009530320163782887,-0.47466420517461394,,,,,,,,,,0.009,1.2283559999999998,10.399550976744186,0.016199999999997543,0,FRESH,false,1,2
2026-09-22T04:52:35.791Z,2728.97,2728.98,2728.975,80,84.335,0.000366437948321926,1.0541874999999998,2728.974868104786,-0.000004833141163024824,0,0,0,0.040324428355401516,0.08068139102052124,0.08471887819002134,0.04325838268637622,-0.4345311824465568,,,,,,,,,,0.009,1.2283559999999998,10.399550976744186,0.0062999999999983625,0,FRESH,false,1,2
2026-09-22T04:53:05.797Z,2730.25,2730.26,2730.255,97.978,43.857,0.0003662661546345773,2.234033335613471,2730.256907885924,0.00006987940408802584,-0.020140581257181742,-0.020140581257181742,-0.020872813160847326,0.04690405738419004,0.08724739953260721,0.11954550705080935,0.06670490592593056,-0.3878309378175337,,,,,,,,,,0.009,1.2283559999999998,10.399550976744186,-0.005220000000003437,0,FRESH,false,1,2
2026-09-22T04:53:35.810Z,2730.34,2730.35,2730.3450000000003,157.048,4.284,0.0003662540814352593,36.65919701213819,2730.3497344606153,0.0001734015523699224,0,0,0,0.003296395391644572,0.05020199891902072,0.18015472759395507,0.0901797546450835,-0.38454732686705073,,,,,,,,,,0.009,1.2283559999999998,10.399550976744186,-0.006030000000000655,0,FRESH,false,1,2
2026-09-22T04:54:05.820Z,2728.84,2728.85,2728.8450000000003,3.939,181.075,0.0003664554051169462,45.969789286620966,2728.8402129028073,-0.00017542576412373767,0,-0.005496528941959814,-0.005496528941959814,-0.05493811221658801,-0.051643527802342805,0.1218113941350809,0.09977532211473263,-0.4392741760416786,,,,,,,,,,0.009,1.2283559999999998,10.399550976744186,0.007469999999999344,0,FRESH,false,1,2
2026-09-22T04:54:35.831Z,2729.58,2729.59,2729.585,170.543,14.289,0.0003663560577970013,11.935264889075514,2729.589226919581,0.00015485575942917893,0,0.005495642871146993,0.005495642871146993,0.027117699979287264,-0.02783531018974592,0.10305214034894501,0.10709053000643912,-0.41227559711553685,,,,,,,,,,0.009,1.2283559999999998,10.399550976744186,0.0008099999999972169,0,FRESH,false,1,2
2026-09-22T04:55:05.839Z,2730.62,2730.63,2730.625,144.483,15.521,0.0003662165255287079,9.308871851040525,2730.6290299617513,0.0001475838590526843,0,0,0,0.03810103001005514,0.06522906211234955,0.10081107088851211,0.13311355539706193,-0.3743316483544628,,,,,,,,,,0.009,1.2283559999999998,10.399550976744186,-0.008550000000002455,0,FRESH,false,1,2
2026-09-22T04:55:35.842Z,2731.59,2731.6,2731.5950000000003,55.137,105.45,0.00036608648060065753,1.9125088416127103,2731.593433465972,-0.000057348692920084044,0,0.006589990902162104,0.012082313506742378,0.035523002975518594,0.07363756761559791,0.09600674245826164,0.22601896577978597,-0.3389416192215275,,,,,,,,,,0.009,1.2283559999999998,10.399550976744186,-0.017280000000000652,0,FRESH,false,1,2
2026-09-22T04:56:05.857Z,2727.01,2727.02,2727.0150000000003,23.685,135.042,0.00036670131993272976,5.7015832805573154,2727.0114921846944,-0.00012863205028083006,0,-0.002200159511545912,-0.013566108195208629,-0.1676676081190633,-0.1322041657129658,-0.11867023409900473,0.05466836664496698,-0.506040932034722,,,,,,,,,,0.009,1.2283559999999998,10.399550976744186,0.023939999999998688,0,FRESH,false,1,2
2026-09-22T04:56:35.871Z,2727.15,2727.16,2727.1549999999997,117.432,24.029,0.00036668249511903546,4.887094760497732,2727.1583013692816,0.00012105543256145333,0.00843440872042918,0.00843440872042918,0.00843440872042918,0.00513381847915827,-0.16254239739055418,-0.11683505198062916,0.013935876630805782,-0.5009330927784446,,,,,,,,,,0.009,1.2283559999999998,10.399550976744186,0.022679999999999836,0,FRESH,false,1,2
2026-09-22T04:57:05.885Z,2726.13,2726.14,2726.135,28.259,147.073,0.0003668196916060111,5.204465833893627,2726.131611742295,-0.00012428796466096027,0,0,-0.024204239775995423,-0.03740161450300871,-0.0322697161548473,-0.09930941478904212,-0.06378591394399603,-0.5381473502171744,,,,,,,,,,0.009,1.2283559999999998,10.399550976744186,0.03185999999999967,0,FRESH,false,1,2
2026-09-22T04:57:35.899Z,2726.43,2726.44,2726.435,58.457,139.971,0.0003667793290585794,2.3944266725969516,2726.4329460056038,-0.000075336268650899,0,0,0.007702959220168416,0.011004590748430548,-0.026401139649187524,-0.11540215820353976,-0.09307523887173623,-0.5272019803822586,,,,,,,,,,0.009,1.2283559999999998,10.399550976744186,0.029159999999998035,0,FRESH,false,1,2
2026-09-22T04:58:05.913Z,2726.58,2726.59,2726.585,224.936,3.738,0.00036675915110727446,60.17549491706795,2726.589836535855,0.0001773843784364911,0.00806935241613851,0.00036676049623495703,-0.009168138152840198,0.005501689935761936,0.016506886122654163,-0.14795147631036717,-0.1186889269458585,-0.5217292954647926,,,,,,,,,,0.009,1.2283559999999998,10.399550976744186,0.027809999999997215,0,FRESH,false,1,2
2026-09-22T04:58:35.921Z,2727.21,2727.22,2727.215,133.726,15.364,0.0003666744279333874,8.703853163238739,2727.218969481521,0.00014555073659120788,0,0,0,0.023105826519257938,0.02860878766595206,-0.16034587850688367,-0.11463752749195097,-0.4987440188114449,,,,,,,,,,0.009,1.2283559999999998,10.399550976744186,0.022140000000000326,0,FRESH,false,1,2
2026-09-22T04:59:05.922Z,2726.72,2726.73,2726.725,208.051,1.257,0.000366740320355675,165.51392203659506,2726.7299399449616,0.00018116769977661844,0.005868189461826675,0.016139178405781298,0.016139178405781298,-0.017967046969169516,0.005134628115385094,-0.010634338278315973,-0.07768854588664235,-0.5166214562084986,,,,,,,,,,0.009,1.2283559999999998,10.399550976744186,0.02654999999999836,0,FRESH,false,1,2
2026-09-22T04:59:35.922Z,2727.52,2727.53,2727.525,181.82,3.965,0.0003666327531450043,45.8562421185372,2727.5297865812636,0.00017549174667466614,0,0,0.00549979375773742,0.029339225627820254,0.011366907266201801,0.01356725231973781,-0.07546934790453294,-0.4874338033153572,,,,,,,,,,0.009,1.2283559999999998,10.399550976744186,0.019349999999996724,0,FRESH,false,1,2
2026-09-22T05:00:05.923Z,2728.42,2728.43,2728.425,152.314,1.458,0.00036651181541598287,104.46776406035666,2728.429905184299,0.00017978080023740544,0,0,-0.01026127778560692,0.03299694778233347,0.06234585445911388,0.08400170937976158,-0.08056763561455044,-0.454597693810577,,,,,,,,,,0.009,1.2283559999999998,10.399550976744186,0.01125,0,FRESH,false,1,2
2026-09-22T05:00:35.937Z,2726.11,2726.12,2726.115,78.786,66.319,0.0003668223827594776,1.1879853435667003,2726.1154295854726,0.000015758156674600503,0,0,-0.00403488340104457,-0.08466422936310876,-0.05169521819232854,-0.011736938529624352,-0.20061539137392154,-0.5388770415395187,,,,,,,,,,0.009,1.2283559999999998,10.399550976744186,0.032039999999999506,0,FRESH,false,1,2
2026-09-22T05:01:05.950Z,2726.67,2726.68,2726.675,7.245,217.655,0.0003667470453854431,30.042097998619738,2726.670322143175,-0.00017155901694592497,-0.007701094838984276,-0.009901189792956113,-0.015034368199005695,0.02054205343503118,-0.0641395676993137,0.0033008323598987567,-0.012467844878012974,-0.5184456845143096,,,,,,,,,,0.009,1.2283559999999998,10.399550976744186,0.026999999999999996,0,FRESH,false,1,2
2026-09-22T05:01:35.958Z,2725.51,2725.52,2725.5150000000003,100.988,20.845,0.00036690313572897344,4.844710961861358,2725.5182890514066,0.00012067632745471488,0,0,-0.02420974442212457,-0.04254265726571206,-0.02200934296606909,-0.06233465275014321,-0.060135929200922505,-0.5607677812093499,,,,,,,,,,0.009,1.2283559999999998,10.399550976744186,0.03743999999999869,0,FRESH,false,1,2
2026-09-22T05:02:05.975Z,2729.3,2729.31,2729.3050000000003,207.447,20.503,0.0003663936423288541,10.117885187533531,2729.309100548366,0.00015024148513416235,0.002931235057585285,0.002931235057585285,0.002931235057585285,0.13905628844456785,0.09645447293865639,0.09461900264971282,0.11628184224185788,-0.4224912756281248,,,,,,,,,,0.009,1.2283559999999998,10.399550976744186,0.0033299999999990173,0,FRESH,false,1,2
2026-09-22T05:02:35.986Z,2730.9,2730.91,2730.9049999999997,47.836,101.204,0.00036617897729007535,2.115645120829501,2730.9032096081587,-0.00006556038533164383,0,0,0.007324115933424449,0.0586229827739829,0.19776079016257173,0.12392187056029383,0.16395036008559896,-0.3641159698418749,,,,,,,,,,0.009,1.2283559999999998,10.399550976744186,-0.011070000000000163,0,FRESH,false,1,2
2026-09-22T05:03:05.993Z,2728.43,2728.44,2728.435,240.391,14.361,0.0003665104721284648,16.739154654968317,2728.4394362752796,0.00016259413472040674,0,0,0,-0.09044620739278006,-0.03187624688337674,0.00036651181541598287,0.0678504429533614,-0.4542328481494215,,,,,,,,,,0.009,1.2283559999999998,10.399550976744186,0.011159999999998034,0,FRESH,false,1,2
2026-09-22T05:03:35.997Z,2728.46,2728.47,2728.465,88.466,0.592,0.0003665064422583222,149.4358108108108,2728.469933526466,0.00018081692327811446,0,-0.020520149137510484,-0.025648870625257836,0.0010995314163687274,-0.08934767046087652,0.07812686261960138,0.04583430349275726,-0.4531383111659216,,,,,,,,,,0.009,1.2283559999999998,10.399550976744186,0.010890000000000327,0,FRESH,false,1,2
2026-09-22T05:04:06.009Z,2726.79,2726.8,2726.795,18.456,90.101,0.0003667309057049862,4.881935413957521,2726.791700120674,-0.00012101677340165772,-0.0044005772090399175,-0.017966585817022488,-0.03849192311147378,-0.061206575858589816,-0.060107717427751534,0.004400964544725384,0.0025671822424396928,-0.5140675365803433,,,,,,,,,,0.009,1.2283559999999998,10.399550976744186,0.025919999999996887,0,FRESH,false,1,2
2026-09-22T05:04:36.020Z,2728.16,2728.17,2728.165,77.257,20.94,0.00036654674479799713,3.6894460362941737,2728.167867551962,0.00010510918371969739,0,0,0.008797895836571082,0.050242134080482434,-0.010995193268016335,0.09722933097046377,0.023464496200763428,-0.46408368100085384,,,,,,,,,,0.009,1.2283559999999998,10.399550976744186,0.013589999999997871,0,FRESH,false,1,2
2026-09-22T05:05:06.029Z,2726.42,2726.43,2726.425,155.403,24.275,0.0003667806743175965,6.401771369721936,2726.42864897205,0.0001338372428961733,0,0.006235660273894875,-0.009902097594323058,-0.06377913359345133,-0.013569043510784303,-0.10552136899320921,-0.07330236308492995,-0.5275668260434143,,,,,,,,,,0.009,1.2283559999999998,10.399550976744186,0.029249999999999998,0,FRESH,false,1,2
2026-09-22T05:05:36.033Z,2726.51,2726.52,2726.5150000000003,20.982,95.73,0.0003667685671915809,4.56248212753789,2726.5117977585855,-0.00011744814955293486,0,0,-0.008801670850508451,0.003301026068941765,-0.06048021289033604,-0.16075257103412305,0.006602270080540031,-0.5242832150929313,,,,,,,,,,0.009,1.2283559999999998,10.399550976744186,0.02843999999999869,0,FRESH,false,1,2
2026-09-22T05:06:06.053Z,2727.26,2727.27,2727.2650000000003,219.977,2.885,0.00036666770554982846,76.24852686308493,2727.2698705476932,0.00017858725473751802,0.019803977298789514,-0.00806603885995139,-0.01283172295208284,0.02750764254001903,0.030809576643411992,-0.04288172523808036,0.02163807567825815,-0.4969197905056173,,,,,,,,,,0.009,1.2283559999999998,10.399550976744186,0.02168999999999869,0,FRESH,false,1,2
2026-09-22T05:06:36.068Z,2728.84,2728.85,2728.8450000000003,20.131,203.466,0.0003664554051169462,10.107098504793603,2728.840900325139,-0.00015023480121475452,0,-0.005496528941959814,0.008795703298947135,0.05793349747824018,0.08545707615765645,0.01392724480614958,0.12217874420063463,-0.4392741760416786,,,,,,,,,,0.009,1.2283559999999998,10.399550976744186,0.007469999999999344,0,FRESH,false,1,2
2026-09-22T05:07:06.078Z,2729.76,2729.77,2729.7650000000003,136.856,9.125,0.00036633190035638706,14.997917808219178,2729.7693749186537,0.00016026722642467175,0,0.006228030165649949,0.006228030165649949,0.03371389727155895,0.09166692638962476,0.10891907899201277,0.016854107547527166,-0.4057083752145708,,,,,,,,,,0.009,1.2283559999999998,10.399550976744186,-0.0008100000000013096,0,FRESH,false,1,2
2026-09-22T05:07:36.093Z,2730.8,2730.81,2730.8050000000003,20.495,49.167,0.00036619238648543306,2.398975359843864,2730.8029420631046,-0.00007536008230735098,0,0,0,0.03809851763796383,0.07182525940462123,0.096768340624571,-0.003661789772967361,-0.36776442645349683,,,,,,,,,,0.009,1.2283559999999998,10.399550976744186,-0.010170000000000982,0,FRESH,false,1,2
2026-09-22T05:08:06.103Z,2729.03,2729.04,2729.035,96.973,22.231,0.0003664298918761955,4.362061985515721,2729.0381350458038,0.0001148774494977693,0.015392424361812597,0.020524285544120634,0.008428597866082898,-0.06481605240947033,-0.026742228726665953,0.09572975599914439,0.021990628327224548,-0.43234210847957366,,,,,,,,,,0.009,1.2283559999999998,10.399550976744186,0.005759999999998854,0,FRESH,false,1,2
2026-09-22T05:08:36.109Z,2730.06,2730.07,2730.065,12.632,168.986,0.00036629164507871715,13.37761241291957,2730.0606955257736,-0.00015766929455895897,0,-0.01428333373008794,-0.01428333373008794,0.03774227886414796,-0.027098236600571497,0.1302028413560801,0.0586410307627149,-0.3947630053796552,,,,,,,,,,0.009,1.2283559999999998,10.399550976744186,-0.0035100000000029465,0,FRESH,false,1,2
2026-09-22T05:09:06.110Z,2729.91,2729.92,2729.915,122.351,21.793,0.00036631177161993247,5.614233928325609,2729.918488109113,0.00012777354286938285,0.008059508479894445,-0.006226912348885574,-0.006226912348885574,-0.005494374676064158,0.03224583048587172,0.0971669419729889,0.11442004257745414,-0.4002356902971213,,,,,,,,,,0.009,1.2283559999999998,10.399550976744186,-0.002160000000002128,0,FRESH,false,1,2
2026-09-22T05:09:36.112Z,2727.83,2727.84,2727.835,111.175,24.723,0.0003665910878120663,4.496824818994459,2727.838180767929,0.00011660411750802138,0.006599075029660681,0.01209896957108886,0.005865801460945841,-0.07619284849528016,-0.08168303685077162,-0.03701199591769478,-0.012096042578067208,-0.4761235878192694,,,,,,,,,,0.009,1.2283559999999998,10.399550976744186,0.016559999999997216,0,FRESH,false,1,2
2026-09-22T05:10:06.120Z,2728.82,2728.83,2728.825,82.764,16.522,0.0003664580909279097,5.009320905459388,2728.828335918458,0.00012224743096775646,0,-0.008794220731284762,-0.0102597738086369,0.036292517692594374,-0.03992798310570642,-0.03443519863433333,0.08802736183829139,-0.44000386736402286,,,,,,,,,,0.009,1.2283559999999998,10.399550976744186,0.007649999999999181,0,FRESH,false,1,2
2026-09-22T05:10:36.137Z,2728.68,2728.69,2728.685,28.733,177.753,0.00036647689272372146,6.186371071590157,2728.6813915229122,-0.00013224234705396982,-0.004397529321455568,0,0.005863974125208839,-0.005130413273107389,0.031160242463342137,-0.07763278593676023,0.07958877908244105,-0.4451117066203169,,,,,,,,,,0.009,1.2283559999999998,10.399550976744186,0.008909999999998034,0,FRESH,false,1,2
2026-09-22T05:11:06.142Z,2730.5,2730.51,2730.505,48.097,86.739,0.0003662326199812225,1.8034180926045285,2730.503567074075,-0.00005247842158138637,0.011720817453768287,0.027474993177043362,0.027474993177043362,0.06669879447426741,0.061564959277355315,0.05386519410708381,0.11880033660094569,-0.37870979628842905,,,,,,,,,,0.009,1.2283559999999998,10.399550976744186,-0.007470000000003437,0,FRESH,false,1,2
2026-09-22T05:11:36.158Z,2729.26,2729.27,2729.2650000000003,24.526,197.922,0.0003663990121795989,8.069885019978798,2729.26110254981,-0.00014280218998079916,-0.012822321096544909,-0.018316595018252484,-0.018316595018252484,-0.045412844876672326,0.021255659777525877,-0.02930333160564775,0.01539112701527836,-0.42395065827278017,,,,,,,,,,0.009,1.2283559999999998,10.399550976744186,0.00368999999999869,0,FRESH,false,1,2
2026-09-22T05:12:06.169Z,2727.78,2727.79,2727.785,38.416,53.94,0.0003665978073698452,1.4041024573094545,2727.784159556499,-0.00003081047445793363,0,0,0,-0.05422705380388027,-0.09961527263272746,-0.07802440735334651,-0.07253371627229717,-0.47794781612509696,,,,,,,,,,0.009,1.2283559999999998,10.399550976744186,0.017009999999998852,0,FRESH,false,1,2
2026-09-22T05:12:36.173Z,2726.31,2726.32,2726.315,47.17,56.558,0.00036679547301827846,1.1990248039007843,2726.314547470307,-0.00001659858428393622,0,0,0,-0.053889877684634234,-0.1080877085955476,-0.055721845346217116,-0.16442038153585614,-0.531580128316225,,,,,,,,,,0.009,1.2283559999999998,10.399550976744186,0.03023999999999705,0,FRESH,false,1,2
2026-09-22T05:13:06.174Z,2726.07,2726.08,2726.075,79.247,35.154,0.0003668277651848732,2.2542811628833133,2726.0769271247627,0.0000706922870029218,0,-0.008803091352255203,-0.008803091352255203,-0.008803091352255203,-0.06268822506172725,-0.10077597500755822,-0.10846324799792001,-0.540336424184174,,,,,,,,,,0.009,1.2283559999999998,10.399550976744186,0.03239999999999918,0,FRESH,false,1,2
2026-09-22T05:13:36.180Z,2726.04,2726.05,2726.045,99.769,44.676,0.0003668318021242598,2.233167696302265,2726.0469070580507,0.00006995695414490683,0,0,0,-0.001100483295571301,-0.00990347777127668,-0.09674989967694596,-0.13810459683165277,-0.5414309611676573,,,,,,,,,,0.009,1.2283559999999998,10.399550976744186,0.03266999999999689,0,FRESH,false,1,2
2026-09-22T05:14:06.182Z,2727.49,2727.5,2727.495,56.294,37.194,0.00036663678577662946,1.5135236866161208,2727.4960215214783,0.00003745273514262786,0,0,0,0.05319061130684996,0.052089542657486415,-0.11023601861194973,-0.08864744873009134,-0.48852834029885706,,,,,,,,,,0.009,1.2283559999999998,10.399550976744186,0.019619999999998524,0,FRESH,false,1,2
2026-09-22T05:14:36.184Z,2726.4,2726.41,2726.4049999999997,52.839,49.079,0.00036678336489859477,1.0766111778968601,2726.405184462018,0.000006765759976836596,0,0,0.006602536474422921,-0.03996340964878563,0.013205944876173084,-0.10479011748586457,-0.052422525555991875,-0.5282965173657586,,,,,,,,,,0.009,1.2283559999999998,10.399550976744186,0.029429999999999835,0,FRESH,false,1,2
2026-09-22T05:15:06.196Z,2727.33,2727.34,2727.335,60.334,57.905,0.00036665829464360917,1.0419480183058458,2727.335102715686,0.0000037661558223741146,0,0,0,0.034110852936386604,-0.005866188572292689,-0.016496901332026463,-0.05460225554954172,-0.49436587087747863,,,,,,,,,,0.009,1.2283559999999998,10.399550976744186,0.021059999999997216,0,FRESH,false,1,2
2026-09-22T05:15:36.209Z,2726.08,2726.09,2726.085,204.11,1.738,0.0003668264195803975,117.43958573072499,2726.089915568769,0.00018031604916447365,0.002934697478541941,0.002934697478541941,0.002934697478541941,-0.04583228682945072,-0.011737067677021902,-0.008436295879236926,-0.09528399210608439,-0.5399715785230019,,,,,,,,,,0.009,1.2283559999999998,10.399550976744186,0.032309999999997216,0,FRESH,false,1,2
2026-09-22T05:16:06.225Z,2724.7,2724.71,2724.705,26.541,175.527,0.0003670122086691322,6.613428280773143,2724.701313468733,-0.00013530019825244168,0,-0.023483265421454066,-0.023483265421454066,-0.05062204590099388,-0.09643113148916833,-0.05025540383151201,-0.21241491958447914,-0.5903202797636635,,,,,,,,,,0.009,1.2283559999999998,10.399550976744186,0.044729999999998195,0,FRESH,false,1,2
2026-09-22T05:16:36.226Z,2722.77,2722.78,2722.775,30.108,222.62,0.00036727236000838403,7.394048093529959,2722.771191320313,-0.0001398822777186483,-0.01689167479117967,-0.01689167479117967,-0.015790217776474276,-0.07083335627159038,-0.12141954487845924,-0.11995399929201395,-0.2377929589101914,-0.6607354923683455,,,,,,,,,,0.009,1.2283559999999998,10.399550976744186,0.06209999999999672,0,FRESH,false,1,2
2026-09-22T05:17:06.237Z,2723.32,2723.33,2723.325,13.511,279.429,0.0003671981860322779,20.681592776256384,2723.320461220728,-0.00016666315155278345,0.009915334064112808,-0.005874825820588492,-0.016521188424163995,0.020199979800010176,-0.05064768479523872,-0.15288753966551993,-0.16350262209081862,-0.6406689810043252,,,,,,,,,,0.009,1.2283559999999998,10.399550976744186,0.057149999999999174,0,FRESH,false,1,2
2026-09-22T05:17:36.243Z,2723.08,2723.09,2723.085,37.685,45.382,0.0003672305491829406,1.2042457211091946,2723.0845366992908,-0.000017013817389861042,0,0,-0.025332488917038102,-0.008812756464975048,0.011385443160009381,-0.12177207714920231,-0.11847493778231856,-0.6494252768722577,,,,,,,,,,0.009,1.2283559999999998,10.399550976744186,0.05930999999999721,0,FRESH,false,1,2
2026-09-22T05:18:06.244Z,2722.64,2722.65,2722.645,12.379,110.016,0.0003672898964139019,8.88730915259714,2722.6410113975244,-0.0001464973390067934,-0.008079724848635535,-0.012119097678088386,-0.01946257585356064,-0.016158144163698693,-0.024969476650779334,-0.17196274018410113,-0.1258219234613808,-0.6654784859634838,,,,,,,,,,0.009,1.2283559999999998,10.399550976744186,0.0632699999999977,0,FRESH,false,1,2
2026-09-22T05:18:36.249Z,2717.99,2718,2717.995,138.425,73.272,0.00036791826328666093,1.8891936892673873,2717.996538826719,0.00005661624540506895,-0.012507656341111215,-0.09777057363024179,-0.09777057363024179,-0.17078980182873973,-0.18692034953004205,-0.2967625734340692,-0.29529960070359007,-0.8351317184048336,,,,,,,,,,0.009,1.2283559999999998,10.399550976744186,0.10511999999999852,0,FRESH,false,1,2
2026-09-22T05:19:06.257Z,2717.21,2717.22,2717.215,19.494,76.897,0.0003680238773804624,3.94464963578537,2717.2120223879824,-0.00010958323201256726,-0.005152068831634905,0,-0.029801050395045867,-0.028697624535723772,-0.19943841374838936,-0.27489214428717174,-0.3769026157701387,-0.8635896799756309,,,,,,,,,,0.009,1.2283559999999998,10.399550976744186,0.11214000000000032,0,FRESH,false,1,2
2026-09-22T05:19:36.270Z,2719.26,2719.27,2719.2650000000003,148.282,78.966,0.0003677464314718694,1.8777955069270322,2719.2665251179333,0.000056085667742662856,0,0,0,0.07544489486478552,0.04672561943640208,-0.1289125983601202,-0.26188332254376806,-0.788796319436966,,,,,,,,,,0.009,1.2283559999999998,10.399550976744186,0.09368999999999868,0,FRESH,false,1,2
2026-09-22T05:20:06.281Z,2718,2718.01,2718.005,25.04,46.293,0.00036791690965315654,1.848761980830671,2718.003510296777,-0.00005480870060530899,-0.020231336132621257,-0.038616357521277865,-0.016921314050393745,-0.04633605036655927,0.029073886313742695,-0.19534943497378057,-0.3420921888950176,-0.8347668727436616,,,,,,,,,,0.009,1.2283559999999998,10.399550976744186,0.10502999999999656,0,FRESH,false,1,2
2026-09-22T05:20:36.287Z,2718.62,2718.63,2718.625,16.324,123.449,0.00036783300382429643,7.562423425630972,2718.621167893656,-0.00014095751874227124,0,-0.0007356605956269322,-0.0007356605956269322,0.022810848397993782,-0.02353577161476823,-0.16378482493201776,-0.2736525090010046,-0.812146441751486,,,,,,,,,,0.009,1.2283559999999998,10.399550976744186,0.09944999999999754,0,FRESH,false,1,2
2026-09-22T05:21:06.291Z,2719.79,2719.8,2719.795,50.227,53.305,0.00036767476961382305,1.0612817807155515,2719.794851350307,-0.000005465474165288974,0,-0.009926233380451637,-0.02352564939062586,0.04303646144650596,0.06585712682647617,-0.10467762047567379,-0.18020299445260513,-0.7694594993952736,,,,,,,,,,0.009,1.2283559999999998,10.399550976744186,0.08891999999999688,0,FRESH,false,1,2
2026-09-22T05:21:36.292Z,2720.73,2720.74,2720.7349999999997,56.938,107.712,0.0003675477398483694,1.8917418946924724,2720.7334581232917,-0.00005667132991492777,0,0,0,0.03456142834293025,0.07761276380522038,0.10080960413833659,-0.07492356144009028,-0.7351640072458546,,,,,,,,,,0.009,1.2283559999999998,10.399550976744186,0.08046000000000049,0,FRESH,false,1,2
2026-09-22T05:22:06.310Z,2722.99,2723,2722.995,225.746,14.69,0.0003672426868289615,15.367324710687544,2722.9993890266014,0.0001611837921674341,0.004039832750912086,0.004774382865111166,0.004774382865111166,0.08306578920770374,0.11765592627384851,0.21271780113092797,-0.01211754013934904,-0.6527088878227407,,,,,,,,,,0.009,1.2283559999999998,10.399550976744186,0.06011999999999852,0,FRESH,false,1,2
2026-09-22T05:22:36.317Z,2723.98,2723.99,2723.9849999999997,144.179,53.452,0.00036710921681887135,2.697354635935045,2723.987295363582,0.00008426491269617132,0,0.004772647589524934,0.019460574894747493,0.03635702599526557,0.11945301545354474,0.17357631565880283,0.033050749425729865,-0.6165891673674941,,,,,,,,,,0.009,1.2283559999999998,10.399550976744186,0.051210000000000484,0,FRESH,false,1,2
2026-09-22T05:23:06.330Z,2724.35,2724.36,2724.355,74.947,61.654,0.0003670593590122535,1.215606448892205,2724.3554865630563,0.000017859752354457213,0,0,0,0.013583041022632124,0.049945005407653245,0.23362723762465148,0.06280657228540762,-0.6030898779044068,,,,,,,,,,0.009,1.2283559999999998,10.399550976744186,0.047879999999997376,0,FRESH,false,1,2
2026-09-22T05:23:36.336Z,2724.62,2724.63,2724.625,130.401,37.939,0.00036702298482243535,3.4371227496771137,2724.627746287276,0.00010079505531368854,0.002936270092801816,0.002936270092801816,0.008809327609709408,0.00991060269311385,0.023494989876975368,0.22069980228976044,0.24392980855373575,-0.5932390450529744,,,,,,,,,,0.009,1.2283559999999998,10.399550976744186,0.04544999999999754,0,FRESH,false,1,2
2026-09-22T05:24:06.336Z,2724.74,2724.75,2724.745,212.329,41.06,0.00036700682082977596,5.1711885046273744,2724.7483795665953,0.00012403239919379805,0.00036700816777478467,0.00036700816777478467,0.00036700816777478467,0.0044042758177690825,0.014315315001160739,0.18199901095486307,0.2771219796740319,-0.5888608971190081,,,,,,,,,,0.009,1.2283559999999998,10.399550976744186,0.04436999999999852,0,FRESH,false,1,2
2026-09-22T05:24:36.352Z,2723.8,2723.81,2723.8050000000003,34.912,334.071,0.00036713347687384115,9.568944775435382,2723.8009461682523,-0.0001488297344348841,-0.022757095533915993,-0.022757095533915993,-0.027527431085076277,-0.034498641157231225,-0.022757095533915993,0.11283715613614037,0.1669568798921754,-0.623156389268427,,,,,,,,,,0.009,1.2283559999999998,10.399550976744186,0.05282999999999902,0,FRESH,false,1,2
2026-09-22T05:25:06.368Z,2720.6,2720.61,2720.605,48.104,125.52,0.0003675653025785911,2.6093464160984534,2720.602770584712,-0.00008194557049568387,0,0.006249000619388913,0.006249000619388913,-0.11748271260241729,-0.15194082382020604,-0.08777100215020125,0.09565839650772935,-0.7399070008409765,,,,,,,,,,0.009,1.2283559999999998,10.399550976744186,0.08162999999999737,0,FRESH,false,1,2
2026-09-22T05:25:36.375Z,2718.9,2718.91,2718.9049999999997,51.142,74.411,0.0003677951233957616,1.4549880724257949,2718.9040733395464,-0.00003408211958077755,0,0.022808498740930067,0.022808498740930067,-0.06248610143700658,-0.17989540367245618,-0.18649148214839392,0.01029932410684612,-0.8019307632388981,,,,,,,,,,0.009,1.2283559999999998,10.399550976744186,0.09692999999999984,0,FRESH,false,1,2
2026-09-22T05:26:06.378Z,2718.14,2718.15,2718.145,156.981,190.973,0.0003678979598298942,1.216535759104605,2718.1445115446295,-0.000017970173426616966,0.01729419448608829,0.023919087247633978,0.029440501666138347,-0.016920442653494582,-0.09042106443236106,-0.22794386194163524,-0.060666336984959934,-0.8296590334873675,,,,,,,,,,0.009,1.2283559999999998,10.399550976744186,0.1037699999999977,0,FRESH,false,1,2
2026-09-22T05:26:36.379Z,2718.6,2718.61,2718.605,119.158,83.334,0.00036783570986657785,1.4298845609235127,2718.6058845781563,0.00003253794340384403,-0.007356173024555744,0.002574916269246624,0.016555347285209007,0.016923306151807073,0,-0.21362305807648085,-0.07828766858954124,-0.8128761330738137,,,,,,,,,,0.009,1.2283559999999998,10.399550976744186,0.09962999999999737,0,FRESH,false,1,2
2026-09-22T05:27:06.393Z,2720.14,2720.15,2720.145,727.319,2.103,0.000367627461044109,345.8483119353304,2720.1499711689535,0.00018275382207525018,0,0.0025734584524383965,0.0025734584524383965,0.05664669931821517,0.07357959196437276,-0.16882313757800854,-0.10466416574396607,-0.7566899012545304,,,,,,,,,,0.009,1.2283559999999998,10.399550976744186,0.0857699999999977,0,FRESH,false,1,2
2026-09-22T05:27:36.404Z,2719.19,2719.2,2719.1949999999997,71.611,99.432,0.00036775589833621834,1.3885017664883885,2719.1941867249757,-0.000029908668706337013,0.004781055252436201,0.004781055252436201,0.004781055252436201,-0.034924608798438055,0.021702306881643003,-0.16924853284286434,-0.17584531486039623,-0.791350239065138,,,,,,,,,,0.009,1.2283559999999998,10.399550976744186,0.09432000000000015,0,FRESH,false,1,2
2026-09-22T05:28:06.408Z,2718.32,2718.33,2718.325,48.815,124.568,0.00036787359862281116,2.5518385742087473,2718.3228154432672,-0.00008036407466262032,-0.008828186929510108,-0.01655157193957841,-0.013977242841724613,-0.03199476315600355,-0.06690819790857339,-0.08380488898609684,-0.2213367934795649,-0.8230918115864181,,,,,,,,,,0.009,1.2283559999999998,10.399550976744186,0.10214999999999917,0,FRESH,false,1,2
2026-09-22T05:28:36.421Z,2718,2718.01,2718.005,130.472,1.365,0.00036791690965315654,95.58388278388279,2718.0098964630565,0.00018014915559064272,0,0,-0.007725658198488213,-0.011771955156197621,-0.043762951903030124,-0.022070142591509582,-0.2356460537544646,-0.8347668727436616,,,,,,,,,,0.009,1.2283559999999998,10.399550976744186,0.10502999999999656,0,FRESH,false,1,2
2026-09-22T05:29:06.431Z,2718.84,2718.85,2718.8450000000003,28.049,77.614,0.00036780323997004355,2.767086170629969,2718.8426545716097,-0.00008626561611738252,0,0,0,0.030905020410195914,0.01912942712885459,0.0257528571875405,-0.21653402428482801,-0.8041198372058646,,,,,,,,,,0.009,1.2283559999999998,10.399550976744186,0.09746999999999933,0,FRESH,false,1,2
2026-09-22T05:29:36.440Z,2720.1,2720.11,2720.105,168.539,28.207,0.0003676328671216103,5.975077108519161,2720.1085663240933,0.0001311097951475787,0.005147125054913305,-0.008087268984397083,-0.001838130547697729,0.04634320823731266,0.07726255102547305,0.055175356478782314,-0.13583938644654345,-0.7581492838991858,,,,,,,,,,0.009,1.2283559999999998,10.399550976744186,0.08612999999999738,0,FRESH,false,1,2
2026-09-22T05:30:06.446Z,2719.41,2719.42,2719.415,304.397,1.963,0.0003677261469918449,155.06724401426388,2719.4199359250556,0.00018150687025090178,0.016182568798906005,0.016182568798906005,-0.009192308611538554,-0.02536666783083942,0.02096478467877753,-0.026836804655634837,-0.04374027100589959,-0.7833236345195166,,,,,,,,,,0.009,1.2283559999999998,10.399550976744186,0.09233999999999787,0,FRESH,false,1,2
2026-09-22T05:30:36.456Z,2719,2719.01,2719.005,101.518,70.574,0.00036778159658471676,1.4384617564542184,2719.0058990539947,0.00003306555135221797,0.012874013068975792,0.012874013068975792,0.006620507020506692,-0.015076772026331196,-0.040439615382491086,-0.00698736206853866,0.014713428394345297,-0.7982823066272429,,,,,,,,,,0.009,2.4519059999999997,9.176000976744186,0.09593999999999459,0,FRESH,false,1,2
2026-09-22T05:31:06.472Z,2716.69,2716.7,2716.6949999999997,5.926,219.147,0.0003680943204799778,36.98059399257509,2716.6902632923543,-0.00017435551820894758,-0.0066252587991825545,-0.0066252587991825545,-0.00036809296556741637,-0.08495754880922986,-0.10002151197960792,-0.059963396576940185,-0.053345204174180295,-0.8825616543561845,,,,,,,,,,0.009,2.4519059999999997,9.176000976744186,0.1375200000000018,0,FRESH,false,1,2
2026-09-22T05:31:36.488Z,2716.75,2716.76,2716.755,116.347,33.588,0.00036808619107053374,3.46394545671073,2716.7577598292596,0.00010158550401133048,0,0.0003680875459499614,0.023563067101368223,0.0022085659229468227,-0.082750859229755,-0.04598961370564072,-0.06804960632382817,-0.8803725803891848,,,,,,,,,,0.009,2.4519059999999997,9.176000976744186,0.1364399999999946,0,FRESH,false,1,2
2026-09-22T05:32:06.497Z,2716.24,2716.25,2716.245,53.515,138.614,0.0003681553026408987,2.5901896664486594,2716.242785368164,-0.00008153284538280946,0,0,0,-0.01877239574419549,-0.016564244421984,-0.09562884239448602,-0.1433747098040763,-0.8989797091085663,,,,,,,,,,0.009,2.4519059999999997,9.176000976744186,0.14561999999999853,0,FRESH,false,1,2
2026-09-22T05:32:36.503Z,2715.68,2715.69,2715.685,140.578,79.004,0.00036823121975554157,1.7793782593286416,2715.6864020730295,0.00005162870618525211,0.0036824477966960725,0.014731418617201912,0.014731418617201912,-0.0206166969474383,-0.03938522244369344,-0.16506290955546007,-0.12908232031905634,-0.9194110661337587,,,,,,,,,,0.009,2.4519059999999997,9.176000976744186,0.15569999999999753,0,FRESH,false,1,2
2026-09-22T05:33:06.512Z,2716.59,2716.6,2716.5950000000003,221.445,16.949,0.00036810787032161697,13.065372588353293,2716.5992890341195,0.0001578827215396684,-0.0058893790569946305,0.0018405732281328634,-0.0058893790569946305,0.03350904099703424,0.012885435592163586,-0.10369877344942605,-0.06364213256323521,-0.8862101109678064,,,,,,,,,,0.009,2.4519059999999997,9.176000976744186,0.13932000000000017,0,FRESH,false,1,2
2026-09-22T05:33:36.512Z,2716.47,2716.48,2716.475,130.989,157.87,0.0003681241314651627,1.2052157051355457,2716.4745347037824,-0.000017128676593699174,-0.005521557079099653,0.0011043845908972974,-0.02429029106026418,-0.004417294443976581,0.029090266360051464,-0.09304874393390965,-0.0562912871757116,-0.8905882589017892,,,,,,,,,,0.009,2.4519059999999997,9.176000976744186,0.1414799999999982,0,FRESH,false,1,2
2026-09-22T05:34:06.521Z,2720.82,2720.83,2720.825,225.429,105.919,0.00036753558202984505,2.1283150331857366,2720.8268033909962,0.00006628103595155105,0.011762522031744436,0.030514761975662722,0.03492807573876807,0.16013399718384705,0.15570962914970995,0.1520229543618297,0.07282504151577465,-0.7318803962953717,,,,,,,,,,0.009,2.4519059999999997,9.176000976744186,0.06317999999999983,0,FRESH,false,1,2
2026-09-22T05:34:36.533Z,2719.32,2719.33,2719.325,28.724,90.095,0.00036773831740463285,3.136575685837627,2719.3224174584875,-0.00009496994703872669,-0.021324274193397465,0.0007354820441078533,-0.02683769262020337,-0.05513033730578042,0.10491537746527796,0.09459815110305157,-0.031247989559508627,-0.7866072454699996,,,,,,,,,,0.009,2.4519059999999997,9.176000976744186,0.09017999999999983,0,FRESH,false,1,2
2026-09-22T05:35:06.552Z,2721.11,2721.12,2721.115,284.107,1.824,0.00036749641230758465,155.76041666666669,2721.1199362083858,0.00018140388722896793,0.018745830431090273,0.01911346598812124,0.02683443703738858,0.0658251588169845,0.010658531879116211,0.1792916323822001,0.06251344498724241,-0.7212998721216116,,,,,,,,,,0.009,2.4519059999999997,9.176000976744186,0.05796000000000048,0,FRESH,false,1,2
2026-09-22T05:35:36.562Z,2721.96,2721.97,2721.965,3.919,145.411,0.0003673816525842004,37.10410819086502,2721.9602624388936,-0.00017404930286004825,0,0,-0.024975712955594146,0.03123719504689673,0.09708291579713083,0.23124920600143978,0.10886335258670125,-0.6902879909226426,,,,,,,,,,0.009,2.4519059999999997,9.176000976744186,0.04266000000000213,0,FRESH,false,1,2
2026-09-22T05:36:06.572Z,2719.49,2719.5,2719.495,63.083,73.547,0.00036771532950854037,1.1658767021226004,2719.4946170679937,-0.000014080996884800117,-0.04043233189799892,-0.04043233189799892,-0.024630858789818737,-0.09074326819045266,-0.05953441879523251,0.10675128239577986,0.10306640973683767,-0.7804048692302058,,,,,,,,,,0.009,2.4519059999999997,9.176000976744186,0.08711999999999852,0,FRESH,false,1,2
2026-09-22T05:36:36.585Z,2721.63,2721.64,2721.635,208.483,0.726,0.0003674261978466448,287.1666666666667,2721.6399652978603,0.00018243805139386423,0,0,0.0062466355437263655,0.07869108051312201,-0.012123594535562625,0.19216504105595997,0.1796260612385036,-0.7023278977410581,,,,,,,,,,0.009,2.4519059999999997,9.176000976744186,0.04860000000000081,0,FRESH,false,1,2
2026-09-22T05:37:06.601Z,2723.37,2723.38,2723.375,178.277,15.756,0.00036719144444735956,11.314864178725564,2723.37918797318,0.0001537787921162618,0,0.00844611653070322,0.00844611653070322,0.06393215842681997,0.1426735478462034,0.09372157341983339,0.26249473077723506,-0.6388447526984977,,,,,,,,,,0.009,2.4519059999999997,9.176000976744186,0.017279999999996555,0,FRESH,false,1,2
2026-09-22T05:37:36.607Z,2725.79,2725.8,2725.795,266.164,10.096,0.00036686544660248765,26.36331220285261,2725.7996345471656,0.00017002552156531725,0.00073373627683803,0.0003668667925099845,0.0003668667925099845,0.08886032955432406,0.15284929830781327,0.23792669136643305,0.3722817631647311,-0.5505521026967619,,,,,,,,,,0.009,2.4519059999999997,9.176000976744186,-0.02628000000000475,0,FRESH,false,1,2
2026-09-22T05:38:06.621Z,2726.28,2726.29,2726.285,162.769,27.003,0.000366799509213583,6.027811724623191,2726.288577081972,0.00013120719118701554,0,0,0.007336528391441137,0.0179764068831215,0.10685271033184392,0.18999564516751674,0.3566965263500669,-0.5326746652997248,,,,,,,,,,0.009,2.4519059999999997,9.176000976744186,-0.03510000000000082,0,FRESH,false,1,2
2026-09-22T05:38:36.627Z,2725.34,2725.35,2725.3450000000003,77.768,172.963,0.00036692602220135545,2.2240895998354078,2725.343101650773,-0.00006965537307400337,-0.009172309165521655,0.016514397802494144,0.011743011532010302,-0.03447915386687745,-0.016508945096744918,0.12417499857640009,0.32874211046545876,-0.5669701574491437,,,,,,,,,,0.009,2.4519059999999997,9.176000976744186,-0.018179999999999828,0,FRESH,false,1,2
2026-09-22T05:39:06.642Z,2729.21,2729.22,2729.215,303.276,15.867,0.0003664057247143787,19.113632066553222,2729.219502824752,0.00016498607665035698,0.0007328168196276396,0.0007328168196276396,0.02418862731371933,0.1420003705952784,0.10747225620213188,0.35741930027450886,0.30836235333034384,-0.4257748865786077,,,,,,,,,,0.009,2.4519059999999997,9.176000976744186,-0.08783999999999786,0,FRESH,false,1,2
2026-09-22T05:39:36.644Z,2730.44,2730.45,2730.4449999999997,167.21,135.686,0.000366240667721325,1.232330527836328,2730.445520376631,0.00001905830849392926,-0.003296057366052643,0.0285749350194894,0.028941386365674917,0.0450679041409183,0.18713227132709634,0.32370248031052984,0.4089250089636175,-0.38089887025542873,,,,,,,,,,0.009,2.4519059999999997,9.176000976744186,-0.10997999999999819,0,FRESH,false,1,2
2026-09-22T05:40:06.651Z,2729.99,2730,2729.995,374.69,8.917,0.0003663010371893824,42.019737579903556,2729.999767548559,0.0001746357981938608,0.007326557488742492,0.007326557488742492,0.009524734085917436,-0.016480830047842683,0.028579646528388028,0.24308073621884208,0.326336814136856,-0.3973169250078105,,,,,,,,,,0.009,2.4519059999999997,9.176000976744186,-0.10188000000000147,0,FRESH,false,1,2
2026-09-22T05:40:36.666Z,2731.89,2731.9,2731.895,134.228,45.376,0.0003660462792390732,2.958127644569817,2731.8974735529273,0.00009054348455240755,0.008053666706317549,0.01098259441826944,0.02782725863056068,0.06959719706446682,0.05310489682085789,0.20173159061691354,0.3648099810247316,-0.3279962493866118,,,,,,,,,,0.009,2.4519059999999997,9.176000976744186,-0.13608000000000312,0,FRESH,false,1,2
2026-09-22T05:41:06.674Z,2731.19,2731.2,2731.1949999999997,5.164,158.522,0.00036614009617634525,30.697521301316808,2731.1903154820816,-0.00017151898411215075,0,0,0,-0.02562323954618581,0.043956124461759755,0.1800985590281227,0.43022693551559454,-0.3535354456681148,,,,,,,,,,0.009,2.4519059999999997,9.176000976744186,-0.12347999999999819,0,FRESH,false,1,2
2026-09-22T05:41:36.690Z,2732,2732.01,2732.005,103.433,211.632,0.0003660315409458723,2.0460781375383097,2732.0032829098764,-0.00006285091439246146,0,-0.00146410472740982,-0.025249799190893967,0.02965734779099992,0.004026509071546576,0.24437273079187605,0.38102096717597655,-0.32398294711380116,,,,,,,,,,0.009,2.4519059999999997,9.176000976744186,-0.1380600000000054,0,FRESH,false,1,2
2026-09-22T05:42:06.707Z,2731.99,2732,2731.995,209.939,137.849,0.00036603288074166604,1.5229635325609907,2731.9960364072363,0.00003793591263417379,0,0.016108041024237102,0.024896432670703905,-0.0003660315409458723,0.029291207694806927,0.10186079147299663,0.31651902510671104,-0.3243477927749733,,,,,,,,,,0.009,2.4519059999999997,9.176000976744186,-0.13788000000000147,0,FRESH,false,1,2
2026-09-22T05:42:36.718Z,2731.19,2731.2,2731.1949999999997,97.703,92.079,0.00036614009617634525,1.0610779873804017,2731.1951481700057,0.000005425098025368754,-0.0025629149863018947,-0.013545348545626612,-0.016107569276294576,-0.029282630458700762,-0.029648554815983136,0.02746805007974891,0.17605666090202363,-0.3535354456681148,,,,,,,,,,0.009,2.4519059999999997,9.176000976744186,-0.12347999999999819,0,FRESH,false,1,2
2026-09-22T05:43:06.725Z,2731.89,2731.9,2731.895,324.061,10.949,0.0003660462792390732,29.59731482327153,2731.899673173935,0.00017105979310557515,0.009518109117790757,0,0,0.02562980673296022,-0.003660328807333434,0.06959719706446682,0.20577452467369067,-0.3279962493866118,,,,,,,,,,0.009,2.4519059999999997,9.176000976744186,-0.13608000000000312,0,FRESH,false,1,2
2026-09-22T05:43:36.738Z,2731.9,2731.91,2731.9049999999997,299.762,19.359,0.0003660449393285467,15.484374192881862,2731.909393364899,0.0001608168988102636,0,0,0,0.0003660462792224273,0.025995946829136567,0.0003660462792224273,0.24070347056976238,-0.3276314037254563,,,,,,,,,,0.009,2.4519059999999997,9.176000976744186,-0.13625999999999885,0,FRESH,false,1,2
2026-09-22T05:44:06.753Z,2732.75,2732.76,2732.755,29.883,107.751,0.0003659310842069003,3.6057624736472245,2732.7521711931645,-0.00010351483523489131,0,0,0,0.03111381984367553,0.03147998001387781,0.057117855004875165,0.12970762655195592,-0.2966195225264872,,,,,,,,,,0.009,2.4519059999999997,9.176000976744186,-0.15156000000000538,0,FRESH,false,1,2
2026-09-22T05:44:36.767Z,2732.61,2732.62,2732.615,318.186,7.875,0.00036594983192888615,40.40457142857142,2732.6197584807746,0.0001741365239835661,0.0014638207551472009,0.0014638207551472009,0.0014638207551472009,-0.005123035178796761,0.01610438570002287,0.022327923997198854,0.07947422489740952,-0.30172736178279774,,,,,,,,,,0.009,2.4519059999999997,9.176000976744186,-0.1490399999999995,0,FRESH,false,1,2
2026-09-22T05:45:06.790Z,2733.84,2733.85,2733.8450000000003,33.75,185.962,0.0003657851853255591,5.509985185185185,2733.841536101806,-0.00012670426429591856,0.01939037395983266,0.022317876069953082,0.022317876069953082,0.045011829328334696,0.03988648817768682,0.06771608293574344,0.14102589931484724,-0.25685134545958566,,,,,,,,,,0.009,2.4519059999999997,9.176000976744186,-0.1711799999999998,0,FRESH,false,1,2
2026-09-22T05:45:36.815Z,2734.61,2734.62,2734.615,65.98,272.136,0.0003656821892574835,4.124522582600788,2734.611951401294,-0.00011148182489474778,-0.0036566881741009133,-0.008044360994365462,-0.007678736299398915,0.028165459270716772,0.07318996638750794,0.1252199128952738,0.09956458795084731,-0.22875822954996056,,,,,,,,,,0.009,2.4519059999999997,9.176000976744186,-0.18503999999999948,0,FRESH,false,1,2
2026-09-22T05:46:06.822Z,2734.71,2734.72,2734.715,109.37,84.94,0.0003656688174001141,1.287614786908406,2734.7156286346553,0.00002298720909440411,0,0,0,0.003656821892674611,0.03182331112407217,0.10322505074317144,0.12888131385713716,-0.2251097729383054,,,,,,,,,,0.009,2.4519059999999997,9.176000976744186,-0.18683999999999787,0,FRESH,false,1,2
2026-09-22T05:46:36.838Z,2735.87,2735.88,2735.875,221.737,11.289,0.000365513775308385,19.64186376118345,2735.879515547622,0.00016504948588110535,0.0054830072467112355,0.0054830072467112355,0.014622688929713886,0.04241758281941096,0.04607595584754045,0.13542324338667244,0.14165420634295656,-0.18278767624326514,,,,,,,,,,0.009,2.4519059999999997,9.176000976744186,-0.20772000000000343,0,FRESH,false,1,2
2026-09-22T05:47:06.848Z,2736,2736.01,2736.005,79.05,146.002,0.00036549640809202755,1.846957621758381,2736.0035125215504,-0.000054366803046400164,-0.0021929303580121608,-0.006578502550077437,-0.005116687894825481,0.004751679078909276,0.04717127744572885,0.11892760236464667,0.14677918517421218,-0.17804468264812676,,,,,,,,,,0.009,2.4519059999999997,9.176000976744186,-0.21006000000000538,0,FRESH,false,1,2
2026-09-22T05:47:36.860Z,2736.61,2736.62,2736.615,213.801,29.601,0.0003654149377886013,7.222762744501875,2736.618783863731,0.00013826803300114707,0.003288842601463198,0.0069433658879596485,0.0069433658879596485,0.022295280893115055,0.027048019372222114,0.14637993277501588,0.19844793213227443,-0.15578909731712334,,,,,,,,,,0.009,2.4519059999999997,9.176000976744186,-0.2210399999999995,0,FRESH,false,1,2
2026-09-22T05:48:06.870Z,2736.64,2736.65,2736.645,108.794,71.761,0.00036541093200682874,1.5160602555705747,2736.646025532386,0.00003747407449407128,0.019004979670153296,0.019004979670153296,0.019004979670153296,0.0010962448133990384,0.023391770117374516,0.10241985189356846,0.17387198263476453,-0.15469456033362347,,,,,,,,,,0.009,2.4519059999999997,9.176000976744186,-0.22158000000000308,0,FRESH,false,1,2
2026-09-22T05:48:36.884Z,2736.53,2736.54,2736.535,62.406,290.791,0.0003654256203470276,4.6596641348588275,2736.5317668893,-0.00011814614832137526,0,0,0,-0.004019520251992031,-0.002923319502375279,0.07021098033909977,0.15957982193672338,-0.15870786260643419,,,,,,,,,,0.009,2.4519059999999997,9.176000976744186,-0.2196000000000008,0,FRESH,false,1,2
2026-09-22T05:49:06.898Z,2735.26,2735.27,2735.2650000000003,108.742,89.732,0.0003655952896616427,1.211853073596933,2735.265478904038,0.000017508506037389305,0,0,0,-0.04640905378515265,-0.050426708615829034,0.02011178495748851,0.0918487021339351,-0.20504326157426855,,,,,,,,,,0.009,2.4519059999999997,9.176000976744186,-0.19674000000000114,0,FRESH,false,1,2
2026-09-22T05:49:36.910Z,2736.44,2736.45,2736.4449999999997,83.63,74.394,0.00036543763897186064,1.1241497970266419,2736.4452922340906,0.000010679333621572106,0,0,0,0.043140244181071354,-0.0032888305832063365,0.02083428519211254,0.14015878563207507,-0.16199147355691718,,,,,,,,,,0.009,2.4519059999999997,9.176000976744186,-0.21797999999999818,0,FRESH,false,1,2
2026-09-22T05:50:06.921Z,2736.49,2736.5,2736.495,14.26,242.868,0.00036543096187708284,17.031416549789622,2736.490554587598,-0.0001624491329881754,-0.0051157717415851005,-0.01278844801223174,-0.01278844801223174,0.001827188194909158,0.04496822062942944,0.01790932399611045,0.09693307411355201,-0.16016724525108958,,,,,,,,,,0.009,2.4519059999999997,9.176000976744186,-0.21888000000000146,0,FRESH,false,1,2
2026-09-22T05:50:36.929Z,2734.34,2734.35,2734.3450000000003,14.691,257.38,0.0003657182981578232,17.5195698046423,2734.3405399693465,-0.000163111482044793,-0.004388426986627763,-0.004388426986627763,-0.0007314312463598336,-0.07856765680184455,-0.0767419041858855,-0.08294919087995671,-0.009873419110168235,-0.2386090624013763,,,,,,,,,,0.009,2.4519059999999997,9.176000976744186,-0.1801799999999998,0,FRESH,false,1,2
2026-09-22T05:51:06.938Z,2737.17,2737.18,2737.175,155.477,49.345,0.00036534017736401694,3.1508156854797855,2737.177590834969,0.0000946536107096417,0,0.016077552265765935,0.01571209593879923,0.1034982783811087,0.024849305407109865,0.0193667793959465,0.08995452908255654,-0.13535774029191433,,,,,,,,,,0.009,2.4519059999999997,9.176000976744186,-0.2311199999999985,0,FRESH,false,1,2
2026-09-22T05:51:36.946Z,2736.35,2736.36,2736.355,65.331,48.104,0.00036544965840390876,1.3581199068684517,2736.3557593335386,0.000027749818227299427,0,0,0,-0.02995789454456378,0.07350937793145208,-0.006577661166396056,0.017544661214420183,-0.16527508450738354,,,,,,,,,,0.009,2.4519059999999997,9.176000976744186,-0.21636000000000374,0,FRESH,false,1,2
2026-09-22T05:52:06.954Z,2736.6,2736.61,2736.605,341.362,6.125,0.00036541627309086543,55.73257142857143,2736.609823734413,0.00017626710515744568,0.0073088596169160955,0.004385187567275012,-0.0010962368017729835,0.009136241459898295,-0.02082439011024738,0.04898976881580726,0.021929784485039648,-0.1561539429782789,,,,,,,,,,0.009,2.4519059999999997,9.176000976744186,-0.22086000000000375,0,FRESH,false,1,2
2026-09-22T05:52:36.969Z,2737.41,2737.42,2737.415,8.194,309.811,0.0003653081465622961,37.80949475225774,2737.4102576689043,-0.0001732412182921797,0,-0.012053715740506411,-0.012053715740506411,0.029598718119712028,0.03873766378996678,0.03544745098111801,0.029233195023786025,-0.12660144442398183,,,,,,,,,,0.009,2.4519059999999997,9.176000976744186,-0.23544000000000276,0,FRESH,false,1,2
2026-09-22T05:53:06.975Z,2737.43,2737.44,2737.435,95.448,148.704,0.0003653054775809573,1.5579582599949713,2737.433909367935,-0.00003984138673303853,-0.007670826568091786,-0.007670826568091786,-0.007670826568091786,0.00073061629310798,0.030329550665877145,0.03435051041569799,0.01973038790307862,-0.12587175310165413,,,,,,,,,,0.009,2.4519059999999997,9.176000976744186,-0.23580000000000242,0,FRESH,false,1,2
2026-09-22T05:53:36.989Z,2737.99,2738,2737.995,241.817,333.635,0.0003652307619341262,1.379700351919013,2737.994202209741,-0.000029137754405320202,0.001095704291316556,0.001095704291316556,0.001095704291316556,0.02045710674408508,0.021187872500148034,0.1334871788307487,0.05335214057192897,-0.10544039607646169,,,,,,,,,,0.009,2.4519059999999997,9.176000976744186,-0.24588000000000146,0,FRESH,false,1,2
2026-09-22T05:54:06.995Z,2736.48,2736.49,2736.4849999999997,77.466,51.183,0.0003654322972632239,1.513510345231815,2736.4860215003614,0.000037328922385119306,0,0,-0.004384995277007299,-0.055149845050857224,-0.0347040203694434,-0.025208472238731877,0.04460262533975118,-0.16053209091226173,,,,,,,,,,0.009,1.2283559999999998,10.178446986744184,-0.061289999999999505,0,FRESH,false,1,2
2026-09-22T05:54:37.011Z,2736.53,2736.54,2736.535,29.03,169.246,0.0003654256203470276,5.830037891836032,2736.531464120721,-0.00012921008789739262,0,0,-0.0036541226725655333,0.0018271614863659734,-0.053323691241219814,0.00657809385112079,0.0032889387508298366,-0.15870786260643419,,,,,,,,,,0.009,1.2283559999999998,10.178446986744184,-0.06174000000000114,0,FRESH,false,1,2
2026-09-22T05:55:07.024Z,2735.83,2735.84,2735.835,122.637,67.626,0.00036551911939931603,1.8134593203797356,2735.8364456568015,0.00005284152010188278,0.007676490747088376,0.007676490747088376,0.007676490747088376,-0.025579793424890165,-0.023753099322657945,-0.028137053027381804,-0.0241184434833557,-0.18424705888792056,,,,,,,,,,0.009,1.2283559999999998,10.178446986744184,-0.05544000000000278,0,FRESH,false,1,2
2026-09-22T05:55:37.039Z,2735.32,2735.33,2735.325,288.883,38.287,0.0003655872702426049,7.545198109018727,2735.3288297521167,0.00014001086221460091,0.0018279697653701054,0.0018279697653701054,0.011700161425654028,-0.018641475088966193,-0.04421650006303725,-0.07634940262985866,0.03584039322029822,-0.202854187607302,,,,,,,,,,0.009,1.2283559999999998,10.178446986744184,-0.05085000000000082,0,FRESH,false,1,2
2026-09-22T05:56:07.047Z,2735.27,2735.28,2735.275,123.899,5.632,0.0003655939530839962,21.999112215909093,2735.2795652006084,0.00016690097369880877,-0.013890640449897901,-0.013890640449897901,-0.013890640449897901,-0.0018279363512462745,-0.02046907068591291,-0.07890598315575911,-0.06941463370080798,-0.204678415913113,,,,,,,,,,0.009,1.2283559999999998,10.178446986744184,-0.05040000000000327,0,FRESH,false,1,2
2026-09-22T05:56:37.051Z,2735.55,2735.56,2735.5550000000003,37.429,160.893,0.0003655565323952006,4.298618718106281,2735.551887284316,-0.00011378735519621123,0,0,0,0.010236630686135766,0.008408507215796036,-0.08911630590996697,-0.029235972671664574,-0.19446273740050846,,,,,,,,,,0.009,1.2283559999999998,10.178446986744184,-0.05292000000000098,0,FRESH,false,1,2
2026-09-22T05:57:07.062Z,2735.37,2735.38,2735.375,100.879,32.413,0.0003655805876787745,3.1123006201215566,2735.3775682711644,0.0000938910081566139,0,0,0,-0.006580017583279848,0.0036559395307568365,-0.040562984997165076,-0.04494620158919604,-0.20102995930147446,,,,,,,,,,0.009,1.2283559999999998,10.178446986744184,-0.051300000000002455,0,FRESH,false,1,2
2026-09-22T05:57:37.063Z,2735.37,2735.38,2735.375,175.761,6.483,0.0003655805876787745,27.11105969458584,2735.3796442681237,0.0001697854269957141,0,0,0,0,-0.006580017583279848,-0.04238937196125226,-0.0745228618970804,-0.20102995930147446,,,,,,,,,,0.009,1.2283559999999998,10.178446986744184,-0.051300000000002455,0,FRESH,false,1,2
2026-09-22T05:58:07.077Z,2734.56,2734.57,2734.565,135.051,13.159,0.00036568887556954316,10.263013906831825,2734.569112138183,0.00015037631882184766,0,0,-0.005485032261134741,-0.029612027601332372,-0.029612027601332372,-0.04642092816269921,-0.10484267206344226,-0.23058245785577153,,,,,,,,,,0.009,1.2283559999999998,10.178446986744184,-0.04401000000000294,0,FRESH,false,1,2
2026-09-22T05:58:37.095Z,2734.71,2734.72,2734.715,4.937,286.407,0.0003656688174001141,58.012355681588005,2734.7101694560383,-0.00017663792979583418,0,0,-0.001096994418117424,0.00548533313342674,-0.02412831878626713,-0.012431194253868587,-0.11979568991176923,-0.2251097729383054,,,,,,,,,,0.009,1.2283559999999998,10.178446986744184,-0.04535999999999967,0,FRESH,false,1,2
2026-09-22T05:59:07.103Z,2733.75,2733.76,2733.755,158.488,28.609,0.0003657972276307964,5.539795169352302,2733.7584709001217,0.00012696456418208806,0,0,0,-0.03510420647124239,-0.029620798920484442,-0.05557028086755378,-0.09976301715520326,-0.2601349564100686,,,,,,,,,,0.009,1.2283559999999998,10.178446986744184,-0.03672000000000344,0,FRESH,false,1,2
2026-09-22T05:59:37.104Z,2732.34,2732.35,2732.3450000000003,11.336,156.064,0.000365985993707366,13.76711362032463,2732.340677180406,-0.0001582091424804809,0,0,0,-0.05157740909481114,-0.08666350972587238,-0.11734364690163554,-0.1531133349290106,-0.3115781946342135,,,,,,,,,,0.009,1.2283559999999998,10.178446986744184,-0.02403000000000065,0,FRESH,false,1,2
2026-09-22T06:00:07.112Z,2732.99,2733,2732.995,19.139,296.273,0.00036589894969505174,15.480066879147293,2732.9906067936536,-0.00016074695878776494,0,0.018298295147841075,0.018298295147841075,0.023789089591528017,-0.027800589299341684,-0.08700817986565312,-0.10380742990714519,-0.2878632266585547,,,,,,,,,,0.009,1.2283559999999998,10.178446986744184,-0.02988000000000147,0,FRESH,false,1,2
2026-09-22T06:00:37.119Z,2732.56,2732.57,2732.565,287.71,10.988,0.00036595652803202405,26.184018929741537,2732.5696321368073,0.00016951607033067066,0.013176170894941167,0.013176170894941167,0.013176170894941167,-0.015733654836537804,0.008051691861745126,-0.10893624487990576,-0.09104021674153669,-0.3035515900886087,,,,,,,,,,0.009,1.2283559999999998,10.178446986744184,-0.026010000000002944,0,FRESH,false,1,2
2026-09-22T06:01:07.121Z,2733.99,2734,2733.995,118.946,170.85,0.0003657651166230472,1.43636608208767,2733.994104473492,-0.000032755235762130664,-0.006217620370389964,-0.004754720431586308,0.009144964142595597,0.05233178350743116,0.036589894968706495,-0.02084426590701496,-0.046796025993737375,-0.2513786605421361,,,,,,,,,,0.009,1.2283559999999998,10.178446986744184,-0.03888000000000147,0,FRESH,false,1,2
2026-09-22T06:01:37.126Z,2732.07,2732.08,2732.075,117.035,167.162,0.0003660221626332927,1.4283077711795618,2732.074118094139,-0.00003227970903988473,0,-0.012443205003637645,-0.012443205003637645,-0.07022690239009483,-0.01793186987318642,-0.09653656779592489,-0.1272136732765553,-0.3214290274856625,,,,,,,,,,0.009,1.2283559999999998,10.178446986744184,-0.021600000000000816,0,FRESH,false,1,2
2026-09-22T06:02:07.137Z,2731.12,2731.13,2731.125,32.286,199.376,0.0003661494805334168,6.175308183113423,2731.121393668361,-0.00013204564561566562,-0.0036613607447174455,-0.022330130850894126,-0.03221077560253766,-0.0347721054509784,-0.10497458846851918,-0.0962046708648035,-0.15537174976008775,-0.3560893652962535,,,,,,,,,,0.009,1.2283559999999998,10.178446986744184,-0.013050000000002455,0,FRESH,false,1,2
2026-09-22T06:02:37.143Z,2730.19,2730.2,2730.1949999999997,125.009,110.261,0.00036627420384857245,1.1337553622767798,2730.195313427126,0.000011480027121033474,0,0,-0.0003662728623022183,-0.03405190168887514,-0.06881216657669022,-0.07868698864896437,-0.19557345976762816,-0.39002001178453344,,,,,,,,,,0.009,1.2283559999999998,10.178446986744184,-0.004679999999999836,0,FRESH,false,1,2
2026-09-22T06:03:07.146Z,2729.38,2729.39,2729.385,176.912,19.729,0.0003663829030995455,8.967104262760405,2729.3889966995685,0.00014643223906606992,0,0,-0.014286891776790126,-0.029668210512417276,-0.06371000961141587,-0.13208952083701847,-0.1894268375408826,-0.41957251033881393,,,,,,,,,,0.009,1.2283559999999998,10.178446986744184,0.0026099999999996725,0,FRESH,false,1,2
2026-09-22T06:03:37.148Z,2729.55,2729.56,2729.5550000000003,110.637,98.839,0.0003663600843274281,1.1193658373718876,2729.5552816074396,0.000010316972521875789,0,0,0.006594916418604664,0.006228509352842225,-0.023441549046841637,-0.11015291493522619,-0.1886851097829154,-0.41337013409902007,,,,,,,,,,0.009,1.2283559999999998,10.178446986744184,0.0010799999999990177,0,FRESH,false,1,2
2026-09-22T06:04:07.149Z,2730.13,2730.14,2730.135,124.949,94.905,0.00036628225343301817,1.3165692007797272,2730.1356832716256,0.000025027027064538012,0,0,0,0.021248884891490634,0.0274787177331157,-0.14118533501340247,-0.13241859639945391,-0.39220908575149993,,,,,,,,,,0.009,1.2283559999999998,10.178446986744184,-0.0041400000000003274,0,FRESH,false,1,2
2026-09-22T06:04:37.155Z,2729.18,2729.19,2729.185,15.057,268.445,0.00036640975236996683,17.828584711429897,2729.180531107364,-0.00016374458440674788,-0.009525746076574672,-0.009525746076574672,-0.005862212362318037,-0.03479681407696955,-0.013555323120448043,-0.1057804050035183,-0.11565157401427378,-0.42686942356210755,,,,,,,,,,0.009,1.2283559999999998,10.178446986744184,0.004409999999998035,0,FRESH,false,1,2
2026-09-22T06:05:07.155Z,2727.92,2727.93,2727.925,45.708,140.393,0.0003665789931821267,3.071519208891223,2727.9224560856737,-0.0000932545552554439,0.005498987269847804,0.005498987269847804,0.005498987269847804,-0.04616762879759941,-0.08094837801061253,-0.11716783376812918,-0.18551076749133127,-0.47283997686878637,,,,,,,,,,0.009,1.2283559999999998,10.178446986744184,0.01575,0,FRESH,false,1,2
2026-09-22T06:05:37.171Z,2728.45,2728.46,2728.455,38.069,221.156,0.0003665077855496344,5.809346187186424,2728.451468569775,-0.00012942966715371733,0,-0.008795413192012363,-0.0025654886797872004,0.01942868663910281,-0.026747911922424396,-0.06373171147115067,-0.15040813301788344,-0.4535031568270938,,,,,,,,,,0.009,1.2283559999999998,10.178446986744184,0.010979999999998198,0,FRESH,false,1,2
2026-09-22T06:06:07.178Z,2727.88,2727.89,2727.885,117.3,48.262,0.00036658436846727523,2.430483610293813,2727.8870849591085,0.00007643134180098778,0.006232322658344906,0.006232322658344906,0.006232322658344906,-0.020890943775862494,-0.0014663159727618471,-0.0549574354662314,-0.2234824862517917,-0.47429935951344177,,,,,,,,,,0.009,1.2283559999999998,10.178446986744184,0.01610999999999967,0,FRESH,false,1,2
2026-09-22T06:06:37.180Z,2727.94,2727.95,2727.9449999999997,220.727,29.846,0.00036657630559866613,7.3955303893319035,2727.948808890024,0.00013962488335265616,0.009531892428919159,0.009531892428919159,0.009531892428919159,0.002199506210836992,-0.018691897062631354,-0.05898397357813204,-0.15116715317112853,-0.4721102855464753,,,,,,,,,,0.009,1.2283559999999998,10.178446986744184,0.015570000000000162,0,FRESH,false,1,2
2026-09-22T06:07:07.181Z,2726.08,2726.09,2726.085,93.553,133.705,0.0003668264195803975,1.4291898709822242,2726.0841165987554,-0.00003240549156259354,0,-0.0051353061467733834,-0.01980470361710773,-0.06818319284295221,-0.06598518632567654,-0.1483443126438869,-0.1845393381848126,-0.5399715785230019,,,,,,,,,,0.009,1.2283559999999998,10.178446986744184,0.032309999999997216,0,FRESH,false,1,2
2026-09-22T06:07:37.193Z,2726.16,2726.17,2726.165,180.625,65.709,0.00036681565496652914,2.748862408498075,2726.167332524134,0.00008556063679527499,0,-0.01026978354596353,-0.01026978354596353,0.0029346113565764547,-0.06525058239809621,-0.11065574521331392,-0.14760850415445584,-0.537052813233691,,,,,,,,,,0.009,1.2283559999999998,10.178446986744184,0.03158999999999787,0,FRESH,false,1,2
2026-09-22T06:08:07.198Z,2725.76,2725.77,2725.7650000000003,52.328,116.702,0.0003668694843379209,2.2302018040055036,2725.763095781814,-0.00006985995440381136,0,0,0,-0.014672626198327548,-0.011738445426305819,-0.07918106252920643,-0.13263061092516779,-0.5516466396802452,,,,,,,,,,0.009,1.2283559999999998,10.178446986744184,0.03518999999999869,0,FRESH,false,1,2
2026-09-22T06:08:37.219Z,2728.87,2728.88,2728.875,381.669,40.445,0.0003664513764909818,9.436741253554208,2728.879041846516,0.00014811402193118454,0.020892092343037485,0.020892092343037485,0.025658178086076518,0.11409640963177942,0.09940704249376088,0.01539332699275131,-0.024912485734864875,-0.43817963905819535,,,,,,,,,,0.009,1.2283559999999998,10.178446986744184,0.0071999999999975434,0,FRESH,false,1,2
2026-09-22T06:09:07.232Z,2729.86,2729.87,2729.865,151.215,56.538,0.00036631848094186096,2.6745728536559485,2729.8672785952554,0.00008346915527233236,0.007693279919991222,0.007693279919991222,0.007693279919991222,0.03627868627180731,0.15041648858208442,0.07258370495822086,-0.00988962084294134,-0.40205991860294893,,,,,,,,,,0.009,1.2283559999999998,10.178446986744184,-0.001710000000000491,0,FRESH,false,1,2
2026-09-22T06:09:37.233Z,2729.42,2729.43,2729.425,89.368,101.788,0.000366377533720968,1.1389759197923195,2729.424675134445,-0.000011902344093910409,0,0,0.004763134802214826,-0.016118013161808362,0.020154825706570727,0.05425329322990284,0.008793834056695917,-0.4181131276941584,,,,,,,,,,0.009,1.2283559999999998,10.178446986744184,0.00225,0,FRESH,false,1,2
2026-09-22T06:10:07.242Z,2727.47,2727.48,2727.475,94.37,92.323,0.0003666394742469969,1.022172156450722,2727.4750548226234,0.0000020100137855296626,0,0,0,-0.07144361907728818,-0.0875501169471704,0.050988872320557606,-0.016496054693595785,-0.4892580316211847,,,,,,,,,,0.009,2.4564195,8.950383486744183,0.033749999999999995,0,FRESH,false,1,2
2026-09-22T06:10:37.243Z,2727.89,2727.9,2727.895,120.529,31.172,0.00036658302464787974,3.8665789811369176,2727.8979451684563,0.00010796487607974365,0,0.032636537153392556,0.035938047207192673,0.015398857918040413,-0.05605576266064098,0.06345910830782503,-0.020524435990329524,-0.47393451385228624,,,,,,,,,,0.009,2.4564195,8.950383486744183,0.026189999999998687,0,FRESH,false,1,2
2026-09-22T06:11:07.256Z,2727,2727.01,2727.005,41.084,177.835,0.00036670266465291696,4.3285707331321195,2727.001876675848,-0.00011453312891090183,-0.012832946206119447,-0.019798023497319517,-0.013199553415097452,-0.03262588919294448,-0.01723205528922538,0.045491816058969924,-0.03225942442588706,-0.5064057776958941,,,,,,,,,,0.009,2.4564195,8.950383486744183,0.042209999999996396,0,FRESH,false,1,2
2026-09-22T06:11:37.257Z,2726.07,2726.08,2726.075,142.855,62.372,0.0003668277651848732,2.290370679150901,2726.076960828741,0.00007192864250527394,0,0,0.0051358524689646915,-0.034103347811987546,-0.0667181104844638,-0.10260638541524188,-0.06854976914856756,-0.540336424184174,,,,,,,,,,0.009,2.4564195,8.950383486744183,0.05895000000000163,0,FRESH,false,1,2
2026-09-22T06:12:07.267Z,2726.39,2726.4,2726.395,61.722,257.668,0.0003667847102205762,4.174654094164155,2726.3919324963213,-0.00011251134478758765,-0.00036678336489859477,-0.00036678336489859477,-0.00036678336489859477,0.011738488486199527,-0.022368862543344338,-0.12711251288982423,0.011371619006742103,-0.5286613630269141,,,,,,,,,,0.009,2.4564195,8.950383486744183,0.05318999999999868,0,FRESH,false,1,2
2026-09-22T06:12:37.281Z,2725.1,2725.11,2725.105,54.959,276.266,0.0003669583373931749,5.0267654069397185,2725.10165926485,-0.00012259106163732853,0,0,0,-0.04731522761742021,-0.03558229322376677,-0.15827509457120686,-0.03888245942560137,-0.5757264533170928,,,,,,,,,,0.009,2.4564195,8.950383486744183,0.07640999999999804,0,FRESH,false,1,2
2026-09-22T06:13:07.291Z,2725.08,2725.09,2725.085,154.249,72.156,0.00036696103058136823,2.137715505294085,2725.0868129679116,0.00006652885732074709,0,0,-0.010273853226989609,-0.0007339166747696624,-0.048048797037844676,-0.08762683434311488,-0.024947124935579223,-0.5764561446394205,,,,,,,,,,0.009,2.4564195,8.950383486744183,0.0767699999999977,0,FRESH,false,1,2
2026-09-22T06:13:37.306Z,2725.47,2725.48,2725.475,257.378,47.911,0.00036690852054112696,5.372002254179624,2725.478430634579,0.0001258729057950427,0.017614711219654283,0.033766982131012875,0.033766982131012875,0.014311480192356299,0.0135774584832471,-0.08871309196285314,-0.12459346800421753,-0.5622271638540219,,,,,,,,,,0.009,2.4564195,8.950383486744183,0.06975,0,FRESH,false,1,2
2026-09-22T06:14:07.315Z,2724.95,2724.96,2724.955,95.063,97.342,0.0003669785372682587,1.0239735754184067,2724.954940775967,-0.0000021733949025260885,0.005504981090376603,0.00660605004082305,0.00660605004082305,-0.019079243067721473,-0.004770493397457662,-0.07517404625221376,-0.17986237414670156,-0.5811991382345589,,,,,,,,,,0.009,3.6828855,7.723917486744185,0.0837899999999995,0,FRESH,false,1,2
2026-09-22T06:14:37.321Z,2729.1,2729.11,2729.105,8.004,408.997,0.00036642049317333995,51.09907546226887,2729.1001919419855,-0.00017617709888525487,-0.007327872846760359,-0.014654671817787143,-0.014654671817787143,0.1522960929630064,0.13318779295352587,0.11114881285365225,-0.011724081079354211,-0.4297881888514184,,,,,,,,,,0.009,3.6828855,7.723917486744185,-0.02826000000000295,0,FRESH,false,1,2
2026-09-22T06:15:07.331Z,2728.94,2728.95,2728.9449999999997,133.475,32.251,0.0003664419766526453,4.138631360267898,2728.94805395653,0.00011190978676717382,0,-0.025278104948116113,-0.0036642854918245687,-0.005862727890656798,0.14642443636683106,0.09353010110419537,0.05389600271312478,-0.4356257194300567,,,,,,,,,,0.009,3.6828855,7.723917486744185,-0.023939999999994598,0,FRESH,false,1,2
2026-09-22T06:15:37.340Z,2727.5,2727.51,2727.505,0.528,191.492,0.000366635441556231,362.6742424242424,2727.5000274971358,-0.00018230957832700273,-0.010631297439872263,-0.017595404666798514,-0.010631297439872263,-0.05276764463921405,-0.05862727890645135,0.08807000097244293,-0.014296737960950575,-0.4881634946376849,,,,,,,,,,0.009,3.6828855,7.723917486744185,0.014939999999994596,0,FRESH,false,1,2
2026-09-22T06:16:07.352Z,2728.57,2728.58,2728.575,150.705,8.319,0.0003664916668870576,18.115759105661738,2728.579476871416,0.00016407360677443242,0.006230746535066193,0.006230746535066193,0.032628401006709815,0.03922999224564974,-0.013558353136464491,0.128069399670094,0.057572318349240606,-0.4491250088931275,,,,,,,,,,0.009,4.910193,6.496609986744184,-0.025019999999997707,0,FRESH,false,1,2
2026-09-22T06:16:37.366Z,2727.46,2727.47,2727.465,60.574,99.638,0.0003666408184802933,1.6448971505926637,2727.463780865354,-0.00004469845245905495,0,0,0,-0.04068057502541336,-0.0014665417661915787,0.07301479558609918,0.05098905936191512,-0.4896228772823402,,,,,,,,,,0.009,4.910193,6.496609986744184,0.014940000000006877,0,FRESH,false,1,2
2026-09-22T06:17:07.377Z,2726.55,2726.56,2726.5550000000003,26.83,88.191,0.00036676318650324426,3.28702944465151,2726.552332617522,-0.00009782976973483967,0,0,0,-0.03336431448249032,-0.0740313167129189,0.05871656596165308,0.0058685553634124634,-0.5228238324482759,,,,,,,,,,0.009,4.910193,6.496609986744184,0.04770000000000163,0,FRESH,false,1,2
2026-09-22T06:17:37.389Z,2727.44,2727.45,2727.4449999999997,20.917,162.037,0.0003666435070098034,7.746665391786585,2727.4411432928496,-0.00014140366350686275,0,-0.008798669934403586,-0.015763185629850747,0.03264192359953927,-0.0007332816369939323,-0.06082580186545806,0.08586825094811726,-0.49035256860468457,,,,,,,,,,0.009,4.910193,6.496609986744184,0.015660000000006214,0,FRESH,false,1,2
2026-09-22T06:18:07.392Z,2728.33,2728.34,2728.335,57.992,101.436,0.0003665239056134338,1.7491378121120156,2728.3336375040767,-0.000049938732719081523,0,0,0,0.032631272124656135,0.06528384719911189,-0.022352960576327945,0.11926233493634143,-0.45788130476106004,,,,,,,,,,0.009,4.910193,6.496609986744184,-0.016380000000005567,0,FRESH,false,1,2
2026-09-22T06:18:37.403Z,2726.04,2726.05,2726.045,145.467,28.009,0.0003668318021242598,5.193580634795959,2726.0483854250733,0.00012418815805489126,0,-0.015037842179674871,-0.01797152796497319,-0.0839339743836429,-0.051330090982572935,-0.053528774466042636,0.020913785670393738,-0.5414309611676573,,,,,,,,,,0.009,4.910193,6.496609986744184,0.06605999999999312,0,FRESH,false,1,2
2026-09-22T06:19:07.413Z,2725.58,2725.59,2725.585,14.371,160.707,0.00036689371273390035,11.182729107229838,2725.5808208341423,-0.00015333096776469886,-0.011005600016148219,-0.011005600016148219,-0.011005600016148219,-0.016874262897348957,-0.10079407404149418,-0.10958100840181347,0.02311964784739965,-0.5582138615812112,,,,,,,,,,0.009,4.910193,6.496609986744184,0.08261999999999442,0,FRESH,false,1,2
2026-09-22T06:19:37.415Z,2725.18,2725.19,2725.185,3.722,330.891,0.0003669475650357051,88.90139709833423,2725.1801112329767,-0.00017939211551521822,-0.00036694621851880444,-0.00036694621851880444,-0.00036694621851880444,-0.014675748509039013,-0.0315475349820024,-0.08359410661549094,-0.14363683332081661,-0.5728076880277819,,,,,,,,,,0.009,6.136645499999999,5.270157486744185,0.09935999999999556,0,FRESH,false,1,2
2026-09-22T06:20:07.432Z,2724.99,2725,2724.995,74.331,45.086,0.00036697315041746054,1.6486492481036243,2724.99622449065,0.00004493551915515129,0.013579850438129683,0.013579850438129683,0.013579850438129683,-0.006972003735528215,-0.02164672905083296,-0.05721505709587373,-0.144744580781211,-0.5797397555899035,,,,,,,,,,0.009,6.136645499999999,5.270157486744185,0.10790999999999802,0,FRESH,false,1,2
2026-09-22T06:20:37.445Z,2725.77,2725.78,2725.775,18.487,157.15,0.00036686813842735656,8.50056796667929,2725.7710525686502,-0.00014481867908551146,0,-0.012838736301523556,-0.02274065203317534,0.02862390573194447,0.021649906336639366,-0.06122946567207105,-0.06342793138784414,-0.5512817940190897,,,,,,,,,,0.009,6.136645499999999,5.270157486744185,0.07280999999998901,0,FRESH,false,1,2
2026-09-22T06:21:07.459Z,2725,2725.01,2725.005,82.571,24.91,0.0003669718037294713,3.3147731834604577,2725.007682381072,0.0000984358220163272,0,-0.002935688244584196,-0.0168778538708087,-0.028248846658289174,0.00036697315041746054,-0.12205246056660662,-0.1308375250817628,-0.5793749099287313,,,,,,,,,,0.009,6.136645499999999,5.270157486744185,0.1074599999999882,0,FRESH,false,1,2
2026-09-22T06:21:37.469Z,2725.61,2725.62,2725.615,129.502,34.567,0.0003668896744317716,3.746405531287066,2725.6178931425193,0.00010614641170880353,0,0,0,0.02238528002699711,-0.0058698902147209225,-0.01577376749100954,-0.06782855142047153,-0.557119324597728,,,,,,,,,,0.009,6.136645499999999,5.270157486744185,0.08001000000000294,0,FRESH,false,1,2
2026-09-22T06:22:07.475Z,2726.64,2726.65,2726.645,57.105,182.515,0.00036675108054837647,3.1961299360826545,2726.6423831483185,-0.00009597331818125418,-0.006601083677897785,0.02200990812697182,0.02200990812697182,0.037789636467373426,0.06018337581031494,0.03889073354894254,0.003300868678595912,-0.5195402214978094,,,,,,,,,,0.009,6.136645499999999,5.270157486744185,0.03365999999999394,0,FRESH,false,1,2
2026-09-22T06:22:37.482Z,2725.06,2725.07,2725.065,60.876,66.005,0.0003669637238090937,1.0842532360864707,2725.064797881479,-0.000007417016510585311,-0.0033025644412773138,-0.0033025644412773138,-0.010640815600168184,-0.05794667072537595,-0.020178932094214598,-0.0044033707803283395,-0.08726115467038399,-0.5771858359617482,,,,,,,,,,0.009,8.5898655,2.816937486744184,0.11789999999998689,0,FRESH,false,1,2
2026-09-22T06:23:07.493Z,2725,2725.01,2725.005,131.085,25.047,0.0003669718037294713,5.233560905497664,2725.0083957804936,0.0001246155692749133,-0.005871204128918964,-0.005871204128918964,-0.005871204128918964,-0.0022017823428044994,-0.06014717720861618,0.00036697315041746054,-0.12205246056660662,-0.5793749099287313,,,,,,,,,,0.009,8.5898655,2.816937486744184,0.12167999999998345,0,FRESH,false,1,2
2026-09-22T06:23:37.501Z,2725.57,2725.58,2725.575,85.768,105.716,0.0003668950588321192,1.2325809159593322,2725.5744791209713,-0.00001911079418103047,-0.010272006397999897,-0.010272006397999897,-0.010272006397999897,0.0209173928121126,0.018715149913846586,-0.007337362768396982,-0.017241094699473214,-0.5585787072423833,,,,,,,,,,0.009,8.5898655,2.816937486744184,0.0857700000000018,0,FRESH,false,1,2
2026-09-22T06:24:07.514Z,2725.02,2725.03,2725.025,79.585,57.898,0.00036696911038314433,1.3745725240940962,2725.025788715696,0.00002894342972127672,0,-0.0014678548952029996,-0.0029356666990786495,-0.02017922823623372,0.0007339436074422545,0.0007339436074422545,-0.020546047912647945,-0.5786452186064037,,,,,,,,,,0.009,8.5898655,2.816937486744184,0.12041999999998461,0,FRESH,false,1,2
2026-09-22T06:24:37.521Z,2725.28,2725.29,2725.285,35.825,61.771,0.0003669341004615492,1.7242428471737612,2725.2836707447027,-0.00004877490967552629,0,-0.006237490620834787,-0.006237490620834787,0.00954119686974481,-0.010639956706381723,-0.012107359256532094,0.0036694756502736164,-0.5691592314161434,,,,,,,,,,0.009,8.5898655,2.816937486744184,0.10403999999999951,0,FRESH,false,1,2
2026-09-22T06:25:07.533Z,2724.85,2724.86,2724.855,1.385,186.658,0.00036699200508718,134.771119133574,2724.8500736533665,-0.00018079298287470517,-0.008440103703187908,-0.008440103703187908,-0.008440103703187908,-0.015778166320213713,-0.00623847487637995,-0.06564844341672509,-0.005137624105727632,-0.5848475948461974,,,,,,,,,,0.009,8.5898655,2.816937486744184,0.13112999999998917,0,FRESH,false,1,2
2026-09-22T06:25:37.544Z,2725.99,2726,2725.995,335.248,21.09,0.0003668385305262218,15.896064485538169,2725.9994081461987,0.00016170778738715147,0,0,0.015409592471316062,0.04183708857902063,0.026052321133387388,0.03412762631349477,0.008071099045218329,-0.5432551894734848,,,,,,,,,,0.009,8.5898655,2.816937486744184,0.05930999999999722,0,FRESH,false,1,2
2026-09-22T06:26:07.556Z,2727.62,2727.63,2727.625,275.782,18.361,0.00036661931168024487,15.019988018081802,2727.629375779808,0.0001604245381243781,0.016133852305584496,0.016133852305584496,0.016500591271180545,0.059794680474472964,0.10165678540692924,0.09614661257501879,0.09320810176563166,-0.48378534670371864,,,,,,,,,,0.009,8.5898655,2.816937486744184,-0.04338000000000966,0,FRESH,false,1,2
2026-09-22T06:26:37.563Z,2727.13,2727.14,2727.135,67.554,194.615,0.00036668518425980127,2.8808804808005446,2727.1325767348544,-0.00008885754265219059,-0.00036668383968448804,-0.005499975250098036,-0.016131545420367904,-0.017964346271931872,0.04181959247908846,0.05723562917917871,0.05576723051496402,-0.5016627841007557,,,,,,,,,,0.009,8.5898655,2.816937486744184,-0.012509999999994756,0,FRESH,false,1,2
2026-09-22T06:27:07.577Z,2725.79,2725.8,2725.795,1.073,164.508,0.00036686544660248765,153.31593662628146,2725.790064802121,-0.00018105535739662006,-0.007703580881180935,-0.007703580881180935,-0.012471869514904635,-0.04913581469198061,-0.06709133403601768,0.028256621498884665,-0.031173841845928203,-0.5505521026967619,,,,,,,,,,0.009,8.5898655,2.816937486744184,0.07190999999998575,0,FRESH,false,1,2
2026-09-22T06:27:37.585Z,2725.98,2725.99,2725.9849999999997,183.64,2.718,0.0003668398762195512,67.5643855776306,2725.9898541516864,0.00017806964039370125,0,0.006236666831740892,0.006236666831740892,0.006970443485280434,-0.042168796190894316,0.025685387032909148,0.03376066258968567,-0.5436200351346571,,,,,,,,,,0.009,8.5898655,2.816937486744184,0.059940000000010964,0,FRESH,false,1,2
2026-09-22T06:28:07.602Z,2728.23,2728.24,2728.2349999999997,65.287,113.452,0.0003665373400665094,1.7377425827500113,2728.2336526443587,-0.00004938561527777287,0,0,0.010997329481814162,0.08253897215135081,0.08951516896903838,0.12404329771674655,0.11853189260201591,-0.4615297613727152,,,,,,,,,,0.009,8.5898655,2.816937486744184,-0.08180999999998903,0,FRESH,false,1,2
2026-09-22T06:28:37.614Z,2728.25,2728.26,2728.255,193.142,56.383,0.0003665346531104416,3.4255360658354466,2728.257740386735,0.0001004446701201213,0.009164206077334902,0.009164206077334902,0.009164206077334902,0.0007330746801663552,0.08327265190382327,0.08290550789712448,0.09832787576934376,-0.4608000700503709,,,,,,,,,,0.009,8.5898655,2.816937486744184,-0.08307000000001653,0,FRESH,false,1,2
2026-09-22T06:29:07.623Z,2727.95,2727.96,2727.955,113.979,9.376,0.00036657496183838367,12.156463310580206,2727.9592399173116,0.0001554247526692766,0,0,0.007698666847525571,-0.010996039593079895,-0.010263045522095617,0.01209843728518133,0.1075219493399083,-0.4717454398853031,,,,,,,,,,0.009,8.5898655,2.816937486744184,-0.06417000000000507,0,FRESH,false,1,2
2026-09-22T06:29:37.634Z,2728.72,2728.73,2728.725,18.866,69.293,0.00036647152058995607,3.67290363617089,2728.7221399970504,-0.00010481096297891762,0,0,0,0.028226272060938758,0.01722712869580739,0.05830294429867574,0.12622533056175977,-0.4436523239756614,,,,,,,,,,0.009,8.5898655,2.816937486744184,-0.11268000000000392,0,FRESH,false,1,2
2026-09-22T06:30:07.647Z,2728.32,2728.33,2728.325,169.596,68.924,0.0003665252489994239,2.4606232952237246,2728.3271103471407,0.00007734955112907554,0.008430791449695243,0,0.006231317502124065,-0.014658860823281604,0.013563273587720139,0.09281695798839404,0.12734622576246443,-0.4582461504222322,,,,,,,,,,0.009,9.817533000000001,1.589269986744183,-0.08909999999999672,0,FRESH,false,1,2
2026-09-22T06:30:37.649Z,2727.1,2727.11,2727.105,163.488,29.393,0.000366689218061581,5.562140645731977,2727.1084761070297,0.0001274650968574879,0,0,-0.006233328138895885,-0.044716080378979776,-0.059368386334273,0.04108606613757397,0.040719076887526476,-0.5027573210842555,,,,,,,,,,0.009,9.817533000000001,1.589269986744183,-0.0012600000000111342,0,FRESH,false,1,2
2026-09-22T06:31:07.658Z,2727.37,2727.38,2727.375,139.083,102.047,0.0003666529171902756,1.3629308063931327,2727.3757679674864,0.00002815775191727878,0,-0.003666394742386605,-0.003666394742386605,0.00990060888744591,-0.03481989865576199,-0.031522211246453206,-0.009165482791806057,-0.49290648823282324,,,,,,,,,,0.009,9.817533000000001,1.589269986744183,-0.020700000000009818,0,FRESH,false,1,2
2026-09-22T06:31:37.665Z,2728.75,2728.76,2728.755,70.617,87.598,0.00036646749159298945,1.2404661766996614,2728.754463356825,-0.000019666227825874066,0.008429462804996039,0.008429462804996039,0.008429462804996039,0.050598102571157585,0.06050372097884353,0.018326732655122045,0.059402999851488496,-0.4425577869921616,,,,,,,,,,0.009,9.817533000000001,1.589269986744183,-0.12006000000001768,0,FRESH,false,1,2
2026-09-22T06:32:07.678Z,2729.71,2729.72,2729.715,47.251,117.203,0.00036633861043235393,2.4804342765232485,2729.712873204665,-0.00007791272478055452,0,-0.01062269116723096,-0.01794737025240895,0.03518087919216039,0.08579678262065706,0.06451719328215526,0.14381125506503872,-0.40753260352039844,,,,,,,,,,0.009,9.817533000000001,1.589269986744183,-0.18917999999998752,0,FRESH,false,1,2
2026-09-22T06:32:37.684Z,2730.58,2730.59,2730.585,153.63,25.189,0.0003662218901890356,6.099090873000119,2730.5885913689267,0.0001315237916660189,0,0.009522675871928005,0.009522675871928005,0.031871459108364454,0.06706355096005054,0.06816370282824863,0.16874634306499722,-0.3757910309991182,,,,,,,,,,0.009,9.817533000000001,1.589269986744183,-0.2518200000000124,0,FRESH,false,1,2
2026-09-22T06:33:07.685Z,2732.43,2732.44,2732.435,32.761,83.244,0.00036597393900379254,2.5409480785079817,2732.4328241024095,-0.00007963218120119709,0,0.001463917186203445,0.001463917186203445,0.0677510496834894,0.09964410203994922,0.1506418773423301,0.15394568283158427,-0.30829458368374707,,,,,,,,,,0.009,9.817533000000001,1.589269986744183,-0.3850200000000059,0,FRESH,false,1,2
2026-09-22T06:33:37.700Z,2733.52,2733.53,2733.525,81.895,56.923,0.00036582800597098175,1.4386978901322838,2733.5258994510805,0.00003290443951988424,-0.00036582666765794226,-0.00036582666765794226,-0.00036582666765794226,0.039891159350547975,0.1076692357132283,0.23541447799039905,0.19316376218498568,-0.2685264066168455,,,,,,,,,,0.009,9.817533000000001,1.589269986744183,-0.46350000000001634,0,FRESH,false,1,2
2026-09-22T06:34:07.708Z,2733.12,2733.13,2733.125,1.731,224.723,0.00036588154585751764,129.82264586943964,2733.1200764393648,-0.00018014399763033252,0,0.013905432083861066,0.03403856606136426,-0.014633120238523187,0.025252201790712483,0.21082542737980658,0.18951925526631022,-0.28312023306341627,,,,,,,,,,0.009,9.817533000000001,1.589269986744183,-0.43470000000000975,0,FRESH,false,1,2
2026-09-22T06:34:37.723Z,2731.59,2731.6,2731.5950000000003,2.451,186.528,0.00036608648060065753,76.10281517747858,2731.590129696951,-0.00017829521028196282,-0.009883358072215393,-0.02196036520085332,-0.02196036520085332,-0.06329287589289834,-0.07060480515085232,0.10407676761014255,0.10517732640703426,-0.3389416192215275,,,,,,,,,,0.009,9.817533000000001,1.589269986744183,-0.3245399999999954,0,FRESH,false,1,2
2026-09-22T06:35:07.726Z,2731.59,2731.6,2731.5950000000003,162.092,70.382,0.00036608648060065753,2.3030320252337244,2731.5969724786423,0.00007220977641538508,0.0036609988303241926,0.012082313506742378,0.014279411468576232,0,-0.06329287589289834,0.06887165876291514,0.11985375642566178,-0.3389416192215275,,,,,,,,,,0.009,9.817533000000001,1.589269986744183,-0.3245399999999954,0,FRESH,false,1,2
2026-09-22T06:35:37.733Z,2732.95,2732.96,2732.955,168.053,44.476,0.0003659043050550879,3.778509758071769,2732.957907297357,0.00010637926190036728,0.004756982243652965,0.013174290372326399,0.013174290372326399,0.04978776136285476,0.04978776136285476,0.0867945879729029,0.20863392446277126,-0.28932260930321013,,,,,,,,,,0.009,9.817533000000001,1.589269986744183,-0.42246000000000455,0,FRESH,false,1,2
2026-09-22T06:36:07.746Z,2731.69,2731.7,2731.6949999999997,27.136,175.028,0.00036607307916013804,6.450029481132075,2731.691342276568,-0.00013389940794425795,-0.005490794682734404,-0.005490794682734404,0.0003660744192600366,-0.046103942435942714,0.003660864806073166,-0.027082071485698158,0.15839406022273098,-0.3352931626099055,,,,,,,,,,0.009,9.817533000000001,1.589269986744183,-0.3317399999999889,0,FRESH,false,1,2
2026-09-22T06:36:37.750Z,2731.85,2731.86,2731.855,56.888,75.89,0.00036605163891269044,1.3340247503867249,2731.8542844447124,-0.000026193018574198438,0,0,0,0.005857169266712032,-0.04024947355517779,-0.06109327699582308,0.11360492239134362,-0.3294556320312672,,,,,,,,,,0.009,9.817533000000001,1.589269986744183,-0.3432600000000111,0,FRESH,false,2,3
2026-09-22T06:37:07.763Z,2732.13,2732.14,2732.135,134.414,18.471,0.0003660141244764088,7.27702885604461,2732.138791837002,0.00013878659003671505,0.013910471473470685,0.013910471473470685,0.010249445889338932,0.010249445889338932,0.016107215483445604,-0.043536718099735666,0.08865394372672872,-0.31923995351866274,,,,,,,,,,0.009,9.817533000000001,1.589269986744183,-0.3634199999999928,0,FRESH,false,2,3
2026-09-22T06:37:37.779Z,2731.45,2731.46,2731.455,158.904,25.459,0.0003661052442825629,6.241564869005067,2731.4586190830046,0.00013249652674676124,0,0,0,-0.024888960464994992,-0.01464206555619134,-0.005125210728542387,0.03186130444574664,-0.34404945847783797,,,,,,,,,,0.009,9.817533000000001,1.589269986744183,-0.3144600000000045,0,FRESH,false,2,3
2026-09-22T06:38:07.785Z,2733.92,2733.93,2733.925,81.119,10.929,0.00036577448173463176,7.4223625217311735,2733.928812684686,0.00013945827649722314,0,-0.014994505062468735,-0.019747921439841564,0.09042799533582851,0.06551652828282509,0.08529814998196757,0.05453011691038347,-0.25393258017027476,,,,,,,,,,0.009,9.817533000000001,1.589269986744183,-0.4922999999999902,0,FRESH,false,2,3
2026-09-22T06:38:37.792Z,2734.03,2734.04,2734.035,198.724,18.351,0.00036575976531988554,10.829055637294971,2734.0391546239775,0.00015195942911058248,0,0,0.00548669750189332,0.004023519299164117,0.09445515302283682,0.03951766494508425,0.01865722830410417,-0.2499192778974807,,,,,,,,,,0.009,9.817533000000001,1.589269986744183,-0.5002199999999993,0,FRESH,false,2,3
2026-09-22T06:39:07.806Z,2735.04,2735.05,2735.045,276.069,47.546,0.0003656246972250284,5.806355950027342,2735.048530785038,0.00012909422104710234,0.014261396775839272,0.016455818868966632,0.016455818868966632,0.036941736298189976,0.040966741955243496,0.12263448152155948,0.06292702111897615,-0.21306986611988993,,,,,,,,,,0.009,9.817533000000001,1.589269986744183,-0.5729400000000151,0,FRESH,false,2,3
2026-09-22T06:39:37.827Z,2733.26,2733.27,2733.2650000000003,50.421,356.049,0.0003658628050980615,7.061521984887249,2733.2612404605507,-0.00013754756489673615,-0.012437788195430238,-0.03035739431146054,-0.030723033680114364,-0.06508119610462516,-0.028163501930279864,0.05161328108557406,0.061136442261758156,-0.27801239380710574,,,,,,,,,,0.009,9.817533000000001,1.589269986744183,-0.4447800000000006,0,FRESH,false,2,3
2026-09-22T06:40:07.833Z,2734.59,2734.6,2734.5950000000003,263.694,27.711,0.0003656848637463145,9.515860127747105,2734.599049055438,0.000148067828615117,0,0,0,0.04865975307919017,-0.01645311137476049,0.09003947462332704,0.10982594418279427,-0.22948792087227168,,,,,,,,,,0.009,9.817533000000001,1.589269986744183,-0.5405399999999954,0,FRESH,false,2,3
2026-09-22T06:40:37.846Z,2733.77,2733.78,2733.775,4.899,306.086,0.0003657945514981401,62.479281486017555,2733.7701575317137,-0.00017713485149179045,-0.00036579321342986124,-0.00036579321342986124,-0.00036579321342986124,-0.02998615882791286,0.01865900306043371,0.08493641667170661,0.030004153013868277,-0.25940526508774087,,,,,,,,,,0.009,9.817533000000001,1.589269986744183,-0.4815000000000163,0,FRESH,false,2,3
2026-09-22T06:41:07.850Z,2734.63,2734.64,2734.635,33.173,224.767,0.0003656795148077725,6.775600639073946,2734.6312860742805,-0.00013581065552419568,-0.005850529930025997,-0.005850529930025997,-0.005850529930025997,0.031458331428158036,0.001462739455018517,0.025969988203774292,0.10762548527564422,-0.22802853822761626,,,,,,,,,,0.009,9.817533000000001,1.589269986744183,-0.5434199999999928,0,FRESH,false,2,3
2026-09-22T06:41:37.861Z,2734.8,2734.81,2734.8050000000003,56.666,212.104,0.00036565678356458795,3.743055800656479,2734.802108345426,-0.00010573531108584975,0,0,0,0.006216551751881796,0.03767683880349334,0.028163501930313133,0.10798523347689656,-0.22182616198782243,,,,,,,,,,0.009,9.817533000000001,1.589269986744183,-0.555659999999998,0,FRESH,false,2,3
2026-09-22T06:42:07.867Z,2734.2,2734.21,2734.205,202.605,47.856,0.00036573702411553925,4.2336384152457365,2734.208089283362,0.00011298653034382308,0,0,0,-0.02193940701440738,-0.01572421913711669,-0.030712474566237317,0.07576492376839757,-0.24371690165768686,,,,,,,,,,0.009,9.817533000000001,1.589269986744183,-0.5124600000000046,0,FRESH,false,2,3
2026-09-22T06:42:37.885Z,2734,2734.01,2734.005,146.28,34.704,0.00036576377878673515,4.215076071922545,2734.0080824824295,0.00011274604213829725,0,-0.007314740482144466,-0.007314740482144466,-0.007314740482144466,-0.02925254268586542,0.027073847577888777,0.09335683729002242,-0.2510138148809639,,,,,,,,,,0.009,9.817533000000001,1.589269986744183,-0.4980600000000176,0,FRESH,false,2,3
2026-09-22T06:43:07.887Z,2733.43,2733.44,2733.435,1.982,152.49,0.00036584005107925664,76.93743693239153,2733.4301283080426,-0.00017822600344640725,0,0.006951444162526762,-0.011339755536816544,-0.02084853539039481,-0.028161750856281146,-0.04241944419558689,-0.017922949605429426,-0.27181001756732853,,,,,,,,,,0.009,9.817533000000001,1.589269986744183,-0.45702000000000587,0,FRESH,false,2,3
2026-09-22T06:43:37.894Z,2733.19,2733.2,2733.1949999999997,135.924,47.645,0.0003658721752294854,2.852849197187533,2733.197404518192,0.00008797463013722912,0,0,0,-0.008780161225719159,-0.02962686608109349,-0.021216083986442993,-0.03072382028760223,-0.2805663134352776,,,,,,,,,,0.009,9.817533000000001,1.589269986744183,-0.43973999999998886,0,FRESH,false,2,3
2026-09-22T06:44:07.904Z,2732.83,2732.84,2732.835,330.107,33.616,0.00036592037207582154,9.819936934792956,2732.8390757801953,0.00014914110055337199,0.013906907890527353,0.0091488462390008,-0.006220259384819009,-0.013171398308560957,-0.02195040306427294,-0.0658223126669622,-0.08080305808496885,-0.29370075723717637,,,,,,,,,,0.009,9.817533000000001,1.589269986744183,-0.4138200000000124,0,FRESH,false,2,3
2026-09-22T06:44:37.912Z,2733.38,2733.39,2733.385,168.217,23.969,0.00036584674313217973,7.0181067211815265,2733.388752822786,0.00013729579937796715,0,0.013904109213122885,0.013904109213122885,0.020125620463737542,0.006951571329543239,-0.05192326326740197,0.004390353661276563,-0.2736342458731395,,,,,,,,,,0.009,9.817533000000001,1.589269986744183,-0.4534199999999928,0,FRESH,false,2,3
2026-09-22T06:45:07.928Z,2732.37,2732.38,2732.375,102.496,119.646,0.00036598197539570076,1.1673236028723073,2732.3746139856485,-0.000014127429490240493,0,-0.013173615443856526,-0.013173615443856526,-0.0369505210572319,-0.01683233711512171,-0.06692987541168008,-0.08118203975361084,-0.31048365765073027,,,,,,,,,,0.009,9.817533000000001,1.589269986744183,-0.3807000000000098,0,FRESH,false,2,3
2026-09-22T06:45:37.932Z,2732.17,2732.18,2732.175,294.432,43.667,0.00036600876590128854,6.742666086518423,2732.178708455215,0.00013573271166814193,0,0,0,-0.0073196395077475855,-0.04426745592004186,-0.06693477151650883,-0.05852712823842156,-0.31778057087400735,,,,,,,,,,0.009,9.817533000000001,1.589269986744183,-0.36629999999999013,0,FRESH,false,2,3
2026-09-22T06:46:07.935Z,2732.89,2732.9,2732.895,193.913,32.983,0.00036591233838908116,5.879180183731014,2732.8985463384106,0.00012976489805188767,0,0,0,0.02635263114550861,0.019031062720160367,-0.01975536275784731,-0.06362823557806567,-0.2915116832701932,,,,,,,,,,0.009,9.817533000000001,1.589269986744183,-0.41814000000000845,0,FRESH,false,2,3
2026-09-22T06:46:37.944Z,2732.54,2732.55,2732.545,344.518,16.832,0.0003659592065352365,20.468037072243344,2732.549534191228,0.00016593290239598317,0.00036596054580154613,0.00036596054580154613,0.00036596054580154613,-0.012806931843334965,0.013542324338663914,-0.0237816913904656,-0.082638433087559,-0.3042812814109364,,,,,,,,,,0.009,9.817533000000001,1.589269986744183,-0.39294000000001506,0,FRESH,false,2,3
2026-09-22T06:47:07.958Z,2732.44,2732.45,2732.4449999999997,0.889,268.097,0.0003659725996228115,301.57142857142856,2732.440033050047,-0.0001817767586404006,0,-0.005855218738175083,-0.005855218738175083,-0.0036595920652857977,-0.016466055227159215,-0.014270894510657519,-0.06436971624293783,-0.3079297380225916,,,,,,,,,,0.009,9.817533000000001,1.589269986744183,-0.38573999999998887,0,FRESH,false,2,3
2026-09-22T06:47:37.968Z,2731.91,2731.92,2731.915,197.271,10.24,0.0003660435994611208,19.26474609375,2731.9195065321837,0.00016495872615979214,0,0,0,-0.019396547780458358,-0.023055430011220644,-0.05377947124171145,-0.07644462976476434,-0.3272665580642841,,,,,,,,,,0.009,11.04687,0.35993298674418384,-0.34812000000000665,0,FRESH,false,2,3
2026-09-22T06:48:07.971Z,2731.82,2731.83,2731.825,272.029,26.401,0.00036605565875425883,10.303738494753986,2731.82911533693,0.00015064423710254047,0.0018303117936040543,0.004758950029198324,0.004758950029198324,-0.0032943923950835043,-0.022690301177146877,-0.020129008646330826,-0.058900248222479315,-0.3305501690147671,,,,,,,,,,0.009,11.04687,0.35993298674418384,-0.3408299999999949,0,FRESH,false,2,3
2026-09-22T06:48:37.977Z,2731.82,2731.83,2731.825,225.599,36.537,0.00036605565875425883,6.17453540246873,2731.8286061815243,0.0001320063153549947,0,0,0,0,-0.0032943923950835043,-0.01281030680686134,-0.05012448800762079,-0.3305501690147671,,,,,,,,,,0.009,11.04687,0.35993298674418384,-0.3408299999999949,0,FRESH,false,2,3
2026-09-22T06:49:07.981Z,2732.63,2732.64,2732.635,28.227,150.354,0.0003659471535628992,5.326602189393134,2732.6315806272783,-0.0001251309714603108,0,0,0,0.029650508359810757,0.029650508359810757,-0.009513720797899793,-0.00731840744135003,-0.30099767046045345,,,,,,,,,,0.009,11.04687,0.35993298674418384,-0.4064399999999905,0,FRESH,false,2,3
2026-09-22T06:49:37.987Z,2732.04,2732.05,2732.045,27.35,332.025,0.0003660261818607775,12.139853747714806,2732.040761043478,-0.00015515690707623627,-0.012809275379288464,-0.012809275379288464,-0.019029739457249208,-0.021590882060726936,0.008053224492793451,-0.018297960326362418,-0.04902346358087666,-0.3225235644691457,,,,,,,,,,0.009,11.04687,0.35993298674418384,-0.3586500000000155,0,FRESH,false,2,3
2026-09-22T06:50:07.992Z,2731.15,2731.16,2731.1549999999997,63.309,118.963,0.00036614545859768236,1.8790851221785212,2731.1534733255794,-0.00005589849057806177,0,0,0,-0.03257633018491011,-0.0541601787286071,-0.04721046535245773,-0.0446498009973102,-0.3549948283127702,,,,,,,,,,0.009,11.04687,0.35993298674418384,-0.28655999999998905,0,FRESH,false,2,3
2026-09-22T06:50:38.002Z,2732.39,2732.4,2732.395,87.598,71.539,0.00036597929655918265,1.2244789555347433,2732.3955045652488,0.000018466043481091844,0,0,0,0.04540203686719489,0.012810916364844249,0.017570092773750948,0.008052192850011434,-0.3097539663284025,,,,,,,,,,0.009,11.04687,0.35993298674418384,-0.3870000000000081,0,FRESH,false,2,3
2026-09-22T06:51:08.013Z,2731.53,2731.54,2731.535,88.038,19.407,0.00036609452193596387,4.536404390168496,2731.5381937735588,0.00011692230042468347,0,0,0,-0.031474219503407355,0.013913527427044938,-0.010615614104123202,-0.049764078019833444,-0.3411306931885272,,,,,,,,,,0.009,11.04687,0.35993298674418384,-0.31733999999999785,0,FRESH,false,2,3
2026-09-22T06:51:38.013Z,2732.67,2732.68,2732.675,59.748,100.517,0.0003659417969485406,1.682349199973221,2732.673728075375,-0.00004654503829191482,0,-0.0014637457619972672,-0.0014637457619972672,0.041734775501698775,0.010247420303440757,0.031114730994861083,0.004757469684858223,-0.29953828781579805,,,,,,,,,,0.009,11.04687,0.35993298674418384,-0.40967999999998755,0,FRESH,false,2,3
2026-09-22T06:52:08.017Z,2731.62,2731.63,2731.625,57.25,70.956,0.0003660824600821225,1.239406113537118,2731.6244654696343,-0.000019568219126427357,0,0,0,-0.03842388868051202,0.0032948506975069153,-0.036960662510734814,-0.03000975316976953,-0.3378470822380442,,,,,,,,,,0.009,11.04687,0.35993298674418384,-0.32463000000000963,0,FRESH,false,2,3
2026-09-22T06:52:38.034Z,2734.12,2734.13,2734.125,51.514,249.497,0.0003657477255143155,4.843285320495399,2734.12171136603,-0.00012028103945456522,-0.0029258961928577865,-0.0029258961928577865,-0.0029258961928577865,0.09152061501853292,0.05306156055878646,0.07613344582537723,0.08089563547914326,-0.2466356669469977,,,,,,,,,,0.009,11.04687,0.35993298674418384,-0.5271300000000096,0,FRESH,false,2,3
2026-09-22T06:53:08.037Z,2734.04,2734.05,2734.045,76.263,130.488,0.00036575842753935206,1.7110263168246724,2734.0436886399584,-0.00004796409867630388,0,0,-0.00036575708975197194,-0.0029259818040479947,0.08859195533794254,0.10581603753724442,0.08126435624537644,-0.24955443223630852,,,,,,,,,,0.009,11.04687,0.35993298674418384,-0.5206500000000155,0,FRESH,false,2,3
2026-09-22T06:53:38.052Z,2733.28,2733.29,2733.285,294.581,22.303,0.00036586012800580737,13.208133434963907,2733.289296177781,0.00015718001530285616,0.008049570720045075,0.008049570720045075,0.008049570720045075,-0.02779764049239198,-0.03072280894253721,0.03257215739305161,0.05344412617938691,-0.27728270248479464,,,,,,,,,,0.009,11.04687,0.35993298674418384,-0.4590899999999979,0,FRESH,false,2,3
2026-09-22T06:54:08.065Z,2732.61,2732.62,2732.615,72.524,76.616,0.00036594983192888615,1.0564227014505543,2732.6148628134642,-0.00000502033896247781,0,0,0,-0.024512628576971403,-0.052303455136996316,0.03953820837001639,-0.0007318943071590811,-0.30172736178279774,,,,,,,,,,0.009,11.04687,0.35993298674418384,-0.4048199999999919,0,FRESH,false,2,3
2026-09-22T06:54:38.074Z,2731.67,2731.68,2731.675,88.649,84.493,0.0003660757593697468,1.0491875066573564,2731.6751200170957,0.000004393534936218193,0,0,0,-0.03439928420211409,-0.058903480610315896,-0.03659417969571939,-0.013542968728549157,-0.3360228539322166,,,,,,,,,,0.009,11.04687,0.35993298674418384,-0.32867999999998754,0,FRESH,false,2,3
2026-09-22T06:55:08.088Z,2731.15,2731.16,2731.1549999999997,92.2,106.084,0.00036614545859768236,1.1505856832971801,2731.1546498961093,-0.00001281889495355426,-0.006590183921060252,-0.006590183921060252,-0.006590183921060252,-0.019035939487692954,-0.05342867546288212,-0.017205875623493513,0,-0.3549948283127702,,,,,,,,,,0.009,11.04687,0.35993298674418384,-0.28655999999998905,0,FRESH,false,2,3
2026-09-22T06:55:38.090Z,2730.89,2730.9,2730.895,33.817,140.308,0.0003661803181820714,4.149037466363072,2730.8919421105525,-0.00011197389308334417,-0.00439397073982917,-0.00439397073982917,-0.00439397073982917,-0.009519781923756196,-0.028553909231522786,-0.11813651533854591,-0.05489689448267912,-0.36448081550303046,,,,,,,,,,0.009,11.04687,0.35993298674418384,-0.26550000000000823,0,FRESH,false,2,3
2026-09-22T06:56:08.095Z,2730.57,2730.58,2730.575,19.155,149.205,0.000366223231362022,7.789350039154268,2730.571137740556,-0.00014144491339184332,0,0,0,-0.011717770181576506,-0.02123643659916509,-0.12691817435339414,-0.03514507410668494,-0.3761558766602903,,,,,,,,,,0.009,11.04687,0.35993298674418384,-0.2395799999999949,0,FRESH,false,2,3
2026-09-22T06:56:38.103Z,2728.83,2728.84,2728.835,126.312,59.321,0.0003664567480341713,2.129296539168254,2728.8368043936157,0.00006612322165529678,-0.0216162744900536,-0.03443507248766124,-0.04358934441992489,-0.06372284225849068,-0.07543314554385816,-0.16280775696642752,-0.1405216500315678,-0.43963902170285074,,,,,,,,,,0.009,11.04687,0.35993298674418384,-0.09864000000001262,0,FRESH,false,2,3
2026-09-22T06:57:08.110Z,2728.78,2728.79,2728.785,207.365,39.696,0.0003664634626679468,5.223826078194277,2728.7883932712975,0.00012435099495497362,0,0,0,-0.0018322837401375275,-0.06555395841535075,-0.14015878563207507,-0.10396741866105871,-0.44146325000867837,,,,,,,,,,0.009,11.04687,0.35993298674418384,-0.09458999999999787,0,FRESH,false,2,3
2026-09-22T06:57:38.126Z,2729.13,2729.14,2729.135,183.314,26.53,0.00036641646528161965,6.90968714662646,2729.1387357274925,0.000136883206302086,0,0,0,0.01282622119369477,0.010993702440791836,-0.09298324288211311,-0.18250811502765169,-0.4286936518679185,,,,,,,,,,0.009,11.04687,0.35993298674418384,-0.12293999999999049,0,FRESH,false,2,3
2026-09-22T06:58:08.127Z,2729.32,2729.33,2729.325,85.852,155.238,0.0003663909574625057,1.808204817593067,2729.3235609938197,-0.00005272388521466071,0,0,0,0.006961912840500738,0.019789026984535742,-0.06700461892495765,-0.17263797779481518,-0.4217615843058136,,,,,,,,,,0.009,11.04687,0.35993298674418384,-0.13832999999999493,0,FRESH,false,2,3
2026-09-22T06:58:38.129Z,2728.97,2728.98,2728.975,125.493,94.279,0.000366437948321926,1.3310811527487563,2728.975710145059,0.000026022409849916178,0,0,0,-0.012823683511487605,-0.005862663444655879,-0.07030662108942573,-0.15768571517422975,-0.4345311824465568,,,,,,,,,,0.009,11.04687,0.35993298674418384,-0.10998000000000228,0,FRESH,false,2,3
2026-09-22T06:59:08.145Z,2730.24,2730.25,2730.245,271.176,40.307,0.00036626749614845114,6.727764408167316,2730.2487059646915,0.00013573744083634467,0.00915752592953467,0.02930998792795539,0.046537619435868115,0.046537619435868115,0.03370796808735027,-0.012085366635229841,-0.08673011016919292,-0.38819578347870587,,,,,,,,,,0.009,11.04687,0.35993298674418384,-0.2128500000000008,0,FRESH,false,2,3
2026-09-22T06:59:38.159Z,2730.24,2730.25,2730.245,93.59,52.98,0.00036626749614845114,1.766515666289166,2730.246385344886,0.000050740680280712206,-0.002563806740253916,-0.002563806740253916,-0.002197556683242355,0,0.046537619435868115,0.05167040147168497,-0.052348833591122336,-0.38819578347870587,,,,,,,,,,0.009,11.04687,0.35993298674418384,-0.2128500000000008,0,FRESH,false,2,3
2026-09-22T07:00:08.163Z,2729.48,2729.49,2729.4849999999997,177.65,30.839,0.0003663694799481782,5.760562923570804,2729.4885208332335,0.00012899258408743155,0,0,0.004763030093177853,-0.02783632970668267,-0.02783632970668267,0.02565244238735621,-0.061146291587261536,-0.41592405372719193,,,,,,,,,,0.009,11.04687,0.35993298674418384,-0.1512899999999831,0,FRESH,false,2,3
2026-09-22T07:00:38.166Z,2729.35,2729.36,2729.355,32.656,190.632,0.0003663869302534217,5.837579617834395,2729.351462505822,-0.00012960916326715022,-0.00476280323942628,-0.009891468608324653,-0.009891468608324653,-0.00476280323942628,-0.03259780715649595,0.008061162236378922,-0.05639176899880675,-0.4206670473223138,,,,,,,,,,0.009,11.04687,0.35993298674418384,-0.14076000000001113,0,FRESH,false,2,3
2026-09-22T07:01:08.178Z,2728.98,2728.99,2728.9849999999997,79.221,74.591,0.0003664366055424831,1.0620718317223259,2728.9851505084125,0.000005515179190941665,0,0,0,-0.013556316419093361,-0.018318473997842085,-0.0124572925540251,-0.05822949378794377,-0.4341663367854013,,,,,,,,,,0.009,11.04687,0.35993298674418384,-0.11078999999998312,0,FRESH,false,2,3
2026-09-22T07:01:38.200Z,2728.78,2728.79,2728.785,262.552,58.281,0.0003664634626679468,4.504932997031623,2728.788183447463,0.00011666171805458874,0.005863759219381721,0,0,-0.007328732111016299,-0.020884055023995183,-0.00696232101796662,-0.0018322837401375275,-0.44146325000867837,,,,,,,,,,0.009,11.04687,0.35993298674418384,-0.09458999999999787,0,FRESH,false,2,3
2026-09-22T07:02:08.205Z,2727.8,2727.81,2727.8050000000003,99.239,68.828,0.00036659511951050495,1.4418405300168535,2727.805904728472,0.00003316690421771982,0,0,0,-0.03591341934229202,-0.04323951945501282,-0.08936926905825666,-0.03591341934229202,-0.4772181248027526,,,,,,,,,,0.009,11.04687,0.35993298674418384,-0.015209999999996393,0,FRESH,false,2,3
2026-09-22T07:02:38.218Z,2728.56,2728.57,2728.565,180.422,3.187,0.00036649301007006535,56.61186068402887,2728.5698264246307,0.0001768850890729891,-0.00513063889280346,-0.00513063889280346,-0.00513063889280346,0.02786122908344854,-0.008062196178878142,-0.061532939351590654,-0.0208857385215522,-0.44948985455428314,,,,,,,,,,0.009,11.04687,0.35993298674418384,-0.07677000000001408,0,FRESH,false,2,3
2026-09-22T07:03:08.230Z,2728.17,2728.18,2728.175,188.188,26.006,0.0003665454012210921,7.236330077674382,2728.1787858670177,0.00013876921449470882,0.004398738295228317,0.004398738295228317,0.004398738295228317,-0.01429322739241589,0.013564019422205429,-0.04799440187432761,-0.04213496010917118,-0.4637188353396817,,,,,,,,,,0.009,11.04687,0.35993298674418384,-0.04517999999998755,0,FRESH,false,2,3
2026-09-22T07:03:38.233Z,2728.37,2728.38,2728.375,119.203,43.432,0.0003665185321012793,2.7445892429545036,2728.3773294801244,0.00008537976357519298,0,0,0,0.007330908024588528,-0.006963367191181246,-0.035905919164052245,-0.02198627689883231,-0.45642192211640464,,,,,,,,,,0.009,11.04687,0.35993298674418384,-0.061380000000009656,0,FRESH,false,2,3
2026-09-22T07:04:08.237Z,2727.33,2727.34,2727.335,115.937,0.025,0.00036665829464360917,4637.48,2727.3399978441216,0.00018325010024767324,0.0051334796375150085,0.018336276305680396,0.018336276305680396,-0.038117927337699684,-0.030789813703305153,-0.060462039915926115,-0.10658384137686744,-0.49436587087747863,,,,,,,,,,0.009,11.04687,0.35993298674418384,0.022859999999987394,0,FRESH,false,2,3
2026-09-22T07:04:38.257Z,2730.17,2730.18,2730.175,56.983,102.178,0.00036627688700407594,1.7931312847691416,2730.1735802112325,-0.00005200358100248518,-0.0073250011445247665,0.011722234331133475,0.03370883263015265,0.1041309556765174,0.06597333577679688,0.05093842131206113,-0.002563872472972534,-0.3907497031068445,,,,,,,,,,0.009,11.04687,0.35993298674418384,-0.20717999999998754,0,FRESH,false,2,3
2026-09-22T07:05:08.267Z,2730.77,2730.78,2730.775,364.201,7.384,0.00036619640945219866,49.32299566630552,2730.77980128369,0.0001758212848032246,0.022709333352880907,0.038465413182653264,0.038465413182653264,0.021976613220760905,0.1261304533546504,0.10887875049718729,0.04726166291444791,-0.36885896343699665,,,,,,,,,,0.009,11.04687,0.35993298674418384,-0.255780000000017,0,FRESH,false,2,3
2026-09-22T07:05:38.275Z,2729.59,2729.6,2729.5950000000003,170.35,27.308,0.0003663547156176477,6.238098725648162,2729.5986184217186,0.00013256258596345045,0,0.0058620190625645685,0.01978706915030894,-0.043211176314410245,-0.021244059446736095,0.03774878003640009,0.008793286325898845,-0.4119107514543647,,,,,,,,,,0.009,11.04687,0.35993298674418384,-0.16019999999999343,0,FRESH,false,2,3
2026-09-22T07:06:08.274Z,2728.69,2728.7,2728.6949999999997,147.671,2.408,0.0003664755496588491,61.32516611295681,2728.6998395511696,0.00017735771751258375,0,0,0,-0.032971924406387965,-0.0761688531644087,0.019060360863930172,-0.010626661560981965,-0.44474686095916127,,,,,,,,,,0.009,11.04687,0.35993298674418384,-0.08729999999998607,0,FRESH,false,2,3
2026-09-22T07:06:38.278Z,2728.7,2728.71,2728.705,92.699,43.407,0.0003664742066371513,2.135577211048909,2728.706810794528,0.00006636094880008264,0,0,0,0.0003664755496755145,-0.03260556969075366,0.01209511155907554,-0.0029317077014102337,-0.4443820152979891,,,,,,,,,,0.009,11.04687,0.35993298674418384,-0.08811000000000374,0,FRESH,false,2,3
2026-09-22T07:07:08.278Z,2727.99,2728,2727.995,21.652,108.089,0.00036656958682909163,4.992102346203584,2727.991668863351,-0.00012210933849730773,0,-0.0003665682431013975,-0.0003665682431013975,-0.026019668670671122,-0.02565328847671939,0.024199447445944648,0.006965307270849632,-0.4702860572406477,,,,,,,,,,0.009,11.04687,0.35993298674418384,-0.03060000000000082,0,FRESH,false,2,3
2026-09-22T07:07:38.285Z,2729.77,2729.78,2729.775,154.765,15.582,0.0003663305583873498,9.932293672185855,2729.7790852788726,0.00014965624904911788,0,0,0,0.0652493864541614,0.03921274010932525,-0.01465107548051282,0.04434565421751127,-0.4053435295534153,,,,,,,,,,0.009,11.04687,0.35993298674418384,-0.174780000000017,0,FRESH,false,2,3
2026-09-22T07:08:08.298Z,2730.34,2730.35,2730.3450000000003,54.81,55.273,0.0003662540814352593,1.0084473636197775,2730.344978970413,-7.702172091872633e-7,0,0,0,0.020880841827629153,0.08614385290296954,-0.01574644560609484,0.07954035206686054,-0.38454732686705073,,,,,,,,,,0.009,11.04687,0.35993298674418384,-0.22094999999999346,0,FRESH,false,2,3
2026-09-22T07:08:38.314Z,2729.68,2729.69,2729.685,49.752,68.687,0.0003663426366125864,1.380587715066731,2729.6842006433694,-0.000029283841561319604,0,0,0,-0.02417276937531005,-0.003296975025419513,0.003297192440625469,0.04544713197444832,-0.4086271405038982,,,,,,,,,,0.009,11.04687,0.35993298674418384,-0.16749000000000522,0,FRESH,false,2,3
2026-09-22T07:09:08.318Z,2729.57,2729.58,2729.575,135.948,6.763,0.00036635739995286926,20.101730001478636,2729.5795261052053,0.0001658172135044425,0,0,0,-0.004029769002655154,-0.028201564271197837,0.03224984837074533,0.0821314579983677,-0.4126404427767089,,,,,,,,,,0.009,11.04687,0.35993298674418384,-0.1585799999999949,0,FRESH,false,2,3
2026-09-22T07:09:38.322Z,2731.31,2731.32,2731.315,61.342,87.433,0.00036612400987137255,1.4253366372143068,2731.314123138968,-0.0000321039877086272,0,0,0,0.06374618759331531,0.059713849766552154,0.09564976793021332,0.041755565119447384,-0.34915729773413196,,,,,,,,,,0.009,11.04687,0.35993298674418384,-0.29952000000001405,0,FRESH,false,2,3
2026-09-22T07:10:08.325Z,2731.39,2731.4,2731.395,60.61,43.007,0.00036611328644221283,1.409305461901551,2731.395849426253,0.000031098623703214326,0,-0.006955668595341333,-0.01281232325857315,0.0029289920789043826,0.06667704679300492,0.124633659519174,0.022704177385536737,-0.34623853244482117,,,,,,,,,,0.009,11.04687,0.35993298674418384,-0.3060000000000082,0,FRESH,false,2,3
2026-09-22T07:10:38.331Z,2733.29,2733.3,2733.295,163.196,25.431,0.00036585878949100913,6.417207345365892,2733.298651783679,0.00013360371561918686,0.002561077115867289,0,-0.0018292604848704386,0.06956152442250538,0.07249255395295007,0.1289483565495318,0.13555124478172834,-0.27691785682362247,,,,,,,,,,0.009,11.04687,0.35993298674418384,-0.45990000000001546,0,FRESH,false,2,3
2026-09-22T07:11:08.336Z,2733.31,2733.32,2733.315,134.532,31.887,0.0003658561124575206,4.219023426474739,2733.318083932724,0.00011282756375194649,0,0,0,0.000731717578965381,0.07029375099537316,0.10877746218883692,0.16931170394640466,-0.27618816550129477,,,,,,,,,,0.009,11.04687,0.35993298674418384,-0.4615200000000141,0,FRESH,false,2,3
2026-09-22T07:11:38.340Z,2732.94,2732.95,2732.9449999999997,139.501,213.721,0.00036590564390295204,1.5320391968516354,2732.943949385939,-0.00003844256143681733,-0.0021953856652439413,-0.0021953856652439413,-0.0149998810985148,-0.01353667616064543,-0.012805057631919123,0.11942769953308766,0.1553850636107524,-0.28968745496438225,,,,,,,,,,0.009,11.04687,0.35993298674418384,-0.431549999999986,0,FRESH,false,2,3
2026-09-22T07:12:08.353Z,2732,2732.01,2732.005,68.151,65.247,0.0003660315409458723,1.0445077934617684,2732.0051088472096,0.000003984151182133181,0,0,0,-0.03439513052767619,-0.04792715073088705,0.08902484819066306,0.14699440431526517,-0.32398294711380116,,,,,,,,,,0.009,11.04687,0.35993298674418384,-0.35541000000001843,0,FRESH,false,2,3
2026-09-22T07:12:38.357Z,2732.45,2732.46,2732.455,1.041,139.451,0.0003659712602849188,133.9586935638809,2732.450074096746,-0.00018027390218444363,0,0.011346396329621797,0.005855883058010006,0.01647141934219806,-0.017929376551660638,0.04173813712442075,0.09817658964566076,-0.30756489236141943,,,,,,,,,,0.009,11.04687,0.35993298674418384,-0.39186000000000376,0,FRESH,false,2,3
2026-09-22T07:13:08.370Z,2732.35,2732.36,2732.355,60.291,30.845,0.0003659846542714354,1.9546441886853623,2732.356615497718,0.00005912473737567936,-0.005489468454772853,-0.005489468454772853,-0.005489468454772853,-0.003659712602765976,0.012811103932822563,0.03514687549768658,0.07361707037021928,-0.31121334897305797,,,,,,,,,,0.009,11.04687,0.35993298674418384,-0.3837600000000111,0,FRESH,false,2,3
2026-09-22T07:13:38.380Z,2731.11,2731.12,2731.115,231.337,14.698,0.00036615082117609596,15.739352292828956,2731.1194026053204,0.00016120175534873327,0.004027821259927118,0.004027821259927118,-0.010617246435441234,-0.04538209712867605,-0.04904014887711401,-0.07975721610730971,0.05238699703445036,-0.35645421095742563,,,,,,,,,,0.009,11.04687,0.35993298674418384,-0.28331999999999197,0,FRESH,false,2,3
2026-09-22T07:14:08.381Z,2731.5,2731.51,2731.505,250.436,15.895,0.0003660985427527417,15.755646429694874,2731.5094031862604,0.0001612000073341734,0,0,0.006956356187406233,0.014279882026217404,-0.031108695612389645,-0.06621995635336379,0.07070697819258644,-0.34222523017201045,,,,,,,,,,0.009,11.04687,0.35993298674418384,-0.31491000000001845,0,FRESH,false,2,3
2026-09-22T07:14:38.395Z,2732.16,2732.17,2732.165,244.856,53.035,0.00036601010554700316,4.616875648156878,2732.1682196508123,0.00011784247336079315,0.0047583577809255425,0.0047583577809255425,0.0047583577809255425,0.02416250382114821,0.03844583622440585,-0.028540640225095837,0.03112054083838404,-0.31814541653517947,,,,,,,,,,0.009,11.04687,0.35993298674418384,-0.3683700000000067,0,FRESH,false,2,3
2026-09-22T07:15:08.406Z,2731.47,2731.48,2731.475,145.027,39.412,0.00036610256364119306,3.6797675834771133,2731.477863141743,0.00010482035321910491,0,0,0,-0.02525469728219396,-0.001098295628241577,-0.019399671669715103,0.002928906291471107,-0.3433197671555103,,,,,,,,,,0.009,11.04687,0.35993298674418384,-0.31248000000000226,0,FRESH,false,2,3
2026-09-22T07:15:38.407Z,2730.63,2730.64,2730.635,84.681,83.29,0.00036621518437153006,1.016700684355865,2730.635041405957,0.000001516349011700964,-0.013914240676089627,-0.013914240676089627,-0.013914240676089627,-0.030752615345177637,-0.05599954614745981,-0.06660676937039069,-0.09731843800247886,-0.37396680269329063,,,,,,,,,,0.009,11.04687,0.35993298674418384,-0.24443999999999053,0,FRESH,false,2,3
2026-09-22T07:16:08.416Z,2730.96,2730.97,2730.965,152.313,11.105,0.0003661709322442261,13.715713642503376,2730.969320454295,0.00015820247769137493,0,0,0,0.012085101084543602,-0.018671230745284637,-0.05087186694261443,-0.08597618642563733,-0.36192689587487514,,,,,,,,,,0.009,11.04687,0.35993298674418384,-0.2711699999999846,0,FRESH,false,2,3
2026-09-22T07:16:38.428Z,2729.62,2729.63,2729.625,22.236,199.136,0.0003663506892052307,8.955567548120165,2729.6210044630757,-0.000146376770593823,-0.0014653812830498843,-0.0014653812830498843,-0.0014653812830498843,-0.04906690492189191,-0.036987733622407176,-0.054556472356520384,-0.12148067377864206,-0.4108162144708814,,,,,,,,,,0.009,11.04687,0.35993298674418384,-0.16263000000000963,0,FRESH,false,2,3
2026-09-22T07:17:08.442Z,2730.94,2730.95,2730.9449999999997,216.449,2.252,0.0003661736138868975,96.11412078152755,2730.949897028362,0.0001793162572806494,0,0,0.005492905912001311,0.048358290974024234,-0.0007323418645217554,-0.020501518393720684,-0.038799343339430206,-0.36265658719721944,,,,,,,,,,0.009,11.04687,0.35993298674418384,-0.2695499999999861,0,FRESH,false,2,3
2026-09-22T07:17:38.453Z,2731.71,2731.72,2731.715,147.134,27.099,0.00036607039898977495,5.42949924351452,2731.7184446689203,0.00012609913260023156,0,0,0,0.028195368269973826,0.07656729404222726,-0.016470454749248967,-0.02708187326048487,-0.3345634712875612,,,,,,,,,,0.009,11.04687,0.35993298674418384,-0.3319199999999846,0,FRESH,false,2,3
2026-09-22T07:18:08.455Z,2730.28,2730.29,2730.285,134.325,58.985,0.0003662621301352618,2.2772738831906416,2730.2869486834616,0.00007137289556604947,0,0,0,-0.05234806705678634,-0.02416745851710139,-0.043566205072353016,-0.07575882343253947,-0.3867364008340504,,,,,,,,,,0.009,11.04687,0.35993298674418384,-0.21608999999999787,0,FRESH,false,2,3
2026-09-22T07:18:38.466Z,2730.08,2730.09,2730.085,80.189,84.629,0.00036628896170699,1.055369190287945,2730.0848653059743,-0.00000493369348376643,0,0,0,-0.0073252426028717925,-0.059669475036748305,-0.020141835140917108,-0.03771353458202036,-0.3940333140573275,,,,,,,,,,0.009,11.04687,0.35993298674418384,-0.19989000000001256,0,FRESH,false,2,3
2026-09-22T07:19:08.473Z,2728.31,2728.32,2728.315,81.614,95.17,0.0003665265924285971,1.1660989536109,2728.314616594262,-0.000014052839863462939,-0.004764618674726975,-0.006963520316072521,-0.006963520316072521,-0.0648331462207214,-0.07215363963834544,-0.09703529704701784,-0.11678543513557745,-0.45861099608338773,,,,,,,,,,0.009,11.04687,0.35993298674418384,-0.056520000000014066,0,FRESH,false,2,3
2026-09-22T07:19:38.478Z,2727.71,2727.72,2727.715,42.046,124.664,0.00036660721518793314,2.964943157494173,2727.712522104253,-0.00009084144594407996,0,0,0,-0.021991595545232463,-0.08681048392265775,-0.06997298163666636,-0.16287449696485454,-0.4805017357532356,,,,,,,,,,0.009,11.04687,0.35993298674418384,-0.007919999999984606,0,FRESH,false,2,3
2026-09-22T07:20:08.482Z,2726.25,2726.26,2726.255,53.597,80.59,0.0003668035455310775,1.5036289344552867,2726.2539942021212,-0.000036893022804576364,0,0,0,-0.05352465341870526,-0.0755044780386409,-0.17173542491700128,-0.19110553821652404,-0.533769202283208,,,,,,,,,,0.009,11.04687,0.35993298674418384,0.1103399999999815,0,FRESH,false,2,3
2026-09-22T07:20:38.494Z,2726.76,2726.77,2726.7650000000003,58.774,173.957,0.00036673494047941534,2.959761118862082,2726.762525404866,-0.00009075204992426584,0,-0.019066580867035426,-0.019066580867035426,0.018706980821684628,-0.03482768544367055,-0.18120484750421686,-0.1417252763551295,-0.5151620735638266,,,,,,,,,,0.009,11.04687,0.35993298674418384,0.06903000000000065,0,FRESH,false,2,3
2026-09-22T07:21:08.497Z,2726.76,2726.77,2726.7650000000003,3.931,215.179,0.00036673494047941534,54.73899771050623,2726.7601794076036,-0.00017678796657410388,-0.00036673359553918204,-0.00036673359553918204,-0.003667214915276492,0,0.018706980821684628,-0.12892426981064348,-0.153791791546205,-0.5151620735638266,,,,,,,,,,0.009,11.04687,0.35993298674418384,0.06903000000000065,0,FRESH,false,2,3
2026-09-22T07:21:38.509Z,2725.39,2725.4,2725.395,80.736,36.141,0.0003669192906062526,2.233917157798622,2725.3969077748397,0.0000699999390827714,-0.006604111059128305,-0.006604111059128305,-0.006604111059128305,-0.05024268684688066,-0.05024268684688066,-0.17178952303683054,-0.15496634153043068,-0.5651459291433327,,,,,,,,,,0.009,11.04687,0.35993298674418384,0.1799999999999918,0,FRESH,false,2,3
2026-09-22T07:22:08.516Z,2725.64,2725.65,2725.645,62.754,71.909,0.0003668856362519066,1.1458871147655927,2725.6446600773784,-0.000012471272730164509,0.007705192015220923,0,0.004035904877395716,0.009172982264956088,-0.041074313334678474,-0.09786260017630197,-0.19407201536463486,-0.5560247876142281,,,,,,,,,,0.009,11.04687,0.35993298674418384,0.15974999999999182,0,FRESH,false,2,3
2026-09-22T07:22:38.526Z,2725.88,2725.89,2725.885,159.206,62.445,0.00036685333386270993,2.5495395948434623,2725.887182733216,0.00008007429571330052,0.08114037100608686,0.08114037100608686,0.07967059696040418,0.008805255269862233,0.01797904523932261,-0.06708912038097554,-0.21341904261608283,-0.547268491746279,,,,,,,,,,0.009,11.04687,0.35993298674418384,0.14031000000000948,0,FRESH,false,2,3
2026-09-22T07:23:08.529Z,2723.52,2723.53,2723.525,72.58,107.892,0.0003671712211277032,1.4865252135574538,2723.5240216764932,-0.000035921223665748287,-0.003671577401437755,-0.008077114414154037,-0.008077114414154037,-0.0865773867936515,-0.07777975488370242,-0.10013736792779905,-0.24759319997728313,-0.6333720677810315,,,,,,,,,,0.009,11.04687,0.35993298674418384,0.33146999999998294,0,FRESH,false,2,3
2026-09-22T07:23:38.540Z,2724.83,2724.84,2724.835,210.123,3.53,0.0003669946987695871,59.52492917847025,2724.839834778824,0.0001774338198021575,0.0055052235396051636,0.0055052235396051636,0.007707482681104239,0.04809942996667721,-0.03851960005650208,-0.07077984351421156,-0.1923017048919722,-0.5855772861685251,,,,,,,,,,0.009,11.04687,0.35993298674418384,0.2253599999999874,0,FRESH,false,2,3
2026-09-22T07:24:08.554Z,2723.29,2723.3,2723.295,278.669,30.524,0.0003672022311287715,9.129504652077053,2723.299012784895,0.00014735035663460035,0.0033049293020593574,-0.0018359774468597219,-0.008444938085753506,-0.05651718360928143,-0.008444938085753506,-0.1272570243493757,-0.18399634939513881,-0.6417635179878084,,,,,,,,,,0.009,11.04687,0.35993298674418384,0.3500999999999844,0,FRESH,false,2,3
2026-09-22T07:24:38.562Z,2724.27,2724.28,2724.275,176.769,1.898,0.0003670701379346167,93.13435194942045,2724.279893768855,0.00017963564085121428,0,0,0,0.03598581864983478,-0.020551703130646276,-0.04109496054699927,-0.12611288202763318,-0.6060086431937175,,,,,,,,,,0.009,11.04687,0.35993298674418384,0.270719999999983,0,FRESH,false,2,3
2026-09-22T07:25:08.575Z,2722.81,2722.82,2722.815,217.929,50.675,0.0003672669645281915,4.300522940305871,2722.818113393695,0.00011434466517199081,-0.009180831159006487,-0.009180831159006487,-0.011016795104126238,-0.053592240137285564,-0.01762570709379697,-0.10382863505702053,-0.12618041965993843,-0.6592761097236901,,,,,,,,,,0.009,11.04687,0.35993298674418384,0.38897999999998584,0,FRESH,false,2,3
2026-09-22T07:25:38.583Z,2724.24,2724.25,2724.245,29.794,106.445,0.00036707418019371526,3.572699201181446,2724.242186892152,-0.00010326192570572267,-0.0051387744390138474,-0.0051387744390138474,-0.0051387744390138474,0.05251917592637899,-0.0011012104137871576,-0.06016394675491912,-0.09241720500301405,-0.6071031801772174,,,,,,,,,,0.009,11.04687,0.35993298674418384,0.27314999999999917,0,FRESH,false,2,3
2026-09-22T07:26:08.593Z,2725.31,2725.32,2725.315,220.648,8.801,0.00036693006130367607,25.070787410521532,2725.319616428924,0.00016939065479705,0.005871225673413411,-0.012107225996045972,-0.012107225996045972,0.03927693727987621,0.09181674113004372,0.06572364858042293,-0.05317656637078269,-0.5680646944326436,,,,,,,,,,0.009,11.04687,0.35993298674418384,0.1864799999999859,0,FRESH,false,2,3
2026-09-22T07:26:38.598Z,2724.55,2724.56,2724.5550000000003,12.924,162.621,0.0003670324144590045,12.582869080779945,2724.5507362214817,-0.00015649449244498106,-0.021650224116503552,-0.021650224116503552,-0.021650224116503552,-0.027886684658461995,0.011379299585771477,-0.010275851565314792,-0.030821220410241112,-0.5957929646811131,,,,,,,,,,0.009,11.04687,0.35993298674418384,0.2480400000000036,0,FRESH,false,2,3
2026-09-22T07:27:08.600Z,2724.37,2724.38,2724.375,90.263,32.979,0.0003670566643805746,2.73698414142333,2724.3773240453743,0.00008530563429337384,0,-0.005872561739887889,-0.005872561739887889,-0.0066065834604289875,-0.034491425761794675,0.039657840961039005,-0.04659447580297441,-0.602360186582079,,,,,,,,,,0.009,11.04687,0.35993298674418384,0.26261999999999036,0,FRESH,false,2,3
2026-09-22T07:27:38.616Z,2725.38,2725.39,2725.385,194.39,11.856,0.000366920636892165,16.395917678812413,2725.389425152488,0.00016236797692009144,0.02532393533957046,0.02532393533957046,0.02532393533957046,0.037072723101636826,0.030463690400815074,0.040744785309857756,-0.018342666693569244,-0.5655107748044883,,,,,,,,,,0.009,11.04687,0.35993298674418384,0.1808100000000095,0,FRESH,false,2,3
2026-09-22T07:28:08.632Z,2727.18,2727.19,2727.185,133.663,34.091,0.00036667846149851513,3.9207708779443258,2727.187967798085,0.00010882276358726945,0,0,0,0.06604571464214146,0.10314292268868805,0.1604956634953124,0.1343846669298007,-0.49983855579494474,,,,,,,,,,0.009,11.04687,0.35993298674418384,0.035009999999994754,0,FRESH,false,2,3
2026-09-22T07:28:38.641Z,2725.45,2725.46,2725.455,96.329,58.449,0.0003669112129981335,1.648086365891632,2725.456223688121,0.00004489848928608315,0,0.006237879707996513,0.006237879707996513,-0.06343537383785912,0.0025684444582952117,0.044415975802471384,0.02275367132321373,-0.5629568551763495,,,,,,,,,,0.009,11.04687,0.35993298674418384,0.17513999999999622,0,FRESH,false,2,3
2026-09-22T07:29:08.650Z,2725.8,2725.81,2725.8050000000003,84.149,83.824,0.00036686410068818316,1.003877171215881,2725.8050096741736,3.5491068768560477e-7,0,0.006237078699094808,0.014309747322896785,0.012841892454667709,-0.05060162768567788,0.017979573003496348,0.09216776001131784,-0.5501872570355898,,,,,,,,,,0.009,11.04687,0.35993298674418384,0.14679000000000358,0,FRESH,false,2,3
2026-09-22T07:29:38.666Z,2725.37,2725.38,2725.375,24.372,74.925,0.0003669219832213284,3.0742245199409157,2725.3724544548177,-0.0000934016486659296,0,0,0,-0.015775156329975587,-0.002935289703918327,0.03009665798633938,0.04037771517192314,-0.5658756204656604,,,,,,,,,,0.009,11.04687,0.35993298674418384,0.18161999999999032,0,FRESH,false,2,3
2026-09-22T07:30:08.679Z,2726.8,2726.81,2726.8050000000003,23.903,56.793,0.00036672956077766946,2.3759779107225034,2726.8029621046894,-0.00007473564522866513,0,0,0,0.052469843599515335,0.03668641006968583,0.08919476944254337,0.14653951884355845,-0.5137026909191713,,,,,,,,,,0.009,11.04687,0.35993298674418384,0.0657900000000036,0,FRESH,false,2,3
2026-09-22T07:30:38.690Z,2725.02,2725.03,2725.025,31.796,139.329,0.00036696911038314433,4.381966285067304,2725.0218580569763,-0.00011529960363006593,0,-0.009173386172037685,-0.009173386172037685,-0.06527786181997612,-0.012842269412462838,-0.013209142928434966,0.028631786054492167,-0.5786452186064037,,,,,,,,,,0.009,11.04687,0.35993298674418384,0.20996999999998295,0,FRESH,false,2,3
2026-09-22T07:31:08.692Z,2724.94,2724.95,2724.9449999999997,50.304,189.658,0.0003669798839889808,3.7702369592875313,2724.9420963319194,-0.00010655877752789132,-0.007705983696341544,-0.007705983696341544,-0.007705983696341544,-0.002935752883015091,-0.06821169830628086,-0.0821359753738832,-0.013576412267952349,-0.581563983895731,,,,,,,,,,0.009,11.04687,0.35993298674418384,0.2164500000000139,0,FRESH,false,2,3
2026-09-22T07:31:38.704Z,2725.99,2726,2725.995,63.958,72.582,0.0003668385305262218,1.1348384877575908,2725.9946841951078,-0.000011584940255760397,0,0,0,0.03853288781976084,0.03559600370638067,0.019813205501465394,0.052852667683331765,-0.5432551894734848,,,,,,,,,,0.009,11.04687,0.35993298674418384,0.13139999999999918,0,FRESH,false,2,3
2026-09-22T07:32:08.712Z,2726.82,2726.83,2726.825,45.127,89.229,0.00036672687098598304,1.977286325259822,2726.823358763286,-0.00006018856046948166,0,0,0,0.030447598033009133,0.06899221819156384,0.0374201382710622,0.08992888277127113,-0.5129729995968602,,,,,,,,,,0.009,11.04687,0.35993298674418384,0.06417000000000507,0,FRESH,false,2,3
2026-09-22T07:32:38.712Z,2724.64,2724.65,2724.645,47.092,75.923,0.00036702029072478357,1.6122271298734394,2724.6438281510386,-0.00004300923464703061,0,0,0,-0.07994645787682877,-0.04952320161995562,-0.026785304774572975,-0.027152127130670944,-0.5925093537306467,,,,,,,,,,0.009,11.04687,0.35993298674418384,0.2407499999999918,0,FRESH,false,2,3
2026-09-22T07:33:08.728Z,2723.68,2723.69,2723.685,0.537,185.266,0.0003671496520419314,345.0018621973929,2723.680028901578,-0.0001825137055760833,-0.0014685770406323553,-0.0014685770406323553,-0.0014685770406323553,-0.03523394790881147,-0.11515223749231698,-0.11441962296535123,-0.12833746152167896,-0.6275345372024099,,,,,,,,,,0.009,11.04687,0.35993298674418384,0.31850999999999474,0,FRESH,false,2,3
2026-09-22T07:33:38.741Z,2722.63,2722.64,2722.635,158.764,49.197,0.00036729124542083427,3.2271073439437363,2722.6376343160496,0.00009675612226216485,0,0,0,-0.038550713463551295,-0.07377107843406255,-0.08770561737965239,-0.10346896206320445,-0.6658433316246395,,,,,,,,,,0.009,11.04687,0.35993298674418384,0.4035600000000094,0,FRESH,false,2,3
2026-09-22T07:34:08.755Z,2722.78,2722.79,2722.785,268.13,52.289,0.00036727101110677236,5.127847157145863,2722.7883681055123,0.00012370075170959732,0.0007345474177730014,0.0007345474177730014,0.0007345474177730014,0.005509368681429431,-0.033043468683055896,-0.07926765494348893,-0.10676176167912606,-0.6603706467071899,,,,,,,,,,0.009,11.04687,0.35993298674418384,0.3914100000000021,0,FRESH,false,2,3
2026-09-22T07:34:38.763Z,2722,2722.01,2722.005,65.773,76.989,0.0003673762539090956,1.1705258996852814,2722.004607178381,-0.00001443133349290238,0,0,0,-0.028647138866996307,-0.02313934846206374,-0.14636857367675957,-0.1236527083428846,-0.6888286082779871,,,,,,,,,,0.009,11.04687,0.35993298674418384,0.4545899999999815,0,FRESH,false,2,3
2026-09-22T07:35:08.774Z,2721.78,2721.79,2721.785,148.503,21.337,0.0003674059486610269,6.959881895299245,2721.788743699953,0.00013754576328576338,0,0,0.004776505471858452,-0.00808227758583304,-0.036727101111545715,-0.18483034298130477,-0.18409823951475945,-0.6968552128236085,,,,,,,,,,0.009,11.04687,0.35993298674418384,0.4724100000000021,0,FRESH,false,2,3
2026-09-22T07:35:38.780Z,2721.96,2721.97,2721.965,297.543,8.678,0.0003673816525842004,34.287047706844895,2721.9697166098995,0.00017327959394529242,0.005511028486509588,0.005511028486509588,0.005511028486509588,0.006613307076065562,-0.00146950501560297,-0.09836143791208897,-0.11229254777478906,-0.6902879909226426,,,,,,,,,,0.009,11.04687,0.35993298674418384,0.45783000000001534,0,FRESH,false,2,3
2026-09-22T07:36:08.799Z,2722.94,2722.95,2722.9449999999997,171.663,65.37,0.000367249430295637,2.6260211106011933,2722.9472421561554,0.00008234305708402694,0.034900872338112975,0.036003401954086967,0.03784100532161163,0.036003401954086967,0.04261909004568158,-0.027169074250518566,-0.07339597679953173,-0.6545331161285682,,,,,,,,,,0.009,11.04687,0.35993298674418384,0.3784500000000139,0,FRESH,false,2,3
2026-09-22T07:36:38.810Z,2723.87,2723.88,2723.875,106.219,97.702,0.00036712404204371636,1.0871732410800188,2723.8752088308706,0.000007666683332876578,0,0.011749349655127542,0.003671375205364211,0.03415419701831257,0.07016989564523624,0.04554411443325241,-0.07776976846985746,-0.6206024696402883,,,,,,,,,,0.009,11.04687,0.35993298674418384,0.3031199999999903,0,FRESH,false,2,3
2026-09-22T07:37:08.824Z,2723,2723.01,2723.005,104.352,63.44,0.000367241338162004,1.644892812105927,2723.006219128445,0.000044771436151337914,-0.031205772700819576,-0.031205772700819576,-0.031205772700819576,-0.03193979165710214,0.002203496581840624,0.008079962244549412,-0.14008966471994752,-0.6523440421615685,,,,,,,,,,0.009,11.04687,0.35993298674418384,0.37358999999998144,0,FRESH,false,2,3
2026-09-22T07:37:38.839Z,2723.07,2723.08,2723.075,139.099,79.24,0.0003672318977539558,1.7554139323573952,2723.076370781216,0.00005033945874929964,0,0.0025706893670672274,0.00771246462825136,0.0025706893670672274,-0.029369923362862906,0.039309259167404506,-0.05762218564253926,-0.6497901225334298,,,,,,,,,,0.009,11.04687,0.35993298674418384,0.367920000000005,0,FRESH,false,2,3
2026-09-22T07:38:08.851Z,2723.56,2723.57,2723.565,46.916,176.979,0.0003671658286186773,3.7722525364481205,2723.562095446526,-0.0001066452782971701,0,0,0,0.01799436299037803,0.02056551493662132,0.06539825886321661,0.0011015096189400941,-0.6319126851363761,,,,,,,,,,0.009,11.04687,0.35993298674418384,0.32822999999998587,0,FRESH,false,2,3
2026-09-22T07:38:38.859Z,2722.34,2722.35,2722.3450000000003,32.741,243.001,0.0003673303714174188,7.42191747350417,2722.3411873780565,-0.00014004918347160108,0,0,0,-0.04479423109049352,-0.026807928536656665,0.013960502798533746,-0.01065144611745473,-0.6764238557983995,,,,,,,,,,0.009,11.04687,0.35993298674418384,0.42705000000000654,0,FRESH,false,2,3