symbol,timestamp,bestBid,bestAsk,mid,spread,spreadPct
B-STX_USDT,1789563072705,0.2381,0.2382,0.23815,0.00009999999999998899,0.00041999160016795037
B-STX_USDT,1789563075211,0.2381,0.2382,0.23815,0.00009999999999998899,0.00041999160016795037
B-STX_USDT,1789563077672,0.2381,0.2382,0.23815,0.00009999999999998899,0.00041999160016795037
B-STX_USDT,1789563080102,0.2381,0.2382,0.23815,0.00009999999999998899,0.00041999160016795037
B-STX_USDT,1789563082520,0.2381,0.2382,0.23815,0.00009999999999998899,0.00041999160016795037
B-STX_USDT,1789563084963,0.238,0.2381,0.23804999999999998,0.00010000000000001674,0.00042016806722696115
B-STX_USDT,1789563087440,0.238,0.2381,0.23804999999999998,0.00010000000000001674,0.00042016806722696115
B-STX_USDT,1789563089964,0.238,0.2381,0.23804999999999998,0.00010000000000001674,0.00042016806722696115
B-STX_USDT,1789563092425,0.238,0.2381,0.23804999999999998,0.00010000000000001674,0.00042016806722696115
B-STX_USDT,1789563095117,0.238,0.2381,0.23804999999999998,0.00010000000000001674,0.00042016806722696115
B-STX_USDT,1789563097587,0.2379,0.238,0.23795,0.00009999999999998899,0.0004203446826397183
B-STX_USDT,1789563100075,0.2379,0.238,0.23795,0.00009999999999998899,0.0004203446826397183
B-STX_USDT,1789563102498,0.2379,0.238,0.23795,0.00009999999999998899,0.0004203446826397183
B-STX_USDT,1789563104990,0.2379,0.238,0.23795,0.00009999999999998899,0.0004203446826397183
B-STX_USDT,1789563107438,0.2379,0.238,0.23795,0.00009999999999998899,0.0004203446826397183
B-STX_USDT,1789563109893,0.238,0.2381,0.23804999999999998,0.00010000000000001674,0.00042016806722696115
B-STX_USDT,1789563112331,0.238,0.2381,0.23804999999999998,0.00010000000000001674,0.00042016806722696115
B-STX_USDT,1789563114748,0.238,0.2381,0.23804999999999998,0.00010000000000001674,0.00042016806722696115
B-STX_USDT,1789563117161,0.238,0.2381,0.23804999999999998,0.00010000000000001674,0.00042016806722696115
B-STX_USDT,1789563119622,0.238,0.2381,0.23804999999999998,0.00010000000000001674,0.00042016806722696115
B-STX_USDT,1789563122055,0.238,0.2381,0.23804999999999998,0.00010000000000001674,0.00042016806722696115
B-STX_USDT,1789563124505,0.238,0.2381,0.23804999999999998,0.00010000000000001674,0.00042016806722696115
B-STX_USDT,1789563126992,0.238,0.2381,0.23804999999999998,0.00010000000000001674,0.00042016806722696115
B-STX_USDT,1789563129468,0.238,0.2381,0.23804999999999998,0.00010000000000001674,0.00042016806722696115
B-STX_USDT,1789563132755,0.238,0.2381,0.23804999999999998,0.00010000000000001674,0.00042016806722696115
B-STX_USDT,1789563135210,0.238,0.2381,0.23804999999999998,0.00010000000000001674,0.00042016806722696115
B-STX_USDT,1789563137657,0.238,0.2381,0.23804999999999998,0.00010000000000001674,0.00042016806722696115
B-STX_USDT,1789563140138,0.238,0.2381,0.23804999999999998,0.00010000000000001674,0.00042016806722696115
B-STX_USDT,1789563142582,0.238,0.2381,0.23804999999999998,0.00010000000000001674,0.00042016806722696115
B-STX_USDT,1789563145000,0.238,0.2381,0.23804999999999998,0.00010000000000001674,0.00042016806722696115
B-STX_USDT,1789563147423,0.2379,0.238,0.23795,0.00009999999999998899,0.0004203446826397183
B-STX_USDT,1789563149843,0.2379,0.238,0.23795,0.00009999999999998899,0.0004203446826397183
B-STX_USDT,1789563152289,0.2379,0.238,0.23795,0.00009999999999998899,0.0004203446826397183
B-STX_USDT,1789563154729,0.2379,0.238,0.23795,0.00009999999999998899,0.0004203446826397183
B-STX_USDT,1789563157256,0.2379,0.238,0.23795,0.00009999999999998899,0.0004203446826397183
B-STX_USDT,1789563159706,0.2379,0.238,0.23795,0.00009999999999998899,0.0004203446826397183
B-STX_USDT,1789563162213,0.2379,0.238,0.23795,0.00009999999999998899,0.0004203446826397183
B-STX_USDT,1789563164708,0.2379,0.238,0.23795,0.00009999999999998899,0.0004203446826397183
B-STX_USDT,1789563167199,0.2379,0.238,0.23795,0.00009999999999998899,0.0004203446826397183
B-STX_USDT,1789563169675,0.2379,0.238,0.23795,0.00009999999999998899,0.0004203446826397183
B-STX_USDT,1789563172135,0.2379,0.238,0.23795,0.00009999999999998899,0.0004203446826397183
B-STX_USDT,1789563174619,0.2379,0.238,0.23795,0.00009999999999998899,0.0004203446826397183
B-STX_USDT,1789563177066,0.2379,0.238,0.23795,0.00009999999999998899,0.0004203446826397183
B-STX_USDT,1789563179545,0.2379,0.238,0.23795,0.00009999999999998899,0.0004203446826397183
B-STX_USDT,1789563182314,0.2379,0.238,0.23795,0.00009999999999998899,0.0004203446826397183
B-STX_USDT,1789563184772,0.2379,0.238,0.23795,0.00009999999999998899,0.0004203446826397183
B-STX_USDT,1789563187257,0.2379,0.238,0.23795,0.00009999999999998899,0.0004203446826397183
B-STX_USDT,1789563189683,0.2379,0.238,0.23795,0.00009999999999998899,0.0004203446826397183
B-STX_USDT,1789563192104,0.2379,0.238,0.23795,0.00009999999999998899,0.0004203446826397183
B-STX_USDT,1789563194559,0.2379,0.238,0.23795,0.00009999999999998899,0.0004203446826397183
B-STX_USDT,1789563197431,0.2382,0.2383,0.23825000000000002,0.00010000000000001674,0.00041981528127630875
B-STX_USDT,1789563199883,0.2382,0.2383,0.23825000000000002,0.00010000000000001674,0.00041981528127630875
B-STX_USDT,1789563202332,0.2383,0.2384,0.23835,0.00009999999999998899,0.0004196391103650398
B-STX_USDT,1789563204796,0.2383,0.2384,0.23835,0.00009999999999998899,0.0004196391103650398
B-STX_USDT,1789563207240,0.2384,0.2385,0.23845,0.00009999999999998899,0.00041946308724827595
B-STX_USDT,1789563209663,0.2384,0.2385,0.23845,0.00009999999999998899,0.00041946308724827595
B-STX_USDT,1789563212109,0.2384,0.2385,0.23845,0.00009999999999998899,0.00041946308724827595
B-STX_USDT,1789563214529,0.2384,0.2385,0.23845,0.00009999999999998899,0.00041946308724827595
B-STX_USDT,1789563216954,0.2384,0.2385,0.23845,0.00009999999999998899,0.00041946308724827595
B-STX_USDT,1789563219405,0.2384,0.2385,0.23845,0.00009999999999998899,0.00041946308724827595
B-STX_USDT,1789563221902,0.2383,0.2384,0.23835,0.00009999999999998899,0.0004196391103650398
B-STX_USDT,1789563224400,0.2383,0.2384,0.23835,0.00009999999999998899,0.0004196391103650398
B-STX_USDT,1789563226894,0.2383,0.2384,0.23835,0.00009999999999998899,0.0004196391103650398
B-STX_USDT,1789563229365,0.2383,0.2384,0.23835,0.00009999999999998899,0.0004196391103650398
B-STX_USDT,1789563231881,0.2383,0.2384,0.23835,0.00009999999999998899,0.0004196391103650398
B-STX_USDT,1789563234312,0.2382,0.2383,0.23825000000000002,0.00010000000000001674,0.00041981528127630875
B-STX_USDT,1789563236747,0.2382,0.2383,0.23825000000000002,0.00010000000000001674,0.00041981528127630875
B-STX_USDT,1789563239199,0.2382,0.2383,0.23825000000000002,0.00010000000000001674,0.00041981528127630875
B-STX_USDT,1789563241641,0.2382,0.2383,0.23825000000000002,0.00010000000000001674,0.00041981528127630875
B-STX_USDT,1789563244077,0.2382,0.2383,0.23825000000000002,0.00010000000000001674,0.00041981528127630875
B-STX_USDT,1789563246753,0.2382,0.2383,0.23825000000000002,0.00010000000000001674,0.00041981528127630875
B-STX_USDT,1789563249211,0.2382,0.2383,0.23825000000000002,0.00010000000000001674,0.00041981528127630875
B-STX_USDT,1789563251634,0.2382,0.2383,0.23825000000000002,0.00010000000000001674,0.00041981528127630875
B-STX_USDT,1789563254067,0.2382,0.2383,0.23825000000000002,0.00010000000000001674,0.00041981528127630875
B-STX_USDT,1789563256488,0.2382,0.2383,0.23825000000000002,0.00010000000000001674,0.00041981528127630875
B-STX_USDT,1789563258922,0.2382,0.2383,0.23825000000000002,0.00010000000000001674,0.00041981528127630875
B-STX_USDT,1789563261407,0.2382,0.2383,0.23825000000000002,0.00010000000000001674,0.00041981528127630875
B-STX_USDT,1789563263894,0.2382,0.2383,0.23825000000000002,0.00010000000000001674,0.00041981528127630875
B-STX_USDT,1789563266303,0.2382,0.2383,0.23825000000000002,0.00010000000000001674,0.00041981528127630875
B-STX_USDT,1789563268730,0.2382,0.2383,0.23825000000000002,0.00010000000000001674,0.00041981528127630875
B-STX_USDT,1789563271217,0.2382,0.2383,0.23825000000000002,0.00010000000000001674,0.00041981528127630875
B-STX_USDT,1789563273739,0.2381,0.2382,0.23815,0.00009999999999998899,0.00041999160016795037
B-STX_USDT,1789563276177,0.2381,0.2382,0.23815,0.00009999999999998899,0.00041999160016795037
B-STX_USDT,1789563278593,0.2381,0.2382,0.23815,0.00009999999999998899,0.00041999160016795037
B-STX_USDT,1789563280993,0.2382,0.2383,0.23825000000000002,0.00010000000000001674,0.00041981528127630875
B-STX_USDT,1789563283425,0.2382,0.2383,0.23825000000000002,0.00010000000000001674,0.00041981528127630875
B-STX_USDT,1789563285888,0.2382,0.2383,0.23825000000000002,0.00010000000000001674,0.00041981528127630875
B-STX_USDT,1789563288323,0.2382,0.2383,0.23825000000000002,0.00010000000000001674,0.00041981528127630875
B-STX_USDT,1789563290748,0.238,0.2381,0.23804999999999998,0.00010000000000001674,0.00042016806722696115
B-STX_USDT,1789563293182,0.238,0.2381,0.23804999999999998,0.00010000000000001674,0.00042016806722696115
B-STX_USDT,1789563295610,0.238,0.2381,0.23804999999999998,0.00010000000000001674,0.00042016806722696115
B-STX_USDT,1789563298030,0.2379,0.238,0.23795,0.00009999999999998899,0.0004203446826397183
B-STX_USDT,1789563300498,0.2379,0.238,0.23795,0.00009999999999998899,0.0004203446826397183
B-STX_USDT,1789563303035,0.2379,0.238,0.23795,0.00009999999999998899,0.0004203446826397183
B-STX_USDT,1789563305492,0.2378,0.2379,0.23785,0.00009999999999998899,0.00042052144659372997
B-STX_USDT,1789563307931,0.2378,0.2379,0.23785,0.00009999999999998899,0.00042052144659372997
B-STX_USDT,1789563310382,0.2377,0.2378,0.23775000000000002,0.00010000000000001674,0.00042069835927646926
B-STX_USDT,1789563312836,0.2377,0.2378,0.23775000000000002,0.00010000000000001674,0.00042069835927646926
B-STX_USDT,1789563315271,0.2377,0.2378,0.23775000000000002,0.00010000000000001674,0.00042069835927646926
B-STX_USDT,1789563317725,0.2377,0.2378,0.23775000000000002,0.00010000000000001674,0.00042069835927646926
B-STX_USDT,1789563320198,0.2376,0.2377,0.23765,0.00009999999999998899,0.0004208754208753745
B-STX_USDT,1789563322677,0.2376,0.2377,0.23765,0.00009999999999998899,0.0004208754208753745
B-STX_USDT,1789563325152,0.2376,0.2377,0.23765,0.00009999999999998899,0.0004208754208753745
B-STX_USDT,1789563327633,0.2376,0.2377,0.23765,0.00009999999999998899,0.0004208754208753745
B-STX_USDT,1789563330076,0.2376,0.2377,0.23765,0.00009999999999998899,0.0004208754208753745
B-STX_USDT,1789563332547,0.2376,0.2377,0.23765,0.00009999999999998899,0.0004208754208753745
B-STX_USDT,1789563334989,0.2376,0.2377,0.23765,0.00009999999999998899,0.0004208754208753745
B-STX_USDT,1789563337431,0.2376,0.2377,0.23765,0.00009999999999998899,0.0004208754208753745
B-STX_USDT,1789563339846,0.2377,0.2378,0.23775000000000002,0.00010000000000001674,0.00042069835927646926
B-STX_USDT,1789563342272,0.2377,0.2378,0.23775000000000002,0.00010000000000001674,0.00042069835927646926
B-STX_USDT,1789563344686,0.2378,0.2379,0.23785,0.00009999999999998899,0.00042052144659372997
B-STX_USDT,1789563347147,0.2378,0.2379,0.23785,0.00009999999999998899,0.00042052144659372997
B-STX_USDT,1789563349592,0.2378,0.2379,0.23785,0.00009999999999998899,0.00042052144659372997
B-STX_USDT,1789563352012,0.2378,0.2379,0.23785,0.00009999999999998899,0.00042052144659372997
B-STX_USDT,1789563354462,0.2378,0.2379,0.23785,0.00009999999999998899,0.00042052144659372997
B-STX_USDT,1789563356915,0.2378,0.2379,0.23785,0.00009999999999998899,0.00042052144659372997
B-STX_USDT,1789563359377,0.2378,0.2379,0.23785,0.00009999999999998899,0.00042052144659372997
B-STX_USDT,1789563361841,0.2378,0.2379,0.23785,0.00009999999999998899,0.00042052144659372997
B-STX_USDT,1789563364286,0.2378,0.2379,0.23785,0.00009999999999998899,0.00042052144659372997
B-STX_USDT,1789563366717,0.2379,0.238,0.23795,0.00009999999999998899,0.0004203446826397183
B-STX_USDT,1789563369185,0.238,0.2381,0.23804999999999998,0.00010000000000001674,0.00042016806722696115
B-STX_USDT,1789563371653,0.238,0.2381,0.23804999999999998,0.00010000000000001674,0.00042016806722696115
B-STX_USDT,1789563374111,0.238,0.2381,0.23804999999999998,0.00010000000000001674,0.00042016806722696115
B-STX_USDT,1789563376566,0.238,0.2381,0.23804999999999998,0.00010000000000001674,0.00042016806722696115
B-STX_USDT,1789563379000,0.238,0.2381,0.23804999999999998,0.00010000000000001674,0.00042016806722696115
B-STX_USDT,1789563381427,0.238,0.2381,0.23804999999999998,0.00010000000000001674,0.00042016806722696115
B-STX_USDT,1789563383874,0.238,0.2381,0.23804999999999998,0.00010000000000001674,0.00042016806722696115
B-STX_USDT,1789563386284,0.238,0.2381,0.23804999999999998,0.00010000000000001674,0.00042016806722696115
B-STX_USDT,1789563388709,0.238,0.2381,0.23804999999999998,0.00010000000000001674,0.00042016806722696115
B-STX_USDT,1789563391129,0.238,0.2381,0.23804999999999998,0.00010000000000001674,0.00042016806722696115
B-STX_USDT,1789563393551,0.2379,0.238,0.23795,0.00009999999999998899,0.0004203446826397183
B-STX_USDT,1789563395970,0.238,0.2381,0.23804999999999998,0.00010000000000001674,0.00042016806722696115
B-STX_USDT,1789563398378,0.238,0.2381,0.23804999999999998,0.00010000000000001674,0.00042016806722696115
B-STX_USDT,1789563400830,0.238,0.2381,0.23804999999999998,0.00010000000000001674,0.00042016806722696115
B-STX_USDT,1789563403413,0.238,0.2381,0.23804999999999998,0.00010000000000001674,0.00042016806722696115
B-STX_USDT,1789563405879,0.2381,0.2382,0.23815,0.00009999999999998899,0.00041999160016795037
B-STX_USDT,1789563408388,0.2381,0.2382,0.23815,0.00009999999999998899,0.00041999160016795037
B-STX_USDT,1789563410797,0.2381,0.2382,0.23815,0.00009999999999998899,0.00041999160016795037
B-STX_USDT,1789563413240,0.2381,0.2382,0.23815,0.00009999999999998899,0.00041999160016795037
B-STX_USDT,1789563415641,0.2381,0.2382,0.23815,0.00009999999999998899,0.00041999160016795037
B-STX_USDT,1789563418041,0.2381,0.2382,0.23815,0.00009999999999998899,0.00041999160016795037
B-STX_USDT,1789563420560,0.238,0.2381,0.23804999999999998,0.00010000000000001674,0.00042016806722696115
B-STX_USDT,1789563423004,0.2379,0.238,0.23795,0.00009999999999998899,0.0004203446826397183
B-STX_USDT,1789563425467,0.2379,0.238,0.23795,0.00009999999999998899,0.0004203446826397183
B-STX_USDT,1789563427902,0.2378,0.2379,0.23785,0.00009999999999998899,0.00042052144659372997
B-STX_USDT,1789563430404,0.2378,0.2379,0.23785,0.00009999999999998899,0.00042052144659372997
B-STX_USDT,1789563433095,0.2378,0.2379,0.23785,0.00009999999999998899,0.00042052144659372997
B-STX_USDT,1789563435559,0.2378,0.2379,0.23785,0.00009999999999998899,0.00042052144659372997
B-STX_USDT,1789563438006,0.2378,0.2379,0.23785,0.00009999999999998899,0.00042052144659372997
B-STX_USDT,1789563440426,0.2378,0.2379,0.23785,0.00009999999999998899,0.00042052144659372997
B-STX_USDT,1789563442848,0.2378,0.2379,0.23785,0.00009999999999998899,0.00042052144659372997
B-STX_USDT,1789563445285,0.2378,0.2379,0.23785,0.00009999999999998899,0.00042052144659372997
B-STX_USDT,1789563447705,0.2378,0.2379,0.23785,0.00009999999999998899,0.00042052144659372997
B-STX_USDT,1789563450143,0.2378,0.2379,0.23785,0.00009999999999998899,0.00042052144659372997
B-STX_USDT,1789563452612,0.2378,0.2379,0.23785,0.00009999999999998899,0.00042052144659372997
B-STX_USDT,1789563455054,0.2378,0.2379,0.23785,0.00009999999999998899,0.00042052144659372997
B-STX_USDT,1789563457485,0.2378,0.2379,0.23785,0.00009999999999998899,0.00042052144659372997
B-STX_USDT,1789563459903,0.2378,0.2379,0.23785,0.00009999999999998899,0.00042052144659372997
B-STX_USDT,1789563462321,0.2378,0.2379,0.23785,0.00009999999999998899,0.00042052144659372997
B-STX_USDT,1789563464730,0.2378,0.2379,0.23785,0.00009999999999998899,0.00042052144659372997
B-STX_USDT,1789563467161,0.2378,0.2379,0.23785,0.00009999999999998899,0.00042052144659372997
B-STX_USDT,1789563469577,0.2378,0.2379,0.23785,0.00009999999999998899,0.00042052144659372997
B-STX_USDT,1789563472003,0.2378,0.2379,0.23785,0.00009999999999998899,0.00042052144659372997
B-STX_USDT,1789563474399,0.2378,0.2379,0.23785,0.00009999999999998899,0.00042052144659372997
B-STX_USDT,1789563476806,0.2378,0.2379,0.23785,0.00009999999999998899,0.00042052144659372997
B-STX_USDT,1789563479212,0.2378,0.2379,0.23785,0.00009999999999998899,0.00042052144659372997
B-STX_USDT,1789563481647,0.2378,0.2379,0.23785,0.00009999999999998899,0.00042052144659372997
B-STX_USDT,1789563484095,0.2378,0.2379,0.23785,0.00009999999999998899,0.00042052144659372997
B-STX_USDT,1789563486548,0.2378,0.2379,0.23785,0.00009999999999998899,0.00042052144659372997
B-STX_USDT,1789563488969,0.2378,0.2379,0.23785,0.00009999999999998899,0.00042052144659372997
B-STX_USDT,1789563491389,0.2378,0.2379,0.23785,0.00009999999999998899,0.00042052144659372997
B-STX_USDT,1789563493821,0.2378,0.2379,0.23785,0.00009999999999998899,0.00042052144659372997
B-STX_USDT,1789563496248,0.2378,0.2379,0.23785,0.00009999999999998899,0.00042052144659372997
B-STX_USDT,1789563498701,0.2378,0.2379,0.23785,0.00009999999999998899,0.00042052144659372997
B-STX_USDT,1789563501124,0.2378,0.2379,0.23785,0.00009999999999998899,0.00042052144659372997
B-STX_USDT,1789563503546,0.2378,0.2379,0.23785,0.00009999999999998899,0.00042052144659372997
B-STX_USDT,1789563505982,0.2377,0.2378,0.23775000000000002,0.00010000000000001674,0.00042069835927646926
B-STX_USDT,1789563508404,0.2377,0.2378,0.23775000000000002,0.00010000000000001674,0.00042069835927646926
B-STX_USDT,1789563510825,0.2377,0.2378,0.23775000000000002,0.00010000000000001674,0.00042069835927646926
B-STX_USDT,1789563513300,0.2377,0.2378,0.23775000000000002,0.00010000000000001674,0.00042069835927646926
B-STX_USDT,1789563515756,0.2377,0.2378,0.23775000000000002,0.00010000000000001674,0.00042069835927646926
B-STX_USDT,1789563518198,0.2377,0.2378,0.23775000000000002,0.00010000000000001674,0.00042069835927646926
B-STX_USDT,1789563520638,0.2377,0.2378,0.23775000000000002,0.00010000000000001674,0.00042069835927646926
B-STX_USDT,1789563523085,0.2377,0.2378,0.23775000000000002,0.00010000000000001674,0.00042069835927646926
B-STX_USDT,1789563525521,0.2377,0.2378,0.23775000000000002,0.00010000000000001674,0.00042069835927646926
B-STX_USDT,1789563527962,0.2378,0.2379,0.23785,0.00009999999999998899,0.00042052144659372997
B-STX_USDT,1789563530375,0.2378,0.2379,0.23785,0.00009999999999998899,0.00042052144659372997
B-STX_USDT,1789563532815,0.2378,0.2379,0.23785,0.00009999999999998899,0.00042052144659372997
B-STX_USDT,1789563535235,0.2378,0.2379,0.23785,0.00009999999999998899,0.00042052144659372997
B-STX_USDT,1789563537673,0.2378,0.2379,0.23785,0.00009999999999998899,0.00042052144659372997
B-STX_USDT,1789563540105,0.2378,0.2379,0.23785,0.00009999999999998899,0.00042052144659372997
B-STX_USDT,1789563542554,0.2378,0.2379,0.23785,0.00009999999999998899,0.00042052144659372997
B-STX_USDT,1789563545022,0.2378,0.2379,0.23785,0.00009999999999998899,0.00042052144659372997
B-STX_USDT,1789563547477,0.2378,0.2379,0.23785,0.00009999999999998899,0.00042052144659372997
B-STX_USDT,1789563549901,0.2378,0.2379,0.23785,0.00009999999999998899,0.00042052144659372997
B-STX_USDT,1789563552459,0.2376,0.2377,0.23765,0.00009999999999998899,0.0004208754208753745
B-STX_USDT,1789563554894,0.2376,0.2377,0.23765,0.00009999999999998899,0.0004208754208753745
B-STX_USDT,1789563557324,0.2376,0.2377,0.23765,0.00009999999999998899,0.0004208754208753745
B-STX_USDT,1789563559755,0.2376,0.2377,0.23765,0.00009999999999998899,0.0004208754208753745
B-STX_USDT,1789563562205,0.2376,0.2377,0.23765,0.00009999999999998899,0.0004208754208753745
B-STX_USDT,1789563564687,0.2376,0.2377,0.23765,0.00009999999999998899,0.0004208754208753745
B-STX_USDT,1789563567166,0.2376,0.2377,0.23765,0.00009999999999998899,0.0004208754208753745
B-STX_USDT,1789563569636,0.2376,0.2377,0.23765,0.00009999999999998899,0.0004208754208753745
B-STX_USDT,1789563572152,0.2376,0.2377,0.23765,0.00009999999999998899,0.0004208754208753745
B-STX_USDT,1789563574582,0.2376,0.2377,0.23765,0.00009999999999998899,0.0004208754208753745
B-STX_USDT,1789563577004,0.2376,0.2377,0.23765,0.00009999999999998899,0.0004208754208753745
B-STX_USDT,1789563579555,0.2376,0.2377,0.23765,0.00009999999999998899,0.0004208754208753745
B-STX_USDT,1789563581980,0.2376,0.2377,0.23765,0.00009999999999998899,0.0004208754208753745
B-STX_USDT,1789563584438,0.2377,0.2378,0.23775000000000002,0.00010000000000001674,0.00042069835927646926
B-STX_USDT,1789563587398,0.2378,0.2379,0.23785,0.00009999999999998899,0.00042052144659372997
B-STX_USDT,1789563589860,0.2378,0.2379,0.23785,0.00009999999999998899,0.00042052144659372997
B-STX_USDT,1789563592267,0.2378,0.2379,0.23785,0.00009999999999998899,0.00042052144659372997
B-STX_USDT,1789563594688,0.2378,0.2379,0.23785,0.00009999999999998899,0.00042052144659372997
B-STX_USDT,1789563597123,0.2378,0.2379,0.23785,0.00009999999999998899,0.00042052144659372997
B-STX_USDT,1789563599574,0.2378,0.2379,0.23785,0.00009999999999998899,0.00042052144659372997
B-STX_USDT,1789563602028,0.2377,0.2378,0.23775000000000002,0.00010000000000001674,0.00042069835927646926
B-STX_USDT,1789563604527,0.2377,0.2378,0.23775000000000002,0.00010000000000001674,0.00042069835927646926
B-STX_USDT,1789563606985,0.2378,0.2379,0.23785,0.00009999999999998899,0.00042052144659372997
B-STX_USDT,1789563609400,0.2377,0.2378,0.23775000000000002,0.00010000000000001674,0.00042069835927646926
B-STX_USDT,1789563611952,0.2377,0.2378,0.23775000000000002,0.00010000000000001674,0.00042069835927646926
B-STX_USDT,1789563614486,0.2376,0.2377,0.23765,0.00009999999999998899,0.0004208754208753745
B-STX_USDT,1789563616947,0.2375,0.2376,0.23754999999999998,0.00010000000000001674,0.00042105263157901786
B-STX_USDT,1789563619399,0.2376,0.2377,0.23765,0.00009999999999998899,0.0004208754208753745
B-STX_USDT,1789563621900,0.2376,0.2377,0.23765,0.00009999999999998899,0.0004208754208753745
B-STX_USDT,1789563624366,0.2376,0.2377,0.23765,0.00009999999999998899,0.0004208754208753745
B-STX_USDT,1789563626793,0.2376,0.2377,0.23765,0.00009999999999998899,0.0004208754208753745
B-STX_USDT,1789563629227,0.2375,0.2376,0.23754999999999998,0.00010000000000001674,0.00042105263157901786
B-STX_USDT,1789563631708,0.2374,0.2375,0.23745,0.00009999999999998899,0.0004212299915753538
B-STX_USDT,1789563634121,0.2374,0.2375,0.23745,0.00009999999999998899,0.0004212299915753538
B-STX_USDT,1789563636531,0.2374,0.2375,0.23745,0.00009999999999998899,0.0004212299915753538
B-STX_USDT,1789563639071,0.2374,0.2375,0.23745,0.00009999999999998899,0.0004212299915753538
B-STX_USDT,1789563641545,0.2374,0.2375,0.23745,0.00009999999999998899,0.0004212299915753538
B-STX_USDT,1789563643986,0.2374,0.2375,0.23745,0.00009999999999998899,0.0004212299915753538
B-STX_USDT,1789563646409,0.2374,0.2375,0.23745,0.00009999999999998899,0.0004212299915753538
B-STX_USDT,1789563648877,0.2374,0.2375,0.23745,0.00009999999999998899,0.0004212299915753538
B-STX_USDT,1789563651370,0.2373,0.2374,0.23735,0.00009999999999998899,0.0004214075010534723
B-STX_USDT,1789563653849,0.2373,0.2374,0.23735,0.00009999999999998899,0.0004214075010534723
B-STX_USDT,1789563656300,0.2373,0.2374,0.23735,0.00009999999999998899,0.0004214075010534723
B-STX_USDT,1789563658770,0.2373,0.2374,0.23735,0.00009999999999998899,0.0004214075010534723
B-STX_USDT,1789563661199,0.2373,0.2374,0.23735,0.00009999999999998899,0.0004214075010534723
B-STX_USDT,1789563663613,0.2373,0.2374,0.23735,0.00009999999999998899,0.0004214075010534723
B-STX_USDT,1789563666058,0.2373,0.2374,0.23735,0.00009999999999998899,0.0004214075010534723
B-STX_USDT,1789563668491,0.2373,0.2374,0.23735,0.00009999999999998899,0.0004214075010534723
B-STX_USDT,1789563670955,0.2372,0.2373,0.23725000000000002,0.00010000000000001674,0.0004215851602024315
B-STX_USDT,1789563673401,0.2372,0.2373,0.23725000000000002,0.00010000000000001674,0.0004215851602024315
B-STX_USDT,1789563675879,0.2373,0.2374,0.23735,0.00009999999999998899,0.0004214075010534723
B-STX_USDT,1789563678526,0.2373,0.2374,0.23735,0.00009999999999998899,0.0004214075010534723
B-STX_USDT,1789563680972,0.2373,0.2374,0.23735,0.00009999999999998899,0.0004214075010534723
B-STX_USDT,1789563683413,0.2373,0.2374,0.23735,0.00009999999999998899,0.0004214075010534723
B-STX_USDT,1789563685817,0.2373,0.2374,0.23735,0.00009999999999998899,0.0004214075010534723
B-STX_USDT,1789563688262,0.2373,0.2374,0.23735,0.00009999999999998899,0.0004214075010534723
B-STX_USDT,1789563690816,0.2373,0.2374,0.23735,0.00009999999999998899,0.0004214075010534723
B-STX_USDT,1789563693328,0.2373,0.2374,0.23735,0.00009999999999998899,0.0004214075010534723
B-STX_USDT,1789563695763,0.2372,0.2373,0.23725000000000002,0.00010000000000001674,0.0004215851602024315
B-STX_USDT,1789563698211,0.2373,0.2374,0.23735,0.00009999999999998899,0.0004214075010534723
B-STX_USDT,1789563700690,0.2373,0.2374,0.23735,0.00009999999999998899,0.0004214075010534723
B-STX_USDT,1789563703152,0.2372,0.2373,0.23725000000000002,0.00010000000000001674,0.0004215851602024315
B-STX_USDT,1789563705647,0.2372,0.2373,0.23725000000000002,0.00010000000000001674,0.0004215851602024315
B-STX_USDT,1789563708090,0.2371,0.2372,0.23715,0.00009999999999998899,0.0004217629692112568
B-STX_USDT,1789563710502,0.2371,0.2372,0.23715,0.00009999999999998899,0.0004217629692112568
B-STX_USDT,1789563892500,0.2363,0.2364,0.23635,0.00009999999999998899,0.0004231908590773973
B-STX_USDT,1789563894922,0.2363,0.2364,0.23635,0.00009999999999998899,0.0004231908590773973
B-STX_USDT,1789563897353,0.2363,0.2364,0.23635,0.00009999999999998899,0.0004231908590773973
B-STX_USDT,1789563899756,0.2363,0.2364,0.23635,0.00009999999999998899,0.0004231908590773973
B-STX_USDT,1789563902230,0.2363,0.2364,0.23635,0.00009999999999998899,0.0004231908590773973
B-STX_USDT,1789563904721,0.2363,0.2364,0.23635,0.00009999999999998899,0.0004231908590773973
B-STX_USDT,1789563907165,0.2363,0.2364,0.23635,0.00009999999999998899,0.0004231908590773973
B-STX_USDT,1789563909587,0.2364,0.2365,0.23645,0.00009999999999998899,0.0004230118443315947
B-STX_USDT,1789563912018,0.2364,0.2365,0.23645,0.00009999999999998899,0.0004230118443315947
B-STX_USDT,1789563914479,0.2364,0.2365,0.23645,0.00009999999999998899,0.0004230118443315947
B-STX_USDT,1789563916919,0.2364,0.2365,0.23645,0.00009999999999998899,0.0004230118443315947
B-STX_USDT,1789563919610,0.2364,0.2365,0.23645,0.00009999999999998899,0.0004230118443315947
B-STX_USDT,1789563922024,0.2364,0.2365,0.23645,0.00009999999999998899,0.0004230118443315947
B-STX_USDT,1789563924446,0.2364,0.2365,0.23645,0.00009999999999998899,0.0004230118443315947
B-STX_USDT,1789563926900,0.2364,0.2365,0.23645,0.00009999999999998899,0.0004230118443315947
B-STX_USDT,1789563929341,0.2364,0.2365,0.23645,0.00009999999999998899,0.0004230118443315947
B-STX_USDT,1789563931761,0.2364,0.2365,0.23645,0.00009999999999998899,0.0004230118443315947
B-STX_USDT,1789563934203,0.2364,0.2365,0.23645,0.00009999999999998899,0.0004230118443315947
B-STX_USDT,1789563936667,0.2364,0.2365,0.23645,0.00009999999999998899,0.0004230118443315947
B-STX_USDT,1789563939118,0.2365,0.2366,0.23654999999999998,0.00010000000000001674,0.0004228329809725867
B-STX_USDT,1789563941568,0.2365,0.2366,0.23654999999999998,0.00010000000000001674,0.0004228329809725867
B-STX_USDT,1789563944034,0.2365,0.2366,0.23654999999999998,0.00010000000000001674,0.0004228329809725867
B-STX_USDT,1789563946462,0.2365,0.2366,0.23654999999999998,0.00010000000000001674,0.0004228329809725867
B-STX_USDT,1789563948886,0.2365,0.2366,0.23654999999999998,0.00010000000000001674,0.0004228329809725867
B-STX_USDT,1789563951344,0.2365,0.2366,0.23654999999999998,0.00010000000000001674,0.0004228329809725867
B-STX_USDT,1789563953830,0.2364,0.2365,0.23645,0.00009999999999998899,0.0004230118443315947
B-STX_USDT,1789563956279,0.2364,0.2365,0.23645,0.00009999999999998899,0.0004230118443315947
B-STX_USDT,1789563958725,0.2363,0.2364,0.23635,0.00009999999999998899,0.0004231908590773973
B-STX_USDT,1789563961162,0.2363,0.2364,0.23635,0.00009999999999998899,0.0004231908590773973
B-STX_USDT,1789563963612,0.2361,0.2362,0.23615,0.00009999999999998899,0.00042354934349847094
B-STX_USDT,1789563966078,0.2362,0.2363,0.23625000000000002,0.00010000000000001674,0.0004233700254022724
B-STX_USDT,1789563968602,0.2362,0.2363,0.23625000000000002,0.00010000000000001674,0.0004233700254022724
B-STX_USDT,1789563971047,0.2361,0.2362,0.23615,0.00009999999999998899,0.00042354934349847094
B-STX_USDT,1789563974200,0.2361,0.2362,0.23615,0.00009999999999998899,0.00042354934349847094
B-STX_USDT,1789563976630,0.2361,0.2362,0.23615,0.00009999999999998899,0.00042354934349847094
B-STX_USDT,1789563979068,0.2361,0.2362,0.23615,0.00009999999999998899,0.00042354934349847094
B-STX_USDT,1789563981504,0.2361,0.2362,0.23615,0.00009999999999998899,0.00042354934349847094
B-STX_USDT,1789563983955,0.2362,0.2363,0.23625000000000002,0.00010000000000001674,0.0004233700254022724
B-STX_USDT,1789563986425,0.2362,0.2363,0.23625000000000002,0.00010000000000001674,0.0004233700254022724
B-STX_USDT,1789563988880,0.2363,0.2364,0.23635,0.00009999999999998899,0.0004231908590773973
B-STX_USDT,1789563991294,0.2363,0.2364,0.23635,0.00009999999999998899,0.0004231908590773973
B-STX_USDT,1789563993746,0.2363,0.2364,0.23635,0.00009999999999998899,0.0004231908590773973
B-STX_USDT,1789563996160,0.2363,0.2364,0.23635,0.00009999999999998899,0.0004231908590773973
B-STX_USDT,1789563998563,0.2362,0.2363,0.23625000000000002,0.00010000000000001674,0.0004233700254022724
B-STX_USDT,1789564000997,0.2362,0.2363,0.23625000000000002,0.00010000000000001674,0.0004233700254022724
B-STX_USDT,1789564003446,0.2362,0.2363,0.23625000000000002,0.00010000000000001674,0.0004233700254022724
B-STX_USDT,1789564005882,0.2362,0.2363,0.23625000000000002,0.00010000000000001674,0.0004233700254022724
B-STX_USDT,1789564008347,0.2361,0.2362,0.23615,0.00009999999999998899,0.00042354934349847094
B-STX_USDT,1789564010860,0.2361,0.2362,0.23615,0.00009999999999998899,0.00042354934349847094
B-STX_USDT,1789564013290,0.2361,0.2362,0.23615,0.00009999999999998899,0.00042354934349847094
B-STX_USDT,1789564015714,0.2361,0.2362,0.23615,0.00009999999999998899,0.00042354934349847094
B-STX_USDT,1789564018127,0.2361,0.2362,0.23615,0.00009999999999998899,0.00042354934349847094
B-STX_USDT,1789564020561,0.2361,0.2362,0.23615,0.00009999999999998899,0.00042354934349847094
B-STX_USDT,1789564023038,0.236,0.2361,0.23604999999999998,0.00010000000000001674,0.000423728813559393
B-STX_USDT,1789564025467,0.236,0.2361,0.23604999999999998,0.00010000000000001674,0.000423728813559393
B-STX_USDT,1789564029462,0.236,0.2361,0.23604999999999998,0.00010000000000001674,0.000423728813559393
B-STX_USDT,1789564031949,0.236,0.2361,0.23604999999999998,0.00010000000000001674,0.000423728813559393
B-STX_USDT,1789564034482,0.236,0.2361,0.23604999999999998,0.00010000000000001674,0.000423728813559393
B-STX_USDT,1789564036936,0.236,0.2361,0.23604999999999998,0.00010000000000001674,0.000423728813559393
B-STX_USDT,1789564039405,0.236,0.2361,0.23604999999999998,0.00010000000000001674,0.000423728813559393
B-STX_USDT,1789564041894,0.2362,0.2363,0.23625000000000002,0.00010000000000001674,0.0004233700254022724
B-STX_USDT,1789564044373,0.2361,0.2362,0.23615,0.00009999999999998899,0.00042354934349847094
B-STX_USDT,1789564046856,0.2361,0.2362,0.23615,0.00009999999999998899,0.00042354934349847094
B-STX_USDT,1789564049401,0.2361,0.2362,0.23615,0.00009999999999998899,0.00042354934349847094
B-STX_USDT,1789564051860,0.2361,0.2362,0.23615,0.00009999999999998899,0.00042354934349847094
B-STX_USDT,1789564054296,0.2361,0.2362,0.23615,0.00009999999999998899,0.00042354934349847094
B-STX_USDT,1789564056724,0.2361,0.2362,0.23615,0.00009999999999998899,0.00042354934349847094
B-STX_USDT,1789564059167,0.2361,0.2362,0.23615,0.00009999999999998899,0.00042354934349847094
B-STX_USDT,1789564061583,0.2361,0.2362,0.23615,0.00009999999999998899,0.00042354934349847094
B-STX_USDT,1789564064003,0.2361,0.2362,0.23615,0.00009999999999998899,0.00042354934349847094
B-STX_USDT,1789564066442,0.2361,0.2362,0.23615,0.00009999999999998899,0.00042354934349847094
B-STX_USDT,1789564068883,0.2361,0.2362,0.23615,0.00009999999999998899,0.00042354934349847094
B-STX_USDT,1789564071326,0.2362,0.2363,0.23625000000000002,0.00010000000000001674,0.0004233700254022724
B-STX_USDT,1789564073841,0.2362,0.2363,0.23625000000000002,0.00010000000000001674,0.0004233700254022724
B-STX_USDT,1789564076320,0.2362,0.2363,0.23625000000000002,0.00010000000000001674,0.0004233700254022724
B-STX_USDT,1789564078793,0.2362,0.2363,0.23625000000000002,0.00010000000000001674,0.0004233700254022724
B-STX_USDT,1789564081294,0.2361,0.2362,0.23615,0.00009999999999998899,0.00042354934349847094
B-STX_USDT,1789564084082,0.2361,0.2362,0.23615,0.00009999999999998899,0.00042354934349847094
B-STX_USDT,1789564086612,0.2361,0.2362,0.23615,0.00009999999999998899,0.00042354934349847094
B-STX_USDT,1789564089047,0.2361,0.2362,0.23615,0.00009999999999998899,0.00042354934349847094
B-STX_USDT,1789564091489,0.2361,0.2362,0.23615,0.00009999999999998899,0.00042354934349847094
B-STX_USDT,1789564094562,0.2361,0.2362,0.23615,0.00009999999999998899,0.00042354934349847094
B-STX_USDT,1789564096990,0.236,0.2361,0.23604999999999998,0.00010000000000001674,0.000423728813559393
B-STX_USDT,1789564099571,0.236,0.2361,0.23604999999999998,0.00010000000000001674,0.000423728813559393
B-STX_USDT,1789564102105,0.236,0.2361,0.23604999999999998,0.00010000000000001674,0.000423728813559393
B-STX_USDT,1789564104618,0.236,0.2361,0.23604999999999998,0.00010000000000001674,0.000423728813559393
B-STX_USDT,1789564107073,0.236,0.2361,0.23604999999999998,0.00010000000000001674,0.000423728813559393
B-STX_USDT,1789564109578,0.236,0.2361,0.23604999999999998,0.00010000000000001674,0.000423728813559393
B-STX_USDT,1789564112022,0.236,0.2361,0.23604999999999998,0.00010000000000001674,0.000423728813559393
B-STX_USDT,1789564114496,0.236,0.2361,0.23604999999999998,0.00010000000000001674,0.000423728813559393
B-STX_USDT,1789564116960,0.236,0.2361,0.23604999999999998,0.00010000000000001674,0.000423728813559393
B-STX_USDT,1789564119426,0.236,0.2361,0.23604999999999998,0.00010000000000001674,0.000423728813559393
B-STX_USDT,1789564121996,0.236,0.2361,0.23604999999999998,0.00010000000000001674,0.000423728813559393
B-STX_USDT,1789564124489,0.236,0.2361,0.23604999999999998,0.00010000000000001674,0.000423728813559393
B-STX_USDT,1789564126906,0.236,0.2361,0.23604999999999998,0.00010000000000001674,0.000423728813559393
B-STX_USDT,1789564129368,0.236,0.2361,0.23604999999999998,0.00010000000000001674,0.000423728813559393
B-STX_USDT,1789564131813,0.236,0.2361,0.23604999999999998,0.00010000000000001674,0.000423728813559393
B-STX_USDT,1789564134250,0.2359,0.236,0.23595,0.00009999999999998899,0.0004239084357778253
B-STX_USDT,1789564136725,0.2359,0.236,0.23595,0.00009999999999998899,0.0004239084357778253
B-STX_USDT,1789564139151,0.2359,0.236,0.23595,0.00009999999999998899,0.0004239084357778253
B-STX_USDT,1789564141566,0.2359,0.236,0.23595,0.00009999999999998899,0.0004239084357778253
B-STX_USDT,1789564143968,0.2359,0.236,0.23595,0.00009999999999998899,0.0004239084357778253
B-STX_USDT,1789564146408,0.2359,0.236,0.23595,0.00009999999999998899,0.0004239084357778253
B-STX_USDT,1789564148842,0.2359,0.236,0.23595,0.00009999999999998899,0.0004239084357778253
B-STX_USDT,1789564151312,0.2359,0.236,0.23595,0.00009999999999998899,0.0004239084357778253
B-STX_USDT,1789564153865,0.2359,0.236,0.23595,0.00009999999999998899,0.0004239084357778253
B-STX_USDT,1789564156506,0.2359,0.236,0.23595,0.00009999999999998899,0.0004239084357778253
B-STX_USDT,1789564159002,0.2359,0.236,0.23595,0.00009999999999998899,0.0004239084357778253
B-STX_USDT,1789564161471,0.2359,0.236,0.23595,0.00009999999999998899,0.0004239084357778253
B-STX_USDT,1789564163947,0.2359,0.236,0.23595,0.00009999999999998899,0.0004239084357778253
B-STX_USDT,1789564166368,0.2359,0.236,0.23595,0.00009999999999998899,0.0004239084357778253
B-STX_USDT,1789564168772,0.2359,0.236,0.23595,0.00009999999999998899,0.0004239084357778253
B-STX_USDT,1789564171184,0.2359,0.236,0.23595,0.00009999999999998899,0.0004239084357778253
B-STX_USDT,1789564173603,0.2359,0.236,0.23595,0.00009999999999998899,0.0004239084357778253
B-STX_USDT,1789564176103,0.2359,0.236,0.23595,0.00009999999999998899,0.0004239084357778253
B-STX_USDT,1789564178564,0.2359,0.236,0.23595,0.00009999999999998899,0.0004239084357778253
B-STX_USDT,1789564181004,0.2359,0.236,0.23595,0.00009999999999998899,0.0004239084357778253
B-STX_USDT,1789564183480,0.2359,0.236,0.23595,0.00009999999999998899,0.0004239084357778253
B-STX_USDT,1789564185909,0.2359,0.236,0.23595,0.00009999999999998899,0.0004239084357778253
B-STX_USDT,1789564188335,0.2359,0.236,0.23595,0.00009999999999998899,0.0004239084357778253
B-STX_USDT,1789564190758,0.2359,0.236,0.23595,0.00009999999999998899,0.0004239084357778253
B-STX_USDT,1789564193224,0.2359,0.236,0.23595,0.00009999999999998899,0.0004239084357778253
B-STX_USDT,1789564195669,0.2359,0.236,0.23595,0.00009999999999998899,0.0004239084357778253
B-STX_USDT,1789564198109,0.2359,0.236,0.23595,0.00009999999999998899,0.0004239084357778253
B-STX_USDT,1789564200536,0.2359,0.236,0.23595,0.00009999999999998899,0.0004239084357778253
B-STX_USDT,1789564203019,0.2359,0.236,0.23595,0.00009999999999998899,0.0004239084357778253
B-STX_USDT,1789564205467,0.2358,0.2359,0.23585,0.00009999999999998899,0.0004240882103477056
B-STX_USDT,1789564208059,0.2358,0.2359,0.23585,0.00009999999999998899,0.0004240882103477056
B-STX_USDT,1789564210497,0.2357,0.2358,0.23575000000000002,0.00010000000000001674,0.0004242681374629476
B-STX_USDT,1789564212969,0.2357,0.2358,0.23575000000000002,0.00010000000000001674,0.0004242681374629476
B-STX_USDT,1789564215509,0.2357,0.2358,0.23575000000000002,0.00010000000000001674,0.0004242681374629476
B-STX_USDT,1789564218013,0.2357,0.2358,0.23575000000000002,0.00010000000000001674,0.0004242681374629476
B-STX_USDT,1789564220689,0.2356,0.2357,0.23565,0.00009999999999998899,0.00042444821731744053
B-STX_USDT,1789564223469,0.2356,0.2357,0.23565,0.00009999999999998899,0.00042444821731744053
B-STX_USDT,1789564225897,0.2356,0.2357,0.23565,0.00009999999999998899,0.00042444821731744053
B-STX_USDT,1789564228330,0.2356,0.2357,0.23565,0.00009999999999998899,0.00042444821731744053
B-STX_USDT,1789564230739,0.2356,0.2357,0.23565,0.00009999999999998899,0.00042444821731744053
B-STX_USDT,1789564233168,0.2356,0.2357,0.23565,0.00009999999999998899,0.00042444821731744053
B-STX_USDT,1789564235676,0.2356,0.2357,0.23565,0.00009999999999998899,0.00042444821731744053
B-STX_USDT,1789564238237,0.2357,0.2358,0.23575000000000002,0.00010000000000001674,0.0004242681374629476
B-STX_USDT,1789564240797,0.2357,0.2358,0.23575000000000002,0.00010000000000001674,0.0004242681374629476
B-STX_USDT,1789564243310,0.2357,0.2358,0.23575000000000002,0.00010000000000001674,0.0004242681374629476
B-STX_USDT,1789564245790,0.2357,0.2358,0.23575000000000002,0.00010000000000001674,0.0004242681374629476
B-STX_USDT,1789564248232,0.2356,0.2357,0.23565,0.00009999999999998899,0.00042444821731744053
B-STX_USDT,1789564250676,0.2356,0.2357,0.23565,0.00009999999999998899,0.00042444821731744053
B-STX_USDT,1789564253157,0.2356,0.2357,0.23565,0.00009999999999998899,0.00042444821731744053
B-STX_USDT,1789564255643,0.2356,0.2357,0.23565,0.00009999999999998899,0.00042444821731744053
B-STX_USDT,1789564258068,0.2356,0.2357,0.23565,0.00009999999999998899,0.00042444821731744053
B-STX_USDT,1789564260496,0.2356,0.2357,0.23565,0.00009999999999998899,0.00042444821731744053
B-STX_USDT,1789564262922,0.2357,0.2358,0.23575000000000002,0.00010000000000001674,0.0004242681374629476
B-STX_USDT,1789564265367,0.2357,0.2358,0.23575000000000002,0.00010000000000001674,0.0004242681374629476
B-STX_USDT,1789564267941,0.2357,0.2358,0.23575000000000002,0.00010000000000001674,0.0004242681374629476
B-STX_USDT,1789564270457,0.2358,0.2359,0.23585,0.00009999999999998899,0.0004240882103477056
B-STX_USDT,1789564272909,0.2358,0.2359,0.23585,0.00009999999999998899,0.0004240882103477056
B-STX_USDT,1789564275407,0.2358,0.2359,0.23585,0.00009999999999998899,0.0004240882103477056
B-STX_USDT,1789564277857,0.2358,0.2359,0.23585,0.00009999999999998899,0.0004240882103477056
B-STX_USDT,1789564280278,0.2358,0.2359,0.23585,0.00009999999999998899,0.0004240882103477056
B-STX_USDT,1789564282713,0.2358,0.2359,0.23585,0.00009999999999998899,0.0004240882103477056
B-STX_USDT,1789564285262,0.2358,0.2359,0.23585,0.00009999999999998899,0.0004240882103477056
B-STX_USDT,1789564287732,0.2358,0.2359,0.23585,0.00009999999999998899,0.0004240882103477056
B-STX_USDT,1789564290201,0.2358,0.2359,0.23585,0.00009999999999998899,0.0004240882103477056
B-STX_USDT,1789564292639,0.2358,0.2359,0.23585,0.00009999999999998899,0.0004240882103477056
B-STX_USDT,1789564295163,0.2358,0.2359,0.23585,0.00009999999999998899,0.0004240882103477056
B-STX_USDT,1789564297600,0.2357,0.2358,0.23575000000000002,0.00010000000000001674,0.0004242681374629476
B-STX_USDT,1789564300006,0.2357,0.2358,0.23575000000000002,0.00010000000000001674,0.0004242681374629476
B-STX_USDT,1789564302422,0.2358,0.2359,0.23585,0.00009999999999998899,0.0004240882103477056
B-STX_USDT,1789564304860,0.2358,0.2359,0.23585,0.00009999999999998899,0.0004240882103477056
B-STX_USDT,1789564307299,0.2358,0.2359,0.23585,0.00009999999999998899,0.0004240882103477056
B-STX_USDT,1789564309715,0.2358,0.2359,0.23585,0.00009999999999998899,0.0004240882103477056
B-STX_USDT,1789564312183,0.2358,0.2359,0.23585,0.00009999999999998899,0.0004240882103477056
B-STX_USDT,1789564314696,0.2357,0.2358,0.23575000000000002,0.00010000000000001674,0.0004242681374629476
B-STX_USDT,1789564317159,0.2358,0.2359,0.23585,0.00009999999999998899,0.0004240882103477056
B-STX_USDT,1789564319588,0.2358,0.2359,0.23585,0.00009999999999998899,0.0004240882103477056
B-STX_USDT,1789564322000,0.2358,0.2359,0.23585,0.00009999999999998899,0.0004240882103477056
B-STX_USDT,1789564324406,0.2357,0.2358,0.23575000000000002,0.00010000000000001674,0.0004242681374629476
B-STX_USDT,1789564327122,0.2357,0.2358,0.23575000000000002,0.00010000000000001674,0.0004242681374629476
B-STX_USDT,1789564329550,0.2357,0.2358,0.23575000000000002,0.00010000000000001674,0.0004242681374629476
B-STX_USDT,1789564332120,0.2357,0.2358,0.23575000000000002,0.00010000000000001674,0.0004242681374629476
B-STX_USDT,1789564334552,0.2357,0.2358,0.23575000000000002,0.00010000000000001674,0.0004242681374629476
B-STX_USDT,1789564337105,0.2357,0.2358,0.23575000000000002,0.00010000000000001674,0.0004242681374629476
B-STX_USDT,1789564339775,0.2357,0.2358,0.23575000000000002,0.00010000000000001674,0.0004242681374629476
B-STX_USDT,1789564342253,0.2357,0.2358,0.23575000000000002,0.00010000000000001674,0.0004242681374629476
B-STX_USDT,1789564344752,0.2357,0.2358,0.23575000000000002,0.00010000000000001674,0.0004242681374629476
B-STX_USDT,1789564347461,0.2357,0.2358,0.23575000000000002,0.00010000000000001674,0.0004242681374629476
B-STX_USDT,1789564349878,0.2357,0.2358,0.23575000000000002,0.00010000000000001674,0.0004242681374629476
B-STX_USDT,1789564352313,0.2357,0.2358,0.23575000000000002,0.00010000000000001674,0.0004242681374629476
B-STX_USDT,1789564354757,0.2357,0.2358,0.23575000000000002,0.00010000000000001674,0.0004242681374629476
B-STX_USDT,1789564357212,0.2358,0.2359,0.23585,0.00009999999999998899,0.0004240882103477056
B-STX_USDT,1789564359628,0.2358,0.2359,0.23585,0.00009999999999998899,0.0004240882103477056
B-STX_USDT,1789564362069,0.2358,0.2359,0.23585,0.00009999999999998899,0.0004240882103477056
B-STX_USDT,1789564364495,0.2357,0.2358,0.23575000000000002,0.00010000000000001674,0.0004242681374629476
B-STX_USDT,1789564366914,0.2357,0.2358,0.23575000000000002,0.00010000000000001674,0.0004242681374629476
B-STX_USDT,1789564369378,0.2357,0.2358,0.23575000000000002,0.00010000000000001674,0.0004242681374629476
B-STX_USDT,1789564371834,0.2357,0.2358,0.23575000000000002,0.00010000000000001674,0.0004242681374629476
B-STX_USDT,1789564374269,0.2357,0.2358,0.23575000000000002,0.00010000000000001674,0.0004242681374629476
B-STX_USDT,1789564376747,0.2357,0.2358,0.23575000000000002,0.00010000000000001674,0.0004242681374629476
B-STX_USDT,1789564379170,0.2357,0.2358,0.23575000000000002,0.00010000000000001674,0.0004242681374629476
B-STX_USDT,1789564381650,0.2357,0.2358,0.23575000000000002,0.00010000000000001674,0.0004242681374629476
B-STX_USDT,1789564384076,0.2358,0.2359,0.23585,0.00009999999999998899,0.0004240882103477056
B-STX_USDT,1789564386566,0.2359,0.236,0.23595,0.00009999999999998899,0.0004239084357778253
B-STX_USDT,1789564389152,0.2359,0.236,0.23595,0.00009999999999998899,0.0004239084357778253
B-STX_USDT,1789564391599,0.2359,0.236,0.23595,0.00009999999999998899,0.0004239084357778253
B-STX_USDT,1789564394138,0.2359,0.236,0.23595,0.00009999999999998899,0.0004239084357778253
B-STX_USDT,1789564396595,0.2362,0.2363,0.23625000000000002,0.00010000000000001674,0.0004233700254022724
B-STX_USDT,1789564399068,0.2362,0.2363,0.23625000000000002,0.00010000000000001674,0.0004233700254022724
B-STX_USDT,1789564401532,0.2362,0.2363,0.23625000000000002,0.00010000000000001674,0.0004233700254022724
B-STX_USDT,1789564403977,0.2362,0.2363,0.23625000000000002,0.00010000000000001674,0.0004233700254022724
B-STX_USDT,1789564406451,0.2362,0.2363,0.23625000000000002,0.00010000000000001674,0.0004233700254022724
B-STX_USDT,1789564408900,0.2362,0.2363,0.23625000000000002,0.00010000000000001674,0.0004233700254022724
B-STX_USDT,1789564411418,0.2362,0.2363,0.23625000000000002,0.00010000000000001674,0.0004233700254022724
B-STX_USDT,1789564413837,0.2362,0.2363,0.23625000000000002,0.00010000000000001674,0.0004233700254022724
B-STX_USDT,1789564416278,0.2362,0.2363,0.23625000000000002,0.00010000000000001674,0.0004233700254022724
B-STX_USDT,1789564418707,0.2362,0.2363,0.23625000000000002,0.00010000000000001674,0.0004233700254022724
B-STX_USDT,1789564421188,0.2362,0.2363,0.23625000000000002,0.00010000000000001674,0.0004233700254022724
B-STX_USDT,1789564423708,0.2362,0.2363,0.23625000000000002,0.00010000000000001674,0.0004233700254022724
B-STX_USDT,1789564426125,0.2363,0.2364,0.23635,0.00009999999999998899,0.0004231908590773973
B-STX_USDT,1789564428545,0.2363,0.2364,0.23635,0.00009999999999998899,0.0004231908590773973
B-STX_USDT,1789564430981,0.2363,0.2364,0.23635,0.00009999999999998899,0.0004231908590773973
B-STX_USDT,1789564433423,0.2364,0.2365,0.23645,0.00009999999999998899,0.0004230118443315947
B-STX_USDT,1789564435874,0.2364,0.2365,0.23645,0.00009999999999998899,0.0004230118443315947
B-STX_USDT,1789564438329,0.2364,0.2365,0.23645,0.00009999999999998899,0.0004230118443315947
B-STX_USDT,1789564440742,0.2364,0.2365,0.23645,0.00009999999999998899,0.0004230118443315947
B-STX_USDT,1789564443169,0.2364,0.2365,0.23645,0.00009999999999998899,0.0004230118443315947
B-STX_USDT,1789564445595,0.2363,0.2364,0.23635,0.00009999999999998899,0.0004231908590773973
B-STX_USDT,1789564448020,0.2363,0.2364,0.23635,0.00009999999999998899,0.0004231908590773973
B-STX_USDT,1789564450438,0.2363,0.2364,0.23635,0.00009999999999998899,0.0004231908590773973
B-STX_USDT,1789564452905,0.2363,0.2364,0.23635,0.00009999999999998899,0.0004231908590773973
B-STX_USDT,1789564455391,0.2363,0.2364,0.23635,0.00009999999999998899,0.0004231908590773973
B-STX_USDT,1789564458385,0.2363,0.2364,0.23635,0.00009999999999998899,0.0004231908590773973
B-STX_USDT,1789564460851,0.2363,0.2364,0.23635,0.00009999999999998899,0.0004231908590773973
B-STX_USDT,1789564463372,0.2363,0.2364,0.23635,0.00009999999999998899,0.0004231908590773973
B-STX_USDT,1789564465815,0.2363,0.2364,0.23635,0.00009999999999998899,0.0004231908590773973
B-STX_USDT,1789564468238,0.2363,0.2364,0.23635,0.00009999999999998899,0.0004231908590773973
B-STX_USDT,1789564470672,0.2363,0.2364,0.23635,0.00009999999999998899,0.0004231908590773973
B-STX_USDT,1789564473103,0.2363,0.2364,0.23635,0.00009999999999998899,0.0004231908590773973
B-STX_USDT,1789564475553,0.2363,0.2364,0.23635,0.00009999999999998899,0.0004231908590773973
B-STX_USDT,1789564478030,0.2363,0.2364,0.23635,0.00009999999999998899,0.0004231908590773973
B-STX_USDT,1789564480497,0.2362,0.2364,0.2363,0.00020000000000000573,0.0008467400508044273
B-STX_USDT,1789564483017,0.2363,0.2364,0.23635,0.00009999999999998899,0.0004231908590773973
B-STX_USDT,1789564485460,0.2363,0.2364,0.23635,0.00009999999999998899,0.0004231908590773973
B-STX_USDT,1789564487890,0.2363,0.2364,0.23635,0.00009999999999998899,0.0004231908590773973
B-STX_USDT,1789564490302,0.2363,0.2364,0.23635,0.00009999999999998899,0.0004231908590773973
B-STX_USDT,1789564492716,0.2363,0.2364,0.23635,0.00009999999999998899,0.0004231908590773973
B-STX_USDT,1789564495142,0.2363,0.2364,0.23635,0.00009999999999998899,0.0004231908590773973
B-STX_USDT,1789564497590,0.2363,0.2364,0.23635,0.00009999999999998899,0.0004231908590773973
B-STX_USDT,1789564500051,0.2363,0.2364,0.23635,0.00009999999999998899,0.0004231908590773973
B-STX_USDT,1789564502495,0.2363,0.2364,0.23635,0.00009999999999998899,0.0004231908590773973
B-STX_USDT,1789564504963,0.2363,0.2364,0.23635,0.00009999999999998899,0.0004231908590773973
B-STX_USDT,1789564507409,0.2363,0.2364,0.23635,0.00009999999999998899,0.0004231908590773973
B-STX_USDT,1789564509873,0.2363,0.2364,0.23635,0.00009999999999998899,0.0004231908590773973
B-STX_USDT,1789564512352,0.2362,0.2363,0.23625000000000002,0.00010000000000001674,0.0004233700254022724
B-STX_USDT,1789564514783,0.2362,0.2363,0.23625000000000002,0.00010000000000001674,0.0004233700254022724
B-STX_USDT,1789564517275,0.2362,0.2363,0.23625000000000002,0.00010000000000001674,0.0004233700254022724
B-STX_USDT,1789564519713,0.2363,0.2364,0.23635,0.00009999999999998899,0.0004231908590773973
B-STX_USDT,1789564522245,0.2363,0.2364,0.23635,0.00009999999999998899,0.0004231908590773973
B-STX_USDT,1789564524688,0.2363,0.2364,0.23635,0.00009999999999998899,0.0004231908590773973
B-STX_USDT,1789564527194,0.2363,0.2364,0.23635,0.00009999999999998899,0.0004231908590773973
B-STX_USDT,1789564529664,0.2363,0.2364,0.23635,0.00009999999999998899,0.0004231908590773973
B-STX_USDT,1789564532160,0.2363,0.2364,0.23635,0.00009999999999998899,0.0004231908590773973
B-STX_USDT,1789564534696,0.2363,0.2364,0.23635,0.00009999999999998899,0.0004231908590773973
B-STX_USDT,1789564537215,0.2363,0.2364,0.23635,0.00009999999999998899,0.0004231908590773973
B-STX_USDT,1789564539887,0.2363,0.2364,0.23635,0.00009999999999998899,0.0004231908590773973
B-STX_USDT,1789564542382,0.2364,0.2365,0.23645,0.00009999999999998899,0.0004230118443315947
B-STX_USDT,1789564544860,0.2364,0.2365,0.23645,0.00009999999999998899,0.0004230118443315947
B-STX_USDT,1789564547431,0.2365,0.2367,0.23659999999999998,0.00020000000000000573,0.000845665961945056
B-STX_USDT,1789564549964,0.2365,0.2367,0.23659999999999998,0.00020000000000000573,0.000845665961945056
B-STX_USDT,1789564552469,0.2365,0.2367,0.23659999999999998,0.00020000000000000573,0.000845665961945056
B-STX_USDT,1789564554892,0.2365,0.2367,0.23659999999999998,0.00020000000000000573,0.000845665961945056
B-STX_USDT,1789564557356,0.2366,0.2367,0.23665,0.00009999999999998899,0.0004226542688080684
B-STX_USDT,1789564559900,0.2366,0.2367,0.23665,0.00009999999999998899,0.0004226542688080684
B-STX_USDT,1789564562386,0.2367,0.2369,0.2368,0.00020000000000000573,0.0008449514152936449
B-STX_USDT,1789564565073,0.2367,0.2368,0.23675000000000002,0.00010000000000001674,0.00042247570764688104
B-STX_USDT,1789564567526,0.2367,0.2368,0.23675000000000002,0.00010000000000001674,0.00042247570764688104
B-STX_USDT,1789564569947,0.2368,0.2369,0.23685,0.00009999999999998899,0.00042229729729725075
B-STX_USDT,1789564572452,0.2367,0.2368,0.23675000000000002,0.00010000000000001674,0.00042247570764688104
B-STX_USDT,1789564574890,0.2366,0.2367,0.23665,0.00009999999999998899,0.0004226542688080684
B-STX_USDT,1789564577333,0.2368,0.2369,0.23685,0.00009999999999998899,0.00042229729729725075
B-STX_USDT,1789564579751,0.2368,0.2369,0.23685,0.00009999999999998899,0.00042229729729725075
B-STX_USDT,1789564582176,0.2368,0.2369,0.23685,0.00009999999999998899,0.00042229729729725075
B-STX_USDT,1789564584617,0.2368,0.2369,0.23685,0.00009999999999998899,0.00042229729729725075
B-STX_USDT,1789564587057,0.2368,0.2369,0.23685,0.00009999999999998899,0.00042229729729725075
B-STX_USDT,1789564589476,0.2368,0.2369,0.23685,0.00009999999999998899,0.00042229729729725075
B-STX_USDT,1789564591899,0.2367,0.2368,0.23675000000000002,0.00010000000000001674,0.00042247570764688104
B-STX_USDT,1789564594353,0.2366,0.2367,0.23665,0.00009999999999998899,0.0004226542688080684
B-STX_USDT,1789564596815,0.2367,0.2368,0.23675000000000002,0.00010000000000001674,0.00042247570764688104
B-STX_USDT,1789564599265,0.2367,0.2368,0.23675000000000002,0.00010000000000001674,0.00042247570764688104
B-STX_USDT,1789564601718,0.2366,0.2367,0.23665,0.00009999999999998899,0.0004226542688080684
B-STX_USDT,1789564604197,0.2366,0.2367,0.23665,0.00009999999999998899,0.0004226542688080684
B-STX_USDT,1789564606658,0.2366,0.2367,0.23665,0.00009999999999998899,0.0004226542688080684
B-STX_USDT,1789564609105,0.2366,0.2367,0.23665,0.00009999999999998899,0.0004226542688080684
B-STX_USDT,1789564611544,0.2365,0.2366,0.23654999999999998,0.00010000000000001674,0.0004228329809725867
B-STX_USDT,1789564613974,0.2365,0.2366,0.23654999999999998,0.00010000000000001674,0.0004228329809725867
B-STX_USDT,1789564616435,0.2365,0.2366,0.23654999999999998,0.00010000000000001674,0.0004228329809725867
B-STX_USDT,1789564618894,0.2366,0.2367,0.23665,0.00009999999999998899,0.0004226542688080684
B-STX_USDT,1789564621342,0.2365,0.2366,0.23654999999999998,0.00010000000000001674,0.0004228329809725867
B-STX_USDT,1789564623781,0.2365,0.2366,0.23654999999999998,0.00010000000000001674,0.0004228329809725867
B-STX_USDT,1789564626252,0.2365,0.2366,0.23654999999999998,0.00010000000000001674,0.0004228329809725867
B-STX_USDT,1789564628724,0.2364,0.2365,0.23645,0.00009999999999998899,0.0004230118443315947
B-STX_USDT,1789564631172,0.2364,0.2365,0.23645,0.00009999999999998899,0.0004230118443315947
B-STX_USDT,1789564633668,0.2364,0.2365,0.23645,0.00009999999999998899,0.0004230118443315947
B-STX_USDT,1789564636189,0.2364,0.2365,0.23645,0.00009999999999998899,0.0004230118443315947
B-STX_USDT,1789564638659,0.2364,0.2365,0.23645,0.00009999999999998899,0.0004230118443315947
B-STX_USDT,1789564641104,0.2364,0.2365,0.23645,0.00009999999999998899,0.0004230118443315947
B-STX_USDT,1789564643565,0.2364,0.2365,0.23645,0.00009999999999998899,0.0004230118443315947
B-STX_USDT,1789564646069,0.2364,0.2365,0.23645,0.00009999999999998899,0.0004230118443315947
B-STX_USDT,1789564648699,0.2364,0.2365,0.23645,0.00009999999999998899,0.0004230118443315947
B-STX_USDT,1789564651120,0.2364,0.2365,0.23645,0.00009999999999998899,0.0004230118443315947
B-STX_USDT,1789564653547,0.2364,0.2365,0.23645,0.00009999999999998899,0.0004230118443315947
B-STX_USDT,1789564655985,0.2364,0.2365,0.23645,0.00009999999999998899,0.0004230118443315947
B-STX_USDT,1789564658431,0.2364,0.2365,0.23645,0.00009999999999998899,0.0004230118443315947
B-STX_USDT,1789564660885,0.2365,0.2366,0.23654999999999998,0.00010000000000001674,0.0004228329809725867
B-STX_USDT,1789564663371,0.2364,0.2365,0.23645,0.00009999999999998899,0.0004230118443315947
B-STX_USDT,1789564665846,0.2364,0.2365,0.23645,0.00009999999999998899,0.0004230118443315947
B-STX_USDT,1789564668367,0.2364,0.2365,0.23645,0.00009999999999998899,0.0004230118443315947
B-STX_USDT,1789564670896,0.2364,0.2366,0.2365,0.00020000000000000573,0.0008460236886633068
B-STX_USDT,1789564673373,0.2365,0.2366,0.23654999999999998,0.00010000000000001674,0.0004228329809725867
B-STX_USDT,1789564675813,0.2365,0.2366,0.23654999999999998,0.00010000000000001674,0.0004228329809725867
B-STX_USDT,1789564678242,0.2365,0.2366,0.23654999999999998,0.00010000000000001674,0.0004228329809725867
B-STX_USDT,1789564680701,0.2365,0.2366,0.23654999999999998,0.00010000000000001674,0.0004228329809725867
B-STX_USDT,1789564683180,0.2365,0.2366,0.23654999999999998,0.00010000000000001674,0.0004228329809725867
B-STX_USDT,1789564685646,0.2365,0.2366,0.23654999999999998,0.00010000000000001674,0.0004228329809725867
B-STX_USDT,1789564688149,0.2364,0.2366,0.2365,0.00020000000000000573,0.0008460236886633068
B-STX_USDT,1789564690901,0.2365,0.2366,0.23654999999999998,0.00010000000000001674,0.0004228329809725867
B-STX_USDT,1789564693376,0.2365,0.2366,0.23654999999999998,0.00010000000000001674,0.0004228329809725867
B-STX_USDT,1789564695817,0.2365,0.2366,0.23654999999999998,0.00010000000000001674,0.0004228329809725867
B-STX_USDT,1789564698383,0.2365,0.2366,0.23654999999999998,0.00010000000000001674,0.0004228329809725867
B-STX_USDT,1789564700845,0.2365,0.2366,0.23654999999999998,0.00010000000000001674,0.0004228329809725867
B-STX_USDT,1789564703349,0.2366,0.2367,0.23665,0.00009999999999998899,0.0004226542688080684
B-STX_USDT,1789564705802,0.2366,0.2367,0.23665,0.00009999999999998899,0.0004226542688080684
B-STX_USDT,1789564708216,0.2366,0.2367,0.23665,0.00009999999999998899,0.0004226542688080684
B-STX_USDT,1789564710664,0.2366,0.2367,0.23665,0.00009999999999998899,0.0004226542688080684
B-STX_USDT,1789564713215,0.2366,0.2367,0.23665,0.00009999999999998899,0.0004226542688080684
B-STX_USDT,1789564715733,0.2366,0.2367,0.23665,0.00009999999999998899,0.0004226542688080684
B-STX_USDT,1789564718247,0.2367,0.2368,0.23675000000000002,0.00010000000000001674,0.00042247570764688104
B-STX_USDT,1789564720719,0.2367,0.2368,0.23675000000000002,0.00010000000000001674,0.00042247570764688104
B-STX_USDT,1789564723168,0.2366,0.2367,0.23665,0.00009999999999998899,0.0004226542688080684
B-STX_USDT,1789564725639,0.2366,0.2367,0.23665,0.00009999999999998899,0.0004226542688080684
B-STX_USDT,1789564728089,0.2366,0.2367,0.23665,0.00009999999999998899,0.0004226542688080684
B-STX_USDT,1789564730521,0.2366,0.2367,0.23665,0.00009999999999998899,0.0004226542688080684
B-STX_USDT,1789564733003,0.2367,0.2368,0.23675000000000002,0.00010000000000001674,0.00042247570764688104
B-STX_USDT,1789564735446,0.2367,0.2368,0.23675000000000002,0.00010000000000001674,0.00042247570764688104
B-STX_USDT,1789564737910,0.2367,0.2368,0.23675000000000002,0.00010000000000001674,0.00042247570764688104
B-STX_USDT,1789564740401,0.2367,0.2368,0.23675000000000002,0.00010000000000001674,0.00042247570764688104
B-STX_USDT,1789564742848,0.2367,0.2368,0.23675000000000002,0.00010000000000001674,0.00042247570764688104
B-STX_USDT,1789564745309,0.2366,0.2367,0.23665,0.00009999999999998899,0.0004226542688080684
B-STX_USDT,1789564747748,0.2366,0.2367,0.23665,0.00009999999999998899,0.0004226542688080684
B-STX_USDT,1789564750197,0.2363,0.2364,0.23635,0.00009999999999998899,0.0004231908590773973
B-STX_USDT,1789564752669,0.2363,0.2364,0.23635,0.00009999999999998899,0.0004231908590773973
B-STX_USDT,1789564755211,0.2364,0.2365,0.23645,0.00009999999999998899,0.0004230118443315947
B-STX_USDT,1789564757660,0.2364,0.2365,0.23645,0.00009999999999998899,0.0004230118443315947
B-STX_USDT,1789564760132,0.2364,0.2365,0.23645,0.00009999999999998899,0.0004230118443315947
B-STX_USDT,1789564762636,0.2364,0.2365,0.23645,0.00009999999999998899,0.0004230118443315947
B-STX_USDT,1789564765062,0.2364,0.2365,0.23645,0.00009999999999998899,0.0004230118443315947
B-STX_USDT,1789564767781,0.2364,0.2365,0.23645,0.00009999999999998899,0.0004230118443315947
B-STX_USDT,1789564770247,0.2364,0.2365,0.23645,0.00009999999999998899,0.0004230118443315947
B-STX_USDT,1789564772697,0.2364,0.2365,0.23645,0.00009999999999998899,0.0004230118443315947
B-STX_USDT,1789564775201,0.2364,0.2365,0.23645,0.00009999999999998899,0.0004230118443315947
B-STX_USDT,1789564777740,0.2364,0.2365,0.23645,0.00009999999999998899,0.0004230118443315947
B-STX_USDT,1789564780151,0.2364,0.2365,0.23645,0.00009999999999998899,0.0004230118443315947
B-STX_USDT,1789564782573,0.2364,0.2365,0.23645,0.00009999999999998899,0.0004230118443315947
B-STX_USDT,1789564785018,0.2364,0.2365,0.23645,0.00009999999999998899,0.0004230118443315947
B-STX_USDT,1789564787482,0.2364,0.2365,0.23645,0.00009999999999998899,0.0004230118443315947
B-STX_USDT,1789564789925,0.2364,0.2365,0.23645,0.00009999999999998899,0.0004230118443315947
B-STX_USDT,1789564792354,0.2364,0.2365,0.23645,0.00009999999999998899,0.0004230118443315947
B-STX_USDT,1789564794788,0.2364,0.2365,0.23645,0.00009999999999998899,0.0004230118443315947
B-STX_USDT,1789564797218,0.2364,0.2365,0.23645,0.00009999999999998899,0.0004230118443315947
B-STX_USDT,1789564799673,0.2364,0.2365,0.23645,0.00009999999999998899,0.0004230118443315947
B-STX_USDT,1789564802128,0.2364,0.2365,0.23645,0.00009999999999998899,0.0004230118443315947
B-STX_USDT,1789564804580,0.2361,0.2362,0.23615,0.00009999999999998899,0.00042354934349847094
B-STX_USDT,1789564806999,0.2361,0.2362,0.23615,0.00009999999999998899,0.00042354934349847094
B-STX_USDT,1789564809430,0.2361,0.2362,0.23615,0.00009999999999998899,0.00042354934349847094
B-STX_USDT,1789564811846,0.2361,0.2362,0.23615,0.00009999999999998899,0.00042354934349847094
B-STX_USDT,1789564814298,0.2361,0.2362,0.23615,0.00009999999999998899,0.00042354934349847094
B-STX_USDT,1789564816718,0.236,0.2361,0.23604999999999998,0.00010000000000001674,0.000423728813559393
B-STX_USDT,1789564819167,0.236,0.2361,0.23604999999999998,0.00010000000000001674,0.000423728813559393
B-STX_USDT,1789564821650,0.2361,0.2362,0.23615,0.00009999999999998899,0.00042354934349847094
B-STX_USDT,1789564824223,0.236,0.2361,0.23604999999999998,0.00010000000000001674,0.000423728813559393
B-STX_USDT,1789564826890,0.236,0.2361,0.23604999999999998,0.00010000000000001674,0.000423728813559393
B-STX_USDT,1789564829432,0.236,0.2361,0.23604999999999998,0.00010000000000001674,0.000423728813559393
B-STX_USDT,1789564831939,0.236,0.2361,0.23604999999999998,0.00010000000000001674,0.000423728813559393
B-STX_USDT,1789564834616,0.236,0.2361,0.23604999999999998,0.00010000000000001674,0.000423728813559393
B-STX_USDT,1789564837154,0.236,0.2361,0.23604999999999998,0.00010000000000001674,0.000423728813559393
B-STX_USDT,1789564839717,0.236,0.2361,0.23604999999999998,0.00010000000000001674,0.000423728813559393
B-STX_USDT,1789564842201,0.2361,0.2362,0.23615,0.00009999999999998899,0.00042354934349847094
B-STX_USDT,1789564844658,0.236,0.2361,0.23604999999999998,0.00010000000000001674,0.000423728813559393
B-STX_USDT,1789564847115,0.236,0.2361,0.23604999999999998,0.00010000000000001674,0.000423728813559393
B-STX_USDT,1789564849567,0.236,0.2361,0.23604999999999998,0.00010000000000001674,0.000423728813559393
B-STX_USDT,1789564852025,0.236,0.2361,0.23604999999999998,0.00010000000000001674,0.000423728813559393
B-STX_USDT,1789564854626,0.236,0.2361,0.23604999999999998,0.00010000000000001674,0.000423728813559393
B-STX_USDT,1789564857103,0.2361,0.2362,0.23615,0.00009999999999998899,0.00042354934349847094
B-STX_USDT,1789564859544,0.2361,0.2362,0.23615,0.00009999999999998899,0.00042354934349847094
B-STX_USDT,1789564862078,0.2361,0.2362,0.23615,0.00009999999999998899,0.00042354934349847094
B-STX_USDT,1789564864583,0.2362,0.2363,0.23625000000000002,0.00010000000000001674,0.0004233700254022724
B-STX_USDT,1789564867041,0.2361,0.2362,0.23615,0.00009999999999998899,0.00042354934349847094
B-STX_USDT,1789564869520,0.2362,0.2363,0.23625000000000002,0.00010000000000001674,0.0004233700254022724
B-STX_USDT,1789564871945,0.2362,0.2363,0.23625000000000002,0.00010000000000001674,0.0004233700254022724
B-STX_USDT,1789564874411,0.2362,0.2363,0.23625000000000002,0.00010000000000001674,0.0004233700254022724
B-STX_USDT,1789564876863,0.2362,0.2363,0.23625000000000002,0.00010000000000001674,0.0004233700254022724
B-STX_USDT,1789564879363,0.2363,0.2364,0.23635,0.00009999999999998899,0.0004231908590773973
B-STX_USDT,1789564881847,0.2363,0.2364,0.23635,0.00009999999999998899,0.0004231908590773973
B-STX_USDT,1789564884338,0.2363,0.2364,0.23635,0.00009999999999998899,0.0004231908590773973
B-STX_USDT,1789564886828,0.2363,0.2364,0.23635,0.00009999999999998899,0.0004231908590773973
B-STX_USDT,1789564889294,0.2363,0.2364,0.23635,0.00009999999999998899,0.0004231908590773973
B-STX_USDT,1789564891763,0.2363,0.2364,0.23635,0.00009999999999998899,0.0004231908590773973
B-STX_USDT,1789564894300,0.2363,0.2364,0.23635,0.00009999999999998899,0.0004231908590773973
B-STX_USDT,1789564896778,0.2364,0.2365,0.23645,0.00009999999999998899,0.0004230118443315947
B-STX_USDT,1789564899305,0.2363,0.2364,0.23635,0.00009999999999998899,0.0004231908590773973
B-STX_USDT,1789564901775,0.2363,0.2364,0.23635,0.00009999999999998899,0.0004231908590773973
B-STX_USDT,1789564904207,0.2363,0.2364,0.23635,0.00009999999999998899,0.0004231908590773973
B-STX_USDT,1789564906668,0.2362,0.2363,0.23625000000000002,0.00010000000000001674,0.0004233700254022724
B-STX_USDT,1789564909127,0.2362,0.2363,0.23625000000000002,0.00010000000000001674,0.0004233700254022724
B-STX_USDT,1789564911640,0.2362,0.2363,0.23625000000000002,0.00010000000000001674,0.0004233700254022724
B-STX_USDT,1789564914133,0.2361,0.2362,0.23615,0.00009999999999998899,0.00042354934349847094
B-STX_USDT,1789564916618,0.2362,0.2363,0.23625000000000002,0.00010000000000001674,0.0004233700254022724
B-STX_USDT,1789564919063,0.2362,0.2363,0.23625000000000002,0.00010000000000001674,0.0004233700254022724
B-STX_USDT,1789564921514,0.2362,0.2363,0.23625000000000002,0.00010000000000001674,0.0004233700254022724
B-STX_USDT,1789564923949,0.2364,0.2365,0.23645,0.00009999999999998899,0.0004230118443315947
B-STX_USDT,1789564926398,0.2364,0.2365,0.23645,0.00009999999999998899,0.0004230118443315947
B-STX_USDT,1789564928845,0.2364,0.2365,0.23645,0.00009999999999998899,0.0004230118443315947
B-STX_USDT,1789564931314,0.2363,0.2364,0.23635,0.00009999999999998899,0.0004231908590773973
B-STX_USDT,1789564933776,0.2363,0.2364,0.23635,0.00009999999999998899,0.0004231908590773973
B-STX_USDT,1789564936218,0.2363,0.2364,0.23635,0.00009999999999998899,0.0004231908590773973
B-STX_USDT,1789564938738,0.2363,0.2364,0.23635,0.00009999999999998899,0.0004231908590773973
B-STX_USDT,1789564941189,0.2363,0.2364,0.23635,0.00009999999999998899,0.0004231908590773973
B-STX_USDT,1789564943641,0.2363,0.2364,0.23635,0.00009999999999998899,0.0004231908590773973
B-STX_USDT,1789564946096,0.2363,0.2364,0.23635,0.00009999999999998899,0.0004231908590773973
B-STX_USDT,1789564948527,0.2363,0.2364,0.23635,0.00009999999999998899,0.0004231908590773973
B-STX_USDT,1789564950953,0.2363,0.2364,0.23635,0.00009999999999998899,0.0004231908590773973
B-STX_USDT,1789564953379,0.2363,0.2364,0.23635,0.00009999999999998899,0.0004231908590773973
B-STX_USDT,1789564955813,0.2363,0.2364,0.23635,0.00009999999999998899,0.0004231908590773973
B-STX_USDT,1789564958254,0.2363,0.2364,0.23635,0.00009999999999998899,0.0004231908590773973
B-STX_USDT,1789564960678,0.2363,0.2364,0.23635,0.00009999999999998899,0.0004231908590773973
B-STX_USDT,1789564963158,0.2363,0.2364,0.23635,0.00009999999999998899,0.0004231908590773973
B-STX_USDT,1789564965600,0.2363,0.2364,0.23635,0.00009999999999998899,0.0004231908590773973
B-STX_USDT,1789564968026,0.2363,0.2364,0.23635,0.00009999999999998899,0.0004231908590773973
B-STX_USDT,1789564970475,0.2363,0.2364,0.23635,0.00009999999999998899,0.0004231908590773973
B-STX_USDT,1789564972901,0.2363,0.2364,0.23635,0.00009999999999998899,0.0004231908590773973
B-STX_USDT,1789564975327,0.2363,0.2364,0.23635,0.00009999999999998899,0.0004231908590773973
B-STX_USDT,1789564977832,0.2363,0.2364,0.23635,0.00009999999999998899,0.0004231908590773973
B-STX_USDT,1789564980305,0.2362,0.2363,0.23625000000000002,0.00010000000000001674,0.0004233700254022724
B-STX_USDT,1789564982753,0.2362,0.2363,0.23625000000000002,0.00010000000000001674,0.0004233700254022724
B-STX_USDT,1789564985232,0.2362,0.2363,0.23625000000000002,0.00010000000000001674,0.0004233700254022724
B-STX_USDT,1789564987767,0.2362,0.2363,0.23625000000000002,0.00010000000000001674,0.0004233700254022724
B-STX_USDT,1789564990352,0.2361,0.2362,0.23615,0.00009999999999998899,0.00042354934349847094
B-STX_USDT,1789564992844,0.236,0.2361,0.23604999999999998,0.00010000000000001674,0.000423728813559393
B-STX_USDT,1789564995303,0.2361,0.2362,0.23615,0.00009999999999998899,0.00042354934349847094
B-STX_USDT,1789564997795,0.236,0.2361,0.23604999999999998,0.00010000000000001674,0.000423728813559393
B-STX_USDT,1789565000277,0.236,0.2361,0.23604999999999998,0.00010000000000001674,0.000423728813559393
B-STX_USDT,1789565002703,0.236,0.2361,0.23604999999999998,0.00010000000000001674,0.000423728813559393
B-STX_USDT,1789565005153,0.236,0.2361,0.23604999999999998,0.00010000000000001674,0.000423728813559393
B-STX_USDT,1789565007914,0.236,0.2361,0.23604999999999998,0.00010000000000001674,0.000423728813559393
B-STX_USDT,1789565010377,0.236,0.2361,0.23604999999999998,0.00010000000000001674,0.000423728813559393
B-STX_USDT,1789565012870,0.236,0.2361,0.23604999999999998,0.00010000000000001674,0.000423728813559393
B-STX_USDT,1789565015397,0.236,0.2361,0.23604999999999998,0.00010000000000001674,0.000423728813559393
B-STX_USDT,1789565017928,0.2359,0.236,0.23595,0.00009999999999998899,0.0004239084357778253
B-STX_USDT,1789565020558,0.2359,0.236,0.23595,0.00009999999999998899,0.0004239084357778253
B-STX_USDT,1789565023071,0.2359,0.236,0.23595,0.00009999999999998899,0.0004239084357778253
B-STX_USDT,1789565025904,0.236,0.2361,0.23604999999999998,0.00010000000000001674,0.000423728813559393
B-STX_USDT,1789565028772,0.236,0.2361,0.23604999999999998,0.00010000000000001674,0.000423728813559393
B-STX_USDT,1789565031245,0.2359,0.236,0.23595,0.00009999999999998899,0.0004239084357778253
B-STX_USDT,1789565034105,0.2359,0.236,0.23595,0.00009999999999998899,0.0004239084357778253
B-STX_USDT,1789565036541,0.2359,0.236,0.23595,0.00009999999999998899,0.0004239084357778253
B-STX_USDT,1789565038985,0.236,0.2361,0.23604999999999998,0.00010000000000001674,0.000423728813559393
B-STX_USDT,1789565041451,0.236,0.2361,0.23604999999999998,0.00010000000000001674,0.000423728813559393
B-STX_USDT,1789565043936,0.236,0.2361,0.23604999999999998,0.00010000000000001674,0.000423728813559393
B-STX_USDT,1789565046365,0.236,0.2361,0.23604999999999998,0.00010000000000001674,0.000423728813559393
B-STX_USDT,1789565048852,0.236,0.2361,0.23604999999999998,0.00010000000000001674,0.000423728813559393
B-STX_USDT,1789565051272,0.236,0.2361,0.23604999999999998,0.00010000000000001674,0.000423728813559393
B-STX_USDT,1789565053729,0.236,0.2361,0.23604999999999998,0.00010000000000001674,0.000423728813559393
B-STX_USDT,1789565056193,0.236,0.2361,0.23604999999999998,0.00010000000000001674,0.000423728813559393
B-STX_USDT,1789565058648,0.236,0.2361,0.23604999999999998,0.00010000000000001674,0.000423728813559393
B-STX_USDT,1789565061143,0.236,0.2361,0.23604999999999998,0.00010000000000001674,0.000423728813559393
B-STX_USDT,1789565063597,0.236,0.2361,0.23604999999999998,0.00010000000000001674,0.000423728813559393
B-STX_USDT,1789565066150,0.236,0.2361,0.23604999999999998,0.00010000000000001674,0.000423728813559393
B-STX_USDT,1789565068637,0.236,0.2361,0.23604999999999998,0.00010000000000001674,0.000423728813559393
B-STX_USDT,1789565071100,0.236,0.2361,0.23604999999999998,0.00010000000000001674,0.000423728813559393
B-STX_USDT,1789565073543,0.236,0.2361,0.23604999999999998,0.00010000000000001674,0.000423728813559393
B-STX_USDT,1789565076076,0.236,0.2361,0.23604999999999998,0.00010000000000001674,0.000423728813559393
B-STX_USDT,1789565078529,0.2361,0.2362,0.23615,0.00009999999999998899,0.00042354934349847094
B-STX_USDT,1789565080962,0.2361,0.2362,0.23615,0.00009999999999998899,0.00042354934349847094
B-STX_USDT,1789565083482,0.2361,0.2362,0.23615,0.00009999999999998899,0.00042354934349847094
B-STX_USDT,1789565086000,0.236,0.2361,0.23604999999999998,0.00010000000000001674,0.000423728813559393
B-STX_USDT,1789565088442,0.236,0.2361,0.23604999999999998,0.00010000000000001674,0.000423728813559393
B-STX_USDT,1789565090903,0.236,0.2361,0.23604999999999998,0.00010000000000001674,0.000423728813559393
B-STX_USDT,1789565093389,0.236,0.2361,0.23604999999999998,0.00010000000000001674,0.000423728813559393
B-STX_USDT,1789565095829,0.236,0.2361,0.23604999999999998,0.00010000000000001674,0.000423728813559393
B-STX_USDT,1789565098259,0.236,0.2361,0.23604999999999998,0.00010000000000001674,0.000423728813559393
B-STX_USDT,1789565100811,0.2359,0.236,0.23595,0.00009999999999998899,0.0004239084357778253
B-STX_USDT,1789565103312,0.236,0.2361,0.23604999999999998,0.00010000000000001674,0.000423728813559393
B-STX_USDT,1789565105771,0.2359,0.236,0.23595,0.00009999999999998899,0.0004239084357778253
B-STX_USDT,1789565108216,0.2359,0.236,0.23595,0.00009999999999998899,0.0004239084357778253
B-STX_USDT,1789565110681,0.2359,0.236,0.23595,0.00009999999999998899,0.0004239084357778253
B-STX_USDT,1789565113168,0.2359,0.236,0.23595,0.00009999999999998899,0.0004239084357778253
B-STX_USDT,1789565115706,0.2359,0.236,0.23595,0.00009999999999998899,0.0004239084357778253
B-STX_USDT,1789565118237,0.2359,0.236,0.23595,0.00009999999999998899,0.0004239084357778253
B-STX_USDT,1789565120724,0.236,0.2361,0.23604999999999998,0.00010000000000001674,0.000423728813559393
B-STX_USDT,1789565123198,0.236,0.2361,0.23604999999999998,0.00010000000000001674,0.000423728813559393
B-STX_USDT,1789565125634,0.236,0.2361,0.23604999999999998,0.00010000000000001674,0.000423728813559393
B-STX_USDT,1789565128060,0.236,0.2361,0.23604999999999998,0.00010000000000001674,0.000423728813559393
B-STX_USDT,1789565130535,0.236,0.2361,0.23604999999999998,0.00010000000000001674,0.000423728813559393
B-STX_USDT,1789565133009,0.236,0.2361,0.23604999999999998,0.00010000000000001674,0.000423728813559393
B-STX_USDT,1789565135512,0.236,0.2361,0.23604999999999998,0.00010000000000001674,0.000423728813559393
B-STX_USDT,1789565137952,0.236,0.2361,0.23604999999999998,0.00010000000000001674,0.000423728813559393
B-STX_USDT,1789565140407,0.236,0.2361,0.23604999999999998,0.00010000000000001674,0.000423728813559393
B-STX_USDT,1789565142857,0.2361,0.2362,0.23615,0.00009999999999998899,0.00042354934349847094
B-STX_USDT,1789565145354,0.2361,0.2362,0.23615,0.00009999999999998899,0.00042354934349847094
B-STX_USDT,1789565147842,0.2361,0.2362,0.23615,0.00009999999999998899,0.00042354934349847094
B-STX_USDT,1789565150278,0.2362,0.2363,0.23625000000000002,0.00010000000000001674,0.0004233700254022724
B-STX_USDT,1789565152723,0.2363,0.2364,0.23635,0.00009999999999998899,0.0004231908590773973
B-STX_USDT,1789565155229,0.2363,0.2364,0.23635,0.00009999999999998899,0.0004231908590773973
B-STX_USDT,1789565157744,0.2363,0.2364,0.23635,0.00009999999999998899,0.0004231908590773973
B-STX_USDT,1789565160174,0.2363,0.2364,0.23635,0.00009999999999998899,0.0004231908590773973
B-STX_USDT,1789565162662,0.2363,0.2364,0.23635,0.00009999999999998899,0.0004231908590773973
B-STX_USDT,1789565165108,0.2364,0.2365,0.23645,0.00009999999999998899,0.0004230118443315947
B-STX_USDT,1789565167523,0.2365,0.2366,0.23654999999999998,0.00010000000000001674,0.0004228329809725867
B-STX_USDT,1789565169976,0.2365,0.2366,0.23654999999999998,0.00010000000000001674,0.0004228329809725867
B-STX_USDT,1789565172423,0.2365,0.2366,0.23654999999999998,0.00010000000000001674,0.0004228329809725867
B-STX_USDT,1789565174848,0.2365,0.2366,0.23654999999999998,0.00010000000000001674,0.0004228329809725867
B-STX_USDT,1789565177276,0.2365,0.2366,0.23654999999999998,0.00010000000000001674,0.0004228329809725867
B-STX_USDT,1789565179729,0.2365,0.2366,0.23654999999999998,0.00010000000000001674,0.0004228329809725867
B-STX_USDT,1789565182157,0.2365,0.2366,0.23654999999999998,0.00010000000000001674,0.0004228329809725867
B-STX_USDT,1789565184618,0.2365,0.2366,0.23654999999999998,0.00010000000000001674,0.0004228329809725867
B-STX_USDT,1789565187088,0.2365,0.2366,0.23654999999999998,0.00010000000000001674,0.0004228329809725867
B-STX_USDT,1789565189513,0.2365,0.2366,0.23654999999999998,0.00010000000000001674,0.0004228329809725867
B-STX_USDT,1789565191931,0.2365,0.2366,0.23654999999999998,0.00010000000000001674,0.0004228329809725867
B-STX_USDT,1789565194385,0.2365,0.2366,0.23654999999999998,0.00010000000000001674,0.0004228329809725867
B-STX_USDT,1789565196832,0.2365,0.2366,0.23654999999999998,0.00010000000000001674,0.0004228329809725867
B-STX_USDT,1789565199293,0.2365,0.2366,0.23654999999999998,0.00010000000000001674,0.0004228329809725867
B-STX_USDT,1789565201734,0.2365,0.2366,0.23654999999999998,0.00010000000000001674,0.0004228329809725867
B-STX_USDT,1789565204209,0.2365,0.2366,0.23654999999999998,0.00010000000000001674,0.0004228329809725867
B-STX_USDT,1789565206680,0.2365,0.2366,0.23654999999999998,0.00010000000000001674,0.0004228329809725867
B-STX_USDT,1789565209138,0.2365,0.2366,0.23654999999999998,0.00010000000000001674,0.0004228329809725867
B-STX_USDT,1789565211594,0.2365,0.2366,0.23654999999999998,0.00010000000000001674,0.0004228329809725867
B-STX_USDT,1789565214091,0.2365,0.2366,0.23654999999999998,0.00010000000000001674,0.0004228329809725867
B-STX_USDT,1789565216513,0.2364,0.2365,0.23645,0.00009999999999998899,0.0004230118443315947
B-STX_USDT,1789565218957,0.2364,0.2365,0.23645,0.00009999999999998899,0.0004230118443315947
B-STX_USDT,1789565221397,0.2364,0.2365,0.23645,0.00009999999999998899,0.0004230118443315947
B-STX_USDT,1789565223893,0.2365,0.2366,0.23654999999999998,0.00010000000000001674,0.0004228329809725867
B-STX_USDT,1789565226340,0.2365,0.2366,0.23654999999999998,0.00010000000000001674,0.0004228329809725867
B-STX_USDT,1789565228775,0.2365,0.2366,0.23654999999999998,0.00010000000000001674,0.0004228329809725867
B-STX_USDT,1789565231223,0.2365,0.2366,0.23654999999999998,0.00010000000000001674,0.0004228329809725867
B-STX_USDT,1789565233677,0.2365,0.2366,0.23654999999999998,0.00010000000000001674,0.0004228329809725867
B-STX_USDT,1789565236087,0.2365,0.2366,0.23654999999999998,0.00010000000000001674,0.0004228329809725867
B-STX_USDT,1789565238557,0.2365,0.2366,0.23654999999999998,0.00010000000000001674,0.0004228329809725867
B-STX_USDT,1789565240972,0.2365,0.2366,0.23654999999999998,0.00010000000000001674,0.0004228329809725867
B-STX_USDT,1789565243434,0.2365,0.2366,0.23654999999999998,0.00010000000000001674,0.0004228329809725867
B-STX_USDT,1789565245862,0.2365,0.2366,0.23654999999999998,0.00010000000000001674,0.0004228329809725867
B-STX_USDT,1789565248300,0.2365,0.2366,0.23654999999999998,0.00010000000000001674,0.0004228329809725867
B-STX_USDT,1789565250726,0.2365,0.2366,0.23654999999999998,0.00010000000000001674,0.0004228329809725867
B-STX_USDT,1789565253157,0.2365,0.2366,0.23654999999999998,0.00010000000000001674,0.0004228329809725867
B-STX_USDT,1789565255572,0.2364,0.2365,0.23645,0.00009999999999998899,0.0004230118443315947
B-STX_USDT,1789565258016,0.2364,0.2366,0.2365,0.00020000000000000573,0.0008460236886633068
B-STX_USDT,1789565260452,0.2364,0.2365,0.23645,0.00009999999999998899,0.0004230118443315947
B-STX_USDT,1789565262882,0.2364,0.2365,0.23645,0.00009999999999998899,0.0004230118443315947
B-STX_USDT,1789565265316,0.2364,0.2365,0.23645,0.00009999999999998899,0.0004230118443315947
B-STX_USDT,1789565267768,0.2364,0.2365,0.23645,0.00009999999999998899,0.0004230118443315947
B-STX_USDT,1789565270198,0.2364,0.2365,0.23645,0.00009999999999998899,0.0004230118443315947
B-STX_USDT,1789565272628,0.2365,0.2366,0.23654999999999998,0.00010000000000001674,0.0004228329809725867
B-STX_USDT,1789565275057,0.2366,0.2367,0.23665,0.00009999999999998899,0.0004226542688080684
B-STX_USDT,1789565277849,0.2366,0.2367,0.23665,0.00009999999999998899,0.0004226542688080684
B-STX_USDT,1789565280273,0.2365,0.2366,0.23654999999999998,0.00010000000000001674,0.0004228329809725867
B-STX_USDT,1789565282695,0.2365,0.2366,0.23654999999999998,0.00010000000000001674,0.0004228329809725867
B-STX_USDT,1789565285190,0.2365,0.2366,0.23654999999999998,0.00010000000000001674,0.0004228329809725867
B-STX_USDT,1789565287656,0.2365,0.2366,0.23654999999999998,0.00010000000000001674,0.0004228329809725867
B-STX_USDT,1789565290095,0.2365,0.2366,0.23654999999999998,0.00010000000000001674,0.0004228329809725867
B-STX_USDT,1789565292546,0.2365,0.2366,0.23654999999999998,0.00010000000000001674,0.0004228329809725867
B-STX_USDT,1789565294988,0.2365,0.2366,0.23654999999999998,0.00010000000000001674,0.0004228329809725867
B-STX_USDT,1789565297550,0.2365,0.2366,0.23654999999999998,0.00010000000000001674,0.0004228329809725867
B-STX_USDT,1789565300092,0.2365,0.2366,0.23654999999999998,0.00010000000000001674,0.0004228329809725867
B-STX_USDT,1789565302607,0.2365,0.2366,0.23654999999999998,0.00010000000000001674,0.0004228329809725867
B-STX_USDT,1789565305041,0.2365,0.2366,0.23654999999999998,0.00010000000000001674,0.0004228329809725867
B-STX_USDT,1789565307548,0.2365,0.2366,0.23654999999999998,0.00010000000000001674,0.0004228329809725867
B-STX_USDT,1789565310038,0.2365,0.2366,0.23654999999999998,0.00010000000000001674,0.0004228329809725867
B-STX_USDT,1789565312495,0.2366,0.2367,0.23665,0.00009999999999998899,0.0004226542688080684
B-STX_USDT,1789565315306,0.2366,0.2367,0.23665,0.00009999999999998899,0.0004226542688080684
B-STX_USDT,1789565318117,0.2366,0.2367,0.23665,0.00009999999999998899,0.0004226542688080684
B-STX_USDT,1789565320538,0.2366,0.2367,0.23665,0.00009999999999998899,0.0004226542688080684
B-STX_USDT,1789565323399,0.2366,0.2367,0.23665,0.00009999999999998899,0.0004226542688080684
B-STX_USDT,1789565325901,0.2365,0.2366,0.23654999999999998,0.00010000000000001674,0.0004228329809725867
B-STX_USDT,1789565328338,0.2365,0.2366,0.23654999999999998,0.00010000000000001674,0.0004228329809725867
B-STX_USDT,1789565330869,0.2365,0.2366,0.23654999999999998,0.00010000000000001674,0.0004228329809725867
B-STX_USDT,1789565333674,0.2365,0.2366,0.23654999999999998,0.00010000000000001674,0.0004228329809725867
B-STX_USDT,1789565336186,0.2365,0.2366,0.23654999999999998,0.00010000000000001674,0.0004228329809725867
B-STX_USDT,1789565338741,0.2365,0.2366,0.23654999999999998,0.00010000000000001674,0.0004228329809725867
B-STX_USDT,1789565341365,0.2365,0.2366,0.23654999999999998,0.00010000000000001674,0.0004228329809725867
B-STX_USDT,1789565343850,0.2364,0.2365,0.23645,0.00009999999999998899,0.0004230118443315947
B-STX_USDT,1789565346295,0.2364,0.2366,0.2365,0.00020000000000000573,0.0008460236886633068
B-STX_USDT,1789565348743,0.2364,0.2365,0.23645,0.00009999999999998899,0.0004230118443315947
B-STX_USDT,1789565351240,0.2364,0.2365,0.23645,0.00009999999999998899,0.0004230118443315947
B-STX_USDT,1789565353770,0.2364,0.2365,0.23645,0.00009999999999998899,0.0004230118443315947
B-STX_USDT,1789565356189,0.2364,0.2365,0.23645,0.00009999999999998899,0.0004230118443315947
B-STX_USDT,1789565358648,0.2364,0.2365,0.23645,0.00009999999999998899,0.0004230118443315947
B-STX_USDT,1789565361090,0.2364,0.2365,0.23645,0.00009999999999998899,0.0004230118443315947
B-STX_USDT,1789565363539,0.2364,0.2365,0.23645,0.00009999999999998899,0.0004230118443315947
B-STX_USDT,1789565365985,0.2364,0.2365,0.23645,0.00009999999999998899,0.0004230118443315947
B-STX_USDT,1789565368429,0.2363,0.2364,0.23635,0.00009999999999998899,0.0004231908590773973
B-STX_USDT,1789565370878,0.2363,0.2364,0.23635,0.00009999999999998899,0.0004231908590773973
B-STX_USDT,1789565373303,0.2365,0.2366,0.23654999999999998,0.00010000000000001674,0.0004228329809725867
B-STX_USDT,1789565375760,0.2365,0.2366,0.23654999999999998,0.00010000000000001674,0.0004228329809725867
B-STX_USDT,1789565378257,0.2365,0.2366,0.23654999999999998,0.00010000000000001674,0.0004228329809725867
B-STX_USDT,1789565380714,0.2367,0.2368,0.23675000000000002,0.00010000000000001674,0.00042247570764688104
B-STX_USDT,1789565383208,0.2367,0.2368,0.23675000000000002,0.00010000000000001674,0.00042247570764688104
B-STX_USDT,1789565385655,0.2367,0.2368,0.23675000000000002,0.00010000000000001674,0.00042247570764688104
B-STX_USDT,1789565388106,0.2367,0.2368,0.23675000000000002,0.00010000000000001674,0.00042247570764688104
B-STX_USDT,1789565390567,0.2367,0.2368,0.23675000000000002,0.00010000000000001674,0.00042247570764688104
B-STX_USDT,1789565393020,0.2367,0.2368,0.23675000000000002,0.00010000000000001674,0.00042247570764688104
B-STX_USDT,1789565395491,0.2367,0.2368,0.23675000000000002,0.00010000000000001674,0.00042247570764688104
B-STX_USDT,1789565397952,0.2367,0.2368,0.23675000000000002,0.00010000000000001674,0.00042247570764688104
B-STX_USDT,1789565400468,0.2367,0.2368,0.23675000000000002,0.00010000000000001674,0.00042247570764688104
B-STX_USDT,1789565403004,0.2366,0.2367,0.23665,0.00009999999999998899,0.0004226542688080684
B-STX_USDT,1789565405515,0.2368,0.2369,0.23685,0.00009999999999998899,0.00042229729729725075
B-STX_USDT,1789565407980,0.2369,0.237,0.23695,0.00009999999999998899,0.00042211903756854787
B-STX_USDT,1789565410433,0.2369,0.237,0.23695,0.00009999999999998899,0.00042211903756854787
B-STX_USDT,1789565412880,0.2369,0.237,0.23695,0.00009999999999998899,0.00042211903756854787
B-STX_USDT,1789565415340,0.2369,0.237,0.23695,0.00009999999999998899,0.00042211903756854787
B-STX_USDT,1789565417785,0.2369,0.237,0.23695,0.00009999999999998899,0.00042211903756854787
B-STX_USDT,1789565420231,0.2369,0.237,0.23695,0.00009999999999998899,0.00042211903756854787
B-STX_USDT,1789565422704,0.2368,0.2369,0.23685,0.00009999999999998899,0.00042229729729725075
B-STX_USDT,1789565425174,0.2367,0.2368,0.23675000000000002,0.00010000000000001674,0.00042247570764688104
B-STX_USDT,1789565427661,0.2366,0.2367,0.23665,0.00009999999999998899,0.0004226542688080684
B-STX_USDT,1789565430111,0.2366,0.2367,0.23665,0.00009999999999998899,0.0004226542688080684
B-STX_USDT,1789565432536,0.2366,0.2367,0.23665,0.00009999999999998899,0.0004226542688080684
B-STX_USDT,1789565434969,0.2366,0.2367,0.23665,0.00009999999999998899,0.0004226542688080684
B-STX_USDT,1789565437380,0.2366,0.2367,0.23665,0.00009999999999998899,0.0004226542688080684
B-STX_USDT,1789565439806,0.2366,0.2367,0.23665,0.00009999999999998899,0.0004226542688080684
B-STX_USDT,1789565442311,0.2368,0.2369,0.23685,0.00009999999999998899,0.00042229729729725075
B-STX_USDT,1789565444759,0.2369,0.237,0.23695,0.00009999999999998899,0.00042211903756854787
B-STX_USDT,1789565447220,0.2369,0.237,0.23695,0.00009999999999998899,0.00042211903756854787
B-STX_USDT,1789565449669,0.2368,0.2369,0.23685,0.00009999999999998899,0.00042229729729725075
B-STX_USDT,1789565452088,0.2367,0.2368,0.23675000000000002,0.00010000000000001674,0.00042247570764688104
B-STX_USDT,1789565454533,0.2367,0.2368,0.23675000000000002,0.00010000000000001674,0.00042247570764688104
B-STX_USDT,1789565456974,0.2367,0.2368,0.23675000000000002,0.00010000000000001674,0.00042247570764688104
B-STX_USDT,1789565459429,0.2367,0.2368,0.23675000000000002,0.00010000000000001674,0.00042247570764688104
B-STX_USDT,1789565461874,0.2366,0.2367,0.23665,0.00009999999999998899,0.0004226542688080684
B-STX_USDT,1789565464328,0.2365,0.2366,0.23654999999999998,0.00010000000000001674,0.0004228329809725867
B-STX_USDT,1789565466856,0.2364,0.2365,0.23645,0.00009999999999998899,0.0004230118443315947
B-STX_USDT,1789565469370,0.2367,0.2368,0.23675000000000002,0.00010000000000001674,0.00042247570764688104
B-STX_USDT,1789565471855,0.2367,0.2368,0.23675000000000002,0.00010000000000001674,0.00042247570764688104
B-STX_USDT,1789565474289,0.2368,0.2369,0.23685,0.00009999999999998899,0.00042229729729725075
B-STX_USDT,1789565476759,0.2368,0.2369,0.23685,0.00009999999999998899,0.00042229729729725075
B-STX_USDT,1789565479249,0.237,0.2371,0.23704999999999998,0.00010000000000001674,0.00042194092827011284
B-STX_USDT,1789565481759,0.2368,0.2369,0.23685,0.00009999999999998899,0.00042229729729725075
B-STX_USDT,1789565484224,0.2367,0.2368,0.23675000000000002,0.00010000000000001674,0.00042247570764688104
B-STX_USDT,1789565486752,0.2367,0.2368,0.23675000000000002,0.00010000000000001674,0.00042247570764688104
B-STX_USDT,1789565489199,0.2368,0.2369,0.23685,0.00009999999999998899,0.00042229729729725075
B-STX_USDT,1789565491905,0.2367,0.2368,0.23675000000000002,0.00010000000000001674,0.00042247570764688104
B-STX_USDT,1789565494372,0.2367,0.2368,0.23675000000000002,0.00010000000000001674,0.00042247570764688104
B-STX_USDT,1789565496787,0.2367,0.2368,0.23675000000000002,0.00010000000000001674,0.00042247570764688104
B-STX_USDT,1789565499234,0.2366,0.2367,0.23665,0.00009999999999998899,0.0004226542688080684
B-STX_USDT,1789565501673,0.2366,0.2367,0.23665,0.00009999999999998899,0.0004226542688080684
B-STX_USDT,1789565504128,0.2366,0.2367,0.23665,0.00009999999999998899,0.0004226542688080684
B-STX_USDT,1789565506564,0.2367,0.2368,0.23675000000000002,0.00010000000000001674,0.00042247570764688104
B-STX_USDT,1789565509282,0.2367,0.2368,0.23675000000000002,0.00010000000000001674,0.00042247570764688104
B-STX_USDT,1789565511717,0.2367,0.2368,0.23675000000000002,0.00010000000000001674,0.00042247570764688104
B-STX_USDT,1789565514174,0.2367,0.2368,0.23675000000000002,0.00010000000000001674,0.00042247570764688104
B-STX_USDT,1789565516603,0.2367,0.2368,0.23675000000000002,0.00010000000000001674,0.00042247570764688104
B-STX_USDT,1789565519041,0.2367,0.2368,0.23675000000000002,0.00010000000000001674,0.00042247570764688104
B-STX_USDT,1789565521497,0.2368,0.2369,0.23685,0.00009999999999998899,0.00042229729729725075
B-STX_USDT,1789565523963,0.2368,0.2369,0.23685,0.00009999999999998899,0.00042229729729725075
B-STX_USDT,1789565526374,0.2367,0.2369,0.2368,0.00020000000000000573,0.0008449514152936449
B-STX_USDT,1789565528842,0.2366,0.2367,0.23665,0.00009999999999998899,0.0004226542688080684
B-STX_USDT,1789565531279,0.2366,0.2367,0.23665,0.00009999999999998899,0.0004226542688080684
B-STX_USDT,1789565533778,0.2366,0.2367,0.23665,0.00009999999999998899,0.0004226542688080684
B-STX_USDT,1789565536265,0.2365,0.2366,0.23654999999999998,0.00010000000000001674,0.0004228329809725867
B-STX_USDT,1789565538766,0.2365,0.2366,0.23654999999999998,0.00010000000000001674,0.0004228329809725867
B-STX_USDT,1789565541221,0.2366,0.2367,0.23665,0.00009999999999998899,0.0004226542688080684
B-STX_USDT,1789565543685,0.2366,0.2367,0.23665,0.00009999999999998899,0.0004226542688080684
B-STX_USDT,1789565546119,0.2366,0.2367,0.23665,0.00009999999999998899,0.0004226542688080684
B-STX_USDT,1789565548635,0.2366,0.2367,0.23665,0.00009999999999998899,0.0004226542688080684
B-STX_USDT,1789565551092,0.2366,0.2367,0.23665,0.00009999999999998899,0.0004226542688080684
B-STX_USDT,1789565553548,0.2367,0.2368,0.23675000000000002,0.00010000000000001674,0.00042247570764688104
B-STX_USDT,1789565556009,0.2366,0.2367,0.23665,0.00009999999999998899,0.0004226542688080684
B-STX_USDT,1789565558457,0.2366,0.2367,0.23665,0.00009999999999998899,0.0004226542688080684
B-STX_USDT,1789565560904,0.2365,0.2366,0.23654999999999998,0.00010000000000001674,0.0004228329809725867
B-STX_USDT,1789565563354,0.2366,0.2367,0.23665,0.00009999999999998899,0.0004226542688080684
B-STX_USDT,1789565565831,0.2365,0.2366,0.23654999999999998,0.00010000000000001674,0.0004228329809725867
B-STX_USDT,1789565568298,0.2365,0.2366,0.23654999999999998,0.00010000000000001674,0.0004228329809725867
B-STX_USDT,1789565570804,0.2366,0.2367,0.23665,0.00009999999999998899,0.0004226542688080684
B-STX_USDT,1789565573259,0.2366,0.2367,0.23665,0.00009999999999998899,0.0004226542688080684
B-STX_USDT,1789565575720,0.2366,0.2367,0.23665,0.00009999999999998899,0.0004226542688080684
B-STX_USDT,1789565578154,0.2366,0.2367,0.23665,0.00009999999999998899,0.0004226542688080684
B-STX_USDT,1789565580571,0.2366,0.2367,0.23665,0.00009999999999998899,0.0004226542688080684
B-STX_USDT,1789565582974,0.2366,0.2367,0.23665,0.00009999999999998899,0.0004226542688080684
B-STX_USDT,1789565585463,0.2366,0.2367,0.23665,0.00009999999999998899,0.0004226542688080684
B-STX_USDT,1789565587914,0.2366,0.2367,0.23665,0.00009999999999998899,0.0004226542688080684
B-STX_USDT,1789565590399,0.2365,0.2366,0.23654999999999998,0.00010000000000001674,0.0004228329809725867
B-STX_USDT,1789565592865,0.2365,0.2366,0.23654999999999998,0.00010000000000001674,0.0004228329809725867
B-STX_USDT,1789565595397,0.2365,0.2366,0.23654999999999998,0.00010000000000001674,0.0004228329809725867
B-STX_USDT,1789565597845,0.2365,0.2366,0.23654999999999998,0.00010000000000001674,0.0004228329809725867
B-STX_USDT,1789565600312,0.2366,0.2367,0.23665,0.00009999999999998899,0.0004226542688080684
B-STX_USDT,1789565602776,0.2366,0.2367,0.23665,0.00009999999999998899,0.0004226542688080684
B-STX_USDT,1789565605219,0.2366,0.2367,0.23665,0.00009999999999998899,0.0004226542688080684
B-STX_USDT,1789565607638,0.2366,0.2367,0.23665,0.00009999999999998899,0.0004226542688080684
B-STX_USDT,1789565610066,0.2366,0.2367,0.23665,0.00009999999999998899,0.0004226542688080684
B-STX_USDT,1789565612496,0.2367,0.2368,0.23675000000000002,0.00010000000000001674,0.00042247570764688104
B-STX_USDT,1789565614949,0.2366,0.2367,0.23665,0.00009999999999998899,0.0004226542688080684
B-STX_USDT,1789565617438,0.2367,0.2368,0.23675000000000002,0.00010000000000001674,0.00042247570764688104
B-STX_USDT,1789565619876,0.2367,0.2368,0.23675000000000002,0.00010000000000001674,0.00042247570764688104
B-STX_USDT,1789565622299,0.2367,0.2368,0.23675000000000002,0.00010000000000001674,0.00042247570764688104
B-STX_USDT,1789565624726,0.2366,0.2367,0.23665,0.00009999999999998899,0.0004226542688080684
B-STX_USDT,1789565627156,0.2366,0.2367,0.23665,0.00009999999999998899,0.0004226542688080684
B-STX_USDT,1789565629625,0.2367,0.2368,0.23675000000000002,0.00010000000000001674,0.00042247570764688104
B-STX_USDT,1789565632058,0.2367,0.2368,0.23675000000000002,0.00010000000000001674,0.00042247570764688104
B-STX_USDT,1789565634552,0.2367,0.2368,0.23675000000000002,0.00010000000000001674,0.00042247570764688104
B-STX_USDT,1789565637025,0.2366,0.2367,0.23665,0.00009999999999998899,0.0004226542688080684
B-STX_USDT,1789565639448,0.2365,0.2366,0.23654999999999998,0.00010000000000001674,0.0004228329809725867
B-STX_USDT,1789565641895,0.2365,0.2366,0.23654999999999998,0.00010000000000001674,0.0004228329809725867
B-STX_USDT,1789565644349,0.2365,0.2366,0.23654999999999998,0.00010000000000001674,0.0004228329809725867
B-STX_USDT,1789565646816,0.2365,0.2366,0.23654999999999998,0.00010000000000001674,0.0004228329809725867
B-STX_USDT,1789565649286,0.2365,0.2366,0.23654999999999998,0.00010000000000001674,0.0004228329809725867
B-STX_USDT,1789565651768,0.2364,0.2365,0.23645,0.00009999999999998899,0.0004230118443315947
B-STX_USDT,1789565654292,0.2363,0.2364,0.23635,0.00009999999999998899,0.0004231908590773973
B-STX_USDT,1789565656745,0.2363,0.2364,0.23635,0.00009999999999998899,0.0004231908590773973
B-STX_USDT,1789565659189,0.2363,0.2364,0.23635,0.00009999999999998899,0.0004231908590773973
B-STX_USDT,1789565661624,0.2363,0.2364,0.23635,0.00009999999999998899,0.0004231908590773973
B-STX_USDT,1789565664077,0.2363,0.2364,0.23635,0.00009999999999998899,0.0004231908590773973
B-STX_USDT,1789565666585,0.2363,0.2364,0.23635,0.00009999999999998899,0.0004231908590773973
B-STX_USDT,1789565669029,0.2361,0.2362,0.23615,0.00009999999999998899,0.00042354934349847094
B-STX_USDT,1789565671496,0.2361,0.2362,0.23615,0.00009999999999998899,0.00042354934349847094
B-STX_USDT,1789565673953,0.2362,0.2363,0.23625000000000002,0.00010000000000001674,0.0004233700254022724
B-STX_USDT,1789565676400,0.2362,0.2363,0.23625000000000002,0.00010000000000001674,0.0004233700254022724
B-STX_USDT,1789565678837,0.2363,0.2364,0.23635,0.00009999999999998899,0.0004231908590773973
B-STX_USDT,1789565681334,0.2363,0.2364,0.23635,0.00009999999999998899,0.0004231908590773973
B-STX_USDT,1789565683820,0.2363,0.2364,0.23635,0.00009999999999998899,0.0004231908590773973
B-STX_USDT,1789565686345,0.2363,0.2364,0.23635,0.00009999999999998899,0.0004231908590773973
B-STX_USDT,1789565688779,0.2363,0.2364,0.23635,0.00009999999999998899,0.0004231908590773973
B-STX_USDT,1789565691207,0.2363,0.2364,0.23635,0.00009999999999998899,0.0004231908590773973
B-STX_USDT,1789565693657,0.2363,0.2364,0.23635,0.00009999999999998899,0.0004231908590773973
B-STX_USDT,1789565696152,0.2363,0.2364,0.23635,0.00009999999999998899,0.0004231908590773973
B-STX_USDT,1789565698710,0.2362,0.2363,0.23625000000000002,0.00010000000000001674,0.0004233700254022724
B-STX_USDT,1789565701161,0.2362,0.2363,0.23625000000000002,0.00010000000000001674,0.0004233700254022724
B-STX_USDT,1789565703638,0.2362,0.2363,0.23625000000000002,0.00010000000000001674,0.0004233700254022724
B-STX_USDT,1789565706120,0.2363,0.2364,0.23635,0.00009999999999998899,0.0004231908590773973
B-STX_USDT,1789565708579,0.2362,0.2363,0.23625000000000002,0.00010000000000001674,0.0004233700254022724
B-STX_USDT,1789565711035,0.2363,0.2364,0.23635,0.00009999999999998899,0.0004231908590773973
B-STX_USDT,1789565713508,0.2363,0.2364,0.23635,0.00009999999999998899,0.0004231908590773973
B-STX_USDT,1789565715984,0.2363,0.2364,0.23635,0.00009999999999998899,0.0004231908590773973
B-STX_USDT,1789565718422,0.2364,0.2365,0.23645,0.00009999999999998899,0.0004230118443315947
B-STX_USDT,1789565720898,0.2364,0.2365,0.23645,0.00009999999999998899,0.0004230118443315947
B-STX_USDT,1789565723381,0.2364,0.2365,0.23645,0.00009999999999998899,0.0004230118443315947
B-STX_USDT,1789565725833,0.2363,0.2364,0.23635,0.00009999999999998899,0.0004231908590773973
B-STX_USDT,1789565728276,0.2363,0.2364,0.23635,0.00009999999999998899,0.0004231908590773973
B-STX_USDT,1789565730722,0.2363,0.2364,0.23635,0.00009999999999998899,0.0004231908590773973
B-STX_USDT,1789565733157,0.2363,0.2364,0.23635,0.00009999999999998899,0.0004231908590773973
B-STX_USDT,1789565735597,0.2363,0.2364,0.23635,0.00009999999999998899,0.0004231908590773973
B-STX_USDT,1789565738012,0.2363,0.2364,0.23635,0.00009999999999998899,0.0004231908590773973
B-STX_USDT,1789565740451,0.2363,0.2364,0.23635,0.00009999999999998899,0.0004231908590773973
B-STX_USDT,1789565742911,0.2363,0.2364,0.23635,0.00009999999999998899,0.0004231908590773973
B-STX_USDT,1789565745361,0.2361,0.2362,0.23615,0.00009999999999998899,0.00042354934349847094
B-STX_USDT,1789565747942,0.2361,0.2362,0.23615,0.00009999999999998899,0.00042354934349847094
B-STX_USDT,1789565750484,0.2361,0.2362,0.23615,0.00009999999999998899,0.00042354934349847094
B-STX_USDT,1789565752942,0.2361,0.2362,0.23615,0.00009999999999998899,0.00042354934349847094
B-STX_USDT,1789565755408,0.2361,0.2362,0.23615,0.00009999999999998899,0.00042354934349847094
B-STX_USDT,1789565757834,0.2361,0.2362,0.23615,0.00009999999999998899,0.00042354934349847094
B-STX_USDT,1789565760293,0.2361,0.2362,0.23615,0.00009999999999998899,0.00042354934349847094
B-STX_USDT,1789565762750,0.2361,0.2362,0.23615,0.00009999999999998899,0.00042354934349847094
B-STX_USDT,1789565765181,0.236,0.2361,0.23604999999999998,0.00010000000000001674,0.000423728813559393
B-STX_USDT,1789565767623,0.236,0.2361,0.23604999999999998,0.00010000000000001674,0.000423728813559393
B-STX_USDT,1789565770107,0.236,0.2361,0.23604999999999998,0.00010000000000001674,0.000423728813559393
B-STX_USDT,1789565772539,0.236,0.2361,0.23604999999999998,0.00010000000000001674,0.000423728813559393
B-STX_USDT,1789565775004,0.236,0.2361,0.23604999999999998,0.00010000000000001674,0.000423728813559393
B-STX_USDT,1789565777455,0.236,0.2361,0.23604999999999998,0.00010000000000001674,0.000423728813559393
B-STX_USDT,1789565779924,0.236,0.2361,0.23604999999999998,0.00010000000000001674,0.000423728813559393
B-STX_USDT,1789565782391,0.236,0.2361,0.23604999999999998,0.00010000000000001674,0.000423728813559393
B-STX_USDT,1789565784833,0.236,0.2361,0.23604999999999998,0.00010000000000001674,0.000423728813559393
B-STX_USDT,1789565787255,0.236,0.2361,0.23604999999999998,0.00010000000000001674,0.000423728813559393
B-STX_USDT,1789565789708,0.236,0.2361,0.23604999999999998,0.00010000000000001674,0.000423728813559393
B-STX_USDT,1789565792196,0.236,0.2361,0.23604999999999998,0.00010000000000001674,0.000423728813559393
B-STX_USDT,1789565794666,0.236,0.2361,0.23604999999999998,0.00010000000000001674,0.000423728813559393
B-STX_USDT,1789565797134,0.236,0.2361,0.23604999999999998,0.00010000000000001674,0.000423728813559393
B-STX_USDT,1789565799573,0.236,0.2361,0.23604999999999998,0.00010000000000001674,0.000423728813559393
B-STX_USDT,1789565802020,0.236,0.2361,0.23604999999999998,0.00010000000000001674,0.000423728813559393
B-STX_USDT,1789565804454,0.236,0.2361,0.23604999999999998,0.00010000000000001674,0.000423728813559393
B-STX_USDT,1789565806887,0.236,0.2361,0.23604999999999998,0.00010000000000001674,0.000423728813559393
B-STX_USDT,1789565809308,0.2359,0.236,0.23595,0.00009999999999998899,0.0004239084357778253
B-STX_USDT,1789565811721,0.2359,0.236,0.23595,0.00009999999999998899,0.0004239084357778253
B-STX_USDT,1789565814172,0.2359,0.236,0.23595,0.00009999999999998899,0.0004239084357778253
B-STX_USDT,1789565816616,0.2359,0.236,0.23595,0.00009999999999998899,0.0004239084357778253
B-STX_USDT,1789565819045,0.2359,0.236,0.23595,0.00009999999999998899,0.0004239084357778253
B-STX_USDT,1789565821458,0.2359,0.236,0.23595,0.00009999999999998899,0.0004239084357778253
B-STX_USDT,1789565824051,0.2359,0.236,0.23595,0.00009999999999998899,0.0004239084357778253
B-STX_USDT,1789565826532,0.2359,0.236,0.23595,0.00009999999999998899,0.0004239084357778253
B-STX_USDT,1789565828956,0.2359,0.236,0.23595,0.00009999999999998899,0.0004239084357778253
B-STX_USDT,1789565831407,0.2358,0.2359,0.23585,0.00009999999999998899,0.0004240882103477056
B-STX_USDT,1789565833937,0.2358,0.2359,0.23585,0.00009999999999998899,0.0004240882103477056
B-STX_USDT,1789565836448,0.2358,0.2359,0.23585,0.00009999999999998899,0.0004240882103477056
B-STX_USDT,1789565838919,0.2359,0.236,0.23595,0.00009999999999998899,0.0004239084357778253
B-STX_USDT,1789565841377,0.2359,0.236,0.23595,0.00009999999999998899,0.0004239084357778253
B-STX_USDT,1789565843843,0.2359,0.236,0.23595,0.00009999999999998899,0.0004239084357778253
B-STX_USDT,1789565846354,0.2358,0.2359,0.23585,0.00009999999999998899,0.0004240882103477056
B-STX_USDT,1789565848838,0.2358,0.2359,0.23585,0.00009999999999998899,0.0004240882103477056
B-STX_USDT,1789565851334,0.2358,0.2359,0.23585,0.00009999999999998899,0.0004240882103477056
B-STX_USDT,1789565853867,0.2358,0.2359,0.23585,0.00009999999999998899,0.0004240882103477056
B-STX_USDT,1789565856535,0.2358,0.2359,0.23585,0.00009999999999998899,0.0004240882103477056
B-STX_USDT,1789565859290,0.2358,0.2359,0.23585,0.00009999999999998899,0.0004240882103477056
B-STX_USDT,1789565861711,0.2358,0.2359,0.23585,0.00009999999999998899,0.0004240882103477056
B-STX_USDT,1789565864293,0.2358,0.2359,0.23585,0.00009999999999998899,0.0004240882103477056
B-STX_USDT,1789565866707,0.2358,0.2359,0.23585,0.00009999999999998899,0.0004240882103477056
B-STX_USDT,1789565869166,0.2358,0.2359,0.23585,0.00009999999999998899,0.0004240882103477056
B-STX_USDT,1789565871664,0.2358,0.2359,0.23585,0.00009999999999998899,0.0004240882103477056
B-STX_USDT,1789565874183,0.2358,0.2359,0.23585,0.00009999999999998899,0.0004240882103477056
B-STX_USDT,1789565876675,0.2359,0.236,0.23595,0.00009999999999998899,0.0004239084357778253
B-STX_USDT,1789565879119,0.2359,0.236,0.23595,0.00009999999999998899,0.0004239084357778253
B-STX_USDT,1789565881570,0.2359,0.236,0.23595,0.00009999999999998899,0.0004239084357778253
B-STX_USDT,1789565884023,0.2359,0.236,0.23595,0.00009999999999998899,0.0004239084357778253
B-STX_USDT,1789565886473,0.2358,0.2359,0.23585,0.00009999999999998899,0.0004240882103477056
B-STX_USDT,1789565888894,0.2357,0.2358,0.23575000000000002,0.00010000000000001674,0.0004242681374629476
B-STX_USDT,1789565891317,0.2358,0.2359,0.23585,0.00009999999999998899,0.0004240882103477056
B-STX_USDT,1789565893773,0.2358,0.2359,0.23585,0.00009999999999998899,0.0004240882103477056
B-STX_USDT,1789565896415,0.2357,0.2358,0.23575000000000002,0.00010000000000001674,0.0004242681374629476
B-STX_USDT,1789565898810,0.2358,0.2359,0.23585,0.00009999999999998899,0.0004240882103477056
B-STX_USDT,1789565901263,0.2357,0.2358,0.23575000000000002,0.00010000000000001674,0.0004242681374629476
B-STX_USDT,1789565903691,0.2358,0.2359,0.23585,0.00009999999999998899,0.0004240882103477056
B-STX_USDT,1789565906154,0.2359,0.236,0.23595,0.00009999999999998899,0.0004239084357778253
B-STX_USDT,1789565908686,0.2359,0.236,0.23595,0.00009999999999998899,0.0004239084357778253
B-STX_USDT,1789565911122,0.2358,0.2359,0.23585,0.00009999999999998899,0.0004240882103477056
B-STX_USDT,1789565913553,0.2358,0.2359,0.23585,0.00009999999999998899,0.0004240882103477056
B-STX_USDT,1789565916020,0.2358,0.2359,0.23585,0.00009999999999998899,0.0004240882103477056
B-STX_USDT,1789565918430,0.2358,0.2359,0.23585,0.00009999999999998899,0.0004240882103477056
B-STX_USDT,1789565920882,0.2359,0.236,0.23595,0.00009999999999998899,0.0004239084357778253
B-STX_USDT,1789565923337,0.2359,0.236,0.23595,0.00009999999999998899,0.0004239084357778253
B-STX_USDT,1789565925748,0.2359,0.236,0.23595,0.00009999999999998899,0.0004239084357778253
B-STX_USDT,1789565928271,0.236,0.2361,0.23604999999999998,0.00010000000000001674,0.000423728813559393
B-STX_USDT,1789565930690,0.236,0.2361,0.23604999999999998,0.00010000000000001674,0.000423728813559393
B-STX_USDT,1789565933115,0.236,0.2361,0.23604999999999998,0.00010000000000001674,0.000423728813559393
B-STX_USDT,1789565935576,0.236,0.2361,0.23604999999999998,0.00010000000000001674,0.000423728813559393
B-STX_USDT,1789565938154,0.2361,0.2362,0.23615,0.00009999999999998899,0.00042354934349847094
B-STX_USDT,1789565940631,0.2361,0.2362,0.23615,0.00009999999999998899,0.00042354934349847094
B-STX_USDT,1789565943106,0.2361,0.2362,0.23615,0.00009999999999998899,0.00042354934349847094
B-STX_USDT,1789565945554,0.2362,0.2363,0.23625000000000002,0.00010000000000001674,0.0004233700254022724
B-STX_USDT,1789565948024,0.2364,0.2365,0.23645,0.00009999999999998899,0.0004230118443315947
B-STX_USDT,1789565950493,0.2364,0.2365,0.23645,0.00009999999999998899,0.0004230118443315947
B-STX_USDT,1789565952935,0.2365,0.2366,0.23654999999999998,0.00010000000000001674,0.0004228329809725867
B-STX_USDT,1789565955349,0.2364,0.2365,0.23645,0.00009999999999998899,0.0004230118443315947
B-STX_USDT,1789565957779,0.2364,0.2365,0.23645,0.00009999999999998899,0.0004230118443315947
B-STX_USDT,1789565960186,0.2363,0.2364,0.23635,0.00009999999999998899,0.0004231908590773973
B-STX_USDT,1789565962642,0.2361,0.2362,0.23615,0.00009999999999998899,0.00042354934349847094
B-STX_USDT,1789565965066,0.2361,0.2362,0.23615,0.00009999999999998899,0.00042354934349847094
B-STX_USDT,1789565967535,0.2361,0.2362,0.23615,0.00009999999999998899,0.00042354934349847094
B-STX_USDT,1789565970011,0.2361,0.2362,0.23615,0.00009999999999998899,0.00042354934349847094
B-STX_USDT,1789565972465,0.2361,0.2362,0.23615,0.00009999999999998899,0.00042354934349847094
B-STX_USDT,1789565974892,0.2361,0.2362,0.23615,0.00009999999999998899,0.00042354934349847094
B-STX_USDT,1789565977320,0.2361,0.2362,0.23615,0.00009999999999998899,0.00042354934349847094
B-STX_USDT,1789565979805,0.2361,0.2362,0.23615,0.00009999999999998899,0.00042354934349847094
B-STX_USDT,1789565982279,0.2361,0.2362,0.23615,0.00009999999999998899,0.00042354934349847094
B-STX_USDT,1789565984723,0.236,0.2361,0.23604999999999998,0.00010000000000001674,0.000423728813559393
B-STX_USDT,1789565987181,0.2361,0.2362,0.23615,0.00009999999999998899,0.00042354934349847094
B-STX_USDT,1789565989676,0.2361,0.2362,0.23615,0.00009999999999998899,0.00042354934349847094
B-STX_USDT,1789565992105,0.2361,0.2362,0.23615,0.00009999999999998899,0.00042354934349847094
B-STX_USDT,1789565994547,0.236,0.2361,0.23604999999999998,0.00010000000000001674,0.000423728813559393
B-STX_USDT,1789565996990,0.236,0.2361,0.23604999999999998,0.00010000000000001674,0.000423728813559393
B-STX_USDT,1789565999474,0.236,0.2361,0.23604999999999998,0.00010000000000001674,0.000423728813559393
B-STX_USDT,1789566001986,0.236,0.2361,0.23604999999999998,0.00010000000000001674,0.000423728813559393
B-STX_USDT,1789566004455,0.2361,0.2362,0.23615,0.00009999999999998899,0.00042354934349847094
B-STX_USDT,1789566006916,0.2361,0.2362,0.23615,0.00009999999999998899,0.00042354934349847094
B-STX_USDT,1789566009453,0.2362,0.2363,0.23625000000000002,0.00010000000000001674,0.0004233700254022724
B-STX_USDT,1789566011941,0.2362,0.2363,0.23625000000000002,0.00010000000000001674,0.0004233700254022724
B-STX_USDT,1789566014389,0.2363,0.2364,0.23635,0.00009999999999998899,0.0004231908590773973
B-STX_USDT,1789566016854,0.2363,0.2364,0.23635,0.00009999999999998899,0.0004231908590773973
B-STX_USDT,1789566019314,0.2363,0.2364,0.23635,0.00009999999999998899,0.0004231908590773973
B-STX_USDT,1789566021718,0.2363,0.2364,0.23635,0.00009999999999998899,0.0004231908590773973
B-STX_USDT,1789566024164,0.2363,0.2364,0.23635,0.00009999999999998899,0.0004231908590773973
B-STX_USDT,1789566026641,0.2363,0.2364,0.23635,0.00009999999999998899,0.0004231908590773973
B-STX_USDT,1789566029078,0.2363,0.2364,0.23635,0.00009999999999998899,0.0004231908590773973
B-STX_USDT,1789566031549,0.2363,0.2364,0.23635,0.00009999999999998899,0.0004231908590773973
B-STX_USDT,1789566033991,0.2363,0.2364,0.23635,0.00009999999999998899,0.0004231908590773973
B-STX_USDT,1789566036473,0.2363,0.2364,0.23635,0.00009999999999998899,0.0004231908590773973
B-STX_USDT,1789566039005,0.2363,0.2364,0.23635,0.00009999999999998899,0.0004231908590773973
B-STX_USDT,1789566041527,0.2362,0.2363,0.23625000000000002,0.00010000000000001674,0.0004233700254022724
B-STX_USDT,1789566043988,0.2363,0.2364,0.23635,0.00009999999999998899,0.0004231908590773973
B-STX_USDT,1789566046433,0.2363,0.2364,0.23635,0.00009999999999998899,0.0004231908590773973
B-STX_USDT,1789566048898,0.2364,0.2365,0.23645,0.00009999999999998899,0.0004230118443315947
B-STX_USDT,1789566051386,0.2364,0.2365,0.23645,0.00009999999999998899,0.0004230118443315947
B-STX_USDT,1789566053822,0.2363,0.2364,0.23635,0.00009999999999998899,0.0004231908590773973
B-STX_USDT,1789566056295,0.2363,0.2364,0.23635,0.00009999999999998899,0.0004231908590773973
B-STX_USDT,1789566058742,0.2364,0.2365,0.23645,0.00009999999999998899,0.0004230118443315947
B-STX_USDT,1789566061208,0.2363,0.2364,0.23635,0.00009999999999998899,0.0004231908590773973
B-STX_USDT,1789566063679,0.2364,0.2365,0.23645,0.00009999999999998899,0.0004230118443315947
B-STX_USDT,1789566066115,0.2365,0.2366,0.23654999999999998,0.00010000000000001674,0.0004228329809725867
B-STX_USDT,1789566068576,0.2366,0.2367,0.23665,0.00009999999999998899,0.0004226542688080684
B-STX_USDT,1789566071038,0.2366,0.2367,0.23665,0.00009999999999998899,0.0004226542688080684
B-STX_USDT,1789566073484,0.2365,0.2366,0.23654999999999998,0.00010000000000001674,0.0004228329809725867
B-STX_USDT,1789566075944,0.2365,0.2366,0.23654999999999998,0.00010000000000001674,0.0004228329809725867
B-STX_USDT,1789566078395,0.2366,0.2367,0.23665,0.00009999999999998899,0.0004226542688080684
B-STX_USDT,1789566080819,0.2366,0.2367,0.23665,0.00009999999999998899,0.0004226542688080684
B-STX_USDT,1789566083255,0.2366,0.2367,0.23665,0.00009999999999998899,0.0004226542688080684
B-STX_USDT,1789566085690,0.2366,0.2367,0.23665,0.00009999999999998899,0.0004226542688080684
B-STX_USDT,1789566088128,0.2366,0.2367,0.23665,0.00009999999999998899,0.0004226542688080684
B-STX_USDT,1789566090545,0.2366,0.2367,0.23665,0.00009999999999998899,0.0004226542688080684
B-STX_USDT,1789566092992,0.2366,0.2367,0.23665,0.00009999999999998899,0.0004226542688080684
B-STX_USDT,1789566095473,0.2366,0.2367,0.23665,0.00009999999999998899,0.0004226542688080684
B-STX_USDT,1789566097894,0.2366,0.2367,0.23665,0.00009999999999998899,0.0004226542688080684
B-STX_USDT,1789566100435,0.2366,0.2367,0.23665,0.00009999999999998899,0.0004226542688080684
B-STX_USDT,1789566102895,0.2366,0.2367,0.23665,0.00009999999999998899,0.0004226542688080684
B-STX_USDT,1789566105362,0.2367,0.2368,0.23675000000000002,0.00010000000000001674,0.00042247570764688104
B-STX_USDT,1789566107952,0.2367,0.2368,0.23675000000000002,0.00010000000000001674,0.00042247570764688104
B-STX_USDT,1789566110512,0.2367,0.2368,0.23675000000000002,0.00010000000000001674,0.00042247570764688104
B-STX_USDT,1789566112982,0.2366,0.2367,0.23665,0.00009999999999998899,0.0004226542688080684
B-STX_USDT,1789566115444,0.2366,0.2367,0.23665,0.00009999999999998899,0.0004226542688080684
B-STX_USDT,1789566117950,0.2366,0.2367,0.23665,0.00009999999999998899,0.0004226542688080684
B-STX_USDT,1789566120441,0.2366,0.2367,0.23665,0.00009999999999998899,0.0004226542688080684
B-STX_USDT,1789566122905,0.2366,0.2367,0.23665,0.00009999999999998899,0.0004226542688080684
B-STX_USDT,1789566125341,0.2367,0.2368,0.23675000000000002,0.00010000000000001674,0.00042247570764688104
B-STX_USDT,1789566127819,0.2367,0.2368,0.23675000000000002,0.00010000000000001674,0.00042247570764688104
B-STX_USDT,1789566130694,0.2367,0.2368,0.23675000000000002,0.00010000000000001674,0.00042247570764688104
B-STX_USDT,1789566133412,0.2366,0.2367,0.23665,0.00009999999999998899,0.0004226542688080684
B-STX_USDT,1789566135876,0.2365,0.2366,0.23654999999999998,0.00010000000000001674,0.0004228329809725867
B-STX_USDT,1789566138337,0.2364,0.2365,0.23645,0.00009999999999998899,0.0004230118443315947
B-STX_USDT,1789566140819,0.2365,0.2366,0.23654999999999998,0.00010000000000001674,0.0004228329809725867
B-STX_USDT,1789566143300,0.2365,0.2366,0.23654999999999998,0.00010000000000001674,0.0004228329809725867
B-STX_USDT,1789566145804,0.2365,0.2366,0.23654999999999998,0.00010000000000001674,0.0004228329809725867
B-STX_USDT,1789566148269,0.2365,0.2366,0.23654999999999998,0.00010000000000001674,0.0004228329809725867
B-STX_USDT,1789566150722,0.2366,0.2367,0.23665,0.00009999999999998899,0.0004226542688080684
B-STX_USDT,1789566153141,0.2366,0.2367,0.23665,0.00009999999999998899,0.0004226542688080684
B-STX_USDT,1789566155573,0.2365,0.2366,0.23654999999999998,0.00010000000000001674,0.0004228329809725867
B-STX_USDT,1789566158015,0.2365,0.2366,0.23654999999999998,0.00010000000000001674,0.0004228329809725867
B-STX_USDT,1789566160464,0.2365,0.2366,0.23654999999999998,0.00010000000000001674,0.0004228329809725867
B-STX_USDT,1789566162960,0.2366,0.2367,0.23665,0.00009999999999998899,0.0004226542688080684
B-STX_USDT,1789566165480,0.2366,0.2367,0.23665,0.00009999999999998899,0.0004226542688080684
B-STX_USDT,1789566167922,0.2365,0.2366,0.23654999999999998,0.00010000000000001674,0.0004228329809725867
B-STX_USDT,1789566170382,0.2365,0.2366,0.23654999999999998,0.00010000000000001674,0.0004228329809725867
B-STX_USDT,1789566172852,0.2365,0.2366,0.23654999999999998,0.00010000000000001674,0.0004228329809725867
B-STX_USDT,1789566175267,0.2365,0.2366,0.23654999999999998,0.00010000000000001674,0.0004228329809725867
B-STX_USDT,1789566177715,0.2366,0.2367,0.23665,0.00009999999999998899,0.0004226542688080684
B-STX_USDT,1789566180152,0.2366,0.2367,0.23665,0.00009999999999998899,0.0004226542688080684
B-STX_USDT,1789566182588,0.2366,0.2367,0.23665,0.00009999999999998899,0.0004226542688080684
B-STX_USDT,1789566185068,0.2366,0.2367,0.23665,0.00009999999999998899,0.0004226542688080684
B-STX_USDT,1789566187524,0.2366,0.2367,0.23665,0.00009999999999998899,0.0004226542688080684
B-STX_USDT,1789566189953,0.2366,0.2367,0.23665,0.00009999999999998899,0.0004226542688080684
B-STX_USDT,1789566192416,0.2365,0.2366,0.23654999999999998,0.00010000000000001674,0.0004228329809725867
B-STX_USDT,1789566194913,0.2365,0.2366,0.23654999999999998,0.00010000000000001674,0.0004228329809725867
B-STX_USDT,1789566197393,0.2365,0.2366,0.23654999999999998,0.00010000000000001674,0.0004228329809725867
B-STX_USDT,1789566199844,0.2366,0.2367,0.23665,0.00009999999999998899,0.0004226542688080684
B-STX_USDT,1789566202325,0.2365,0.2366,0.23654999999999998,0.00010000000000001674,0.0004228329809725867
B-STX_USDT,1789566204908,0.2366,0.2367,0.23665,0.00009999999999998899,0.0004226542688080684
B-STX_USDT,1789566207401,0.2366,0.2367,0.23665,0.00009999999999998899,0.0004226542688080684
B-STX_USDT,1789566209855,0.2366,0.2367,0.23665,0.00009999999999998899,0.0004226542688080684
B-STX_USDT,1789566212362,0.2366,0.2367,0.23665,0.00009999999999998899,0.0004226542688080684
B-STX_USDT,1789566214849,0.2366,0.2367,0.23665,0.00009999999999998899,0.0004226542688080684
B-STX_USDT,1789566217281,0.2366,0.2367,0.23665,0.00009999999999998899,0.0004226542688080684
B-STX_USDT,1789566219954,0.2366,0.2367,0.23665,0.00009999999999998899,0.0004226542688080684
B-STX_USDT,1789566222384,0.2366,0.2367,0.23665,0.00009999999999998899,0.0004226542688080684
B-STX_USDT,1789566224865,0.2365,0.2366,0.23654999999999998,0.00010000000000001674,0.0004228329809725867
B-STX_USDT,1789566227315,0.2365,0.2366,0.23654999999999998,0.00010000000000001674,0.0004228329809725867
B-STX_USDT,1789566229818,0.2366,0.2367,0.23665,0.00009999999999998899,0.0004226542688080684
B-STX_USDT,1789566232369,0.2365,0.2366,0.23654999999999998,0.00010000000000001674,0.0004228329809725867
B-STX_USDT,1789566234860,0.2365,0.2366,0.23654999999999998,0.00010000000000001674,0.0004228329809725867
B-STX_USDT,1789566237303,0.2366,0.2367,0.23665,0.00009999999999998899,0.0004226542688080684
B-STX_USDT,1789566239760,0.2367,0.2368,0.23675000000000002,0.00010000000000001674,0.00042247570764688104
B-STX_USDT,1789566242280,0.2368,0.2369,0.23685,0.00009999999999998899,0.00042229729729725075
B-STX_USDT,1789566244751,0.2368,0.2369,0.23685,0.00009999999999998899,0.00042229729729725075
B-STX_USDT,1789566247176,0.2368,0.2369,0.23685,0.00009999999999998899,0.00042229729729725075
B-STX_USDT,1789566249699,0.2368,0.2369,0.23685,0.00009999999999998899,0.00042229729729725075
B-STX_USDT,1789566252219,0.2369,0.237,0.23695,0.00009999999999998899,0.00042211903756854787
B-STX_USDT,1789566254878,0.2369,0.237,0.23695,0.00009999999999998899,0.00042211903756854787
B-STX_USDT,1789566257306,0.2369,0.237,0.23695,0.00009999999999998899,0.00042211903756854787
B-STX_USDT,1789566259746,0.2369,0.237,0.23695,0.00009999999999998899,0.00042211903756854787
B-STX_USDT,1789566262224,0.2369,0.237,0.23695,0.00009999999999998899,0.00042211903756854787
B-STX_USDT,1789566264702,0.2369,0.237,0.23695,0.00009999999999998899,0.00042211903756854787
B-STX_USDT,1789566267159,0.2369,0.237,0.23695,0.00009999999999998899,0.00042211903756854787
B-STX_USDT,1789566269619,0.2369,0.237,0.23695,0.00009999999999998899,0.00042211903756854787
B-STX_USDT,1789566272276,0.2369,0.237,0.23695,0.00009999999999998899,0.00042211903756854787
B-STX_USDT,1789566274797,0.2369,0.237,0.23695,0.00009999999999998899,0.00042211903756854787
B-STX_USDT,1789566277423,0.237,0.2371,0.23704999999999998,0.00010000000000001674,0.00042194092827011284
B-STX_USDT,1789566279874,0.237,0.2371,0.23704999999999998,0.00010000000000001674,0.00042194092827011284
B-STX_USDT,1789566282315,0.237,0.2371,0.23704999999999998,0.00010000000000001674,0.00042194092827011284
B-STX_USDT,1789566284838,0.2372,0.2373,0.23725000000000002,0.00010000000000001674,0.0004215851602024315
B-STX_USDT,1789566287262,0.2372,0.2373,0.23725000000000002,0.00010000000000001674,0.0004215851602024315
B-STX_USDT,1789566289722,0.2372,0.2373,0.23725000000000002,0.00010000000000001674,0.0004215851602024315
B-STX_USDT,1789566292191,0.2371,0.2372,0.23715,0.00009999999999998899,0.0004217629692112568
B-STX_USDT,1789566294702,0.2371,0.2372,0.23715,0.00009999999999998899,0.0004217629692112568
B-STX_USDT,1789566297149,0.2371,0.2372,0.23715,0.00009999999999998899,0.0004217629692112568
B-STX_USDT,1789566299580,0.2371,0.2372,0.23715,0.00009999999999998899,0.0004217629692112568
B-STX_USDT,1789566301990,0.237,0.2371,0.23704999999999998,0.00010000000000001674,0.00042194092827011284
B-STX_USDT,1789566304448,0.237,0.2371,0.23704999999999998,0.00010000000000001674,0.00042194092827011284
B-STX_USDT,1789566306876,0.237,0.2371,0.23704999999999998,0.00010000000000001674,0.00042194092827011284
B-STX_USDT,1789566309315,0.2369,0.237,0.23695,0.00009999999999998899,0.00042211903756854787
B-STX_USDT,1789566311736,0.2369,0.237,0.23695,0.00009999999999998899,0.00042211903756854787
B-STX_USDT,1789566314186,0.2369,0.237,0.23695,0.00009999999999998899,0.00042211903756854787
B-STX_USDT,1789566316640,0.2369,0.237,0.23695,0.00009999999999998899,0.00042211903756854787
B-STX_USDT,1789566319110,0.2369,0.237,0.23695,0.00009999999999998899,0.00042211903756854787
B-STX_USDT,1789566321556,0.2369,0.237,0.23695,0.00009999999999998899,0.00042211903756854787
B-STX_USDT,1789566323976,0.2369,0.237,0.23695,0.00009999999999998899,0.00042211903756854787
B-STX_USDT,1789566326427,0.2369,0.237,0.23695,0.00009999999999998899,0.00042211903756854787
B-STX_USDT,1789566328864,0.237,0.2371,0.23704999999999998,0.00010000000000001674,0.00042194092827011284
B-STX_USDT,1789566331301,0.2371,0.2372,0.23715,0.00009999999999998899,0.0004217629692112568
B-STX_USDT,1789566333755,0.237,0.2371,0.23704999999999998,0.00010000000000001674,0.00042194092827011284
B-STX_USDT,1789566336240,0.237,0.2371,0.23704999999999998,0.00010000000000001674,0.00042194092827011284
B-STX_USDT,1789566338804,0.237,0.2371,0.23704999999999998,0.00010000000000001674,0.00042194092827011284
B-STX_USDT,1789566341241,0.237,0.2371,0.23704999999999998,0.00010000000000001674,0.00042194092827011284
B-STX_USDT,1789566343735,0.237,0.2371,0.23704999999999998,0.00010000000000001674,0.00042194092827011284
B-STX_USDT,1789566346241,0.237,0.2371,0.23704999999999998,0.00010000000000001674,0.00042194092827011284
B-STX_USDT,1789566348696,0.237,0.2371,0.23704999999999998,0.00010000000000001674,0.00042194092827011284
B-STX_USDT,1789566351155,0.237,0.2371,0.23704999999999998,0.00010000000000001674,0.00042194092827011284
B-STX_USDT,1789566353578,0.237,0.2371,0.23704999999999998,0.00010000000000001674,0.00042194092827011284
B-STX_USDT,1789566356433,0.237,0.2371,0.23704999999999998,0.00010000000000001674,0.00042194092827011284
B-STX_USDT,1789566358850,0.237,0.2371,0.23704999999999998,0.00010000000000001674,0.00042194092827011284
B-STX_USDT,1789566361266,0.2371,0.2372,0.23715,0.00009999999999998899,0.0004217629692112568
B-STX_USDT,1789566363691,0.2371,0.2372,0.23715,0.00009999999999998899,0.0004217629692112568
B-STX_USDT,1789566366177,0.2371,0.2372,0.23715,0.00009999999999998899,0.0004217629692112568
B-STX_USDT,1789566368677,0.2371,0.2372,0.23715,0.00009999999999998899,0.0004217629692112568
B-STX_USDT,1789566371230,0.2371,0.2372,0.23715,0.00009999999999998899,0.0004217629692112568
B-STX_USDT,1789566373687,0.2371,0.2372,0.23715,0.00009999999999998899,0.0004217629692112568
B-STX_USDT,1789566376157,0.237,0.2371,0.23704999999999998,0.00010000000000001674,0.00042194092827011284
B-STX_USDT,1789566378622,0.237,0.2371,0.23704999999999998,0.00010000000000001674,0.00042194092827011284
B-STX_USDT,1789566381122,0.237,0.2371,0.23704999999999998,0.00010000000000001674,0.00042194092827011284
B-STX_USDT,1789566383630,0.237,0.2371,0.23704999999999998,0.00010000000000001674,0.00042194092827011284
B-STX_USDT,1789566386120,0.237,0.2371,0.23704999999999998,0.00010000000000001674,0.00042194092827011284
B-STX_USDT,1789566388625,0.2371,0.2372,0.23715,0.00009999999999998899,0.0004217629692112568
B-STX_USDT,1789566391070,0.2371,0.2372,0.23715,0.00009999999999998899,0.0004217629692112568
B-STX_USDT,1789566393525,0.237,0.2371,0.23704999999999998,0.00010000000000001674,0.00042194092827011284
B-STX_USDT,1789566395999,0.237,0.2371,0.23704999999999998,0.00010000000000001674,0.00042194092827011284
B-STX_USDT,1789566398450,0.2369,0.237,0.23695,0.00009999999999998899,0.00042211903756854787
B-STX_USDT,1789566400940,0.237,0.2371,0.23704999999999998,0.00010000000000001674,0.00042194092827011284
B-STX_USDT,1789566403390,0.237,0.2371,0.23704999999999998,0.00010000000000001674,0.00042194092827011284
B-STX_USDT,1789566405849,0.237,0.2371,0.23704999999999998,0.00010000000000001674,0.00042194092827011284
B-STX_USDT,1789566408760,0.237,0.2371,0.23704999999999998,0.00010000000000001674,0.00042194092827011284
B-STX_USDT,1789566411164,0.237,0.2371,0.23704999999999998,0.00010000000000001674,0.00042194092827011284
B-STX_USDT,1789566413567,0.237,0.2371,0.23704999999999998,0.00010000000000001674,0.00042194092827011284
B-STX_USDT,1789566416035,0.237,0.2371,0.23704999999999998,0.00010000000000001674,0.00042194092827011284
B-STX_USDT,1789566418501,0.2371,0.2372,0.23715,0.00009999999999998899,0.0004217629692112568
B-STX_USDT,1789566421003,0.2371,0.2372,0.23715,0.00009999999999998899,0.0004217629692112568
B-STX_USDT,1789566423483,0.2371,0.2372,0.23715,0.00009999999999998899,0.0004217629692112568
B-STX_USDT,1789566425953,0.2371,0.2372,0.23715,0.00009999999999998899,0.0004217629692112568
B-STX_USDT,1789566428394,0.2372,0.2373,0.23725000000000002,0.00010000000000001674,0.0004215851602024315
B-STX_USDT,1789566430879,0.2373,0.2374,0.23735,0.00009999999999998899,0.0004214075010534723
B-STX_USDT,1789566433364,0.2373,0.2374,0.23735,0.00009999999999998899,0.0004214075010534723
B-STX_USDT,1789566435821,0.2373,0.2374,0.23735,0.00009999999999998899,0.0004214075010534723
B-STX_USDT,1789566438289,0.2373,0.2374,0.23735,0.00009999999999998899,0.0004214075010534723
B-STX_USDT,1789566440726,0.2372,0.2373,0.23725000000000002,0.00010000000000001674,0.0004215851602024315
B-STX_USDT,1789566443164,0.2372,0.2373,0.23725000000000002,0.00010000000000001674,0.0004215851602024315
B-STX_USDT,1789566445579,0.2372,0.2373,0.23725000000000002,0.00010000000000001674,0.0004215851602024315
B-STX_USDT,1789566448104,0.2372,0.2373,0.23725000000000002,0.00010000000000001674,0.0004215851602024315
B-STX_USDT,1789566450639,0.2372,0.2373,0.23725000000000002,0.00010000000000001674,0.0004215851602024315
B-STX_USDT,1789566453199,0.2372,0.2373,0.23725000000000002,0.00010000000000001674,0.0004215851602024315
B-STX_USDT,1789566455625,0.2374,0.2375,0.23745,0.00009999999999998899,0.0004212299915753538
B-STX_USDT,1789566458159,0.2375,0.2376,0.23754999999999998,0.00010000000000001674,0.00042105263157901786
B-STX_USDT,1789566460628,0.2375,0.2376,0.23754999999999998,0.00010000000000001674,0.00042105263157901786
B-STX_USDT,1789566463086,0.2376,0.2377,0.23765,0.00009999999999998899,0.0004208754208753745
B-STX_USDT,1789566465518,0.2376,0.2377,0.23765,0.00009999999999998899,0.0004208754208753745
B-STX_USDT,1789566467966,0.2376,0.2377,0.23765,0.00009999999999998899,0.0004208754208753745
B-STX_USDT,1789566470384,0.2378,0.2379,0.23785,0.00009999999999998899,0.00042052144659372997
B-STX_USDT,1789566472820,0.2379,0.238,0.23795,0.00009999999999998899,0.0004203446826397183
B-STX_USDT,1789566475384,0.2379,0.238,0.23795,0.00009999999999998899,0.0004203446826397183
B-STX_USDT,1789566477812,0.2379,0.238,0.23795,0.00009999999999998899,0.0004203446826397183
B-STX_USDT,1789566480440,0.2379,0.238,0.23795,0.00009999999999998899,0.0004203446826397183
B-STX_USDT,1789566482849,0.2379,0.238,0.23795,0.00009999999999998899,0.0004203446826397183
B-STX_USDT,1789566485282,0.2378,0.2379,0.23785,0.00009999999999998899,0.00042052144659372997
B-STX_USDT,1789566487768,0.2378,0.2379,0.23785,0.00009999999999998899,0.00042052144659372997
B-STX_USDT,1789566490244,0.2378,0.2379,0.23785,0.00009999999999998899,0.00042052144659372997
B-STX_USDT,1789566492794,0.2378,0.2379,0.23785,0.00009999999999998899,0.00042052144659372997
B-STX_USDT,1789566495244,0.2378,0.2379,0.23785,0.00009999999999998899,0.00042052144659372997
B-STX_USDT,1789566497733,0.2378,0.2379,0.23785,0.00009999999999998899,0.00042052144659372997
B-STX_USDT,1789566500202,0.2378,0.2379,0.23785,0.00009999999999998899,0.00042052144659372997
B-STX_USDT,1789566502816,0.2378,0.2379,0.23785,0.00009999999999998899,0.00042052144659372997
B-STX_USDT,1789566505282,0.2378,0.2379,0.23785,0.00009999999999998899,0.00042052144659372997
B-STX_USDT,1789566507749,0.2378,0.2379,0.23785,0.00009999999999998899,0.00042052144659372997
B-STX_USDT,1789566510192,0.2378,0.2379,0.23785,0.00009999999999998899,0.00042052144659372997
B-STX_USDT,1789566512622,0.2378,0.2379,0.23785,0.00009999999999998899,0.00042052144659372997
B-STX_USDT,1789566515168,0.2377,0.2378,0.23775000000000002,0.00010000000000001674,0.00042069835927646926
B-STX_USDT,1789566518174,0.2378,0.2379,0.23785,0.00009999999999998899,0.00042052144659372997
B-STX_USDT,1789566520662,0.2378,0.2379,0.23785,0.00009999999999998899,0.00042052144659372997
B-STX_USDT,1789566523158,0.2377,0.2378,0.23775000000000002,0.00010000000000001674,0.00042069835927646926
B-STX_USDT,1789566525655,0.2377,0.2378,0.23775000000000002,0.00010000000000001674,0.00042069835927646926
B-STX_USDT,1789566528133,0.2377,0.2378,0.23775000000000002,0.00010000000000001674,0.00042069835927646926
B-STX_USDT,1789566530546,0.2377,0.2378,0.23775000000000002,0.00010000000000001674,0.00042069835927646926
B-STX_USDT,1789566532975,0.2377,0.2378,0.23775000000000002,0.00010000000000001674,0.00042069835927646926
B-STX_USDT,1789566535485,0.2377,0.2378,0.23775000000000002,0.00010000000000001674,0.00042069835927646926
B-STX_USDT,1789566538049,0.2377,0.2378,0.23775000000000002,0.00010000000000001674,0.00042069835927646926
B-STX_USDT,1789566540557,0.2375,0.2377,0.23759999999999998,0.00020000000000000573,0.0008421052631579189
B-STX_USDT,1789566543095,0.2376,0.2377,0.23765,0.00009999999999998899,0.0004208754208753745
B-STX_USDT,1789566545574,0.2375,0.2377,0.23759999999999998,0.00020000000000000573,0.0008421052631579189
B-STX_USDT,1789566548046,0.2376,0.2377,0.23765,0.00009999999999998899,0.0004208754208753745
B-STX_USDT,1789566550542,0.2377,0.2378,0.23775000000000002,0.00010000000000001674,0.00042069835927646926
B-STX_USDT,1789566553063,0.2377,0.2378,0.23775000000000002,0.00010000000000001674,0.00042069835927646926
B-STX_USDT,1789566555512,0.2376,0.2377,0.23765,0.00009999999999998899,0.0004208754208753745
B-STX_USDT,1789566557925,0.2376,0.2377,0.23765,0.00009999999999998899,0.0004208754208753745
B-STX_USDT,1789566560353,0.2376,0.2377,0.23765,0.00009999999999998899,0.0004208754208753745
B-STX_USDT,1789566562827,0.2375,0.2376,0.23754999999999998,0.00010000000000001674,0.00042105263157901786
B-STX_USDT,1789566565293,0.2374,0.2375,0.23745,0.00009999999999998899,0.0004212299915753538
B-STX_USDT,1789566567784,0.2374,0.2375,0.23745,0.00009999999999998899,0.0004212299915753538
B-STX_USDT,1789566570343,0.2374,0.2375,0.23745,0.00009999999999998899,0.0004212299915753538
B-STX_USDT,1789566572852,0.2374,0.2375,0.23745,0.00009999999999998899,0.0004212299915753538
B-STX_USDT,1789566575389,0.2374,0.2375,0.23745,0.00009999999999998899,0.0004212299915753538
B-STX_USDT,1789566577903,0.2374,0.2375,0.23745,0.00009999999999998899,0.0004212299915753538
B-STX_USDT,1789566580466,0.2375,0.2376,0.23754999999999998,0.00010000000000001674,0.00042105263157901786
B-STX_USDT,1789566582942,0.2376,0.2377,0.23765,0.00009999999999998899,0.0004208754208753745
B-STX_USDT,1789566585371,0.2377,0.2378,0.23775000000000002,0.00010000000000001674,0.00042069835927646926
B-STX_USDT,1789566587831,0.2376,0.2377,0.23765,0.00009999999999998899,0.0004208754208753745
B-STX_USDT,1789566590281,0.2376,0.2377,0.23765,0.00009999999999998899,0.0004208754208753745
B-STX_USDT,1789566592992,0.2377,0.2378,0.23775000000000002,0.00010000000000001674,0.00042069835927646926
B-STX_USDT,1789566595761,0.2377,0.2378,0.23775000000000002,0.00010000000000001674,0.00042069835927646926
B-STX_USDT,1789566598240,0.2377,0.2378,0.23775000000000002,0.00010000000000001674,0.00042069835927646926
B-STX_USDT,1789566600675,0.2378,0.2379,0.23785,0.00009999999999998899,0.00042052144659372997
B-STX_USDT,1789566603176,0.2378,0.2379,0.23785,0.00009999999999998899,0.00042052144659372997
B-STX_USDT,1789566605619,0.2378,0.2379,0.23785,0.00009999999999998899,0.00042052144659372997
B-STX_USDT,1789566608073,0.2379,0.238,0.23795,0.00009999999999998899,0.0004203446826397183
B-STX_USDT,1789566610545,0.2379,0.238,0.23795,0.00009999999999998899,0.0004203446826397183
B-STX_USDT,1789566613020,0.2379,0.238,0.23795,0.00009999999999998899,0.0004203446826397183
B-STX_USDT,1789566615543,0.2379,0.238,0.23795,0.00009999999999998899,0.0004203446826397183
B-STX_USDT,1789566618004,0.238,0.2381,0.23804999999999998,0.00010000000000001674,0.00042016806722696115
B-STX_USDT,1789566620490,0.2381,0.2382,0.23815,0.00009999999999998899,0.00041999160016795037
B-STX_USDT,1789566622997,0.2381,0.2382,0.23815,0.00009999999999998899,0.00041999160016795037
B-STX_USDT,1789566625527,0.2381,0.2382,0.23815,0.00009999999999998899,0.00041999160016795037
B-STX_USDT,1789566627957,0.2381,0.2382,0.23815,0.00009999999999998899,0.00041999160016795037
B-STX_USDT,1789566630432,0.2379,0.238,0.23795,0.00009999999999998899,0.0004203446826397183
B-STX_USDT,1789566632878,0.2379,0.238,0.23795,0.00009999999999998899,0.0004203446826397183
B-STX_USDT,1789566635349,0.2379,0.238,0.23795,0.00009999999999998899,0.0004203446826397183
B-STX_USDT,1789566637843,0.2378,0.2379,0.23785,0.00009999999999998899,0.00042052144659372997
B-STX_USDT,1789566640298,0.2378,0.2379,0.23785,0.00009999999999998899,0.00042052144659372997
B-STX_USDT,1789566642801,0.2377,0.2378,0.23775000000000002,0.00010000000000001674,0.00042069835927646926
B-STX_USDT,1789566645425,0.2378,0.2379,0.23785,0.00009999999999998899,0.00042052144659372997
B-STX_USDT,1789566647897,0.2378,0.2379,0.23785,0.00009999999999998899,0.00042052144659372997
B-STX_USDT,1789566650312,0.2378,0.2379,0.23785,0.00009999999999998899,0.00042052144659372997
B-STX_USDT,1789566652781,0.2377,0.2378,0.23775000000000002,0.00010000000000001674,0.00042069835927646926
B-STX_USDT,1789566655191,0.2378,0.2379,0.23785,0.00009999999999998899,0.00042052144659372997
B-STX_USDT,1789566657603,0.2377,0.2378,0.23775000000000002,0.00010000000000001674,0.00042069835927646926
B-STX_USDT,1789566660053,0.2377,0.2378,0.23775000000000002,0.00010000000000001674,0.00042069835927646926
B-STX_USDT,1789566662477,0.2376,0.2377,0.23765,0.00009999999999998899,0.0004208754208753745
B-STX_USDT,1789566664959,0.2375,0.2376,0.23754999999999998,0.00010000000000001674,0.00042105263157901786
B-STX_USDT,1789566667396,0.2376,0.2377,0.23765,0.00009999999999998899,0.0004208754208753745
B-STX_USDT,1789566669831,0.2376,0.2377,0.23765,0.00009999999999998899,0.0004208754208753745
B-STX_USDT,1789566672252,0.2375,0.2376,0.23754999999999998,0.00010000000000001674,0.00042105263157901786
B-TIA_USDT,1789563072811,0.3275,0.3276,0.32755,0.00009999999999998899,0.000305343511450348
B-TIA_USDT,1789563075304,0.3275,0.3276,0.32755,0.00009999999999998899,0.000305343511450348
B-TIA_USDT,1789563077760,0.3275,0.3276,0.32755,0.00009999999999998899,0.000305343511450348
B-TIA_USDT,1789563080180,0.3275,0.3276,0.32755,0.00009999999999998899,0.000305343511450348
B-TIA_USDT,1789563082603,0.3275,0.3276,0.32755,0.00009999999999998899,0.000305343511450348
B-TIA_USDT,1789563085047,0.3274,0.3275,0.32745,0.00009999999999998899,0.0003054367745876267
B-TIA_USDT,1789563087528,0.3273,0.3274,0.32735000000000003,0.0001000000000000445,0.0003055300947144653
B-TIA_USDT,1789563090063,0.3274,0.3275,0.32745,0.00009999999999998899,0.0003054367745876267
B-TIA_USDT,1789563092522,0.3274,0.3275,0.32745,0.00009999999999998899,0.0003054367745876267
B-TIA_USDT,1789563095205,0.3274,0.3275,0.32745,0.00009999999999998899,0.0003054367745876267
B-TIA_USDT,1789563097684,0.3274,0.3275,0.32745,0.00009999999999998899,0.0003054367745876267
B-TIA_USDT,1789563100167,0.3274,0.3275,0.32745,0.00009999999999998899,0.0003054367745876267
B-TIA_USDT,1789563102577,0.3274,0.3275,0.32745,0.00009999999999998899,0.0003054367745876267
B-TIA_USDT,1789563105074,0.3274,0.3275,0.32745,0.00009999999999998899,0.0003054367745876267
B-TIA_USDT,1789563107524,0.3274,0.3275,0.32745,0.00009999999999998899,0.0003054367745876267
B-TIA_USDT,1789563109979,0.3275,0.3276,0.32755,0.00009999999999998899,0.000305343511450348
B-TIA_USDT,1789563112419,0.3275,0.3276,0.32755,0.00009999999999998899,0.000305343511450348
B-TIA_USDT,1789563114822,0.3275,0.3276,0.32755,0.00009999999999998899,0.000305343511450348
B-TIA_USDT,1789563117251,0.3275,0.3276,0.32755,0.00009999999999998899,0.000305343511450348
B-TIA_USDT,1789563119719,0.3275,0.3276,0.32755,0.00009999999999998899,0.000305343511450348
B-TIA_USDT,1789563122142,0.3275,0.3276,0.32755,0.00009999999999998899,0.000305343511450348
B-TIA_USDT,1789563124601,0.3274,0.3275,0.32745,0.00009999999999998899,0.0003054367745876267
B-TIA_USDT,1789563127079,0.3274,0.3275,0.32745,0.00009999999999998899,0.0003054367745876267
B-TIA_USDT,1789563129556,0.3274,0.3275,0.32745,0.00009999999999998899,0.0003054367745876267
B-TIA_USDT,1789563132849,0.3274,0.3275,0.32745,0.00009999999999998899,0.0003054367745876267
B-TIA_USDT,1789563135294,0.3274,0.3275,0.32745,0.00009999999999998899,0.0003054367745876267
B-TIA_USDT,1789563137753,0.3274,0.3275,0.32745,0.00009999999999998899,0.0003054367745876267
B-TIA_USDT,1789563140224,0.3274,0.3275,0.32745,0.00009999999999998899,0.0003054367745876267
B-TIA_USDT,1789563142658,0.3274,0.3275,0.32745,0.00009999999999998899,0.0003054367745876267
B-TIA_USDT,1789563145081,0.3274,0.3275,0.32745,0.00009999999999998899,0.0003054367745876267
B-TIA_USDT,1789563147507,0.3274,0.3275,0.32745,0.00009999999999998899,0.0003054367745876267
B-TIA_USDT,1789563149940,0.3274,0.3275,0.32745,0.00009999999999998899,0.0003054367745876267
B-TIA_USDT,1789563152376,0.3274,0.3275,0.32745,0.00009999999999998899,0.0003054367745876267
B-TIA_USDT,1789563154832,0.3274,0.3275,0.32745,0.00009999999999998899,0.0003054367745876267
B-TIA_USDT,1789563157338,0.3274,0.3275,0.32745,0.00009999999999998899,0.0003054367745876267
B-TIA_USDT,1789563159802,0.3274,0.3275,0.32745,0.00009999999999998899,0.0003054367745876267
B-TIA_USDT,1789563162317,0.3274,0.3275,0.32745,0.00009999999999998899,0.0003054367745876267
B-TIA_USDT,1789563164805,0.3274,0.3275,0.32745,0.00009999999999998899,0.0003054367745876267
B-TIA_USDT,1789563167306,0.3274,0.3275,0.32745,0.00009999999999998899,0.0003054367745876267
B-TIA_USDT,1789563169775,0.3274,0.3275,0.32745,0.00009999999999998899,0.0003054367745876267
B-TIA_USDT,1789563172229,0.3274,0.3275,0.32745,0.00009999999999998899,0.0003054367745876267
B-TIA_USDT,1789563174717,0.3274,0.3275,0.32745,0.00009999999999998899,0.0003054367745876267
B-TIA_USDT,1789563177166,0.3274,0.3275,0.32745,0.00009999999999998899,0.0003054367745876267
B-TIA_USDT,1789563179671,0.3274,0.3275,0.32745,0.00009999999999998899,0.0003054367745876267
B-TIA_USDT,1789563182405,0.3274,0.3275,0.32745,0.00009999999999998899,0.0003054367745876267
B-TIA_USDT,1789563184856,0.3275,0.3276,0.32755,0.00009999999999998899,0.000305343511450348
B-TIA_USDT,1789563187338,0.3275,0.3276,0.32755,0.00009999999999998899,0.000305343511450348
B-TIA_USDT,1789563189763,0.3275,0.3276,0.32755,0.00009999999999998899,0.000305343511450348
B-TIA_USDT,1789563192203,0.3274,0.3275,0.32745,0.00009999999999998899,0.0003054367745876267
B-TIA_USDT,1789563195093,0.3274,0.3275,0.32745,0.00009999999999998899,0.0003054367745876267
B-TIA_USDT,1789563197514,0.3277,0.3278,0.32775,0.00009999999999998899,0.00030515715593527307
B-TIA_USDT,1789563199963,0.3277,0.3278,0.32775,0.00009999999999998899,0.00030515715593527307
B-TIA_USDT,1789563202425,0.3277,0.3278,0.32775,0.00009999999999998899,0.00030515715593527307
B-TIA_USDT,1789563204883,0.3277,0.3278,0.32775,0.00009999999999998899,0.00030515715593527307
B-TIA_USDT,1789563207319,0.3278,0.3279,0.32785,0.0001000000000000445,0.000305064063453461
B-TIA_USDT,1789563209738,0.3278,0.3279,0.32785,0.0001000000000000445,0.000305064063453461
B-TIA_USDT,1789563212195,0.3277,0.3278,0.32775,0.00009999999999998899,0.00030515715593527307
B-TIA_USDT,1789563214614,0.3277,0.3278,0.32775,0.00009999999999998899,0.00030515715593527307
B-TIA_USDT,1789563217035,0.3277,0.3278,0.32775,0.00009999999999998899,0.00030515715593527307
B-TIA_USDT,1789563219489,0.3277,0.3278,0.32775,0.00009999999999998899,0.00030515715593527307
B-TIA_USDT,1789563222011,0.3277,0.3278,0.32775,0.00009999999999998899,0.00030515715593527307
B-TIA_USDT,1789563224485,0.3276,0.3277,0.32765,0.00009999999999998899,0.00030525030525027164
B-TIA_USDT,1789563226977,0.3276,0.3277,0.32765,0.00009999999999998899,0.00030525030525027164
B-TIA_USDT,1789563229467,0.3277,0.3278,0.32775,0.00009999999999998899,0.00030515715593527307
B-TIA_USDT,1789563231969,0.3277,0.3278,0.32775,0.00009999999999998899,0.00030515715593527307
B-TIA_USDT,1789563234402,0.3276,0.3277,0.32765,0.00009999999999998899,0.00030525030525027164
B-TIA_USDT,1789563236838,0.3275,0.3276,0.32755,0.00009999999999998899,0.000305343511450348
B-TIA_USDT,1789563239306,0.3275,0.3276,0.32755,0.00009999999999998899,0.000305343511450348
B-TIA_USDT,1789563241721,0.3275,0.3276,0.32755,0.00009999999999998899,0.000305343511450348
B-TIA_USDT,1789563244160,0.3275,0.3276,0.32755,0.00009999999999998899,0.000305343511450348
B-TIA_USDT,1789563246838,0.3275,0.3276,0.32755,0.00009999999999998899,0.000305343511450348
B-TIA_USDT,1789563249290,0.3275,0.3276,0.32755,0.00009999999999998899,0.000305343511450348
B-TIA_USDT,1789563251727,0.3276,0.3277,0.32765,0.00009999999999998899,0.00030525030525027164
B-TIA_USDT,1789563254146,0.3276,0.3277,0.32765,0.00009999999999998899,0.00030525030525027164
B-TIA_USDT,1789563256575,0.3276,0.3277,0.32765,0.00009999999999998899,0.00030525030525027164
B-TIA_USDT,1789563259007,0.3276,0.3277,0.32765,0.00009999999999998899,0.00030525030525027164
B-TIA_USDT,1789563261506,0.3275,0.3276,0.32755,0.00009999999999998899,0.000305343511450348
B-TIA_USDT,1789563263973,0.3275,0.3276,0.32755,0.00009999999999998899,0.000305343511450348
B-TIA_USDT,1789563266385,0.3275,0.3276,0.32755,0.00009999999999998899,0.000305343511450348
B-TIA_USDT,1789563268816,0.3275,0.3276,0.32755,0.00009999999999998899,0.000305343511450348
B-TIA_USDT,1789563271302,0.3274,0.3275,0.32745,0.00009999999999998899,0.0003054367745876267
B-TIA_USDT,1789563273838,0.3273,0.3274,0.32735000000000003,0.0001000000000000445,0.0003055300947144653
B-TIA_USDT,1789563276257,0.3273,0.3274,0.32735000000000003,0.0001000000000000445,0.0003055300947144653
B-TIA_USDT,1789563278675,0.3273,0.3274,0.32735000000000003,0.0001000000000000445,0.0003055300947144653
B-TIA_USDT,1789563281071,0.3274,0.3275,0.32745,0.00009999999999998899,0.0003054367745876267
B-TIA_USDT,1789563283508,0.3274,0.3275,0.32745,0.00009999999999998899,0.0003054367745876267
B-TIA_USDT,1789563285978,0.3274,0.3275,0.32745,0.00009999999999998899,0.0003054367745876267
B-TIA_USDT,1789563288407,0.3274,0.3275,0.32745,0.00009999999999998899,0.0003054367745876267
B-TIA_USDT,1789563290826,0.3275,0.3276,0.32755,0.00009999999999998899,0.000305343511450348
B-TIA_USDT,1789563293268,0.3275,0.3276,0.32755,0.00009999999999998899,0.000305343511450348
B-TIA_USDT,1789563295690,0.3275,0.3276,0.32755,0.00009999999999998899,0.000305343511450348
B-TIA_USDT,1789563298111,0.3275,0.3276,0.32755,0.00009999999999998899,0.000305343511450348
B-TIA_USDT,1789563300625,0.3274,0.3275,0.32745,0.00009999999999998899,0.0003054367745876267
B-TIA_USDT,1789563303122,0.3273,0.3274,0.32735000000000003,0.0001000000000000445,0.0003055300947144653
B-TIA_USDT,1789563305579,0.3272,0.3273,0.32725,0.00009999999999998899,0.0003056234718826069
B-TIA_USDT,1789563308024,0.3272,0.3273,0.32725,0.00009999999999998899,0.0003056234718826069
B-TIA_USDT,1789563310481,0.3272,0.3273,0.32725,0.00009999999999998899,0.0003056234718826069
B-TIA_USDT,1789563312926,0.3272,0.3273,0.32725,0.00009999999999998899,0.0003056234718826069
B-TIA_USDT,1789563315363,0.3271,0.3272,0.32715,0.00009999999999998899,0.00030571690614487613
B-TIA_USDT,1789563317832,0.3272,0.3273,0.32725,0.00009999999999998899,0.0003056234718826069
B-TIA_USDT,1789563320310,0.3271,0.3272,0.32715,0.00009999999999998899,0.00030571690614487613
B-TIA_USDT,1789563322763,0.3271,0.3272,0.32715,0.00009999999999998899,0.00030571690614487613
B-TIA_USDT,1789563325253,0.3271,0.3272,0.32715,0.00009999999999998899,0.00030571690614487613
B-TIA_USDT,1789563327716,0.3271,0.3272,0.32715,0.00009999999999998899,0.00030571690614487613
B-TIA_USDT,1789563330166,0.3271,0.3272,0.32715,0.00009999999999998899,0.00030571690614487613
B-TIA_USDT,1789563332627,0.3271,0.3272,0.32715,0.00009999999999998899,0.00030571690614487613
B-TIA_USDT,1789563335080,0.3272,0.3273,0.32725,0.00009999999999998899,0.0003056234718826069
B-TIA_USDT,1789563337517,0.3272,0.3273,0.32725,0.00009999999999998899,0.0003056234718826069
B-TIA_USDT,1789563339927,0.3273,0.3274,0.32735000000000003,0.0001000000000000445,0.0003055300947144653
B-TIA_USDT,1789563342354,0.3273,0.3274,0.32735000000000003,0.0001000000000000445,0.0003055300947144653
B-TIA_USDT,1789563344811,0.3274,0.3275,0.32745,0.00009999999999998899,0.0003054367745876267
B-TIA_USDT,1789563347239,0.3275,0.3276,0.32755,0.00009999999999998899,0.000305343511450348
B-TIA_USDT,1789563349673,0.3275,0.3276,0.32755,0.00009999999999998899,0.000305343511450348
B-TIA_USDT,1789563352121,0.3275,0.3276,0.32755,0.00009999999999998899,0.000305343511450348
B-TIA_USDT,1789563354541,0.3274,0.3275,0.32745,0.00009999999999998899,0.0003054367745876267
B-TIA_USDT,1789563357007,0.3274,0.3275,0.32745,0.00009999999999998899,0.0003054367745876267
B-TIA_USDT,1789563359463,0.3274,0.3275,0.32745,0.00009999999999998899,0.0003054367745876267
B-TIA_USDT,1789563361933,0.3275,0.3276,0.32755,0.00009999999999998899,0.000305343511450348
B-TIA_USDT,1789563364373,0.3275,0.3276,0.32755,0.00009999999999998899,0.000305343511450348
B-TIA_USDT,1789563366813,0.3275,0.3276,0.32755,0.00009999999999998899,0.000305343511450348
B-TIA_USDT,1789563369292,0.3278,0.3279,0.32785,0.0001000000000000445,0.000305064063453461
B-TIA_USDT,1789563371749,0.3279,0.328,0.32795,0.00009999999999998899,0.0003049710277523299
B-TIA_USDT,1789563374204,0.3279,0.328,0.32795,0.00009999999999998899,0.0003049710277523299
B-TIA_USDT,1789563376651,0.3279,0.328,0.32795,0.00009999999999998899,0.0003049710277523299
B-TIA_USDT,1789563379092,0.3278,0.3279,0.32785,0.0001000000000000445,0.000305064063453461
B-TIA_USDT,1789563381516,0.3278,0.3279,0.32785,0.0001000000000000445,0.000305064063453461
B-TIA_USDT,1789563383953,0.3278,0.3279,0.32785,0.0001000000000000445,0.000305064063453461
B-TIA_USDT,1789563386365,0.3278,0.3279,0.32785,0.0001000000000000445,0.000305064063453461
B-TIA_USDT,1789563388794,0.3278,0.3279,0.32785,0.0001000000000000445,0.000305064063453461
B-TIA_USDT,1789563391210,0.3278,0.3279,0.32785,0.0001000000000000445,0.000305064063453461
B-TIA_USDT,1789563393635,0.3278,0.3279,0.32785,0.0001000000000000445,0.000305064063453461
B-TIA_USDT,1789563396047,0.3278,0.3279,0.32785,0.0001000000000000445,0.000305064063453461
B-TIA_USDT,1789563398464,0.3281,0.3282,0.32815,0.00009999999999998899,0.0003047851264857939
B-TIA_USDT,1789563400910,0.328,0.3281,0.32805,0.00009999999999998899,0.0003048780487804542
B-TIA_USDT,1789563403514,0.328,0.3281,0.32805,0.00009999999999998899,0.0003048780487804542
B-TIA_USDT,1789563405967,0.3281,0.3282,0.32815,0.00009999999999998899,0.0003047851264857939
B-TIA_USDT,1789563408468,0.3281,0.3282,0.32815,0.00009999999999998899,0.0003047851264857939
B-TIA_USDT,1789563410880,0.3281,0.3282,0.32815,0.00009999999999998899,0.0003047851264857939
B-TIA_USDT,1789563413316,0.3281,0.3282,0.32815,0.00009999999999998899,0.0003047851264857939
B-TIA_USDT,1789563415719,0.3281,0.3282,0.32815,0.00009999999999998899,0.0003047851264857939
B-TIA_USDT,1789563418122,0.3281,0.3282,0.32815,0.00009999999999998899,0.0003047851264857939
B-TIA_USDT,1789563420646,0.3282,0.3283,0.32825,0.00009999999999998899,0.0003046922608165417
B-TIA_USDT,1789563423087,0.3281,0.3282,0.32815,0.00009999999999998899,0.0003047851264857939
B-TIA_USDT,1789563425553,0.3281,0.3282,0.32815,0.00009999999999998899,0.0003047851264857939
B-TIA_USDT,1789563427999,0.3281,0.3282,0.32815,0.00009999999999998899,0.0003047851264857939
B-TIA_USDT,1789563430492,0.3281,0.3282,0.32815,0.00009999999999998899,0.0003047851264857939
B-TIA_USDT,1789563433197,0.3281,0.3282,0.32815,0.00009999999999998899,0.0003047851264857939
B-TIA_USDT,1789563435640,0.3281,0.3282,0.32815,0.00009999999999998899,0.0003047851264857939
B-TIA_USDT,1789563438089,0.3282,0.3283,0.32825,0.00009999999999998899,0.0003046922608165417
B-TIA_USDT,1789563440508,0.3282,0.3283,0.32825,0.00009999999999998899,0.0003046922608165417
B-TIA_USDT,1789563442936,0.3282,0.3283,0.32825,0.00009999999999998899,0.0003046922608165417
B-TIA_USDT,1789563445362,0.3282,0.3283,0.32825,0.00009999999999998899,0.0003046922608165417
B-TIA_USDT,1789563447784,0.3283,0.3284,0.32835000000000003,0.0001000000000000445,0.00030459945172112244
B-TIA_USDT,1789563450238,0.3283,0.3284,0.32835000000000003,0.0001000000000000445,0.00030459945172112244
B-TIA_USDT,1789563452696,0.3283,0.3284,0.32835000000000003,0.0001000000000000445,0.00030459945172112244
B-TIA_USDT,1789563455130,0.3283,0.3284,0.32835000000000003,0.0001000000000000445,0.00030459945172112244
B-TIA_USDT,1789563457571,0.3282,0.3283,0.32825,0.00009999999999998899,0.0003046922608165417
B-TIA_USDT,1789563459982,0.3282,0.3283,0.32825,0.00009999999999998899,0.0003046922608165417
B-TIA_USDT,1789563462398,0.3282,0.3283,0.32825,0.00009999999999998899,0.0003046922608165417
B-TIA_USDT,1789563464808,0.3281,0.3282,0.32815,0.00009999999999998899,0.0003047851264857939
B-TIA_USDT,1789563467238,0.3281,0.3282,0.32815,0.00009999999999998899,0.0003047851264857939
B-TIA_USDT,1789563469676,0.3281,0.3282,0.32815,0.00009999999999998899,0.0003047851264857939
B-TIA_USDT,1789563472083,0.3281,0.3282,0.32815,0.00009999999999998899,0.0003047851264857939
B-TIA_USDT,1789563474480,0.3281,0.3282,0.32815,0.00009999999999998899,0.0003047851264857939
B-TIA_USDT,1789563476887,0.3281,0.3282,0.32815,0.00009999999999998899,0.0003047851264857939
B-TIA_USDT,1789563479301,0.3281,0.3282,0.32815,0.00009999999999998899,0.0003047851264857939
B-TIA_USDT,1789563481750,0.3281,0.3282,0.32815,0.00009999999999998899,0.0003047851264857939
B-TIA_USDT,1789563484181,0.3281,0.3282,0.32815,0.00009999999999998899,0.0003047851264857939
B-TIA_USDT,1789563486629,0.3282,0.3283,0.32825,0.00009999999999998899,0.0003046922608165417
B-TIA_USDT,1789563489047,0.3282,0.3283,0.32825,0.00009999999999998899,0.0003046922608165417
B-TIA_USDT,1789563491467,0.3282,0.3283,0.32825,0.00009999999999998899,0.0003046922608165417
B-TIA_USDT,1789563493908,0.3282,0.3283,0.32825,0.00009999999999998899,0.0003046922608165417
B-TIA_USDT,1789563496333,0.3282,0.3283,0.32825,0.00009999999999998899,0.0003046922608165417
B-TIA_USDT,1789563498791,0.3282,0.3283,0.32825,0.00009999999999998899,0.0003046922608165417
B-TIA_USDT,1789563501208,0.3282,0.3283,0.32825,0.00009999999999998899,0.0003046922608165417
B-TIA_USDT,1789563503632,0.3282,0.3283,0.32825,0.00009999999999998899,0.0003046922608165417
B-TIA_USDT,1789563506066,0.3282,0.3283,0.32825,0.00009999999999998899,0.0003046922608165417
B-TIA_USDT,1789563508482,0.3282,0.3283,0.32825,0.00009999999999998899,0.0003046922608165417
B-TIA_USDT,1789563510907,0.3282,0.3283,0.32825,0.00009999999999998899,0.0003046922608165417
B-TIA_USDT,1789563513388,0.3281,0.3282,0.32815,0.00009999999999998899,0.0003047851264857939
B-TIA_USDT,1789563515844,0.3282,0.3283,0.32825,0.00009999999999998899,0.0003046922608165417
B-TIA_USDT,1789563518281,0.3282,0.3283,0.32825,0.00009999999999998899,0.0003046922608165417
B-TIA_USDT,1789563520719,0.3282,0.3283,0.32825,0.00009999999999998899,0.0003046922608165417
B-TIA_USDT,1789563523171,0.3282,0.3283,0.32825,0.00009999999999998899,0.0003046922608165417
B-TIA_USDT,1789563525604,0.3282,0.3283,0.32825,0.00009999999999998899,0.0003046922608165417
B-TIA_USDT,1789563528035,0.3282,0.3283,0.32825,0.00009999999999998899,0.0003046922608165417
B-TIA_USDT,1789563530455,0.3283,0.3284,0.32835000000000003,0.0001000000000000445,0.00030459945172112244
B-TIA_USDT,1789563532906,0.3283,0.3284,0.32835000000000003,0.0001000000000000445,0.00030459945172112244
B-TIA_USDT,1789563535321,0.3283,0.3284,0.32835000000000003,0.0001000000000000445,0.00030459945172112244
B-TIA_USDT,1789563537760,0.3283,0.3284,0.32835000000000003,0.0001000000000000445,0.00030459945172112244
B-TIA_USDT,1789563540193,0.3283,0.3284,0.32835000000000003,0.0001000000000000445,0.00030459945172112244
B-TIA_USDT,1789563542655,0.3283,0.3284,0.32835000000000003,0.0001000000000000445,0.00030459945172112244
B-TIA_USDT,1789563545107,0.3283,0.3284,0.32835000000000003,0.0001000000000000445,0.00030459945172112244
B-TIA_USDT,1789563547560,0.3283,0.3284,0.32835000000000003,0.0001000000000000445,0.00030459945172112244
B-TIA_USDT,1789563549984,0.3283,0.3284,0.32835000000000003,0.0001000000000000445,0.00030459945172112244
B-TIA_USDT,1789563552546,0.3281,0.3282,0.32815,0.00009999999999998899,0.0003047851264857939
B-TIA_USDT,1789563554975,0.3282,0.3283,0.32825,0.00009999999999998899,0.0003046922608165417
B-TIA_USDT,1789563557409,0.3282,0.3283,0.32825,0.00009999999999998899,0.0003046922608165417
B-TIA_USDT,1789563559846,0.3282,0.3283,0.32825,0.00009999999999998899,0.0003046922608165417
B-TIA_USDT,1789563562289,0.3282,0.3283,0.32825,0.00009999999999998899,0.0003046922608165417
B-TIA_USDT,1789563564798,0.3282,0.3283,0.32825,0.00009999999999998899,0.0003046922608165417
B-TIA_USDT,1789563567257,0.3282,0.3283,0.32825,0.00009999999999998899,0.0003046922608165417
B-TIA_USDT,1789563569716,0.3282,0.3283,0.32825,0.00009999999999998899,0.0003046922608165417
B-TIA_USDT,1789563572234,0.3281,0.3282,0.32815,0.00009999999999998899,0.0003047851264857939
B-TIA_USDT,1789563574677,0.3281,0.3282,0.32815,0.00009999999999998899,0.0003047851264857939
B-TIA_USDT,1789563577086,0.3281,0.3282,0.32815,0.00009999999999998899,0.0003047851264857939
B-TIA_USDT,1789563579635,0.328,0.3281,0.32805,0.00009999999999998899,0.0003048780487804542
B-TIA_USDT,1789563582060,0.328,0.3281,0.32805,0.00009999999999998899,0.0003048780487804542
B-TIA_USDT,1789563584526,0.328,0.3281,0.32805,0.00009999999999998899,0.0003048780487804542
B-TIA_USDT,1789563587513,0.3282,0.3283,0.32825,0.00009999999999998899,0.0003046922608165417
B-TIA_USDT,1789563589941,0.3282,0.3283,0.32825,0.00009999999999998899,0.0003046922608165417
B-TIA_USDT,1789563592348,0.3281,0.3282,0.32815,0.00009999999999998899,0.0003047851264857939
B-TIA_USDT,1789563594770,0.3282,0.3283,0.32825,0.00009999999999998899,0.0003046922608165417
B-TIA_USDT,1789563597230,0.3282,0.3283,0.32825,0.00009999999999998899,0.0003046922608165417
B-TIA_USDT,1789563599661,0.3282,0.3283,0.32825,0.00009999999999998899,0.0003046922608165417
B-TIA_USDT,1789563602139,0.3281,0.3282,0.32815,0.00009999999999998899,0.0003047851264857939
B-TIA_USDT,1789563604626,0.3281,0.3282,0.32815,0.00009999999999998899,0.0003047851264857939
B-TIA_USDT,1789563607069,0.3282,0.3283,0.32825,0.00009999999999998899,0.0003046922608165417
B-TIA_USDT,1789563609491,0.3282,0.3283,0.32825,0.00009999999999998899,0.0003046922608165417
B-TIA_USDT,1789563612057,0.328,0.3281,0.32805,0.00009999999999998899,0.0003048780487804542
B-TIA_USDT,1789563614589,0.3278,0.3279,0.32785,0.0001000000000000445,0.000305064063453461
B-TIA_USDT,1789563617036,0.3279,0.328,0.32795,0.00009999999999998899,0.0003049710277523299
B-TIA_USDT,1789563619498,0.3281,0.3282,0.32815,0.00009999999999998899,0.0003047851264857939
B-TIA_USDT,1789563621993,0.3282,0.3283,0.32825,0.00009999999999998899,0.0003046922608165417
B-TIA_USDT,1789563624449,0.3282,0.3283,0.32825,0.00009999999999998899,0.0003046922608165417
B-TIA_USDT,1789563626875,0.3282,0.3283,0.32825,0.00009999999999998899,0.0003046922608165417
B-TIA_USDT,1789563629314,0.3281,0.3282,0.32815,0.00009999999999998899,0.0003047851264857939
B-TIA_USDT,1789563631797,0.328,0.3281,0.32805,0.00009999999999998899,0.0003048780487804542
B-TIA_USDT,1789563634205,0.328,0.3281,0.32805,0.00009999999999998899,0.0003048780487804542
B-TIA_USDT,1789563636623,0.328,0.3281,0.32805,0.00009999999999998899,0.0003048780487804542
B-TIA_USDT,1789563639156,0.3279,0.328,0.32795,0.00009999999999998899,0.0003049710277523299
B-TIA_USDT,1789563641633,0.3279,0.328,0.32795,0.00009999999999998899,0.0003049710277523299
B-TIA_USDT,1789563644070,0.3279,0.328,0.32795,0.00009999999999998899,0.0003049710277523299
B-TIA_USDT,1789563646494,0.3279,0.328,0.32795,0.00009999999999998899,0.0003049710277523299
B-TIA_USDT,1789563648969,0.3279,0.328,0.32795,0.00009999999999998899,0.0003049710277523299
B-TIA_USDT,1789563651455,0.3279,0.328,0.32795,0.00009999999999998899,0.0003049710277523299
B-TIA_USDT,1789563653938,0.3279,0.328,0.32795,0.00009999999999998899,0.0003049710277523299
B-TIA_USDT,1789563656384,0.3279,0.328,0.32795,0.00009999999999998899,0.0003049710277523299
B-TIA_USDT,1789563658861,0.3279,0.328,0.32795,0.00009999999999998899,0.0003049710277523299
B-TIA_USDT,1789563661286,0.3278,0.3279,0.32785,0.0001000000000000445,0.000305064063453461
B-TIA_USDT,1789563663692,0.3278,0.3279,0.32785,0.0001000000000000445,0.000305064063453461
B-TIA_USDT,1789563666138,0.3278,0.3279,0.32785,0.0001000000000000445,0.000305064063453461
B-TIA_USDT,1789563668577,0.3278,0.3279,0.32785,0.0001000000000000445,0.000305064063453461
B-TIA_USDT,1789563671040,0.3277,0.3278,0.32775,0.00009999999999998899,0.00030515715593527307
B-TIA_USDT,1789563673510,0.3278,0.3279,0.32785,0.0001000000000000445,0.000305064063453461
B-TIA_USDT,1789563675965,0.3278,0.3279,0.32785,0.0001000000000000445,0.000305064063453461
B-TIA_USDT,1789563678617,0.3278,0.3279,0.32785,0.0001000000000000445,0.000305064063453461
B-TIA_USDT,1789563681064,0.3279,0.328,0.32795,0.00009999999999998899,0.0003049710277523299
B-TIA_USDT,1789563683491,0.3279,0.328,0.32795,0.00009999999999998899,0.0003049710277523299
B-TIA_USDT,1789563685915,0.3279,0.328,0.32795,0.00009999999999998899,0.0003049710277523299
B-TIA_USDT,1789563688352,0.3279,0.328,0.32795,0.00009999999999998899,0.0003049710277523299
B-TIA_USDT,1789563690897,0.328,0.3281,0.32805,0.00009999999999998899,0.0003048780487804542
B-TIA_USDT,1789563693425,0.328,0.3281,0.32805,0.00009999999999998899,0.0003048780487804542
B-TIA_USDT,1789563695846,0.328,0.3281,0.32805,0.00009999999999998899,0.0003048780487804542
B-TIA_USDT,1789563698303,0.3279,0.328,0.32795,0.00009999999999998899,0.0003049710277523299
B-TIA_USDT,1789563700778,0.3279,0.328,0.32795,0.00009999999999998899,0.0003049710277523299
B-TIA_USDT,1789563703264,0.3278,0.3279,0.32785,0.0001000000000000445,0.000305064063453461
B-TIA_USDT,1789563705734,0.3278,0.3279,0.32785,0.0001000000000000445,0.000305064063453461
B-TIA_USDT,1789563708167,0.3277,0.3278,0.32775,0.00009999999999998899,0.00030515715593527307
B-TIA_USDT,1789563710586,0.3277,0.3278,0.32775,0.00009999999999998899,0.00030515715593527307
B-TIA_USDT,1789563892587,0.3267,0.3268,0.32675,0.00009999999999998899,0.00030609121518209055
B-TIA_USDT,1789563895012,0.3267,0.3268,0.32675,0.00009999999999998899,0.00030609121518209055
B-TIA_USDT,1789563897439,0.3268,0.3269,0.32685,0.0001000000000000445,0.00030599755201972005
B-TIA_USDT,1789563899838,0.3268,0.3269,0.32685,0.0001000000000000445,0.00030599755201972005
B-TIA_USDT,1789563902315,0.3268,0.3269,0.32685,0.0001000000000000445,0.00030599755201972005
B-TIA_USDT,1789563904809,0.3269,0.327,0.32695,0.00009999999999998899,0.00030590394616087177
B-TIA_USDT,1789563907248,0.3271,0.3272,0.32715,0.00009999999999998899,0.00030571690614487613
B-TIA_USDT,1789563909671,0.3271,0.3272,0.32715,0.00009999999999998899,0.00030571690614487613
B-TIA_USDT,1789563912101,0.327,0.3271,0.32705,0.00009999999999998899,0.00030581039755348314
B-TIA_USDT,1789563914565,0.327,0.3271,0.32705,0.00009999999999998899,0.00030581039755348314
B-TIA_USDT,1789563917285,0.3271,0.3272,0.32715,0.00009999999999998899,0.00030571690614487613
B-TIA_USDT,1789563919700,0.3271,0.3272,0.32715,0.00009999999999998899,0.00030571690614487613
B-TIA_USDT,1789563922104,0.3271,0.3272,0.32715,0.00009999999999998899,0.00030571690614487613
B-TIA_USDT,1789563924537,0.3271,0.3272,0.32715,0.00009999999999998899,0.00030571690614487613
B-TIA_USDT,1789563926992,0.327,0.3271,0.32705,0.00009999999999998899,0.00030581039755348314
B-TIA_USDT,1789563929423,0.3269,0.327,0.32695,0.00009999999999998899,0.00030590394616087177
B-TIA_USDT,1789563931844,0.3269,0.327,0.32695,0.00009999999999998899,0.00030590394616087177
B-TIA_USDT,1789563934285,0.327,0.3271,0.32705,0.00009999999999998899,0.00030581039755348314
B-TIA_USDT,1789563936747,0.3271,0.3272,0.32715,0.00009999999999998899,0.00030571690614487613
B-TIA_USDT,1789563939203,0.3272,0.3273,0.32725,0.00009999999999998899,0.0003056234718826069
B-TIA_USDT,1789563941676,0.3273,0.3274,0.32735000000000003,0.0001000000000000445,0.0003055300947144653
B-TIA_USDT,1789563944122,0.3272,0.3273,0.32725,0.00009999999999998899,0.0003056234718826069
B-TIA_USDT,1789563946540,0.3272,0.3273,0.32725,0.00009999999999998899,0.0003056234718826069
B-TIA_USDT,1789563948967,0.3272,0.3273,0.32725,0.00009999999999998899,0.0003056234718826069
B-TIA_USDT,1789563951438,0.3272,0.3273,0.32725,0.00009999999999998899,0.0003056234718826069
B-TIA_USDT,1789563953917,0.3271,0.3272,0.32715,0.00009999999999998899,0.00030571690614487613
B-TIA_USDT,1789563956363,0.3271,0.3272,0.32715,0.00009999999999998899,0.00030571690614487613
B-TIA_USDT,1789563958806,0.3271,0.3272,0.32715,0.00009999999999998899,0.00030571690614487613
B-TIA_USDT,1789563961251,0.3271,0.3272,0.32715,0.00009999999999998899,0.00030571690614487613
B-TIA_USDT,1789563963707,0.3269,0.327,0.32695,0.00009999999999998899,0.00030590394616087177
B-TIA_USDT,1789563966159,0.327,0.3271,0.32705,0.00009999999999998899,0.00030581039755348314
B-TIA_USDT,1789563968692,0.327,0.3271,0.32705,0.00009999999999998899,0.00030581039755348314
B-TIA_USDT,1789563971130,0.327,0.3271,0.32705,0.00009999999999998899,0.00030581039755348314
B-TIA_USDT,1789563974291,0.3271,0.3272,0.32715,0.00009999999999998899,0.00030571690614487613
B-TIA_USDT,1789563976715,0.3271,0.3272,0.32715,0.00009999999999998899,0.00030571690614487613
B-TIA_USDT,1789563979155,0.3272,0.3273,0.32725,0.00009999999999998899,0.0003056234718826069
B-TIA_USDT,1789563981590,0.3272,0.3273,0.32725,0.00009999999999998899,0.0003056234718826069
B-TIA_USDT,1789563984053,0.3272,0.3273,0.32725,0.00009999999999998899,0.0003056234718826069
B-TIA_USDT,1789563986511,0.3273,0.3274,0.32735000000000003,0.0001000000000000445,0.0003055300947144653
B-TIA_USDT,1789563988960,0.3273,0.3274,0.32735000000000003,0.0001000000000000445,0.0003055300947144653
B-TIA_USDT,1789563991387,0.3273,0.3274,0.32735000000000003,0.0001000000000000445,0.0003055300947144653
B-TIA_USDT,1789563993833,0.3273,0.3274,0.32735000000000003,0.0001000000000000445,0.0003055300947144653
B-TIA_USDT,1789563996238,0.3273,0.3274,0.32735000000000003,0.0001000000000000445,0.0003055300947144653
B-TIA_USDT,1789563998645,0.3272,0.3273,0.32725,0.00009999999999998899,0.0003056234718826069
B-TIA_USDT,1789564001100,0.3272,0.3273,0.32725,0.00009999999999998899,0.0003056234718826069
B-TIA_USDT,1789564003527,0.3272,0.3273,0.32725,0.00009999999999998899,0.0003056234718826069
B-TIA_USDT,1789564005963,0.3272,0.3273,0.32725,0.00009999999999998899,0.0003056234718826069
B-TIA_USDT,1789564008456,0.3272,0.3273,0.32725,0.00009999999999998899,0.0003056234718826069
B-TIA_USDT,1789564010949,0.3272,0.3273,0.32725,0.00009999999999998899,0.0003056234718826069
B-TIA_USDT,1789564013374,0.3272,0.3273,0.32725,0.00009999999999998899,0.0003056234718826069
B-TIA_USDT,1789564015796,0.3272,0.3273,0.32725,0.00009999999999998899,0.0003056234718826069
B-TIA_USDT,1789564018210,0.3272,0.3273,0.32725,0.00009999999999998899,0.0003056234718826069
B-TIA_USDT,1789564020664,0.3273,0.3274,0.32735000000000003,0.0001000000000000445,0.0003055300947144653
B-TIA_USDT,1789564023121,0.327,0.3271,0.32705,0.00009999999999998899,0.00030581039755348314
B-TIA_USDT,1789564025556,0.3271,0.3272,0.32715,0.00009999999999998899,0.00030571690614487613
B-TIA_USDT,1789564029567,0.327,0.3271,0.32705,0.00009999999999998899,0.00030581039755348314
B-TIA_USDT,1789564032053,0.327,0.3271,0.32705,0.00009999999999998899,0.00030581039755348314
B-TIA_USDT,1789564034575,0.327,0.3271,0.32705,0.00009999999999998899,0.00030581039755348314
B-TIA_USDT,1789564037041,0.327,0.3271,0.32705,0.00009999999999998899,0.00030581039755348314
B-TIA_USDT,1789564039497,0.327,0.3271,0.32705,0.00009999999999998899,0.00030581039755348314
B-TIA_USDT,1789564041999,0.327,0.3271,0.32705,0.00009999999999998899,0.00030581039755348314
B-TIA_USDT,1789564044475,0.327,0.3271,0.32705,0.00009999999999998899,0.00030581039755348314
B-TIA_USDT,1789564046959,0.327,0.3271,0.32705,0.00009999999999998899,0.00030581039755348314
B-TIA_USDT,1789564049499,0.327,0.3271,0.32705,0.00009999999999998899,0.00030581039755348314
B-TIA_USDT,1789564051952,0.327,0.3271,0.32705,0.00009999999999998899,0.00030581039755348314
B-TIA_USDT,1789564054382,0.327,0.3271,0.32705,0.00009999999999998899,0.00030581039755348314
B-TIA_USDT,1789564056813,0.327,0.3271,0.32705,0.00009999999999998899,0.00030581039755348314
B-TIA_USDT,1789564059253,0.327,0.3271,0.32705,0.00009999999999998899,0.00030581039755348314
B-TIA_USDT,1789564061663,0.327,0.3271,0.32705,0.00009999999999998899,0.00030581039755348314
B-TIA_USDT,1789564064100,0.327,0.3271,0.32705,0.00009999999999998899,0.00030581039755348314
B-TIA_USDT,1789564066527,0.3271,0.3272,0.32715,0.00009999999999998899,0.00030571690614487613
B-TIA_USDT,1789564068977,0.3271,0.3272,0.32715,0.00009999999999998899,0.00030571690614487613
B-TIA_USDT,1789564071423,0.3271,0.3272,0.32715,0.00009999999999998899,0.00030571690614487613
B-TIA_USDT,1789564073928,0.3271,0.3272,0.32715,0.00009999999999998899,0.00030571690614487613
B-TIA_USDT,1789564076405,0.3272,0.3273,0.32725,0.00009999999999998899,0.0003056234718826069
B-TIA_USDT,1789564078885,0.3272,0.3273,0.32725,0.00009999999999998899,0.0003056234718826069
B-TIA_USDT,1789564081406,0.3271,0.3272,0.32715,0.00009999999999998899,0.00030571690614487613
B-TIA_USDT,1789564084181,0.3271,0.3272,0.32715,0.00009999999999998899,0.00030571690614487613
B-TIA_USDT,1789564086695,0.3271,0.3272,0.32715,0.00009999999999998899,0.00030571690614487613
B-TIA_USDT,1789564089127,0.3271,0.3272,0.32715,0.00009999999999998899,0.00030571690614487613
B-TIA_USDT,1789564091585,0.327,0.3271,0.32705,0.00009999999999998899,0.00030581039755348314
B-TIA_USDT,1789564094641,0.327,0.3271,0.32705,0.00009999999999998899,0.00030581039755348314
B-TIA_USDT,1789564097094,0.3271,0.3272,0.32715,0.00009999999999998899,0.00030571690614487613
B-TIA_USDT,1789564099694,0.3271,0.3272,0.32715,0.00009999999999998899,0.00030571690614487613
B-TIA_USDT,1789564102201,0.3271,0.3272,0.32715,0.00009999999999998899,0.00030571690614487613
B-TIA_USDT,1789564104705,0.327,0.3271,0.32705,0.00009999999999998899,0.00030581039755348314
B-TIA_USDT,1789564107175,0.327,0.3271,0.32705,0.00009999999999998899,0.00030581039755348314
B-TIA_USDT,1789564109669,0.327,0.3271,0.32705,0.00009999999999998899,0.00030581039755348314
B-TIA_USDT,1789564112103,0.327,0.3271,0.32705,0.00009999999999998899,0.00030581039755348314
B-TIA_USDT,1789564114578,0.3269,0.327,0.32695,0.00009999999999998899,0.00030590394616087177
B-TIA_USDT,1789564117051,0.327,0.3271,0.32705,0.00009999999999998899,0.00030581039755348314
B-TIA_USDT,1789564119522,0.327,0.3271,0.32705,0.00009999999999998899,0.00030581039755348314
B-TIA_USDT,1789564122107,0.327,0.3271,0.32705,0.00009999999999998899,0.00030581039755348314
B-TIA_USDT,1789564124568,0.327,0.3271,0.32705,0.00009999999999998899,0.00030581039755348314
B-TIA_USDT,1789564126987,0.3269,0.327,0.32695,0.00009999999999998899,0.00030590394616087177
B-TIA_USDT,1789564129450,0.3269,0.327,0.32695,0.00009999999999998899,0.00030590394616087177
B-TIA_USDT,1789564131904,0.3269,0.327,0.32695,0.00009999999999998899,0.00030590394616087177
B-TIA_USDT,1789564134333,0.3269,0.327,0.32695,0.00009999999999998899,0.00030590394616087177
B-TIA_USDT,1789564136810,0.3269,0.327,0.32695,0.00009999999999998899,0.00030590394616087177
B-TIA_USDT,1789564139229,0.3269,0.327,0.32695,0.00009999999999998899,0.00030590394616087177
B-TIA_USDT,1789564141645,0.3268,0.3269,0.32685,0.0001000000000000445,0.00030599755201972005
B-TIA_USDT,1789564144051,0.3268,0.3269,0.32685,0.0001000000000000445,0.00030599755201972005
B-TIA_USDT,1789564146490,0.3268,0.3269,0.32685,0.0001000000000000445,0.00030599755201972005
B-TIA_USDT,1789564148933,0.3268,0.3269,0.32685,0.0001000000000000445,0.00030599755201972005
B-TIA_USDT,1789564151397,0.3268,0.3269,0.32685,0.0001000000000000445,0.00030599755201972005
B-TIA_USDT,1789564153971,0.3268,0.3269,0.32685,0.0001000000000000445,0.00030599755201972005
B-TIA_USDT,1789564156606,0.3268,0.3269,0.32685,0.0001000000000000445,0.00030599755201972005
B-TIA_USDT,1789564159089,0.3268,0.3269,0.32685,0.0001000000000000445,0.00030599755201972005
B-TIA_USDT,1789564161557,0.3267,0.3268,0.32675,0.00009999999999998899,0.00030609121518209055
B-TIA_USDT,1789564164031,0.3267,0.3268,0.32675,0.00009999999999998899,0.00030609121518209055
B-TIA_USDT,1789564166451,0.3268,0.3269,0.32685,0.0001000000000000445,0.00030599755201972005
B-TIA_USDT,1789564168851,0.3264,0.3265,0.32645,0.00009999999999998899,0.00030637254901957407
B-TIA_USDT,1789564171267,0.3264,0.3265,0.32645,0.00009999999999998899,0.00030637254901957407
B-TIA_USDT,1789564173714,0.3264,0.3265,0.32645,0.00009999999999998899,0.00030637254901957407
B-TIA_USDT,1789564176194,0.3264,0.3265,0.32645,0.00009999999999998899,0.00030637254901957407
B-TIA_USDT,1789564178644,0.3264,0.3265,0.32645,0.00009999999999998899,0.00030637254901957407
B-TIA_USDT,1789564181096,0.3264,0.3265,0.32645,0.00009999999999998899,0.00030637254901957407
B-TIA_USDT,1789564183558,0.3264,0.3265,0.32645,0.00009999999999998899,0.00030637254901957407
B-TIA_USDT,1789564185986,0.3264,0.3265,0.32645,0.00009999999999998899,0.00030637254901957407
B-TIA_USDT,1789564188412,0.3264,0.3265,0.32645,0.00009999999999998899,0.00030637254901957407
B-TIA_USDT,1789564190858,0.3264,0.3265,0.32645,0.00009999999999998899,0.00030637254901957407
B-TIA_USDT,1789564193311,0.3264,0.3265,0.32645,0.00009999999999998899,0.00030637254901957407
B-TIA_USDT,1789564195762,0.3263,0.3264,0.32635000000000003,0.0001000000000000445,0.00030646644192474563
B-TIA_USDT,1789564198193,0.3265,0.3266,0.32655,0.00009999999999998899,0.00030627871362936903
B-TIA_USDT,1789564200630,0.3265,0.3266,0.32655,0.00009999999999998899,0.00030627871362936903
B-TIA_USDT,1789564203119,0.3264,0.3265,0.32645,0.00009999999999998899,0.00030637254901957407
B-TIA_USDT,1789564205701,0.3263,0.3264,0.32635000000000003,0.0001000000000000445,0.00030646644192474563
B-TIA_USDT,1789564208153,0.3262,0.3263,0.32625,0.00009999999999998899,0.00030656039239726853
B-TIA_USDT,1789564210591,0.3261,0.3262,0.32615,0.00009999999999998899,0.0003066544004906133
B-TIA_USDT,1789564213073,0.3261,0.3262,0.32615,0.00009999999999998899,0.0003066544004906133
B-TIA_USDT,1789564215615,0.3261,0.3262,0.32615,0.00009999999999998899,0.0003066544004906133
B-TIA_USDT,1789564218109,0.3261,0.3262,0.32615,0.00009999999999998899,0.0003066544004906133
B-TIA_USDT,1789564221142,0.3261,0.3262,0.32615,0.00009999999999998899,0.0003066544004906133
B-TIA_USDT,1789564223547,0.3261,0.3262,0.32615,0.00009999999999998899,0.0003066544004906133
B-TIA_USDT,1789564225987,0.326,0.3261,0.32605,0.00009999999999998899,0.0003067484662576349
B-TIA_USDT,1789564228413,0.326,0.3261,0.32605,0.00009999999999998899,0.0003067484662576349
B-TIA_USDT,1789564230835,0.326,0.3261,0.32605,0.00009999999999998899,0.0003067484662576349
B-TIA_USDT,1789564233267,0.3259,0.326,0.32595,0.00009999999999998899,0.0003068425897514237
B-TIA_USDT,1789564235790,0.3259,0.326,0.32595,0.00009999999999998899,0.0003068425897514237
B-TIA_USDT,1789564238349,0.3261,0.3262,0.32615,0.00009999999999998899,0.0003066544004906133
B-TIA_USDT,1789564240909,0.3261,0.3262,0.32615,0.00009999999999998899,0.0003066544004906133
B-TIA_USDT,1789564243411,0.3261,0.3262,0.32615,0.00009999999999998899,0.0003066544004906133
B-TIA_USDT,1789564245876,0.3261,0.3262,0.32615,0.00009999999999998899,0.0003066544004906133
B-TIA_USDT,1789564248317,0.326,0.3261,0.32605,0.00009999999999998899,0.0003067484662576349
B-TIA_USDT,1789564250772,0.326,0.3261,0.32605,0.00009999999999998899,0.0003067484662576349
B-TIA_USDT,1789564253239,0.326,0.3261,0.32605,0.00009999999999998899,0.0003067484662576349
B-TIA_USDT,1789564255731,0.326,0.3261,0.32605,0.00009999999999998899,0.0003067484662576349
B-TIA_USDT,1789564258154,0.326,0.3261,0.32605,0.00009999999999998899,0.0003067484662576349
B-TIA_USDT,1789564260584,0.326,0.3261,0.32605,0.00009999999999998899,0.0003067484662576349
B-TIA_USDT,1789564263005,0.326,0.3261,0.32605,0.00009999999999998899,0.0003067484662576349
B-TIA_USDT,1789564265509,0.3261,0.3262,0.32615,0.00009999999999998899,0.0003066544004906133
B-TIA_USDT,1789564268047,0.3263,0.3264,0.32635000000000003,0.0001000000000000445,0.00030646644192474563
B-TIA_USDT,1789564270541,0.3263,0.3264,0.32635000000000003,0.0001000000000000445,0.00030646644192474563
B-TIA_USDT,1789564273004,0.3263,0.3264,0.32635000000000003,0.0001000000000000445,0.00030646644192474563
B-TIA_USDT,1789564275500,0.3262,0.3263,0.32625,0.00009999999999998899,0.00030656039239726853
B-TIA_USDT,1789564277941,0.3262,0.3263,0.32625,0.00009999999999998899,0.00030656039239726853
B-TIA_USDT,1789564280356,0.3262,0.3263,0.32625,0.00009999999999998899,0.00030656039239726853
B-TIA_USDT,1789564282821,0.3262,0.3263,0.32625,0.00009999999999998899,0.00030656039239726853
B-TIA_USDT,1789564285345,0.3262,0.3263,0.32625,0.00009999999999998899,0.00030656039239726853
B-TIA_USDT,1789564287810,0.3262,0.3263,0.32625,0.00009999999999998899,0.00030656039239726853
B-TIA_USDT,1789564290279,0.3262,0.3263,0.32625,0.00009999999999998899,0.00030656039239726853
B-TIA_USDT,1789564292755,0.3261,0.3262,0.32615,0.00009999999999998899,0.0003066544004906133
B-TIA_USDT,1789564295257,0.3261,0.3262,0.32615,0.00009999999999998899,0.0003066544004906133
B-TIA_USDT,1789564297677,0.3261,0.3262,0.32615,0.00009999999999998899,0.0003066544004906133
B-TIA_USDT,1789564300090,0.3261,0.3262,0.32615,0.00009999999999998899,0.0003066544004906133
B-TIA_USDT,1789564302505,0.3262,0.3263,0.32625,0.00009999999999998899,0.00030656039239726853
B-TIA_USDT,1789564304938,0.3263,0.3264,0.32635000000000003,0.0001000000000000445,0.00030646644192474563
B-TIA_USDT,1789564307373,0.3263,0.3264,0.32635000000000003,0.0001000000000000445,0.00030646644192474563
B-TIA_USDT,1789564309814,0.3263,0.3264,0.32635000000000003,0.0001000000000000445,0.00030646644192474563
B-TIA_USDT,1789564312298,0.3264,0.3265,0.32645,0.00009999999999998899,0.00030637254901957407
B-TIA_USDT,1789564314782,0.3264,0.3265,0.32645,0.00009999999999998899,0.00030637254901957407
B-TIA_USDT,1789564317245,0.3264,0.3265,0.32645,0.00009999999999998899,0.00030637254901957407
B-TIA_USDT,1789564319669,0.3264,0.3265,0.32645,0.00009999999999998899,0.00030637254901957407
B-TIA_USDT,1789564322082,0.3263,0.3264,0.32635000000000003,0.0001000000000000445,0.00030646644192474563
B-TIA_USDT,1789564324781,0.3263,0.3264,0.32635000000000003,0.0001000000000000445,0.00030646644192474563
B-TIA_USDT,1789564327205,0.3262,0.3263,0.32625,0.00009999999999998899,0.00030656039239726853
B-TIA_USDT,1789564329654,0.3261,0.3262,0.32615,0.00009999999999998899,0.0003066544004906133
B-TIA_USDT,1789564332201,0.3261,0.3262,0.32615,0.00009999999999998899,0.0003066544004906133
B-TIA_USDT,1789564334663,0.3261,0.3262,0.32615,0.00009999999999998899,0.0003066544004906133
B-TIA_USDT,1789564337215,0.3261,0.3262,0.32615,0.00009999999999998899,0.0003066544004906133
B-TIA_USDT,1789564339875,0.326,0.3261,0.32605,0.00009999999999998899,0.0003067484662576349
B-TIA_USDT,1789564342343,0.326,0.3261,0.32605,0.00009999999999998899,0.0003067484662576349
B-TIA_USDT,1789564344842,0.3261,0.3262,0.32615,0.00009999999999998899,0.0003066544004906133
B-TIA_USDT,1789564347542,0.3261,0.3262,0.32615,0.00009999999999998899,0.0003066544004906133
B-TIA_USDT,1789564349958,0.3261,0.3262,0.32615,0.00009999999999998899,0.0003066544004906133
B-TIA_USDT,1789564352394,0.3261,0.3262,0.32615,0.00009999999999998899,0.0003066544004906133
B-TIA_USDT,1789564354842,0.3261,0.3262,0.32615,0.00009999999999998899,0.0003066544004906133
B-TIA_USDT,1789564357298,0.3261,0.3262,0.32615,0.00009999999999998899,0.0003066544004906133
B-TIA_USDT,1789564359708,0.3261,0.3262,0.32615,0.00009999999999998899,0.0003066544004906133
B-TIA_USDT,1789564362165,0.3261,0.3262,0.32615,0.00009999999999998899,0.0003066544004906133
B-TIA_USDT,1789564364575,0.3261,0.3262,0.32615,0.00009999999999998899,0.0003066544004906133
B-TIA_USDT,1789564366996,0.3261,0.3262,0.32615,0.00009999999999998899,0.0003066544004906133
B-TIA_USDT,1789564369458,0.3261,0.3262,0.32615,0.00009999999999998899,0.0003066544004906133
B-TIA_USDT,1789564371919,0.3261,0.3262,0.32615,0.00009999999999998899,0.0003066544004906133
B-TIA_USDT,1789564374374,0.3261,0.3262,0.32615,0.00009999999999998899,0.0003066544004906133
B-TIA_USDT,1789564376831,0.3261,0.3262,0.32615,0.00009999999999998899,0.0003066544004906133
B-TIA_USDT,1789564379275,0.3262,0.3263,0.32625,0.00009999999999998899,0.00030656039239726853
B-TIA_USDT,1789564381731,0.3263,0.3264,0.32635000000000003,0.0001000000000000445,0.00030646644192474563
B-TIA_USDT,1789564384165,0.3265,0.3266,0.32655,0.00009999999999998899,0.00030627871362936903
B-TIA_USDT,1789564386681,0.3267,0.3268,0.32675,0.00009999999999998899,0.00030609121518209055
B-TIA_USDT,1789564389253,0.3267,0.3268,0.32675,0.00009999999999998899,0.00030609121518209055
B-TIA_USDT,1789564391703,0.3267,0.3268,0.32675,0.00009999999999998899,0.00030609121518209055
B-TIA_USDT,1789564394237,0.3267,0.3268,0.32675,0.00009999999999998899,0.00030609121518209055
B-TIA_USDT,1789564396679,0.3268,0.3269,0.32685,0.0001000000000000445,0.00030599755201972005
B-TIA_USDT,1789564399158,0.3268,0.3269,0.32685,0.0001000000000000445,0.00030599755201972005
B-TIA_USDT,1789564401615,0.3268,0.3269,0.32685,0.0001000000000000445,0.00030599755201972005
B-TIA_USDT,1789564404074,0.3268,0.3269,0.32685,0.0001000000000000445,0.00030599755201972005
B-TIA_USDT,1789564406549,0.3268,0.3269,0.32685,0.0001000000000000445,0.00030599755201972005
B-TIA_USDT,1789564409005,0.3269,0.327,0.32695,0.00009999999999998899,0.00030590394616087177
B-TIA_USDT,1789564411502,0.3269,0.327,0.32695,0.00009999999999998899,0.00030590394616087177
B-TIA_USDT,1789564413917,0.3271,0.3272,0.32715,0.00009999999999998899,0.00030571690614487613
B-TIA_USDT,1789564416359,0.3271,0.3272,0.32715,0.00009999999999998899,0.00030571690614487613
B-TIA_USDT,1789564418802,0.3271,0.3272,0.32715,0.00009999999999998899,0.00030571690614487613
B-TIA_USDT,1789564421292,0.3272,0.3273,0.32725,0.00009999999999998899,0.0003056234718826069
B-TIA_USDT,1789564423789,0.3273,0.3274,0.32735000000000003,0.0001000000000000445,0.0003055300947144653
B-TIA_USDT,1789564426207,0.3273,0.3274,0.32735000000000003,0.0001000000000000445,0.0003055300947144653
B-TIA_USDT,1789564428629,0.3273,0.3274,0.32735000000000003,0.0001000000000000445,0.0003055300947144653
B-TIA_USDT,1789564431064,0.3274,0.3275,0.32745,0.00009999999999998899,0.0003054367745876267
B-TIA_USDT,1789564433512,0.3274,0.3275,0.32745,0.00009999999999998899,0.0003054367745876267
B-TIA_USDT,1789564435957,0.3274,0.3275,0.32745,0.00009999999999998899,0.0003054367745876267
B-TIA_USDT,1789564438407,0.3274,0.3275,0.32745,0.00009999999999998899,0.0003054367745876267
B-TIA_USDT,1789564440821,0.3274,0.3275,0.32745,0.00009999999999998899,0.0003054367745876267
B-TIA_USDT,1789564443250,0.3274,0.3275,0.32745,0.00009999999999998899,0.0003054367745876267
B-TIA_USDT,1789564445685,0.3275,0.3276,0.32755,0.00009999999999998899,0.000305343511450348
B-TIA_USDT,1789564448096,0.3276,0.3277,0.32765,0.00009999999999998899,0.00030525030525027164
B-TIA_USDT,1789564450526,0.3276,0.3277,0.32765,0.00009999999999998899,0.00030525030525027164
B-TIA_USDT,1789564452995,0.3277,0.3278,0.32775,0.00009999999999998899,0.00030515715593527307
B-TIA_USDT,1789564455480,0.3277,0.3278,0.32775,0.00009999999999998899,0.00030515715593527307
B-TIA_USDT,1789564458473,0.3277,0.3278,0.32775,0.00009999999999998899,0.00030515715593527307
B-TIA_USDT,1789564460947,0.3277,0.3278,0.32775,0.00009999999999998899,0.00030515715593527307
B-TIA_USDT,1789564463469,0.3278,0.3279,0.32785,0.0001000000000000445,0.000305064063453461
B-TIA_USDT,1789564465891,0.3278,0.3279,0.32785,0.0001000000000000445,0.000305064063453461
B-TIA_USDT,1789564468327,0.3278,0.3279,0.32785,0.0001000000000000445,0.000305064063453461
B-TIA_USDT,1789564470754,0.3278,0.3279,0.32785,0.0001000000000000445,0.000305064063453461
B-TIA_USDT,1789564473187,0.3278,0.3279,0.32785,0.0001000000000000445,0.000305064063453461
B-TIA_USDT,1789564475635,0.3279,0.328,0.32795,0.00009999999999998899,0.0003049710277523299
B-TIA_USDT,1789564478109,0.3278,0.3279,0.32785,0.0001000000000000445,0.000305064063453461
B-TIA_USDT,1789564480587,0.3278,0.3279,0.32785,0.0001000000000000445,0.000305064063453461
B-TIA_USDT,1789564483107,0.3278,0.3279,0.32785,0.0001000000000000445,0.000305064063453461
B-TIA_USDT,1789564485547,0.328,0.3281,0.32805,0.00009999999999998899,0.0003048780487804542
B-TIA_USDT,1789564487967,0.328,0.3281,0.32805,0.00009999999999998899,0.0003048780487804542
B-TIA_USDT,1789564490385,0.328,0.3281,0.32805,0.00009999999999998899,0.0003048780487804542
B-TIA_USDT,1789564492787,0.3281,0.3282,0.32815,0.00009999999999998899,0.0003047851264857939
B-TIA_USDT,1789564495232,0.3282,0.3283,0.32825,0.00009999999999998899,0.0003046922608165417
B-TIA_USDT,1789564497673,0.3282,0.3283,0.32825,0.00009999999999998899,0.0003046922608165417
B-TIA_USDT,1789564500134,0.3281,0.3282,0.32815,0.00009999999999998899,0.0003047851264857939
B-TIA_USDT,1789564502579,0.3281,0.3282,0.32815,0.00009999999999998899,0.0003047851264857939
B-TIA_USDT,1789564505059,0.3281,0.3282,0.32815,0.00009999999999998899,0.0003047851264857939
B-TIA_USDT,1789564507516,0.3281,0.3282,0.32815,0.00009999999999998899,0.0003047851264857939
B-TIA_USDT,1789564509965,0.328,0.3281,0.32805,0.00009999999999998899,0.0003048780487804542
B-TIA_USDT,1789564512432,0.328,0.3281,0.32805,0.00009999999999998899,0.0003048780487804542
B-TIA_USDT,1789564514896,0.3279,0.328,0.32795,0.00009999999999998899,0.0003049710277523299
B-TIA_USDT,1789564517359,0.3279,0.328,0.32795,0.00009999999999998899,0.0003049710277523299
B-TIA_USDT,1789564519808,0.3281,0.3282,0.32815,0.00009999999999998899,0.0003047851264857939
B-TIA_USDT,1789564522328,0.3281,0.3282,0.32815,0.00009999999999998899,0.0003047851264857939
B-TIA_USDT,1789564524785,0.3281,0.3282,0.32815,0.00009999999999998899,0.0003047851264857939
B-TIA_USDT,1789564527277,0.328,0.3281,0.32805,0.00009999999999998899,0.0003048780487804542
B-TIA_USDT,1789564529748,0.328,0.3281,0.32805,0.00009999999999998899,0.0003048780487804542
B-TIA_USDT,1789564532266,0.328,0.3281,0.32805,0.00009999999999998899,0.0003048780487804542
B-TIA_USDT,1789564534802,0.3281,0.3282,0.32815,0.00009999999999998899,0.0003047851264857939
B-TIA_USDT,1789564537311,0.3281,0.3282,0.32815,0.00009999999999998899,0.0003047851264857939
B-TIA_USDT,1789564539989,0.3282,0.3283,0.32825,0.00009999999999998899,0.0003046922608165417
B-TIA_USDT,1789564542468,0.3282,0.3283,0.32825,0.00009999999999998899,0.0003046922608165417
B-TIA_USDT,1789564545008,0.3282,0.3283,0.32825,0.00009999999999998899,0.0003046922608165417
B-TIA_USDT,1789564547515,0.3283,0.3284,0.32835000000000003,0.0001000000000000445,0.00030459945172112244
B-TIA_USDT,1789564550073,0.3285,0.3286,0.32855,0.00009999999999998899,0.0003044140030441065
B-TIA_USDT,1789564552548,0.3285,0.3286,0.32855,0.00009999999999998899,0.0003044140030441065
B-TIA_USDT,1789564554985,0.3286,0.3287,0.32865,0.00009999999999998899,0.00030432136335967436
B-TIA_USDT,1789564557461,0.3286,0.3287,0.32865,0.00009999999999998899,0.00030432136335967436
B-TIA_USDT,1789564559992,0.3287,0.3288,0.32875,0.00009999999999998899,0.0003042287800425585
B-TIA_USDT,1789564562501,0.3289,0.329,0.32895,0.00009999999999998899,0.00030404378230461837
B-TIA_USDT,1789564565164,0.3288,0.3289,0.32885,0.0001000000000000445,0.0003041362530414979
B-TIA_USDT,1789564567610,0.3288,0.3289,0.32885,0.0001000000000000445,0.0003041362530414979
B-TIA_USDT,1789564570031,0.3288,0.3289,0.32885,0.0001000000000000445,0.0003041362530414979
B-TIA_USDT,1789564572538,0.3288,0.3289,0.32885,0.0001000000000000445,0.0003041362530414979
B-TIA_USDT,1789564574981,0.3288,0.3289,0.32885,0.0001000000000000445,0.0003041362530414979
B-TIA_USDT,1789564577419,0.3288,0.3289,0.32885,0.0001000000000000445,0.0003041362530414979
B-TIA_USDT,1789564579832,0.3288,0.3289,0.32885,0.0001000000000000445,0.0003041362530414979
B-TIA_USDT,1789564582264,0.3289,0.329,0.32895,0.00009999999999998899,0.00030404378230461837
B-TIA_USDT,1789564584701,0.3289,0.329,0.32895,0.00009999999999998899,0.00030404378230461837
B-TIA_USDT,1789564587140,0.3289,0.329,0.32895,0.00009999999999998899,0.00030404378230461837
B-TIA_USDT,1789564589560,0.3288,0.3289,0.32885,0.0001000000000000445,0.0003041362530414979
B-TIA_USDT,1789564591983,0.3287,0.3288,0.32875,0.00009999999999998899,0.0003042287800425585
B-TIA_USDT,1789564594450,0.3286,0.3287,0.32865,0.00009999999999998899,0.00030432136335967436
B-TIA_USDT,1789564596896,0.3288,0.3289,0.32885,0.0001000000000000445,0.0003041362530414979
B-TIA_USDT,1789564599366,0.3288,0.3289,0.32885,0.0001000000000000445,0.0003041362530414979
B-TIA_USDT,1789564601802,0.3287,0.3288,0.32875,0.00009999999999998899,0.0003042287800425585
B-TIA_USDT,1789564604281,0.3286,0.3287,0.32865,0.00009999999999998899,0.00030432136335967436
B-TIA_USDT,1789564606765,0.3285,0.3286,0.32855,0.00009999999999998899,0.0003044140030441065
B-TIA_USDT,1789564609185,0.3285,0.3286,0.32855,0.00009999999999998899,0.0003044140030441065
B-TIA_USDT,1789564611625,0.3285,0.3286,0.32855,0.00009999999999998899,0.0003044140030441065
B-TIA_USDT,1789564614056,0.3285,0.3286,0.32855,0.00009999999999998899,0.0003044140030441065
B-TIA_USDT,1789564616518,0.3285,0.3286,0.32855,0.00009999999999998899,0.0003044140030441065
B-TIA_USDT,1789564618983,0.3286,0.3287,0.32865,0.00009999999999998899,0.00030432136335967436
B-TIA_USDT,1789564621421,0.3286,0.3287,0.32865,0.00009999999999998899,0.00030432136335967436
B-TIA_USDT,1789564623883,0.3286,0.3287,0.32865,0.00009999999999998899,0.00030432136335967436
B-TIA_USDT,1789564626340,0.3284,0.3285,0.32845,0.00009999999999998899,0.00030450669914734767
B-TIA_USDT,1789564628820,0.3283,0.3284,0.32835000000000003,0.0001000000000000445,0.00030459945172112244
B-TIA_USDT,1789564631254,0.3283,0.3284,0.32835000000000003,0.0001000000000000445,0.00030459945172112244
B-TIA_USDT,1789564633755,0.3283,0.3284,0.32835000000000003,0.0001000000000000445,0.00030459945172112244
B-TIA_USDT,1789564636275,0.3283,0.3284,0.32835000000000003,0.0001000000000000445,0.00030459945172112244
B-TIA_USDT,1789564638751,0.3282,0.3283,0.32825,0.00009999999999998899,0.0003046922608165417
B-TIA_USDT,1789564641186,0.3282,0.3283,0.32825,0.00009999999999998899,0.0003046922608165417
B-TIA_USDT,1789564643657,0.3282,0.3283,0.32825,0.00009999999999998899,0.0003046922608165417
B-TIA_USDT,1789564646168,0.3283,0.3284,0.32835000000000003,0.0001000000000000445,0.00030459945172112244
B-TIA_USDT,1789564648778,0.3283,0.3284,0.32835000000000003,0.0001000000000000445,0.00030459945172112244
B-TIA_USDT,1789564651203,0.3281,0.3282,0.32815,0.00009999999999998899,0.0003047851264857939
B-TIA_USDT,1789564653626,0.3281,0.3282,0.32815,0.00009999999999998899,0.0003047851264857939
B-TIA_USDT,1789564656072,0.3282,0.3283,0.32825,0.00009999999999998899,0.0003046922608165417
B-TIA_USDT,1789564658512,0.3283,0.3284,0.32835000000000003,0.0001000000000000445,0.00030459945172112244
B-TIA_USDT,1789564660990,0.3283,0.3284,0.32835000000000003,0.0001000000000000445,0.00030459945172112244
B-TIA_USDT,1789564663459,0.3283,0.3284,0.32835000000000003,0.0001000000000000445,0.00030459945172112244
B-TIA_USDT,1789564665938,0.3282,0.3283,0.32825,0.00009999999999998899,0.0003046922608165417
B-TIA_USDT,1789564668451,0.3282,0.3283,0.32825,0.00009999999999998899,0.0003046922608165417
B-TIA_USDT,1789564670993,0.3283,0.3284,0.32835000000000003,0.0001000000000000445,0.00030459945172112244
B-TIA_USDT,1789564673452,0.3283,0.3284,0.32835000000000003,0.0001000000000000445,0.00030459945172112244
B-TIA_USDT,1789564675904,0.3283,0.3284,0.32835000000000003,0.0001000000000000445,0.00030459945172112244
B-TIA_USDT,1789564678328,0.3284,0.3285,0.32845,0.00009999999999998899,0.00030450669914734767
B-TIA_USDT,1789564680781,0.3284,0.3285,0.32845,0.00009999999999998899,0.00030450669914734767
B-TIA_USDT,1789564683275,0.3283,0.3284,0.32835000000000003,0.0001000000000000445,0.00030459945172112244
B-TIA_USDT,1789564685737,0.3283,0.3284,0.32835000000000003,0.0001000000000000445,0.00030459945172112244
B-TIA_USDT,1789564688254,0.3283,0.3284,0.32835000000000003,0.0001000000000000445,0.00030459945172112244
B-TIA_USDT,1789564690985,0.3283,0.3284,0.32835000000000003,0.0001000000000000445,0.00030459945172112244
B-TIA_USDT,1789564693469,0.3284,0.3285,0.32845,0.00009999999999998899,0.00030450669914734767
B-TIA_USDT,1789564695939,0.3284,0.3285,0.32845,0.00009999999999998899,0.00030450669914734767
B-TIA_USDT,1789564698474,0.3285,0.3286,0.32855,0.00009999999999998899,0.0003044140030441065
B-TIA_USDT,1789564700927,0.3285,0.3286,0.32855,0.00009999999999998899,0.0003044140030441065
B-TIA_USDT,1789564703437,0.3288,0.3289,0.32885,0.0001000000000000445,0.0003041362530414979
B-TIA_USDT,1789564705883,0.3289,0.329,0.32895,0.00009999999999998899,0.00030404378230461837
B-TIA_USDT,1789564708296,0.3289,0.329,0.32895,0.00009999999999998899,0.00030404378230461837
B-TIA_USDT,1789564710796,0.3289,0.329,0.32895,0.00009999999999998899,0.00030404378230461837
B-TIA_USDT,1789564713318,0.3289,0.329,0.32895,0.00009999999999998899,0.00030404378230461837
B-TIA_USDT,1789564715837,0.3289,0.329,0.32895,0.00009999999999998899,0.00030404378230461837
B-TIA_USDT,1789564718332,0.3289,0.329,0.32895,0.00009999999999998899,0.00030404378230461837
B-TIA_USDT,1789564720806,0.3288,0.3289,0.32885,0.0001000000000000445,0.0003041362530414979
B-TIA_USDT,1789564723273,0.3288,0.3289,0.32885,0.0001000000000000445,0.0003041362530414979
B-TIA_USDT,1789564725732,0.3288,0.3289,0.32885,0.0001000000000000445,0.0003041362530414979
B-TIA_USDT,1789564728169,0.3288,0.3289,0.32885,0.0001000000000000445,0.0003041362530414979
B-TIA_USDT,1789564730634,0.3288,0.3289,0.32885,0.0001000000000000445,0.0003041362530414979
B-TIA_USDT,1789564733091,0.3288,0.3289,0.32885,0.0001000000000000445,0.0003041362530414979
B-TIA_USDT,1789564735526,0.3288,0.3289,0.32885,0.0001000000000000445,0.0003041362530414979
B-TIA_USDT,1789564738043,0.3288,0.3289,0.32885,0.0001000000000000445,0.0003041362530414979
B-TIA_USDT,1789564740484,0.3288,0.3289,0.32885,0.0001000000000000445,0.0003041362530414979
B-TIA_USDT,1789564742940,0.3288,0.3289,0.32885,0.0001000000000000445,0.0003041362530414979
B-TIA_USDT,1789564745401,0.3289,0.329,0.32895,0.00009999999999998899,0.00030404378230461837
B-TIA_USDT,1789564747844,0.3288,0.3289,0.32885,0.0001000000000000445,0.0003041362530414979
B-TIA_USDT,1789564750287,0.3283,0.3284,0.32835000000000003,0.0001000000000000445,0.00030459945172112244
B-TIA_USDT,1789564752758,0.3283,0.3284,0.32835000000000003,0.0001000000000000445,0.00030459945172112244
B-TIA_USDT,1789564755312,0.3282,0.3283,0.32825,0.00009999999999998899,0.0003046922608165417
B-TIA_USDT,1789564757741,0.3283,0.3284,0.32835000000000003,0.0001000000000000445,0.00030459945172112244
B-TIA_USDT,1789564760227,0.3283,0.3284,0.32835000000000003,0.0001000000000000445,0.00030459945172112244
B-TIA_USDT,1789564762725,0.3283,0.3284,0.32835000000000003,0.0001000000000000445,0.00030459945172112244
B-TIA_USDT,1789564765142,0.3283,0.3284,0.32835000000000003,0.0001000000000000445,0.00030459945172112244
B-TIA_USDT,1789564767867,0.3283,0.3284,0.32835000000000003,0.0001000000000000445,0.00030459945172112244
B-TIA_USDT,1789564770337,0.3283,0.3284,0.32835000000000003,0.0001000000000000445,0.00030459945172112244
B-TIA_USDT,1789564772782,0.3283,0.3284,0.32835000000000003,0.0001000000000000445,0.00030459945172112244
B-TIA_USDT,1789564775292,0.3282,0.3283,0.32825,0.00009999999999998899,0.0003046922608165417
B-TIA_USDT,1789564777823,0.3282,0.3283,0.32825,0.00009999999999998899,0.0003046922608165417
B-TIA_USDT,1789564780234,0.3282,0.3283,0.32825,0.00009999999999998899,0.0003046922608165417
B-TIA_USDT,1789564782654,0.3282,0.3283,0.32825,0.00009999999999998899,0.0003046922608165417
B-TIA_USDT,1789564785102,0.3282,0.3283,0.32825,0.00009999999999998899,0.0003046922608165417
B-TIA_USDT,1789564787572,0.3282,0.3283,0.32825,0.00009999999999998899,0.0003046922608165417
B-TIA_USDT,1789564790016,0.3282,0.3283,0.32825,0.00009999999999998899,0.0003046922608165417
B-TIA_USDT,1789564792447,0.3282,0.3283,0.32825,0.00009999999999998899,0.0003046922608165417
B-TIA_USDT,1789564794867,0.3282,0.3283,0.32825,0.00009999999999998899,0.0003046922608165417
B-TIA_USDT,1789564797315,0.3282,0.3283,0.32825,0.00009999999999998899,0.0003046922608165417
B-TIA_USDT,1789564799751,0.3282,0.3283,0.32825,0.00009999999999998899,0.0003046922608165417
B-TIA_USDT,1789564802210,0.3281,0.3282,0.32815,0.00009999999999998899,0.0003047851264857939
B-TIA_USDT,1789564804668,0.3278,0.3279,0.32785,0.0001000000000000445,0.000305064063453461
B-TIA_USDT,1789564807090,0.3278,0.3279,0.32785,0.0001000000000000445,0.000305064063453461
B-TIA_USDT,1789564809510,0.3278,0.3279,0.32785,0.0001000000000000445,0.000305064063453461
B-TIA_USDT,1789564811935,0.3278,0.3279,0.32785,0.0001000000000000445,0.000305064063453461
B-TIA_USDT,1789564814375,0.3277,0.3278,0.32775,0.00009999999999998899,0.00030515715593527307
B-TIA_USDT,1789564816800,0.3277,0.3278,0.32775,0.00009999999999998899,0.00030515715593527307
B-TIA_USDT,1789564819251,0.3277,0.3278,0.32775,0.00009999999999998899,0.00030515715593527307
B-TIA_USDT,1789564821762,0.3277,0.3278,0.32775,0.00009999999999998899,0.00030515715593527307
B-TIA_USDT,1789564824334,0.3277,0.3278,0.32775,0.00009999999999998899,0.00030515715593527307
B-TIA_USDT,1789564826994,0.3276,0.3277,0.32765,0.00009999999999998899,0.00030525030525027164
B-TIA_USDT,1789564829520,0.3277,0.3278,0.32775,0.00009999999999998899,0.00030515715593527307
B-TIA_USDT,1789564832054,0.3278,0.3279,0.32785,0.0001000000000000445,0.000305064063453461
B-TIA_USDT,1789564834708,0.3278,0.3279,0.32785,0.0001000000000000445,0.000305064063453461
B-TIA_USDT,1789564837276,0.3278,0.3279,0.32785,0.0001000000000000445,0.000305064063453461
B-TIA_USDT,1789564839818,0.3278,0.3279,0.32785,0.0001000000000000445,0.000305064063453461
B-TIA_USDT,1789564842293,0.3279,0.328,0.32795,0.00009999999999998899,0.0003049710277523299
B-TIA_USDT,1789564844744,0.3278,0.3279,0.32785,0.0001000000000000445,0.000305064063453461
B-TIA_USDT,1789564847210,0.3278,0.3279,0.32785,0.0001000000000000445,0.000305064063453461
B-TIA_USDT,1789564849649,0.3278,0.3279,0.32785,0.0001000000000000445,0.000305064063453461
B-TIA_USDT,1789564852126,0.3279,0.328,0.32795,0.00009999999999998899,0.0003049710277523299
B-TIA_USDT,1789564854714,0.3279,0.328,0.32795,0.00009999999999998899,0.0003049710277523299
B-TIA_USDT,1789564857187,0.3279,0.328,0.32795,0.00009999999999998899,0.0003049710277523299
B-TIA_USDT,1789564859631,0.3279,0.328,0.32795,0.00009999999999998899,0.0003049710277523299
B-TIA_USDT,1789564862186,0.328,0.3281,0.32805,0.00009999999999998899,0.0003048780487804542
B-TIA_USDT,1789564864677,0.3282,0.3283,0.32825,0.00009999999999998899,0.0003046922608165417
B-TIA_USDT,1789564867120,0.3282,0.3283,0.32825,0.00009999999999998899,0.0003046922608165417
B-TIA_USDT,1789564869604,0.3282,0.3283,0.32825,0.00009999999999998899,0.0003046922608165417
B-TIA_USDT,1789564872031,0.3281,0.3282,0.32815,0.00009999999999998899,0.0003047851264857939
B-TIA_USDT,1789564874503,0.3281,0.3282,0.32815,0.00009999999999998899,0.0003047851264857939
B-TIA_USDT,1789564876982,0.3282,0.3283,0.32825,0.00009999999999998899,0.0003046922608165417
B-TIA_USDT,1789564879465,0.3282,0.3283,0.32825,0.00009999999999998899,0.0003046922608165417
B-TIA_USDT,1789564881964,0.3283,0.3284,0.32835000000000003,0.0001000000000000445,0.00030459945172112244
B-TIA_USDT,1789564884461,0.3283,0.3284,0.32835000000000003,0.0001000000000000445,0.00030459945172112244
B-TIA_USDT,1789564886935,0.3283,0.3284,0.32835000000000003,0.0001000000000000445,0.00030459945172112244
B-TIA_USDT,1789564889378,0.3283,0.3284,0.32835000000000003,0.0001000000000000445,0.00030459945172112244
B-TIA_USDT,1789564891855,0.3283,0.3284,0.32835000000000003,0.0001000000000000445,0.00030459945172112244
B-TIA_USDT,1789564894388,0.3284,0.3285,0.32845,0.00009999999999998899,0.00030450669914734767
B-TIA_USDT,1789564896863,0.3286,0.3287,0.32865,0.00009999999999998899,0.00030432136335967436
B-TIA_USDT,1789564899427,0.3285,0.3286,0.32855,0.00009999999999998899,0.0003044140030441065
B-TIA_USDT,1789564901866,0.3284,0.3285,0.32845,0.00009999999999998899,0.00030450669914734767
B-TIA_USDT,1789564904288,0.3284,0.3285,0.32845,0.00009999999999998899,0.00030450669914734767
B-TIA_USDT,1789564906748,0.3283,0.3284,0.32835000000000003,0.0001000000000000445,0.00030459945172112244
B-TIA_USDT,1789564909211,0.3283,0.3284,0.32835000000000003,0.0001000000000000445,0.00030459945172112244
B-TIA_USDT,1789564911744,0.3283,0.3284,0.32835000000000003,0.0001000000000000445,0.00030459945172112244
B-TIA_USDT,1789564914222,0.3283,0.3284,0.32835000000000003,0.0001000000000000445,0.00030459945172112244
B-TIA_USDT,1789564916708,0.3284,0.3285,0.32845,0.00009999999999998899,0.00030450669914734767
B-TIA_USDT,1789564919145,0.3284,0.3285,0.32845,0.00009999999999998899,0.00030450669914734767
B-TIA_USDT,1789564921594,0.3284,0.3285,0.32845,0.00009999999999998899,0.00030450669914734767
B-TIA_USDT,1789564924033,0.3286,0.3287,0.32865,0.00009999999999998899,0.00030432136335967436
B-TIA_USDT,1789564926485,0.3286,0.3287,0.32865,0.00009999999999998899,0.00030432136335967436
B-TIA_USDT,1789564928934,0.3286,0.3287,0.32865,0.00009999999999998899,0.00030432136335967436
B-TIA_USDT,1789564931403,0.3285,0.3286,0.32855,0.00009999999999998899,0.0003044140030441065
B-TIA_USDT,1789564933859,0.3285,0.3286,0.32855,0.00009999999999998899,0.0003044140030441065
B-TIA_USDT,1789564936315,0.3285,0.3286,0.32855,0.00009999999999998899,0.0003044140030441065
B-TIA_USDT,1789564938824,0.3285,0.3286,0.32855,0.00009999999999998899,0.0003044140030441065
B-TIA_USDT,1789564941300,0.3285,0.3286,0.32855,0.00009999999999998899,0.0003044140030441065
B-TIA_USDT,1789564943730,0.3284,0.3285,0.32845,0.00009999999999998899,0.00030450669914734767
B-TIA_USDT,1789564946173,0.3284,0.3285,0.32845,0.00009999999999998899,0.00030450669914734767
B-TIA_USDT,1789564948608,0.3284,0.3285,0.32845,0.00009999999999998899,0.00030450669914734767
B-TIA_USDT,1789564951043,0.3284,0.3285,0.32845,0.00009999999999998899,0.00030450669914734767
B-TIA_USDT,1789564953476,0.3284,0.3285,0.32845,0.00009999999999998899,0.00030450669914734767
B-TIA_USDT,1789564955899,0.3284,0.3285,0.32845,0.00009999999999998899,0.00030450669914734767
B-TIA_USDT,1789564958341,0.3283,0.3284,0.32835000000000003,0.0001000000000000445,0.00030459945172112244
B-TIA_USDT,1789564960754,0.3283,0.3284,0.32835000000000003,0.0001000000000000445,0.00030459945172112244
B-TIA_USDT,1789564963243,0.3284,0.3285,0.32845,0.00009999999999998899,0.00030450669914734767
B-TIA_USDT,1789564965687,0.3284,0.3285,0.32845,0.00009999999999998899,0.00030450669914734767
B-TIA_USDT,1789564968113,0.3285,0.3286,0.32855,0.00009999999999998899,0.0003044140030441065
B-TIA_USDT,1789564970553,0.3285,0.3286,0.32855,0.00009999999999998899,0.0003044140030441065
B-TIA_USDT,1789564972980,0.3285,0.3286,0.32855,0.00009999999999998899,0.0003044140030441065
B-TIA_USDT,1789564975426,0.3285,0.3286,0.32855,0.00009999999999998899,0.0003044140030441065
B-TIA_USDT,1789564977917,0.3284,0.3285,0.32845,0.00009999999999998899,0.00030450669914734767
B-TIA_USDT,1789564980389,0.3282,0.3283,0.32825,0.00009999999999998899,0.0003046922608165417
B-TIA_USDT,1789564982851,0.3282,0.3283,0.32825,0.00009999999999998899,0.0003046922608165417
B-TIA_USDT,1789564985350,0.3282,0.3283,0.32825,0.00009999999999998899,0.0003046922608165417
B-TIA_USDT,1789564987876,0.3282,0.3283,0.32825,0.00009999999999998899,0.0003046922608165417
B-TIA_USDT,1789564990459,0.328,0.3281,0.32805,0.00009999999999998899,0.0003048780487804542
B-TIA_USDT,1789564992926,0.3279,0.328,0.32795,0.00009999999999998899,0.0003049710277523299
B-TIA_USDT,1789564995403,0.3279,0.328,0.32795,0.00009999999999998899,0.0003049710277523299
B-TIA_USDT,1789564997897,0.3279,0.328,0.32795,0.00009999999999998899,0.0003049710277523299
B-TIA_USDT,1789565000360,0.3279,0.328,0.32795,0.00009999999999998899,0.0003049710277523299
B-TIA_USDT,1789565002796,0.3279,0.328,0.32795,0.00009999999999998899,0.0003049710277523299
B-TIA_USDT,1789565005253,0.3278,0.3279,0.32785,0.0001000000000000445,0.000305064063453461
B-TIA_USDT,1789565007998,0.3278,0.3279,0.32785,0.0001000000000000445,0.000305064063453461
B-TIA_USDT,1789565010486,0.328,0.3281,0.32805,0.00009999999999998899,0.0003048780487804542
B-TIA_USDT,1789565012963,0.328,0.3281,0.32805,0.00009999999999998899,0.0003048780487804542
B-TIA_USDT,1789565015488,0.3279,0.328,0.32795,0.00009999999999998899,0.0003049710277523299
B-TIA_USDT,1789565018056,0.3278,0.3279,0.32785,0.0001000000000000445,0.000305064063453461
B-TIA_USDT,1789565020654,0.3278,0.3279,0.32785,0.0001000000000000445,0.000305064063453461
B-TIA_USDT,1789565023183,0.3278,0.3279,0.32785,0.0001000000000000445,0.000305064063453461
B-TIA_USDT,1789565026062,0.3279,0.328,0.32795,0.00009999999999998899,0.0003049710277523299
B-TIA_USDT,1789565028859,0.3279,0.328,0.32795,0.00009999999999998899,0.0003049710277523299
B-TIA_USDT,1789565031685,0.3278,0.3279,0.32785,0.0001000000000000445,0.000305064063453461
B-TIA_USDT,1789565034188,0.3278,0.3279,0.32785,0.0001000000000000445,0.000305064063453461
B-TIA_USDT,1789565036628,0.3278,0.3279,0.32785,0.0001000000000000445,0.000305064063453461
B-TIA_USDT,1789565039072,0.3279,0.328,0.32795,0.00009999999999998899,0.0003049710277523299
B-TIA_USDT,1789565041544,0.3279,0.328,0.32795,0.00009999999999998899,0.0003049710277523299
B-TIA_USDT,1789565044018,0.3279,0.328,0.32795,0.00009999999999998899,0.0003049710277523299
B-TIA_USDT,1789565046490,0.3279,0.328,0.32795,0.00009999999999998899,0.0003049710277523299
B-TIA_USDT,1789565048938,0.3278,0.3279,0.32785,0.0001000000000000445,0.000305064063453461
B-TIA_USDT,1789565051372,0.3278,0.3279,0.32785,0.0001000000000000445,0.000305064063453461
B-TIA_USDT,1789565053829,0.3278,0.3279,0.32785,0.0001000000000000445,0.000305064063453461
B-TIA_USDT,1789565056278,0.3278,0.3279,0.32785,0.0001000000000000445,0.000305064063453461
B-TIA_USDT,1789565058729,0.3278,0.3279,0.32785,0.0001000000000000445,0.000305064063453461
B-TIA_USDT,1789565061225,0.3278,0.3279,0.32785,0.0001000000000000445,0.000305064063453461
B-TIA_USDT,1789565063684,0.3278,0.3279,0.32785,0.0001000000000000445,0.000305064063453461
B-TIA_USDT,1789565066252,0.3279,0.328,0.32795,0.00009999999999998899,0.0003049710277523299
B-TIA_USDT,1789565068722,0.3279,0.328,0.32795,0.00009999999999998899,0.0003049710277523299
B-TIA_USDT,1789565071187,0.3279,0.328,0.32795,0.00009999999999998899,0.0003049710277523299
B-TIA_USDT,1789565073636,0.3279,0.328,0.32795,0.00009999999999998899,0.0003049710277523299
B-TIA_USDT,1789565076165,0.3279,0.328,0.32795,0.00009999999999998899,0.0003049710277523299
B-TIA_USDT,1789565078611,0.3279,0.328,0.32795,0.00009999999999998899,0.0003049710277523299
B-TIA_USDT,1789565081071,0.3279,0.328,0.32795,0.00009999999999998899,0.0003049710277523299
B-TIA_USDT,1789565083579,0.328,0.3281,0.32805,0.00009999999999998899,0.0003048780487804542
B-TIA_USDT,1789565086088,0.3279,0.328,0.32795,0.00009999999999998899,0.0003049710277523299
B-TIA_USDT,1789565088537,0.3279,0.328,0.32795,0.00009999999999998899,0.0003049710277523299
B-TIA_USDT,1789565090986,0.3279,0.328,0.32795,0.00009999999999998899,0.0003049710277523299
B-TIA_USDT,1789565093474,0.3278,0.3279,0.32785,0.0001000000000000445,0.000305064063453461
B-TIA_USDT,1789565095911,0.3278,0.3279,0.32785,0.0001000000000000445,0.000305064063453461
B-TIA_USDT,1789565098416,0.3278,0.3279,0.32785,0.0001000000000000445,0.000305064063453461
B-TIA_USDT,1789565100896,0.3277,0.3278,0.32775,0.00009999999999998899,0.00030515715593527307
B-TIA_USDT,1789565103405,0.328,0.3281,0.32805,0.00009999999999998899,0.0003048780487804542
B-TIA_USDT,1789565105853,0.3278,0.3279,0.32785,0.0001000000000000445,0.000305064063453461
B-TIA_USDT,1789565108300,0.3277,0.3278,0.32775,0.00009999999999998899,0.00030515715593527307
B-TIA_USDT,1789565110764,0.3277,0.3278,0.32775,0.00009999999999998899,0.00030515715593527307
B-TIA_USDT,1789565113272,0.3277,0.3278,0.32775,0.00009999999999998899,0.00030515715593527307
B-TIA_USDT,1789565115805,0.3277,0.3278,0.32775,0.00009999999999998899,0.00030515715593527307
B-TIA_USDT,1789565118323,0.3277,0.3278,0.32775,0.00009999999999998899,0.00030515715593527307
B-TIA_USDT,1789565120814,0.3278,0.3279,0.32785,0.0001000000000000445,0.000305064063453461
B-TIA_USDT,1789565123280,0.3278,0.3279,0.32785,0.0001000000000000445,0.000305064063453461
B-TIA_USDT,1789565125720,0.3278,0.3279,0.32785,0.0001000000000000445,0.000305064063453461
B-TIA_USDT,1789565128155,0.3279,0.328,0.32795,0.00009999999999998899,0.0003049710277523299
B-TIA_USDT,1789565130626,0.3279,0.328,0.32795,0.00009999999999998899,0.0003049710277523299
B-TIA_USDT,1789565133100,0.3279,0.328,0.32795,0.00009999999999998899,0.0003049710277523299
B-TIA_USDT,1789565135596,0.3279,0.328,0.32795,0.00009999999999998899,0.0003049710277523299
B-TIA_USDT,1789565138049,0.3279,0.328,0.32795,0.00009999999999998899,0.0003049710277523299
B-TIA_USDT,1789565140495,0.3278,0.3279,0.32785,0.0001000000000000445,0.000305064063453461
B-TIA_USDT,1789565142946,0.328,0.3281,0.32805,0.00009999999999998899,0.0003048780487804542
B-TIA_USDT,1789565145453,0.3279,0.328,0.32795,0.00009999999999998899,0.0003049710277523299
B-TIA_USDT,1789565147938,0.3279,0.328,0.32795,0.00009999999999998899,0.0003049710277523299
B-TIA_USDT,1789565150375,0.328,0.3281,0.32805,0.00009999999999998899,0.0003048780487804542
B-TIA_USDT,1789565152804,0.3279,0.328,0.32795,0.00009999999999998899,0.0003049710277523299
B-TIA_USDT,1789565155320,0.3279,0.328,0.32795,0.00009999999999998899,0.0003049710277523299
B-TIA_USDT,1789565157822,0.328,0.3281,0.32805,0.00009999999999998899,0.0003048780487804542
B-TIA_USDT,1789565160255,0.328,0.3281,0.32805,0.00009999999999998899,0.0003048780487804542
B-TIA_USDT,1789565162757,0.3281,0.3282,0.32815,0.00009999999999998899,0.0003047851264857939
B-TIA_USDT,1789565165195,0.3282,0.3283,0.32825,0.00009999999999998899,0.0003046922608165417
B-TIA_USDT,1789565167607,0.3283,0.3284,0.32835000000000003,0.0001000000000000445,0.00030459945172112244
B-TIA_USDT,1789565170061,0.3284,0.3285,0.32845,0.00009999999999998899,0.00030450669914734767
B-TIA_USDT,1789565172511,0.3284,0.3285,0.32845,0.00009999999999998899,0.00030450669914734767
B-TIA_USDT,1789565174926,0.3284,0.3285,0.32845,0.00009999999999998899,0.00030450669914734767
B-TIA_USDT,1789565177362,0.3285,0.3286,0.32855,0.00009999999999998899,0.0003044140030441065
B-TIA_USDT,1789565179813,0.3284,0.3285,0.32845,0.00009999999999998899,0.00030450669914734767
B-TIA_USDT,1789565182238,0.3284,0.3285,0.32845,0.00009999999999998899,0.00030450669914734767
B-TIA_USDT,1789565184712,0.3284,0.3285,0.32845,0.00009999999999998899,0.00030450669914734767
B-TIA_USDT,1789565187170,0.3284,0.3285,0.32845,0.00009999999999998899,0.00030450669914734767
B-TIA_USDT,1789565189591,0.3284,0.3285,0.32845,0.00009999999999998899,0.00030450669914734767
B-TIA_USDT,1789565192041,0.3284,0.3285,0.32845,0.00009999999999998899,0.00030450669914734767
B-TIA_USDT,1789565194468,0.3284,0.3285,0.32845,0.00009999999999998899,0.00030450669914734767
B-TIA_USDT,1789565196912,0.3284,0.3285,0.32845,0.00009999999999998899,0.00030450669914734767
B-TIA_USDT,1789565199370,0.3284,0.3285,0.32845,0.00009999999999998899,0.00030450669914734767
B-TIA_USDT,1789565201835,0.3282,0.3283,0.32825,0.00009999999999998899,0.0003046922608165417
B-TIA_USDT,1789565204322,0.3282,0.3283,0.32825,0.00009999999999998899,0.0003046922608165417
B-TIA_USDT,1789565206770,0.3282,0.3283,0.32825,0.00009999999999998899,0.0003046922608165417
B-TIA_USDT,1789565209228,0.3282,0.3283,0.32825,0.00009999999999998899,0.0003046922608165417
B-TIA_USDT,1789565211700,0.3282,0.3283,0.32825,0.00009999999999998899,0.0003046922608165417
B-TIA_USDT,1789565214178,0.3282,0.3283,0.32825,0.00009999999999998899,0.0003046922608165417
B-TIA_USDT,1789565216603,0.3282,0.3283,0.32825,0.00009999999999998899,0.0003046922608165417
B-TIA_USDT,1789565219052,0.3282,0.3283,0.32825,0.00009999999999998899,0.0003046922608165417
B-TIA_USDT,1789565221484,0.3281,0.3282,0.32815,0.00009999999999998899,0.0003047851264857939
B-TIA_USDT,1789565223984,0.3283,0.3284,0.32835000000000003,0.0001000000000000445,0.00030459945172112244
B-TIA_USDT,1789565226422,0.3283,0.3284,0.32835000000000003,0.0001000000000000445,0.00030459945172112244
B-TIA_USDT,1789565228871,0.3283,0.3284,0.32835000000000003,0.0001000000000000445,0.00030459945172112244
B-TIA_USDT,1789565231314,0.3283,0.3284,0.32835000000000003,0.0001000000000000445,0.00030459945172112244
B-TIA_USDT,1789565233762,0.3283,0.3284,0.32835000000000003,0.0001000000000000445,0.00030459945172112244
B-TIA_USDT,1789565236168,0.3284,0.3285,0.32845,0.00009999999999998899,0.00030450669914734767
B-TIA_USDT,1789565238638,0.3285,0.3286,0.32855,0.00009999999999998899,0.0003044140030441065
B-TIA_USDT,1789565241063,0.3284,0.3285,0.32845,0.00009999999999998899,0.00030450669914734767
B-TIA_USDT,1789565243518,0.3284,0.3285,0.32845,0.00009999999999998899,0.00030450669914734767
B-TIA_USDT,1789565245943,0.3284,0.3285,0.32845,0.00009999999999998899,0.00030450669914734767
B-TIA_USDT,1789565248385,0.3284,0.3285,0.32845,0.00009999999999998899,0.00030450669914734767
B-TIA_USDT,1789565250817,0.3284,0.3285,0.32845,0.00009999999999998899,0.00030450669914734767
B-TIA_USDT,1789565253236,0.3284,0.3285,0.32845,0.00009999999999998899,0.00030450669914734767
B-TIA_USDT,1789565255657,0.3283,0.3284,0.32835000000000003,0.0001000000000000445,0.00030459945172112244
B-TIA_USDT,1789565258106,0.3283,0.3284,0.32835000000000003,0.0001000000000000445,0.00030459945172112244
B-TIA_USDT,1789565260532,0.3283,0.3284,0.32835000000000003,0.0001000000000000445,0.00030459945172112244
B-TIA_USDT,1789565262960,0.3283,0.3284,0.32835000000000003,0.0001000000000000445,0.00030459945172112244
B-TIA_USDT,1789565265397,0.3282,0.3283,0.32825,0.00009999999999998899,0.0003046922608165417
B-TIA_USDT,1789565267850,0.3282,0.3283,0.32825,0.00009999999999998899,0.0003046922608165417
B-TIA_USDT,1789565270280,0.3283,0.3284,0.32835000000000003,0.0001000000000000445,0.00030459945172112244
B-TIA_USDT,1789565272705,0.3284,0.3285,0.32845,0.00009999999999998899,0.00030450669914734767
B-TIA_USDT,1789565275172,0.3285,0.3286,0.32855,0.00009999999999998899,0.0003044140030441065
B-TIA_USDT,1789565277934,0.3285,0.3286,0.32855,0.00009999999999998899,0.0003044140030441065
B-TIA_USDT,1789565280349,0.3284,0.3285,0.32845,0.00009999999999998899,0.00030450669914734767
B-TIA_USDT,1789565282780,0.3284,0.3285,0.32845,0.00009999999999998899,0.00030450669914734767
B-TIA_USDT,1789565285270,0.3283,0.3284,0.32835000000000003,0.0001000000000000445,0.00030459945172112244
B-TIA_USDT,1789565287750,0.3283,0.3284,0.32835000000000003,0.0001000000000000445,0.00030459945172112244
B-TIA_USDT,1789565290172,0.3283,0.3284,0.32835000000000003,0.0001000000000000445,0.00030459945172112244
B-TIA_USDT,1789565292630,0.3283,0.3284,0.32835000000000003,0.0001000000000000445,0.00030459945172112244
B-TIA_USDT,1789565295101,0.3283,0.3284,0.32835000000000003,0.0001000000000000445,0.00030459945172112244
B-TIA_USDT,1789565297653,0.3284,0.3285,0.32845,0.00009999999999998899,0.00030450669914734767
B-TIA_USDT,1789565300194,0.3284,0.3285,0.32845,0.00009999999999998899,0.00030450669914734767
B-TIA_USDT,1789565302692,0.3284,0.3285,0.32845,0.00009999999999998899,0.00030450669914734767
B-TIA_USDT,1789565305150,0.3284,0.3285,0.32845,0.00009999999999998899,0.00030450669914734767
B-TIA_USDT,1789565307630,0.3284,0.3285,0.32845,0.00009999999999998899,0.00030450669914734767
B-TIA_USDT,1789565310127,0.3284,0.3285,0.32845,0.00009999999999998899,0.00030450669914734767
B-TIA_USDT,1789565312635,0.3285,0.3286,0.32855,0.00009999999999998899,0.0003044140030441065
B-TIA_USDT,1789565315467,0.3285,0.3286,0.32855,0.00009999999999998899,0.0003044140030441065
B-TIA_USDT,1789565318196,0.3286,0.3287,0.32865,0.00009999999999998899,0.00030432136335967436
B-TIA_USDT,1789565321043,0.3286,0.3287,0.32865,0.00009999999999998899,0.00030432136335967436
B-TIA_USDT,1789565323506,0.3286,0.3287,0.32865,0.00009999999999998899,0.00030432136335967436
B-TIA_USDT,1789565325982,0.3285,0.3286,0.32855,0.00009999999999998899,0.0003044140030441065
B-TIA_USDT,1789565328438,0.3285,0.3286,0.32855,0.00009999999999998899,0.0003044140030441065
B-TIA_USDT,1789565330954,0.3285,0.3286,0.32855,0.00009999999999998899,0.0003044140030441065
B-TIA_USDT,1789565333791,0.3285,0.3286,0.32855,0.00009999999999998899,0.0003044140030441065
B-TIA_USDT,1789565336307,0.3285,0.3286,0.32855,0.00009999999999998899,0.0003044140030441065
B-TIA_USDT,1789565338845,0.3285,0.3286,0.32855,0.00009999999999998899,0.0003044140030441065
B-TIA_USDT,1789565341478,0.3284,0.3285,0.32845,0.00009999999999998899,0.00030450669914734767
B-TIA_USDT,1789565343946,0.3284,0.3285,0.32845,0.00009999999999998899,0.00030450669914734767
B-TIA_USDT,1789565346382,0.3284,0.3285,0.32845,0.00009999999999998899,0.00030450669914734767
B-TIA_USDT,1789565348845,0.3283,0.3284,0.32835000000000003,0.0001000000000000445,0.00030459945172112244
B-TIA_USDT,1789565351340,0.3283,0.3284,0.32835000000000003,0.0001000000000000445,0.00030459945172112244
B-TIA_USDT,1789565353853,0.3283,0.3284,0.32835000000000003,0.0001000000000000445,0.00030459945172112244
B-TIA_USDT,1789565356290,0.3281,0.3282,0.32815,0.00009999999999998899,0.0003047851264857939
B-TIA_USDT,1789565358727,0.3281,0.3282,0.32815,0.00009999999999998899,0.0003047851264857939
B-TIA_USDT,1789565361171,0.3281,0.3282,0.32815,0.00009999999999998899,0.0003047851264857939
B-TIA_USDT,1789565363625,0.3281,0.3282,0.32815,0.00009999999999998899,0.0003047851264857939
B-TIA_USDT,1789565366078,0.3281,0.3282,0.32815,0.00009999999999998899,0.0003047851264857939
B-TIA_USDT,1789565368519,0.3281,0.3282,0.32815,0.00009999999999998899,0.0003047851264857939
B-TIA_USDT,1789565370962,0.3281,0.3282,0.32815,0.00009999999999998899,0.0003047851264857939
B-TIA_USDT,1789565373384,0.3281,0.3282,0.32815,0.00009999999999998899,0.0003047851264857939
B-TIA_USDT,1789565375857,0.3281,0.3282,0.32815,0.00009999999999998899,0.0003047851264857939
B-TIA_USDT,1789565378340,0.3281,0.3282,0.32815,0.00009999999999998899,0.0003047851264857939
B-TIA_USDT,1789565380858,0.3281,0.3282,0.32815,0.00009999999999998899,0.0003047851264857939
B-TIA_USDT,1789565383289,0.3281,0.3282,0.32815,0.00009999999999998899,0.0003047851264857939
B-TIA_USDT,1789565385734,0.3281,0.3282,0.32815,0.00009999999999998899,0.0003047851264857939
B-TIA_USDT,1789565388204,0.3281,0.3282,0.32815,0.00009999999999998899,0.0003047851264857939
B-TIA_USDT,1789565390651,0.328,0.3281,0.32805,0.00009999999999998899,0.0003048780487804542
B-TIA_USDT,1789565393138,0.328,0.3281,0.32805,0.00009999999999998899,0.0003048780487804542
B-TIA_USDT,1789565395579,0.328,0.3281,0.32805,0.00009999999999998899,0.0003048780487804542
B-TIA_USDT,1789565398058,0.328,0.3281,0.32805,0.00009999999999998899,0.0003048780487804542
B-TIA_USDT,1789565400562,0.3279,0.328,0.32795,0.00009999999999998899,0.0003049710277523299
B-TIA_USDT,1789565403124,0.328,0.3281,0.32805,0.00009999999999998899,0.0003048780487804542
B-TIA_USDT,1789565405600,0.3283,0.3284,0.32835000000000003,0.0001000000000000445,0.00030459945172112244
B-TIA_USDT,1789565408075,0.3285,0.3286,0.32855,0.00009999999999998899,0.0003044140030441065
B-TIA_USDT,1789565410527,0.3285,0.3286,0.32855,0.00009999999999998899,0.0003044140030441065
B-TIA_USDT,1789565412967,0.3284,0.3285,0.32845,0.00009999999999998899,0.00030450669914734767
B-TIA_USDT,1789565415426,0.3285,0.3286,0.32855,0.00009999999999998899,0.0003044140030441065
B-TIA_USDT,1789565417888,0.3285,0.3286,0.32855,0.00009999999999998899,0.0003044140030441065
B-TIA_USDT,1789565420317,0.3285,0.3286,0.32855,0.00009999999999998899,0.0003044140030441065
B-TIA_USDT,1789565422796,0.3282,0.3283,0.32825,0.00009999999999998899,0.0003046922608165417
B-TIA_USDT,1789565425267,0.3281,0.3282,0.32815,0.00009999999999998899,0.0003047851264857939
B-TIA_USDT,1789565427748,0.328,0.3281,0.32805,0.00009999999999998899,0.0003048780487804542
B-TIA_USDT,1789565430197,0.3281,0.3282,0.32815,0.00009999999999998899,0.0003047851264857939
B-TIA_USDT,1789565432623,0.3282,0.3283,0.32825,0.00009999999999998899,0.0003046922608165417
B-TIA_USDT,1789565435046,0.3281,0.3282,0.32815,0.00009999999999998899,0.0003047851264857939
B-TIA_USDT,1789565437470,0.3281,0.3282,0.32815,0.00009999999999998899,0.0003047851264857939
B-TIA_USDT,1789565439892,0.3281,0.3282,0.32815,0.00009999999999998899,0.0003047851264857939
B-TIA_USDT,1789565442404,0.3282,0.3283,0.32825,0.00009999999999998899,0.0003046922608165417
B-TIA_USDT,1789565444844,0.3284,0.3285,0.32845,0.00009999999999998899,0.00030450669914734767
B-TIA_USDT,1789565447306,0.3281,0.3282,0.32815,0.00009999999999998899,0.0003047851264857939
B-TIA_USDT,1789565449752,0.3279,0.328,0.32795,0.00009999999999998899,0.0003049710277523299
B-TIA_USDT,1789565452168,0.328,0.3281,0.32805,0.00009999999999998899,0.0003048780487804542
B-TIA_USDT,1789565454617,0.3279,0.328,0.32795,0.00009999999999998899,0.0003049710277523299
B-TIA_USDT,1789565457057,0.3279,0.328,0.32795,0.00009999999999998899,0.0003049710277523299
B-TIA_USDT,1789565459521,0.3279,0.328,0.32795,0.00009999999999998899,0.0003049710277523299
B-TIA_USDT,1789565461952,0.3278,0.3279,0.32785,0.0001000000000000445,0.000305064063453461
B-TIA_USDT,1789565464470,0.3277,0.3278,0.32775,0.00009999999999998899,0.00030515715593527307
B-TIA_USDT,1789565466943,0.3278,0.3279,0.32785,0.0001000000000000445,0.000305064063453461
B-TIA_USDT,1789565469459,0.3282,0.3283,0.32825,0.00009999999999998899,0.0003046922608165417
B-TIA_USDT,1789565471929,0.3283,0.3284,0.32835000000000003,0.0001000000000000445,0.00030459945172112244
B-TIA_USDT,1789565474372,0.3286,0.3287,0.32865,0.00009999999999998899,0.00030432136335967436
B-TIA_USDT,1789565476859,0.3286,0.3287,0.32865,0.00009999999999998899,0.00030432136335967436
B-TIA_USDT,1789565479343,0.3287,0.3288,0.32875,0.00009999999999998899,0.0003042287800425585
B-TIA_USDT,1789565481845,0.3287,0.3288,0.32875,0.00009999999999998899,0.0003042287800425585
B-TIA_USDT,1789565484308,0.3286,0.3287,0.32865,0.00009999999999998899,0.00030432136335967436
B-TIA_USDT,1789565486842,0.3286,0.3287,0.32865,0.00009999999999998899,0.00030432136335967436
B-TIA_USDT,1789565489292,0.3287,0.3288,0.32875,0.00009999999999998899,0.0003042287800425585
B-TIA_USDT,1789565491989,0.3286,0.3287,0.32865,0.00009999999999998899,0.00030432136335967436
B-TIA_USDT,1789565494454,0.3285,0.3286,0.32855,0.00009999999999998899,0.0003044140030441065
B-TIA_USDT,1789565496878,0.3285,0.3286,0.32855,0.00009999999999998899,0.0003044140030441065
B-TIA_USDT,1789565499321,0.3281,0.3282,0.32815,0.00009999999999998899,0.0003047851264857939
B-TIA_USDT,1789565501757,0.3282,0.3283,0.32825,0.00009999999999998899,0.0003046922608165417
B-TIA_USDT,1789565504213,0.3282,0.3283,0.32825,0.00009999999999998899,0.0003046922608165417
B-TIA_USDT,1789565506657,0.3283,0.3284,0.32835000000000003,0.0001000000000000445,0.00030459945172112244
B-TIA_USDT,1789565509367,0.3284,0.3285,0.32845,0.00009999999999998899,0.00030450669914734767
B-TIA_USDT,1789565511803,0.3283,0.3284,0.32835000000000003,0.0001000000000000445,0.00030459945172112244
B-TIA_USDT,1789565514259,0.3284,0.3285,0.32845,0.00009999999999998899,0.00030450669914734767
B-TIA_USDT,1789565516685,0.3283,0.3284,0.32835000000000003,0.0001000000000000445,0.00030459945172112244
B-TIA_USDT,1789565519133,0.3283,0.3284,0.32835000000000003,0.0001000000000000445,0.00030459945172112244
B-TIA_USDT,1789565521583,0.3284,0.3285,0.32845,0.00009999999999998899,0.00030450669914734767
B-TIA_USDT,1789565524040,0.3286,0.3287,0.32865,0.00009999999999998899,0.00030432136335967436
B-TIA_USDT,1789565526469,0.3285,0.3286,0.32855,0.00009999999999998899,0.0003044140030441065
B-TIA_USDT,1789565528926,0.3283,0.3284,0.32835000000000003,0.0001000000000000445,0.00030459945172112244
B-TIA_USDT,1789565531368,0.3283,0.3284,0.32835000000000003,0.0001000000000000445,0.00030459945172112244
B-TIA_USDT,1789565533874,0.3282,0.3283,0.32825,0.00009999999999998899,0.0003046922608165417
B-TIA_USDT,1789565536356,0.3279,0.328,0.32795,0.00009999999999998899,0.0003049710277523299
B-TIA_USDT,1789565538846,0.3279,0.328,0.32795,0.00009999999999998899,0.0003049710277523299
B-TIA_USDT,1789565541308,0.328,0.3281,0.32805,0.00009999999999998899,0.0003048780487804542
B-TIA_USDT,1789565543777,0.328,0.3281,0.32805,0.00009999999999998899,0.0003048780487804542
B-TIA_USDT,1789565546207,0.328,0.3281,0.32805,0.00009999999999998899,0.0003048780487804542
B-TIA_USDT,1789565548720,0.3282,0.3283,0.32825,0.00009999999999998899,0.0003046922608165417
B-TIA_USDT,1789565551170,0.3283,0.3284,0.32835000000000003,0.0001000000000000445,0.00030459945172112244
B-TIA_USDT,1789565553630,0.3284,0.3285,0.32845,0.00009999999999998899,0.00030450669914734767
B-TIA_USDT,1789565556098,0.3282,0.3283,0.32825,0.00009999999999998899,0.0003046922608165417
B-TIA_USDT,1789565558545,0.3281,0.3282,0.32815,0.00009999999999998899,0.0003047851264857939
B-TIA_USDT,1789565560984,0.3281,0.3282,0.32815,0.00009999999999998899,0.0003047851264857939
B-TIA_USDT,1789565563445,0.3283,0.3284,0.32835000000000003,0.0001000000000000445,0.00030459945172112244
B-TIA_USDT,1789565565918,0.3283,0.3284,0.32835000000000003,0.0001000000000000445,0.00030459945172112244
B-TIA_USDT,1789565568402,0.3282,0.3283,0.32825,0.00009999999999998899,0.0003046922608165417
B-TIA_USDT,1789565570894,0.3282,0.3283,0.32825,0.00009999999999998899,0.0003046922608165417
B-TIA_USDT,1789565573349,0.3283,0.3284,0.32835000000000003,0.0001000000000000445,0.00030459945172112244
B-TIA_USDT,1789565575802,0.3284,0.3285,0.32845,0.00009999999999998899,0.00030450669914734767
B-TIA_USDT,1789565578229,0.3284,0.3285,0.32845,0.00009999999999998899,0.00030450669914734767
B-TIA_USDT,1789565580649,0.3284,0.3285,0.32845,0.00009999999999998899,0.00030450669914734767
B-TIA_USDT,1789565583057,0.3284,0.3285,0.32845,0.00009999999999998899,0.00030450669914734767
B-TIA_USDT,1789565585556,0.3284,0.3285,0.32845,0.00009999999999998899,0.00030450669914734767
B-TIA_USDT,1789565587997,0.3282,0.3283,0.32825,0.00009999999999998899,0.0003046922608165417
B-TIA_USDT,1789565590483,0.3282,0.3283,0.32825,0.00009999999999998899,0.0003046922608165417
B-TIA_USDT,1789565592985,0.3283,0.3284,0.32835000000000003,0.0001000000000000445,0.00030459945172112244
B-TIA_USDT,1789565595473,0.3282,0.3283,0.32825,0.00009999999999998899,0.0003046922608165417
B-TIA_USDT,1789565597934,0.3282,0.3283,0.32825,0.00009999999999998899,0.0003046922608165417
B-TIA_USDT,1789565600400,0.3286,0.3287,0.32865,0.00009999999999998899,0.00030432136335967436
B-TIA_USDT,1789565602860,0.3286,0.3287,0.32865,0.00009999999999998899,0.00030432136335967436
B-TIA_USDT,1789565605304,0.3284,0.3285,0.32845,0.00009999999999998899,0.00030450669914734767
B-TIA_USDT,1789565607721,0.3284,0.3285,0.32845,0.00009999999999998899,0.00030450669914734767
B-TIA_USDT,1789565610150,0.3285,0.3286,0.32855,0.00009999999999998899,0.0003044140030441065
B-TIA_USDT,1789565612590,0.3286,0.3287,0.32865,0.00009999999999998899,0.00030432136335967436
B-TIA_USDT,1789565615049,0.3287,0.3288,0.32875,0.00009999999999998899,0.0003042287800425585
B-TIA_USDT,1789565617524,0.3288,0.3289,0.32885,0.0001000000000000445,0.0003041362530414979
B-TIA_USDT,1789565619972,0.3288,0.3289,0.32885,0.0001000000000000445,0.0003041362530414979
B-TIA_USDT,1789565622382,0.3288,0.3289,0.32885,0.0001000000000000445,0.0003041362530414979
B-TIA_USDT,1789565624812,0.3287,0.3288,0.32875,0.00009999999999998899,0.0003042287800425585
B-TIA_USDT,1789565627232,0.3287,0.3288,0.32875,0.00009999999999998899,0.0003042287800425585
B-TIA_USDT,1789565629704,0.3286,0.3287,0.32865,0.00009999999999998899,0.00030432136335967436
B-TIA_USDT,1789565632156,0.3287,0.3288,0.32875,0.00009999999999998899,0.0003042287800425585
B-TIA_USDT,1789565634637,0.3287,0.3288,0.32875,0.00009999999999998899,0.0003042287800425585
B-TIA_USDT,1789565637111,0.3286,0.3287,0.32865,0.00009999999999998899,0.00030432136335967436
B-TIA_USDT,1789565639540,0.3284,0.3285,0.32845,0.00009999999999998899,0.00030450669914734767
B-TIA_USDT,1789565641970,0.3285,0.3286,0.32855,0.00009999999999998899,0.0003044140030441065
B-TIA_USDT,1789565644445,0.3284,0.3285,0.32845,0.00009999999999998899,0.00030450669914734767
B-TIA_USDT,1789565646911,0.3285,0.3286,0.32855,0.00009999999999998899,0.0003044140030441065
B-TIA_USDT,1789565649376,0.3285,0.3286,0.32855,0.00009999999999998899,0.0003044140030441065
B-TIA_USDT,1789565651860,0.3283,0.3284,0.32835000000000003,0.0001000000000000445,0.00030459945172112244
B-TIA_USDT,1789565654375,0.3283,0.3284,0.32835000000000003,0.0001000000000000445,0.00030459945172112244
B-TIA_USDT,1789565656827,0.3283,0.3284,0.32835000000000003,0.0001000000000000445,0.00030459945172112244
B-TIA_USDT,1789565659268,0.3283,0.3284,0.32835000000000003,0.0001000000000000445,0.00030459945172112244
B-TIA_USDT,1789565661715,0.3283,0.3284,0.32835000000000003,0.0001000000000000445,0.00030459945172112244
B-TIA_USDT,1789565664172,0.3284,0.3285,0.32845,0.00009999999999998899,0.00030450669914734767
B-TIA_USDT,1789565666668,0.3283,0.3284,0.32835000000000003,0.0001000000000000445,0.00030459945172112244
B-TIA_USDT,1789565669117,0.3281,0.3282,0.32815,0.00009999999999998899,0.0003047851264857939
B-TIA_USDT,1789565671583,0.3281,0.3282,0.32815,0.00009999999999998899,0.0003047851264857939
B-TIA_USDT,1789565674040,0.3282,0.3283,0.32825,0.00009999999999998899,0.0003046922608165417
B-TIA_USDT,1789565676484,0.3283,0.3284,0.32835000000000003,0.0001000000000000445,0.00030459945172112244
B-TIA_USDT,1789565678930,0.3283,0.3284,0.32835000000000003,0.0001000000000000445,0.00030459945172112244
B-TIA_USDT,1789565681429,0.3284,0.3285,0.32845,0.00009999999999998899,0.00030450669914734767
B-TIA_USDT,1789565683931,0.3283,0.3284,0.32835000000000003,0.0001000000000000445,0.00030459945172112244
B-TIA_USDT,1789565686435,0.3284,0.3285,0.32845,0.00009999999999998899,0.00030450669914734767
B-TIA_USDT,1789565688863,0.3284,0.3285,0.32845,0.00009999999999998899,0.00030450669914734767
B-TIA_USDT,1789565691293,0.3285,0.3286,0.32855,0.00009999999999998899,0.0003044140030441065
B-TIA_USDT,1789565693747,0.3285,0.3286,0.32855,0.00009999999999998899,0.0003044140030441065
B-TIA_USDT,1789565696260,0.3285,0.3286,0.32855,0.00009999999999998899,0.0003044140030441065
B-TIA_USDT,1789565698807,0.3285,0.3286,0.32855,0.00009999999999998899,0.0003044140030441065
B-TIA_USDT,1789565701255,0.3285,0.3286,0.32855,0.00009999999999998899,0.0003044140030441065
B-TIA_USDT,1789565703749,0.3284,0.3285,0.32845,0.00009999999999998899,0.00030450669914734767
B-TIA_USDT,1789565706211,0.3286,0.3287,0.32865,0.00009999999999998899,0.00030432136335967436
B-TIA_USDT,1789565708667,0.3285,0.3286,0.32855,0.00009999999999998899,0.0003044140030441065
B-TIA_USDT,1789565711123,0.3285,0.3287,0.3286,0.00019999999999997797,0.000608828006088213
B-TIA_USDT,1789565713602,0.3285,0.3286,0.32855,0.00009999999999998899,0.0003044140030441065
B-TIA_USDT,1789565716066,0.3286,0.3287,0.32865,0.00009999999999998899,0.00030432136335967436
B-TIA_USDT,1789565718509,0.3287,0.3288,0.32875,0.00009999999999998899,0.0003042287800425585
B-TIA_USDT,1789565720989,0.3288,0.3289,0.32885,0.0001000000000000445,0.0003041362530414979
B-TIA_USDT,1789565723476,0.3288,0.3289,0.32885,0.0001000000000000445,0.0003041362530414979
B-TIA_USDT,1789565725934,0.3285,0.3286,0.32855,0.00009999999999998899,0.0003044140030441065
B-TIA_USDT,1789565728356,0.3284,0.3285,0.32845,0.00009999999999998899,0.00030450669914734767
B-TIA_USDT,1789565730802,0.3284,0.3285,0.32845,0.00009999999999998899,0.00030450669914734767
B-TIA_USDT,1789565733247,0.3283,0.3284,0.32835000000000003,0.0001000000000000445,0.00030459945172112244
B-TIA_USDT,1789565735680,0.3283,0.3284,0.32835000000000003,0.0001000000000000445,0.00030459945172112244
B-TIA_USDT,1789565738090,0.3283,0.3284,0.32835000000000003,0.0001000000000000445,0.00030459945172112244
B-TIA_USDT,1789565740539,0.3283,0.3284,0.32835000000000003,0.0001000000000000445,0.00030459945172112244
B-TIA_USDT,1789565743006,0.3283,0.3284,0.32835000000000003,0.0001000000000000445,0.00030459945172112244
B-TIA_USDT,1789565745446,0.3281,0.3282,0.32815,0.00009999999999998899,0.0003047851264857939
B-TIA_USDT,1789565748038,0.3281,0.3282,0.32815,0.00009999999999998899,0.0003047851264857939
B-TIA_USDT,1789565750572,0.3281,0.3282,0.32815,0.00009999999999998899,0.0003047851264857939
B-TIA_USDT,1789565753025,0.3282,0.3283,0.32825,0.00009999999999998899,0.0003046922608165417
B-TIA_USDT,1789565755490,0.3282,0.3283,0.32825,0.00009999999999998899,0.0003046922608165417
B-TIA_USDT,1789565757922,0.3282,0.3283,0.32825,0.00009999999999998899,0.0003046922608165417
B-TIA_USDT,1789565760389,0.3283,0.3284,0.32835000000000003,0.0001000000000000445,0.00030459945172112244
B-TIA_USDT,1789565762840,0.3282,0.3283,0.32825,0.00009999999999998899,0.0003046922608165417
B-TIA_USDT,1789565765263,0.3282,0.3283,0.32825,0.00009999999999998899,0.0003046922608165417
B-TIA_USDT,1789565767705,0.3282,0.3283,0.32825,0.00009999999999998899,0.0003046922608165417
B-TIA_USDT,1789565770190,0.3282,0.3283,0.32825,0.00009999999999998899,0.0003046922608165417
B-TIA_USDT,1789565772617,0.3282,0.3283,0.32825,0.00009999999999998899,0.0003046922608165417
B-TIA_USDT,1789565775089,0.3282,0.3283,0.32825,0.00009999999999998899,0.0003046922608165417
B-TIA_USDT,1789565777556,0.3283,0.3284,0.32835000000000003,0.0001000000000000445,0.00030459945172112244
B-TIA_USDT,1789565780006,0.3283,0.3284,0.32835000000000003,0.0001000000000000445,0.00030459945172112244
B-TIA_USDT,1789565782470,0.3283,0.3284,0.32835000000000003,0.0001000000000000445,0.00030459945172112244
B-TIA_USDT,1789565784915,0.3282,0.3283,0.32825,0.00009999999999998899,0.0003046922608165417
B-TIA_USDT,1789565787348,0.3282,0.3283,0.32825,0.00009999999999998899,0.0003046922608165417
B-TIA_USDT,1789565789802,0.3282,0.3283,0.32825,0.00009999999999998899,0.0003046922608165417
B-TIA_USDT,1789565792294,0.3282,0.3283,0.32825,0.00009999999999998899,0.0003046922608165417
B-TIA_USDT,1789565794757,0.3282,0.3283,0.32825,0.00009999999999998899,0.0003046922608165417
B-TIA_USDT,1789565797216,0.3282,0.3283,0.32825,0.00009999999999998899,0.0003046922608165417
B-TIA_USDT,1789565799653,0.3284,0.3285,0.32845,0.00009999999999998899,0.00030450669914734767
B-TIA_USDT,1789565802107,0.3284,0.3285,0.32845,0.00009999999999998899,0.00030450669914734767
B-TIA_USDT,1789565804536,0.3284,0.3285,0.32845,0.00009999999999998899,0.00030450669914734767
B-TIA_USDT,1789565806972,0.3283,0.3284,0.32835000000000003,0.0001000000000000445,0.00030459945172112244
B-TIA_USDT,1789565809389,0.3283,0.3284,0.32835000000000003,0.0001000000000000445,0.00030459945172112244
B-TIA_USDT,1789565811821,0.3283,0.3284,0.32835000000000003,0.0001000000000000445,0.00030459945172112244
B-TIA_USDT,1789565814255,0.3282,0.3283,0.32825,0.00009999999999998899,0.0003046922608165417
B-TIA_USDT,1789565816692,0.3282,0.3283,0.32825,0.00009999999999998899,0.0003046922608165417
B-TIA_USDT,1789565819130,0.3282,0.3283,0.32825,0.00009999999999998899,0.0003046922608165417
B-TIA_USDT,1789565821541,0.3282,0.3283,0.32825,0.00009999999999998899,0.0003046922608165417
B-TIA_USDT,1789565824151,0.3283,0.3284,0.32835000000000003,0.0001000000000000445,0.00030459945172112244
B-TIA_USDT,1789565826618,0.3281,0.3282,0.32815,0.00009999999999998899,0.0003047851264857939
B-TIA_USDT,1789565829039,0.3281,0.3282,0.32815,0.00009999999999998899,0.0003047851264857939
B-TIA_USDT,1789565831525,0.328,0.3281,0.32805,0.00009999999999998899,0.0003048780487804542
B-TIA_USDT,1789565834047,0.3281,0.3282,0.32815,0.00009999999999998899,0.0003047851264857939
B-TIA_USDT,1789565836533,0.3281,0.3282,0.32815,0.00009999999999998899,0.0003047851264857939
B-TIA_USDT,1789565839005,0.3282,0.3283,0.32825,0.00009999999999998899,0.0003046922608165417
B-TIA_USDT,1789565841464,0.3282,0.3283,0.32825,0.00009999999999998899,0.0003046922608165417
B-TIA_USDT,1789565843957,0.3282,0.3283,0.32825,0.00009999999999998899,0.0003046922608165417
B-TIA_USDT,1789565846451,0.3282,0.3283,0.32825,0.00009999999999998899,0.0003046922608165417
B-TIA_USDT,1789565848937,0.3282,0.3283,0.32825,0.00009999999999998899,0.0003046922608165417
B-TIA_USDT,1789565851440,0.3282,0.3283,0.32825,0.00009999999999998899,0.0003046922608165417
B-TIA_USDT,1789565853960,0.3282,0.3283,0.32825,0.00009999999999998899,0.0003046922608165417
B-TIA_USDT,1789565856737,0.3283,0.3284,0.32835000000000003,0.0001000000000000445,0.00030459945172112244
B-TIA_USDT,1789565859368,0.3283,0.3284,0.32835000000000003,0.0001000000000000445,0.00030459945172112244
B-TIA_USDT,1789565861802,0.3281,0.3282,0.32815,0.00009999999999998899,0.0003047851264857939
B-TIA_USDT,1789565864375,0.3282,0.3283,0.32825,0.00009999999999998899,0.0003046922608165417
B-TIA_USDT,1789565866808,0.3282,0.3283,0.32825,0.00009999999999998899,0.0003046922608165417
B-TIA_USDT,1789565869272,0.3281,0.3282,0.32815,0.00009999999999998899,0.0003047851264857939
B-TIA_USDT,1789565871761,0.3282,0.3283,0.32825,0.00009999999999998899,0.0003046922608165417
B-TIA_USDT,1789565874314,0.3281,0.3283,0.3282,0.00019999999999997797,0.0006095702529715878
B-TIA_USDT,1789565876758,0.3281,0.3283,0.3282,0.00019999999999997797,0.0006095702529715878
B-TIA_USDT,1789565879204,0.3281,0.3282,0.32815,0.00009999999999998899,0.0003047851264857939
B-TIA_USDT,1789565881661,0.3282,0.3283,0.32825,0.00009999999999998899,0.0003046922608165417
B-TIA_USDT,1789565884114,0.3281,0.3282,0.32815,0.00009999999999998899,0.0003047851264857939
B-TIA_USDT,1789565886554,0.3281,0.3282,0.32815,0.00009999999999998899,0.0003047851264857939
B-TIA_USDT,1789565888973,0.328,0.3281,0.32805,0.00009999999999998899,0.0003048780487804542
B-TIA_USDT,1789565891436,0.3281,0.3282,0.32815,0.00009999999999998899,0.0003047851264857939
B-TIA_USDT,1789565893865,0.328,0.3281,0.32805,0.00009999999999998899,0.0003048780487804542
B-TIA_USDT,1789565896491,0.3279,0.328,0.32795,0.00009999999999998899,0.0003049710277523299
B-TIA_USDT,1789565898917,0.328,0.3281,0.32805,0.00009999999999998899,0.0003048780487804542
B-TIA_USDT,1789565901349,0.328,0.3281,0.32805,0.00009999999999998899,0.0003048780487804542
B-TIA_USDT,1789565903784,0.328,0.3281,0.32805,0.00009999999999998899,0.0003048780487804542
B-TIA_USDT,1789565906269,0.328,0.3281,0.32805,0.00009999999999998899,0.0003048780487804542
B-TIA_USDT,1789565908768,0.3279,0.328,0.32795,0.00009999999999998899,0.0003049710277523299
B-TIA_USDT,1789565911204,0.3278,0.3279,0.32785,0.0001000000000000445,0.000305064063453461
B-TIA_USDT,1789565913638,0.3278,0.3279,0.32785,0.0001000000000000445,0.000305064063453461
B-TIA_USDT,1789565916098,0.3278,0.3279,0.32785,0.0001000000000000445,0.000305064063453461
B-TIA_USDT,1789565918518,0.3278,0.3279,0.32785,0.0001000000000000445,0.000305064063453461
B-TIA_USDT,1789565920963,0.3279,0.328,0.32795,0.00009999999999998899,0.0003049710277523299
B-TIA_USDT,1789565923414,0.3279,0.328,0.32795,0.00009999999999998899,0.0003049710277523299
B-TIA_USDT,1789565925845,0.3279,0.328,0.32795,0.00009999999999998899,0.0003049710277523299
B-TIA_USDT,1789565928350,0.3281,0.3282,0.32815,0.00009999999999998899,0.0003047851264857939
B-TIA_USDT,1789565930775,0.3281,0.3282,0.32815,0.00009999999999998899,0.0003047851264857939
B-TIA_USDT,1789565933203,0.3282,0.3283,0.32825,0.00009999999999998899,0.0003046922608165417
B-TIA_USDT,1789565935688,0.3282,0.3283,0.32825,0.00009999999999998899,0.0003046922608165417
B-TIA_USDT,1789565938249,0.3283,0.3284,0.32835000000000003,0.0001000000000000445,0.00030459945172112244
B-TIA_USDT,1789565940762,0.3284,0.3285,0.32845,0.00009999999999998899,0.00030450669914734767
B-TIA_USDT,1789565943188,0.3284,0.3285,0.32845,0.00009999999999998899,0.00030450669914734767
B-TIA_USDT,1789565945643,0.3286,0.3287,0.32865,0.00009999999999998899,0.00030432136335967436
B-TIA_USDT,1789565948114,0.3288,0.3289,0.32885,0.0001000000000000445,0.0003041362530414979
B-TIA_USDT,1789565950591,0.3288,0.3289,0.32885,0.0001000000000000445,0.0003041362530414979
B-TIA_USDT,1789565953016,0.3288,0.3289,0.32885,0.0001000000000000445,0.0003041362530414979
B-TIA_USDT,1789565955427,0.3287,0.3288,0.32875,0.00009999999999998899,0.0003042287800425585
B-TIA_USDT,1789565957854,0.3287,0.3288,0.32875,0.00009999999999998899,0.0003042287800425585
B-TIA_USDT,1789565960270,0.3286,0.3287,0.32865,0.00009999999999998899,0.00030432136335967436
B-TIA_USDT,1789565962723,0.3284,0.3285,0.32845,0.00009999999999998899,0.00030450669914734767
B-TIA_USDT,1789565965157,0.3284,0.3285,0.32845,0.00009999999999998899,0.00030450669914734767
B-TIA_USDT,1789565967615,0.3284,0.3285,0.32845,0.00009999999999998899,0.00030450669914734767
B-TIA_USDT,1789565970093,0.3283,0.3284,0.32835000000000003,0.0001000000000000445,0.00030459945172112244
B-TIA_USDT,1789565972544,0.3283,0.3284,0.32835000000000003,0.0001000000000000445,0.00030459945172112244
B-TIA_USDT,1789565974987,0.3282,0.3283,0.32825,0.00009999999999998899,0.0003046922608165417
B-TIA_USDT,1789565977415,0.3282,0.3283,0.32825,0.00009999999999998899,0.0003046922608165417
B-TIA_USDT,1789565979899,0.3282,0.3283,0.32825,0.00009999999999998899,0.0003046922608165417
B-TIA_USDT,1789565982358,0.3281,0.3282,0.32815,0.00009999999999998899,0.0003047851264857939
B-TIA_USDT,1789565984813,0.3281,0.3282,0.32815,0.00009999999999998899,0.0003047851264857939
B-TIA_USDT,1789565987278,0.3281,0.3282,0.32815,0.00009999999999998899,0.0003047851264857939
B-TIA_USDT,1789565989759,0.3281,0.3282,0.32815,0.00009999999999998899,0.0003047851264857939
B-TIA_USDT,1789565992197,0.328,0.3281,0.32805,0.00009999999999998899,0.0003048780487804542
B-TIA_USDT,1789565994639,0.328,0.3281,0.32805,0.00009999999999998899,0.0003048780487804542
B-TIA_USDT,1789565997072,0.328,0.3281,0.32805,0.00009999999999998899,0.0003048780487804542
B-TIA_USDT,1789565999580,0.328,0.3281,0.32805,0.00009999999999998899,0.0003048780487804542
B-TIA_USDT,1789566002090,0.328,0.3281,0.32805,0.00009999999999998899,0.0003048780487804542
B-TIA_USDT,1789566004538,0.3281,0.3282,0.32815,0.00009999999999998899,0.0003047851264857939
B-TIA_USDT,1789566006996,0.3283,0.3284,0.32835000000000003,0.0001000000000000445,0.00030459945172112244
B-TIA_USDT,1789566009556,0.3283,0.3284,0.32835000000000003,0.0001000000000000445,0.00030459945172112244
B-TIA_USDT,1789566012034,0.3284,0.3285,0.32845,0.00009999999999998899,0.00030450669914734767
B-TIA_USDT,1789566014488,0.3283,0.3284,0.32835000000000003,0.0001000000000000445,0.00030459945172112244
B-TIA_USDT,1789566016970,0.3283,0.3284,0.32835000000000003,0.0001000000000000445,0.00030459945172112244
B-TIA_USDT,1789566019398,0.3283,0.3284,0.32835000000000003,0.0001000000000000445,0.00030459945172112244
B-TIA_USDT,1789566021806,0.3283,0.3284,0.32835000000000003,0.0001000000000000445,0.00030459945172112244
B-TIA_USDT,1789566024254,0.3282,0.3283,0.32825,0.00009999999999998899,0.0003046922608165417
B-TIA_USDT,1789566026726,0.3283,0.3284,0.32835000000000003,0.0001000000000000445,0.00030459945172112244
B-TIA_USDT,1789566029172,0.3284,0.3285,0.32845,0.00009999999999998899,0.00030450669914734767
B-TIA_USDT,1789566031629,0.3283,0.3284,0.32835000000000003,0.0001000000000000445,0.00030459945172112244
B-TIA_USDT,1789566034094,0.3283,0.3284,0.32835000000000003,0.0001000000000000445,0.00030459945172112244
B-TIA_USDT,1789566036571,0.3283,0.3284,0.32835000000000003,0.0001000000000000445,0.00030459945172112244
B-TIA_USDT,1789566039115,0.3282,0.3283,0.32825,0.00009999999999998899,0.0003046922608165417
B-TIA_USDT,1789566041608,0.3282,0.3283,0.32825,0.00009999999999998899,0.0003046922608165417
B-TIA_USDT,1789566044076,0.3282,0.3283,0.32825,0.00009999999999998899,0.0003046922608165417
B-TIA_USDT,1789566046514,0.3283,0.3284,0.32835000000000003,0.0001000000000000445,0.00030459945172112244
B-TIA_USDT,1789566048979,0.3284,0.3285,0.32845,0.00009999999999998899,0.00030450669914734767
B-TIA_USDT,1789566051474,0.3283,0.3284,0.32835000000000003,0.0001000000000000445,0.00030459945172112244
B-TIA_USDT,1789566053909,0.3283,0.3284,0.32835000000000003,0.0001000000000000445,0.00030459945172112244
B-TIA_USDT,1789566056378,0.3282,0.3283,0.32825,0.00009999999999998899,0.0003046922608165417
B-TIA_USDT,1789566058844,0.3282,0.3283,0.32825,0.00009999999999998899,0.0003046922608165417
B-TIA_USDT,1789566061306,0.3283,0.3284,0.32835000000000003,0.0001000000000000445,0.00030459945172112244
B-TIA_USDT,1789566063767,0.3284,0.3285,0.32845,0.00009999999999998899,0.00030450669914734767
B-TIA_USDT,1789566066199,0.3285,0.3286,0.32855,0.00009999999999998899,0.0003044140030441065
B-TIA_USDT,1789566068660,0.3288,0.3289,0.32885,0.0001000000000000445,0.0003041362530414979
B-TIA_USDT,1789566071129,0.3286,0.3287,0.32865,0.00009999999999998899,0.00030432136335967436
B-TIA_USDT,1789566073582,0.3287,0.3288,0.32875,0.00009999999999998899,0.0003042287800425585
B-TIA_USDT,1789566076026,0.3287,0.3288,0.32875,0.00009999999999998899,0.0003042287800425585
B-TIA_USDT,1789566078486,0.3288,0.3289,0.32885,0.0001000000000000445,0.0003041362530414979
B-TIA_USDT,1789566080908,0.3289,0.329,0.32895,0.00009999999999998899,0.00030404378230461837
B-TIA_USDT,1789566083337,0.3288,0.3289,0.32885,0.0001000000000000445,0.0003041362530414979
B-TIA_USDT,1789566085781,0.3289,0.329,0.32895,0.00009999999999998899,0.00030404378230461837
B-TIA_USDT,1789566088213,0.3289,0.329,0.32895,0.00009999999999998899,0.00030404378230461837
B-TIA_USDT,1789566090629,0.3289,0.329,0.32895,0.00009999999999998899,0.00030404378230461837
B-TIA_USDT,1789566093078,0.3289,0.329,0.32895,0.00009999999999998899,0.00030404378230461837
B-TIA_USDT,1789566095556,0.3289,0.329,0.32895,0.00009999999999998899,0.00030404378230461837
B-TIA_USDT,1789566098100,0.329,0.3291,0.32905,0.00009999999999998899,0.00030395136778112153
B-TIA_USDT,1789566100528,0.329,0.3291,0.32905,0.00009999999999998899,0.00030395136778112153
B-TIA_USDT,1789566102981,0.329,0.3291,0.32905,0.00009999999999998899,0.00030395136778112153
B-TIA_USDT,1789566105447,0.3291,0.3292,0.32915,0.00009999999999998899,0.0003038590094195958
B-TIA_USDT,1789566108059,0.3291,0.3292,0.32915,0.00009999999999998899,0.0003038590094195958
B-TIA_USDT,1789566110615,0.329,0.3291,0.32905,0.00009999999999998899,0.00030395136778112153
B-TIA_USDT,1789566113084,0.3289,0.329,0.32895,0.00009999999999998899,0.00030404378230461837
B-TIA_USDT,1789566115543,0.3289,0.329,0.32895,0.00009999999999998899,0.00030404378230461837
B-TIA_USDT,1789566118042,0.329,0.3291,0.32905,0.00009999999999998899,0.00030395136778112153
B-TIA_USDT,1789566120537,0.329,0.3291,0.32905,0.00009999999999998899,0.00030395136778112153
B-TIA_USDT,1789566122997,0.329,0.3291,0.32905,0.00009999999999998899,0.00030395136778112153
B-TIA_USDT,1789566125437,0.3289,0.329,0.32895,0.00009999999999998899,0.00030404378230461837
B-TIA_USDT,1789566127917,0.329,0.3291,0.32905,0.00009999999999998899,0.00030395136778112153
B-TIA_USDT,1789566130786,0.329,0.3291,0.32905,0.00009999999999998899,0.00030395136778112153
B-TIA_USDT,1789566133499,0.3288,0.3289,0.32885,0.0001000000000000445,0.0003041362530414979
B-TIA_USDT,1789566135963,0.3286,0.3287,0.32865,0.00009999999999998899,0.00030432136335967436
B-TIA_USDT,1789566138443,0.3285,0.3286,0.32855,0.00009999999999998899,0.0003044140030441065
B-TIA_USDT,1789566140906,0.3287,0.3288,0.32875,0.00009999999999998899,0.0003042287800425585
B-TIA_USDT,1789566143379,0.3287,0.3288,0.32875,0.00009999999999998899,0.0003042287800425585
B-TIA_USDT,1789566145893,0.3287,0.3288,0.32875,0.00009999999999998899,0.0003042287800425585
B-TIA_USDT,1789566148354,0.3287,0.3288,0.32875,0.00009999999999998899,0.0003042287800425585
B-TIA_USDT,1789566150802,0.3287,0.3288,0.32875,0.00009999999999998899,0.0003042287800425585
B-TIA_USDT,1789566153226,0.3287,0.3288,0.32875,0.00009999999999998899,0.0003042287800425585
B-TIA_USDT,1789566155676,0.3287,0.3288,0.32875,0.00009999999999998899,0.0003042287800425585
B-TIA_USDT,1789566158100,0.3287,0.3288,0.32875,0.00009999999999998899,0.0003042287800425585
B-TIA_USDT,1789566160555,0.3288,0.3289,0.32885,0.0001000000000000445,0.0003041362530414979
B-TIA_USDT,1789566163047,0.3288,0.3289,0.32885,0.0001000000000000445,0.0003041362530414979
B-TIA_USDT,1789566165567,0.3288,0.3289,0.32885,0.0001000000000000445,0.0003041362530414979
B-TIA_USDT,1789566168012,0.3288,0.3289,0.32885,0.0001000000000000445,0.0003041362530414979
B-TIA_USDT,1789566170471,0.3288,0.3289,0.32885,0.0001000000000000445,0.0003041362530414979
B-TIA_USDT,1789566172935,0.3288,0.3289,0.32885,0.0001000000000000445,0.0003041362530414979
B-TIA_USDT,1789566175355,0.3288,0.3289,0.32885,0.0001000000000000445,0.0003041362530414979
B-TIA_USDT,1789566177796,0.3289,0.329,0.32895,0.00009999999999998899,0.00030404378230461837
B-TIA_USDT,1789566180241,0.329,0.3291,0.32905,0.00009999999999998899,0.00030395136778112153
B-TIA_USDT,1789566182699,0.329,0.3291,0.32905,0.00009999999999998899,0.00030395136778112153
B-TIA_USDT,1789566185166,0.329,0.3291,0.32905,0.00009999999999998899,0.00030395136778112153
B-TIA_USDT,1789566187603,0.329,0.3291,0.32905,0.00009999999999998899,0.00030395136778112153
B-TIA_USDT,1789566190048,0.3289,0.329,0.32895,0.00009999999999998899,0.00030404378230461837
B-TIA_USDT,1789566192506,0.329,0.3291,0.32905,0.00009999999999998899,0.00030395136778112153
B-TIA_USDT,1789566195009,0.3289,0.329,0.32895,0.00009999999999998899,0.00030404378230461837
B-TIA_USDT,1789566197481,0.3289,0.329,0.32895,0.00009999999999998899,0.00030404378230461837
B-TIA_USDT,1789566199931,0.329,0.3291,0.32905,0.00009999999999998899,0.00030395136778112153
B-TIA_USDT,1789566202455,0.3289,0.329,0.32895,0.00009999999999998899,0.00030404378230461837
B-TIA_USDT,1789566205000,0.3289,0.329,0.32895,0.00009999999999998899,0.00030404378230461837
B-TIA_USDT,1789566207477,0.329,0.3291,0.32905,0.00009999999999998899,0.00030395136778112153
B-TIA_USDT,1789566209952,0.3291,0.3292,0.32915,0.00009999999999998899,0.0003038590094195958
B-TIA_USDT,1789566212447,0.3291,0.3292,0.32915,0.00009999999999998899,0.0003038590094195958
B-TIA_USDT,1789566214934,0.3291,0.3292,0.32915,0.00009999999999998899,0.0003038590094195958
B-TIA_USDT,1789566217364,0.3291,0.3292,0.32915,0.00009999999999998899,0.0003038590094195958
B-TIA_USDT,1789566220041,0.3291,0.3292,0.32915,0.00009999999999998899,0.0003038590094195958
B-TIA_USDT,1789566222486,0.3291,0.3292,0.32915,0.00009999999999998899,0.0003038590094195958
B-TIA_USDT,1789566224945,0.3291,0.3292,0.32915,0.00009999999999998899,0.0003038590094195958
B-TIA_USDT,1789566227410,0.3291,0.3292,0.32915,0.00009999999999998899,0.0003038590094195958
B-TIA_USDT,1789566229928,0.3291,0.3292,0.32915,0.00009999999999998899,0.0003038590094195958
B-TIA_USDT,1789566232482,0.3291,0.3292,0.32915,0.00009999999999998899,0.0003038590094195958
B-TIA_USDT,1789566234963,0.3291,0.3292,0.32915,0.00009999999999998899,0.0003038590094195958
B-TIA_USDT,1789566237388,0.3291,0.3292,0.32915,0.00009999999999998899,0.0003038590094195958
B-TIA_USDT,1789566239849,0.3292,0.3293,0.32925,0.00009999999999998899,0.0003037667071688608
B-TIA_USDT,1789566242361,0.3294,0.3295,0.32945,0.00009999999999998899,0.00030358227079535207
B-TIA_USDT,1789566244825,0.3294,0.3295,0.32945,0.00009999999999998899,0.00030358227079535207
B-TIA_USDT,1789566247266,0.3294,0.3295,0.32945,0.00009999999999998899,0.00030358227079535207
B-TIA_USDT,1789566249801,0.3294,0.3295,0.32945,0.00009999999999998899,0.00030358227079535207
B-TIA_USDT,1789566252315,0.3294,0.3295,0.32945,0.00009999999999998899,0.00030358227079535207
B-TIA_USDT,1789566254963,0.3294,0.3295,0.32945,0.00009999999999998899,0.00030358227079535207
B-TIA_USDT,1789566257398,0.3293,0.3294,0.32935000000000003,0.0001000000000000445,0.00030367446097796693
B-TIA_USDT,1789566259841,0.3294,0.3295,0.32945,0.00009999999999998899,0.00030358227079535207
B-TIA_USDT,1789566262315,0.3294,0.3295,0.32945,0.00009999999999998899,0.00030358227079535207
B-TIA_USDT,1789566264799,0.3294,0.3295,0.32945,0.00009999999999998899,0.00030358227079535207
B-TIA_USDT,1789566267248,0.3294,0.3295,0.32945,0.00009999999999998899,0.00030358227079535207
B-TIA_USDT,1789566269798,0.3294,0.3295,0.32945,0.00009999999999998899,0.00030358227079535207
B-TIA_USDT,1789566272378,0.3294,0.3295,0.32945,0.00009999999999998899,0.00030358227079535207
B-TIA_USDT,1789566274888,0.3295,0.3296,0.32955,0.00009999999999998899,0.000303490136570528
B-TIA_USDT,1789566277514,0.3296,0.3297,0.32965,0.00009999999999998899,0.00030339805825239376
B-TIA_USDT,1789566279959,0.3295,0.3296,0.32955,0.00009999999999998899,0.000303490136570528
B-TIA_USDT,1789566282403,0.3296,0.3297,0.32965,0.00009999999999998899,0.00030339805825239376
B-TIA_USDT,1789566284924,0.3296,0.3297,0.32965,0.00009999999999998899,0.00030339805825239376
B-TIA_USDT,1789566287355,0.3296,0.3297,0.32965,0.00009999999999998899,0.00030339805825239376
B-TIA_USDT,1789566289807,0.3295,0.3296,0.32955,0.00009999999999998899,0.000303490136570528
B-TIA_USDT,1789566292291,0.3295,0.3296,0.32955,0.00009999999999998899,0.000303490136570528
B-TIA_USDT,1789566294792,0.3295,0.3296,0.32955,0.00009999999999998899,0.000303490136570528
B-TIA_USDT,1789566297232,0.3295,0.3296,0.32955,0.00009999999999998899,0.000303490136570528
B-TIA_USDT,1789566299660,0.3295,0.3296,0.32955,0.00009999999999998899,0.000303490136570528
B-TIA_USDT,1789566302081,0.3295,0.3296,0.32955,0.00009999999999998899,0.000303490136570528
B-TIA_USDT,1789566304526,0.3295,0.3296,0.32955,0.00009999999999998899,0.000303490136570528
B-TIA_USDT,1789566306962,0.3295,0.3296,0.32955,0.00009999999999998899,0.000303490136570528
B-TIA_USDT,1789566309397,0.3295,0.3296,0.32955,0.00009999999999998899,0.000303490136570528
B-TIA_USDT,1789566311843,0.3294,0.3295,0.32945,0.00009999999999998899,0.00030358227079535207
B-TIA_USDT,1789566314276,0.3293,0.3294,0.32935000000000003,0.0001000000000000445,0.00030367446097796693
B-TIA_USDT,1789566316729,0.3293,0.3294,0.32935000000000003,0.0001000000000000445,0.00030367446097796693
B-TIA_USDT,1789566319198,0.3294,0.3295,0.32945,0.00009999999999998899,0.00030358227079535207
B-TIA_USDT,1789566321635,0.3294,0.3295,0.32945,0.00009999999999998899,0.00030358227079535207
B-TIA_USDT,1789566324058,0.3293,0.3294,0.32935000000000003,0.0001000000000000445,0.00030367446097796693
B-TIA_USDT,1789566326511,0.3293,0.3294,0.32935000000000003,0.0001000000000000445,0.00030367446097796693
B-TIA_USDT,1789566328955,0.3294,0.3295,0.32945,0.00009999999999998899,0.00030358227079535207
B-TIA_USDT,1789566331402,0.3295,0.3296,0.32955,0.00009999999999998899,0.000303490136570528
B-TIA_USDT,1789566333845,0.3295,0.3296,0.32955,0.00009999999999998899,0.000303490136570528
B-TIA_USDT,1789566336361,0.3296,0.3297,0.32965,0.00009999999999998899,0.00030339805825239376
B-TIA_USDT,1789566338895,0.3296,0.3297,0.32965,0.00009999999999998899,0.00030339805825239376
B-TIA_USDT,1789566341333,0.3296,0.3297,0.32965,0.00009999999999998899,0.00030339805825239376
B-TIA_USDT,1789566343812,0.3295,0.3296,0.32955,0.00009999999999998899,0.000303490136570528
B-TIA_USDT,1789566346332,0.3295,0.3296,0.32955,0.00009999999999998899,0.000303490136570528
B-TIA_USDT,1789566348779,0.3296,0.3297,0.32965,0.00009999999999998899,0.00030339805825239376
B-TIA_USDT,1789566351240,0.3296,0.3297,0.32965,0.00009999999999998899,0.00030339805825239376
B-TIA_USDT,1789566353666,0.3295,0.3296,0.32955,0.00009999999999998899,0.000303490136570528
B-TIA_USDT,1789566356516,0.3295,0.3296,0.32955,0.00009999999999998899,0.000303490136570528
B-TIA_USDT,1789566358931,0.3295,0.3296,0.32955,0.00009999999999998899,0.000303490136570528
B-TIA_USDT,1789566361349,0.3297,0.3298,0.32975,0.00009999999999998899,0.00030330603579007884
B-TIA_USDT,1789566363789,0.3297,0.3298,0.32975,0.00009999999999998899,0.00030330603579007884
B-TIA_USDT,1789566366260,0.3296,0.3297,0.32965,0.00009999999999998899,0.00030339805825239376
B-TIA_USDT,1789566368845,0.3296,0.3297,0.32965,0.00009999999999998899,0.00030339805825239376
B-TIA_USDT,1789566371309,0.3296,0.3297,0.32965,0.00009999999999998899,0.00030339805825239376
B-TIA_USDT,1789566373784,0.3295,0.3296,0.32955,0.00009999999999998899,0.000303490136570528
B-TIA_USDT,1789566376242,0.3293,0.3294,0.32935000000000003,0.0001000000000000445,0.00030367446097796693
B-TIA_USDT,1789566378749,0.3293,0.3294,0.32935000000000003,0.0001000000000000445,0.00030367446097796693
B-TIA_USDT,1789566381215,0.3294,0.3295,0.32945,0.00009999999999998899,0.00030358227079535207
B-TIA_USDT,1789566383728,0.3294,0.3295,0.32945,0.00009999999999998899,0.00030358227079535207
B-TIA_USDT,1789566386210,0.3294,0.3295,0.32945,0.00009999999999998899,0.00030358227079535207
B-TIA_USDT,1789566388713,0.3295,0.3296,0.32955,0.00009999999999998899,0.000303490136570528
B-TIA_USDT,1789566391163,0.3295,0.3296,0.32955,0.00009999999999998899,0.000303490136570528
B-TIA_USDT,1789566393622,0.3293,0.3294,0.32935000000000003,0.0001000000000000445,0.00030367446097796693
B-TIA_USDT,1789566396087,0.3293,0.3294,0.32935000000000003,0.0001000000000000445,0.00030367446097796693
B-TIA_USDT,1789566398552,0.3292,0.3293,0.32925,0.00009999999999998899,0.0003037667071688608
B-TIA_USDT,1789566401029,0.3292,0.3293,0.32925,0.00009999999999998899,0.0003037667071688608
B-TIA_USDT,1789566403470,0.3292,0.3293,0.32925,0.00009999999999998899,0.0003037667071688608
B-TIA_USDT,1789566405937,0.3292,0.3293,0.32925,0.00009999999999998899,0.0003037667071688608
B-TIA_USDT,1789566408840,0.3292,0.3293,0.32925,0.00009999999999998899,0.0003037667071688608
B-TIA_USDT,1789566411241,0.3292,0.3293,0.32925,0.00009999999999998899,0.0003037667071688608
B-TIA_USDT,1789566413647,0.3292,0.3293,0.32925,0.00009999999999998899,0.0003037667071688608
B-TIA_USDT,1789566416125,0.3292,0.3293,0.32925,0.00009999999999998899,0.0003037667071688608
B-TIA_USDT,1789566418592,0.3293,0.3294,0.32935000000000003,0.0001000000000000445,0.00030367446097796693
B-TIA_USDT,1789566421096,0.3294,0.3295,0.32945,0.00009999999999998899,0.00030358227079535207
B-TIA_USDT,1789566423573,0.3294,0.3295,0.32945,0.00009999999999998899,0.00030358227079535207
B-TIA_USDT,1789566426034,0.3295,0.3296,0.32955,0.00009999999999998899,0.000303490136570528
B-TIA_USDT,1789566428489,0.3296,0.3297,0.32965,0.00009999999999998899,0.00030339805825239376
B-TIA_USDT,1789566430977,0.3297,0.3298,0.32975,0.00009999999999998899,0.00030330603579007884
B-TIA_USDT,1789566433468,0.3297,0.3298,0.32975,0.00009999999999998899,0.00030330603579007884
B-TIA_USDT,1789566435913,0.3296,0.3297,0.32965,0.00009999999999998899,0.00030339805825239376
B-TIA_USDT,1789566438370,0.3297,0.3298,0.32975,0.00009999999999998899,0.00030330603579007884
B-TIA_USDT,1789566440819,0.3297,0.3298,0.32975,0.00009999999999998899,0.00030330603579007884
B-TIA_USDT,1789566443245,0.3296,0.3297,0.32965,0.00009999999999998899,0.00030339805825239376
B-TIA_USDT,1789566445670,0.3296,0.3297,0.32965,0.00009999999999998899,0.00030339805825239376
B-TIA_USDT,1789566448200,0.3297,0.3298,0.32975,0.00009999999999998899,0.00030330603579007884
B-TIA_USDT,1789566450752,0.3297,0.3298,0.32975,0.00009999999999998899,0.00030330603579007884
B-TIA_USDT,1789566453287,0.3297,0.3298,0.32975,0.00009999999999998899,0.00030330603579007884
B-TIA_USDT,1789566455719,0.3298,0.3299,0.32985,0.0001000000000000445,0.0003032140691329427
B-TIA_USDT,1789566458252,0.3299,0.33,0.32995,0.00009999999999998899,0.0003031221582297332
B-TIA_USDT,1789566460715,0.3299,0.33,0.32995,0.00009999999999998899,0.0003031221582297332
B-TIA_USDT,1789566463170,0.3301,0.3302,0.33015,0.00009999999999998899,0.0003029385034837594
B-TIA_USDT,1789566465614,0.3301,0.3302,0.33015,0.00009999999999998899,0.0003029385034837594
B-TIA_USDT,1789566468052,0.3301,0.3302,0.33015,0.00009999999999998899,0.0003029385034837594
B-TIA_USDT,1789566470469,0.3303,0.3304,0.33035000000000003,0.0001000000000000445,0.0003027550711475765
B-TIA_USDT,1789566473020,0.3304,0.3305,0.33045,0.00009999999999998899,0.0003026634382566252
B-TIA_USDT,1789566475474,0.3304,0.3305,0.33045,0.00009999999999998899,0.0003026634382566252
B-TIA_USDT,1789566477921,0.3304,0.3305,0.33045,0.00009999999999998899,0.0003026634382566252
B-TIA_USDT,1789566480521,0.3306,0.3307,0.33065,0.00009999999999998899,0.0003024803387779461
B-TIA_USDT,1789566482922,0.3304,0.3305,0.33045,0.00009999999999998899,0.0003026634382566252
B-TIA_USDT,1789566485369,0.3304,0.3305,0.33045,0.00009999999999998899,0.0003026634382566252
B-TIA_USDT,1789566487856,0.3305,0.3306,0.33055,0.00009999999999998899,0.00030257186081691066
B-TIA_USDT,1789566490334,0.3304,0.3305,0.33045,0.00009999999999998899,0.0003026634382566252
B-TIA_USDT,1789566492893,0.3304,0.3305,0.33045,0.00009999999999998899,0.0003026634382566252
B-TIA_USDT,1789566495345,0.3305,0.3306,0.33055,0.00009999999999998899,0.00030257186081691066
B-TIA_USDT,1789566497819,0.3305,0.3306,0.33055,0.00009999999999998899,0.00030257186081691066
B-TIA_USDT,1789566500445,0.3306,0.3307,0.33065,0.00009999999999998899,0.0003024803387779461
B-TIA_USDT,1789566502918,0.3306,0.3307,0.33065,0.00009999999999998899,0.0003024803387779461
B-TIA_USDT,1789566505373,0.3305,0.3306,0.33055,0.00009999999999998899,0.00030257186081691066
B-TIA_USDT,1789566507837,0.3306,0.3307,0.33065,0.00009999999999998899,0.0003024803387779461
B-TIA_USDT,1789566510273,0.3306,0.3307,0.33065,0.00009999999999998899,0.0003024803387779461
B-TIA_USDT,1789566512716,0.3307,0.3308,0.33075,0.00009999999999998899,0.00030238887208947383
B-TIA_USDT,1789566515263,0.3306,0.3307,0.33065,0.00009999999999998899,0.0003024803387779461
B-TIA_USDT,1789566518273,0.3305,0.3306,0.33055,0.00009999999999998899,0.00030257186081691066
B-TIA_USDT,1789566520758,0.3306,0.3307,0.33065,0.00009999999999998899,0.0003024803387779461
B-TIA_USDT,1789566523245,0.3306,0.3307,0.33065,0.00009999999999998899,0.0003024803387779461
B-TIA_USDT,1789566525747,0.3306,0.3307,0.33065,0.00009999999999998899,0.0003024803387779461
B-TIA_USDT,1789566528216,0.3306,0.3307,0.33065,0.00009999999999998899,0.0003024803387779461
B-TIA_USDT,1789566530628,0.3306,0.3307,0.33065,0.00009999999999998899,0.0003024803387779461
B-TIA_USDT,1789566533071,0.3306,0.3307,0.33065,0.00009999999999998899,0.0003024803387779461
B-TIA_USDT,1789566535581,0.3306,0.3307,0.33065,0.00009999999999998899,0.0003024803387779461
B-TIA_USDT,1789566538142,0.3307,0.3308,0.33075,0.00009999999999998899,0.00030238887208947383
B-TIA_USDT,1789566540660,0.3305,0.3306,0.33055,0.00009999999999998899,0.00030257186081691066
B-TIA_USDT,1789566543186,0.3306,0.3307,0.33065,0.00009999999999998899,0.0003024803387779461
B-TIA_USDT,1789566545659,0.3304,0.3305,0.33045,0.00009999999999998899,0.0003026634382566252
B-TIA_USDT,1789566548148,0.3303,0.3304,0.33035000000000003,0.0001000000000000445,0.0003027550711475765
B-TIA_USDT,1789566550640,0.3305,0.3306,0.33055,0.00009999999999998899,0.00030257186081691066
B-TIA_USDT,1789566553160,0.3306,0.3307,0.33065,0.00009999999999998899,0.0003024803387779461
B-TIA_USDT,1789566555595,0.3305,0.3306,0.33055,0.00009999999999998899,0.00030257186081691066
B-TIA_USDT,1789566558012,0.3305,0.3306,0.33055,0.00009999999999998899,0.00030257186081691066
B-TIA_USDT,1789566560446,0.3304,0.3305,0.33045,0.00009999999999998899,0.0003026634382566252
B-TIA_USDT,1789566562920,0.3302,0.3303,0.33025,0.00009999999999998899,0.0003028467595396396
B-TIA_USDT,1789566565377,0.3302,0.3303,0.33025,0.00009999999999998899,0.0003028467595396396
B-TIA_USDT,1789566567889,0.3302,0.3303,0.33025,0.00009999999999998899,0.0003028467595396396
B-TIA_USDT,1789566570432,0.3302,0.3303,0.33025,0.00009999999999998899,0.0003028467595396396
B-TIA_USDT,1789566572953,0.3301,0.3302,0.33015,0.00009999999999998899,0.0003029385034837594
B-TIA_USDT,1789566575477,0.3301,0.3302,0.33015,0.00009999999999998899,0.0003029385034837594
B-TIA_USDT,1789566578022,0.3301,0.3302,0.33015,0.00009999999999998899,0.0003029385034837594
B-TIA_USDT,1789566580558,0.3302,0.3303,0.33025,0.00009999999999998899,0.0003028467595396396
B-TIA_USDT,1789566583026,0.3304,0.3305,0.33045,0.00009999999999998899,0.0003026634382566252
B-TIA_USDT,1789566585460,0.3305,0.3306,0.33055,0.00009999999999998899,0.00030257186081691066
B-TIA_USDT,1789566587917,0.3305,0.3306,0.33055,0.00009999999999998899,0.00030257186081691066
B-TIA_USDT,1789566590371,0.3303,0.3304,0.33035000000000003,0.0001000000000000445,0.0003027550711475765
B-TIA_USDT,1789566593073,0.3304,0.3305,0.33045,0.00009999999999998899,0.0003026634382566252
B-TIA_USDT,1789566595847,0.3304,0.3305,0.33045,0.00009999999999998899,0.0003026634382566252
B-TIA_USDT,1789566598325,0.3304,0.3305,0.33045,0.00009999999999998899,0.0003026634382566252
B-TIA_USDT,1789566600770,0.3305,0.3306,0.33055,0.00009999999999998899,0.00030257186081691066
B-TIA_USDT,1789566603261,0.3304,0.3305,0.33045,0.00009999999999998899,0.0003026634382566252
B-TIA_USDT,1789566605711,0.3305,0.3306,0.33055,0.00009999999999998899,0.00030257186081691066
B-TIA_USDT,1789566608164,0.3304,0.3306,0.3305,0.00019999999999997797,0.0006053268765132504
B-TIA_USDT,1789566610627,0.3306,0.3307,0.33065,0.00009999999999998899,0.0003024803387779461
B-TIA_USDT,1789566613154,0.3306,0.3307,0.33065,0.00009999999999998899,0.0003024803387779461
B-TIA_USDT,1789566615633,0.3306,0.3307,0.33065,0.00009999999999998899,0.0003024803387779461
B-TIA_USDT,1789566618113,0.3307,0.3308,0.33075,0.00009999999999998899,0.00030238887208947383
B-TIA_USDT,1789566620578,0.3307,0.3308,0.33075,0.00009999999999998899,0.00030238887208947383
B-TIA_USDT,1789566623106,0.3307,0.3308,0.33075,0.00009999999999998899,0.00030238887208947383
B-TIA_USDT,1789566625611,0.3307,0.3308,0.33075,0.00009999999999998899,0.00030238887208947383
B-TIA_USDT,1789566628037,0.3307,0.3308,0.33075,0.00009999999999998899,0.00030238887208947383
B-TIA_USDT,1789566630517,0.3306,0.3307,0.33065,0.00009999999999998899,0.0003024803387779461
B-TIA_USDT,1789566632977,0.3306,0.3307,0.33065,0.00009999999999998899,0.0003024803387779461
B-TIA_USDT,1789566635459,0.3307,0.3308,0.33075,0.00009999999999998899,0.00030238887208947383
B-TIA_USDT,1789566637931,0.3306,0.3307,0.33065,0.00009999999999998899,0.0003024803387779461
B-TIA_USDT,1789566640400,0.3306,0.3307,0.33065,0.00009999999999998899,0.0003024803387779461
B-TIA_USDT,1789566642890,0.3304,0.3305,0.33045,0.00009999999999998899,0.0003026634382566252
B-TIA_USDT,1789566645517,0.3304,0.3305,0.33045,0.00009999999999998899,0.0003026634382566252
B-TIA_USDT,1789566647972,0.3304,0.3305,0.33045,0.00009999999999998899,0.0003026634382566252
B-TIA_USDT,1789566650390,0.3304,0.3305,0.33045,0.00009999999999998899,0.0003026634382566252
B-TIA_USDT,1789566652860,0.3303,0.3304,0.33035000000000003,0.0001000000000000445,0.0003027550711475765
B-TIA_USDT,1789566655283,0.3303,0.3304,0.33035000000000003,0.0001000000000000445,0.0003027550711475765
B-TIA_USDT,1789566657715,0.3303,0.3304,0.33035000000000003,0.0001000000000000445,0.0003027550711475765
B-TIA_USDT,1789566660130,0.3303,0.3304,0.33035000000000003,0.0001000000000000445,0.0003027550711475765
B-TIA_USDT,1789566662577,0.3302,0.3303,0.33025,0.00009999999999998899,0.0003028467595396396
B-TIA_USDT,1789566665040,0.3301,0.3302,0.33015,0.00009999999999998899,0.0003029385034837594
B-TIA_USDT,1789566667485,0.3302,0.3303,0.33025,0.00009999999999998899,0.0003028467595396396
B-TIA_USDT,1789566669912,0.3304,0.3305,0.33045,0.00009999999999998899,0.0003026634382566252
B-TIA_USDT,1789566672337,0.3301,0.3302,0.33015,0.00009999999999998899,0.0003029385034837594
B-SPX_USDT,1789563072912,0.4703,0.4704,0.47035,0.00009999999999998899,0.00021263023601953858
B-SPX_USDT,1789563075382,0.4703,0.4704,0.47035,0.00009999999999998899,0.00021263023601953858
B-SPX_USDT,1789563077852,0.4703,0.4704,0.47035,0.00009999999999998899,0.00021263023601953858
B-SPX_USDT,1789563080258,0.4703,0.4704,0.47035,0.00009999999999998899,0.00021263023601953858
B-SPX_USDT,1789563082696,0.4703,0.4704,0.47035,0.00009999999999998899,0.00021263023601953858
B-SPX_USDT,1789563085142,0.4702,0.4704,0.4703,0.00019999999999997797,0.0004253509145044193
B-SPX_USDT,1789563087605,0.4703,0.4704,0.47035,0.00009999999999998899,0.00021263023601953858
B-SPX_USDT,1789563090162,0.4703,0.4704,0.47035,0.00009999999999998899,0.00021263023601953858
B-SPX_USDT,1789563092796,0.4703,0.4704,0.47035,0.00009999999999998899,0.00021263023601953858
B-SPX_USDT,1789563095305,0.4703,0.4704,0.47035,0.00009999999999998899,0.00021263023601953858
B-SPX_USDT,1789563097781,0.4702,0.4704,0.4703,0.00019999999999997797,0.0004253509145044193
B-SPX_USDT,1789563100249,0.4703,0.4704,0.47035,0.00009999999999998899,0.00021263023601953858
B-SPX_USDT,1789563102666,0.4703,0.4704,0.47035,0.00009999999999998899,0.00021263023601953858
B-SPX_USDT,1789563105154,0.4703,0.4704,0.47035,0.00009999999999998899,0.00021263023601953858
B-SPX_USDT,1789563107612,0.4703,0.4704,0.47035,0.00009999999999998899,0.00021263023601953858
B-SPX_USDT,1789563110069,0.4703,0.4704,0.47035,0.00009999999999998899,0.00021263023601953858
B-SPX_USDT,1789563112499,0.4703,0.4704,0.47035,0.00009999999999998899,0.00021263023601953858
B-SPX_USDT,1789563114905,0.4703,0.4704,0.47035,0.00009999999999998899,0.00021263023601953858
B-SPX_USDT,1789563117334,0.4703,0.4704,0.47035,0.00009999999999998899,0.00021263023601953858
B-SPX_USDT,1789563119802,0.4703,0.4704,0.47035,0.00009999999999998899,0.00021263023601953858
B-SPX_USDT,1789563122239,0.4703,0.4704,0.47035,0.00009999999999998899,0.00021263023601953858
B-SPX_USDT,1789563124711,0.4701,0.4702,0.47015,0.00009999999999998899,0.0002127206977238651
B-SPX_USDT,1789563127182,0.4702,0.4703,0.47025,0.00009999999999998899,0.00021267545725220965
B-SPX_USDT,1789563129649,0.4702,0.4703,0.47025,0.00009999999999998899,0.00021267545725220965
B-SPX_USDT,1789563132927,0.4702,0.4703,0.47025,0.00009999999999998899,0.00021267545725220965
B-SPX_USDT,1789563135374,0.4702,0.4703,0.47025,0.00009999999999998899,0.00021267545725220965
B-SPX_USDT,1789563137839,0.4702,0.4703,0.47025,0.00009999999999998899,0.00021267545725220965
B-SPX_USDT,1789563140312,0.4702,0.4703,0.47025,0.00009999999999998899,0.00021267545725220965
B-SPX_USDT,1789563142746,0.4702,0.4703,0.47025,0.00009999999999998899,0.00021267545725220965
B-SPX_USDT,1789563145158,0.4702,0.4703,0.47025,0.00009999999999998899,0.00021267545725220965
B-SPX_USDT,1789563147583,0.4702,0.4703,0.47025,0.00009999999999998899,0.00021267545725220965
B-SPX_USDT,1789563150024,0.4702,0.4703,0.47025,0.00009999999999998899,0.00021267545725220965
B-SPX_USDT,1789563152456,0.4702,0.4703,0.47025,0.00009999999999998899,0.00021267545725220965
B-SPX_USDT,1789563154941,0.4702,0.4703,0.47025,0.00009999999999998899,0.00021267545725220965
B-SPX_USDT,1789563157426,0.4702,0.4703,0.47025,0.00009999999999998899,0.00021267545725220965
B-SPX_USDT,1789563159902,0.4702,0.4703,0.47025,0.00009999999999998899,0.00021267545725220965
B-SPX_USDT,1789563162423,0.4702,0.4703,0.47025,0.00009999999999998899,0.00021267545725220965
B-SPX_USDT,1789563164912,0.4702,0.4703,0.47025,0.00009999999999998899,0.00021267545725220965
B-SPX_USDT,1789563167403,0.4702,0.4703,0.47025,0.00009999999999998899,0.00021267545725220965
B-SPX_USDT,1789563169851,0.4702,0.4703,0.47025,0.00009999999999998899,0.00021267545725220965
B-SPX_USDT,1789563172327,0.4702,0.4703,0.47025,0.00009999999999998899,0.00021267545725220965
B-SPX_USDT,1789563174811,0.4702,0.4703,0.47025,0.00009999999999998899,0.00021267545725220965
B-SPX_USDT,1789563177267,0.4702,0.4703,0.47025,0.00009999999999998899,0.00021267545725220965
B-SPX_USDT,1789563179775,0.4702,0.4703,0.47025,0.00009999999999998899,0.00021267545725220965
B-SPX_USDT,1789563182496,0.4702,0.4703,0.47025,0.00009999999999998899,0.00021267545725220965
B-SPX_USDT,1789563184972,0.4702,0.4703,0.47025,0.00009999999999998899,0.00021267545725220965
B-SPX_USDT,1789563187418,0.4702,0.4703,0.47025,0.00009999999999998899,0.00021267545725220965
B-SPX_USDT,1789563189848,0.4702,0.4703,0.47025,0.00009999999999998899,0.00021267545725220965
B-SPX_USDT,1789563192280,0.4702,0.4703,0.47025,0.00009999999999998899,0.00021267545725220965
B-SPX_USDT,1789563195173,0.4702,0.4703,0.47025,0.00009999999999998899,0.00021267545725220965
B-SPX_USDT,1789563197596,0.4708,0.4709,0.47085,0.00009999999999998899,0.00021240441801187126
B-SPX_USDT,1789563200056,0.4711,0.4713,0.4712,0.00019999999999997797,0.00042453831458284433
B-SPX_USDT,1789563202510,0.4709,0.471,0.47095,0.00009999999999998899,0.00021235931195580588
B-SPX_USDT,1789563204976,0.4708,0.4709,0.47085,0.00009999999999998899,0.00021240441801187126
B-SPX_USDT,1789563207395,0.4709,0.4711,0.471,0.00020000000000003348,0.00042471862391172966
B-SPX_USDT,1789563209819,0.4709,0.471,0.47095,0.00009999999999998899,0.00021235931195580588
B-SPX_USDT,1789563212275,0.4708,0.4709,0.47085,0.00009999999999998899,0.00021240441801187126
B-SPX_USDT,1789563214698,0.4708,0.4709,0.47085,0.00009999999999998899,0.00021240441801187126
B-SPX_USDT,1789563217114,0.4708,0.4709,0.47085,0.00009999999999998899,0.00021240441801187126
B-SPX_USDT,1789563219601,0.4708,0.4709,0.47085,0.00009999999999998899,0.00021240441801187126
B-SPX_USDT,1789563222096,0.4707,0.4709,0.4708,0.00019999999999997797,0.0004248990864669173
B-SPX_USDT,1789563224579,0.4707,0.4709,0.4708,0.00019999999999997797,0.0004248990864669173
B-SPX_USDT,1789563227077,0.4707,0.4709,0.4708,0.00019999999999997797,0.0004248990864669173
B-SPX_USDT,1789563229575,0.4707,0.4709,0.4708,0.00019999999999997797,0.0004248990864669173
B-SPX_USDT,1789563232064,0.4707,0.4709,0.4708,0.00019999999999997797,0.0004248990864669173
B-SPX_USDT,1789563234487,0.4702,0.4704,0.4703,0.00019999999999997797,0.0004253509145044193
B-SPX_USDT,1789563236934,0.4702,0.4703,0.47025,0.00009999999999998899,0.00021267545725220965
B-SPX_USDT,1789563239386,0.4702,0.4703,0.47025,0.00009999999999998899,0.00021267545725220965
B-SPX_USDT,1789563241801,0.4702,0.4703,0.47025,0.00009999999999998899,0.00021267545725220965
B-SPX_USDT,1789563244240,0.4701,0.4703,0.4702,0.00019999999999997797,0.0004254413954477302
B-SPX_USDT,1789563246924,0.4702,0.4703,0.47025,0.00009999999999998899,0.00021267545725220965
B-SPX_USDT,1789563249380,0.4702,0.4703,0.47025,0.00009999999999998899,0.00021267545725220965
B-SPX_USDT,1789563251816,0.4702,0.4703,0.47025,0.00009999999999998899,0.00021267545725220965
B-SPX_USDT,1789563254222,0.4702,0.4703,0.47025,0.00009999999999998899,0.00021267545725220965
B-SPX_USDT,1789563256663,0.4702,0.4703,0.47025,0.00009999999999998899,0.00021267545725220965
B-SPX_USDT,1789563259097,0.4702,0.4703,0.47025,0.00009999999999998899,0.00021267545725220965
B-SPX_USDT,1789563261593,0.4702,0.4703,0.47025,0.00009999999999998899,0.00021267545725220965
B-SPX_USDT,1789563264053,0.4702,0.4703,0.47025,0.00009999999999998899,0.00021267545725220965
B-SPX_USDT,1789563266464,0.4702,0.4703,0.47025,0.00009999999999998899,0.00021267545725220965
B-SPX_USDT,1789563268941,0.4702,0.4703,0.47025,0.00009999999999998899,0.00021267545725220965
B-SPX_USDT,1789563271405,0.4702,0.4703,0.47025,0.00009999999999998899,0.00021267545725220965
B-SPX_USDT,1789563273923,0.4702,0.4703,0.47025,0.00009999999999998899,0.00021267545725220965
B-SPX_USDT,1789563276334,0.4702,0.4703,0.47025,0.00009999999999998899,0.00021267545725220965
B-SPX_USDT,1789563278752,0.4702,0.4703,0.47025,0.00009999999999998899,0.00021267545725220965
B-SPX_USDT,1789563281156,0.4702,0.4703,0.47025,0.00009999999999998899,0.00021267545725220965
B-SPX_USDT,1789563283600,0.4703,0.4704,0.47035,0.00009999999999998899,0.00021263023601953858
B-SPX_USDT,1789563286066,0.4703,0.4704,0.47035,0.00009999999999998899,0.00021263023601953858
B-SPX_USDT,1789563288485,0.4702,0.4704,0.4703,0.00019999999999997797,0.0004253509145044193
B-SPX_USDT,1789563290908,0.4703,0.4704,0.47035,0.00009999999999998899,0.00021263023601953858
B-SPX_USDT,1789563293346,0.4703,0.4704,0.47035,0.00009999999999998899,0.00021263023601953858
B-SPX_USDT,1789563295778,0.4703,0.4704,0.47035,0.00009999999999998899,0.00021263023601953858
B-SPX_USDT,1789563298195,0.4702,0.4703,0.47025,0.00009999999999998899,0.00021267545725220965
B-SPX_USDT,1789563300720,0.4697,0.4698,0.46975,0.00009999999999998899,0.0002129018522460911
B-SPX_USDT,1789563303221,0.4696,0.4698,0.4697,0.00019999999999997797,0.0004258943781941609
B-SPX_USDT,1789563305666,0.4695,0.4697,0.4696,0.00020000000000003348,0.0004259850905219031
B-SPX_USDT,1789563308122,0.4695,0.4697,0.4696,0.00020000000000003348,0.0004259850905219031
B-SPX_USDT,1789563310573,0.4695,0.4697,0.4696,0.00020000000000003348,0.0004259850905219031
B-SPX_USDT,1789563313007,0.4694,0.4696,0.46950000000000003,0.00020000000000003348,0.00042607584149985834
B-SPX_USDT,1789563315450,0.4694,0.4696,0.46950000000000003,0.00020000000000003348,0.00042607584149985834
B-SPX_USDT,1789563317925,0.4693,0.4694,0.46935,0.00009999999999998899,0.0002130833155763669
B-SPX_USDT,1789563320402,0.4691,0.4693,0.4692,0.00019999999999997797,0.0004263483265827712
B-SPX_USDT,1789563322865,0.4691,0.4693,0.4692,0.00019999999999997797,0.0004263483265827712
B-SPX_USDT,1789563325339,0.4692,0.4693,0.46925,0.00009999999999998899,0.0002131287297527472
B-SPX_USDT,1789563327806,0.4692,0.4693,0.46925,0.00009999999999998899,0.0002131287297527472
B-SPX_USDT,1789563330254,0.4692,0.4693,0.46925,0.00009999999999998899,0.0002131287297527472
B-SPX_USDT,1789563332715,0.4692,0.4693,0.46925,0.00009999999999998899,0.0002131287297527472
B-SPX_USDT,1789563335173,0.4692,0.4693,0.46925,0.00009999999999998899,0.0002131287297527472
B-SPX_USDT,1789563337593,0.4692,0.4693,0.46925,0.00009999999999998899,0.0002131287297527472
B-SPX_USDT,1789563340021,0.4693,0.4694,0.46935,0.00009999999999998899,0.0002130833155763669
B-SPX_USDT,1789563342438,0.4693,0.4694,0.46935,0.00009999999999998899,0.0002130833155763669
B-SPX_USDT,1789563344888,0.4693,0.4694,0.46935,0.00009999999999998899,0.0002130833155763669
B-SPX_USDT,1789563347333,0.4695,0.4697,0.4696,0.00020000000000003348,0.0004259850905219031
B-SPX_USDT,1789563349757,0.4695,0.4697,0.4696,0.00020000000000003348,0.0004259850905219031
B-SPX_USDT,1789563352208,0.4701,0.4702,0.47015,0.00009999999999998899,0.0002127206977238651
B-SPX_USDT,1789563354629,0.4702,0.4703,0.47025,0.00009999999999998899,0.00021267545725220965
B-SPX_USDT,1789563357094,0.4707,0.4708,0.47075,0.00009999999999998899,0.00021244954323345865
B-SPX_USDT,1789563359558,0.4707,0.4708,0.47075,0.00009999999999998899,0.00021244954323345865
B-SPX_USDT,1789563362022,0.4707,0.4708,0.47075,0.00009999999999998899,0.00021244954323345865
B-SPX_USDT,1789563364459,0.4707,0.4708,0.47075,0.00009999999999998899,0.00021244954323345865
B-SPX_USDT,1789563366898,0.4707,0.4708,0.47075,0.00009999999999998899,0.00021244954323345865
B-SPX_USDT,1789563369372,0.4708,0.4709,0.47085,0.00009999999999998899,0.00021240441801187126
B-SPX_USDT,1789563371835,0.4709,0.471,0.47095,0.00009999999999998899,0.00021235931195580588
B-SPX_USDT,1789563374287,0.4709,0.471,0.47095,0.00009999999999998899,0.00021235931195580588
B-SPX_USDT,1789563376746,0.471,0.4711,0.47104999999999997,0.0001000000000000445,0.00021231422505317305
B-SPX_USDT,1789563379173,0.471,0.4711,0.47104999999999997,0.0001000000000000445,0.00021231422505317305
B-SPX_USDT,1789563381598,0.471,0.4711,0.47104999999999997,0.0001000000000000445,0.00021231422505317305
B-SPX_USDT,1789563384033,0.471,0.4711,0.47104999999999997,0.0001000000000000445,0.00021231422505317305
B-SPX_USDT,1789563386450,0.471,0.4712,0.47109999999999996,0.00020000000000003348,0.00042462845010622825
B-SPX_USDT,1789563388880,0.4711,0.4712,0.47115,0.00009999999999998899,0.00021226915729142217
B-SPX_USDT,1789563391303,0.471,0.4711,0.47104999999999997,0.0001000000000000445,0.00021231422505317305
B-SPX_USDT,1789563393712,0.471,0.4711,0.47104999999999997,0.0001000000000000445,0.00021231422505317305
B-SPX_USDT,1789563396133,0.4713,0.4714,0.47135,0.00009999999999998899,0.00021217907914277315
B-SPX_USDT,1789563398550,0.4713,0.4714,0.47135,0.00009999999999998899,0.00021217907914277315
B-SPX_USDT,1789563400991,0.4716,0.4717,0.47165,0.00009999999999998899,0.0002120441051738528
B-SPX_USDT,1789563403598,0.4716,0.4717,0.47165,0.00009999999999998899,0.0002120441051738528
B-SPX_USDT,1789563406050,0.4716,0.4717,0.47165,0.00009999999999998899,0.0002120441051738528
B-SPX_USDT,1789563408548,0.4716,0.4717,0.47165,0.00009999999999998899,0.0002120441051738528
B-SPX_USDT,1789563410981,0.4716,0.4717,0.47165,0.00009999999999998899,0.0002120441051738528
B-SPX_USDT,1789563413394,0.4715,0.4716,0.47155,0.0001000000000000445,0.00021208907741260765
B-SPX_USDT,1789563415797,0.4715,0.4716,0.47155,0.0001000000000000445,0.00021208907741260765
B-SPX_USDT,1789563418260,0.4715,0.4716,0.47155,0.0001000000000000445,0.00021208907741260765
B-SPX_USDT,1789563420732,0.4715,0.4716,0.47155,0.0001000000000000445,0.00021208907741260765
B-SPX_USDT,1789563423173,0.4714,0.4715,0.47145,0.00009999999999998899,0.0002121340687314149
B-SPX_USDT,1789563425640,0.4714,0.4715,0.47145,0.00009999999999998899,0.0002121340687314149
B-SPX_USDT,1789563428090,0.4714,0.4715,0.47145,0.00009999999999998899,0.0002121340687314149
B-SPX_USDT,1789563430576,0.4714,0.4716,0.47150000000000003,0.00020000000000003348,0.0004242681374629476
B-SPX_USDT,1789563433284,0.4716,0.4717,0.47165,0.00009999999999998899,0.0002120441051738528
B-SPX_USDT,1789563435753,0.4716,0.4717,0.47165,0.00009999999999998899,0.0002120441051738528
B-SPX_USDT,1789563438176,0.4716,0.4717,0.47165,0.00009999999999998899,0.0002120441051738528
B-SPX_USDT,1789563440593,0.4716,0.4717,0.47165,0.00009999999999998899,0.0002120441051738528
B-SPX_USDT,1789563443020,0.4716,0.4717,0.47165,0.00009999999999998899,0.0002120441051738528
B-SPX_USDT,1789563445442,0.4716,0.4717,0.47165,0.00009999999999998899,0.0002120441051738528
B-SPX_USDT,1789563447873,0.4716,0.4717,0.47165,0.00009999999999998899,0.0002120441051738528
B-SPX_USDT,1789563450321,0.4716,0.4717,0.47165,0.00009999999999998899,0.0002120441051738528
B-SPX_USDT,1789563452790,0.4717,0.4718,0.47175,0.00009999999999998899,0.00021199915200336865
B-SPX_USDT,1789563455207,0.4725,0.4727,0.4726,0.00020000000000003348,0.00042328042328049415
B-SPX_USDT,1789563457655,0.4726,0.4727,0.47265,0.00009999999999998899,0.00021159542953869866
B-SPX_USDT,1789563460071,0.4726,0.4727,0.47265,0.00009999999999998899,0.00021159542953869866
B-SPX_USDT,1789563462480,0.4726,0.4727,0.47265,0.00009999999999998899,0.00021159542953869866
B-SPX_USDT,1789563464896,0.4726,0.4727,0.47265,0.00009999999999998899,0.00021159542953869866
B-SPX_USDT,1789563467317,0.4732,0.4735,0.47335,0.00029999999999996696,0.0006339814032121026
B-SPX_USDT,1789563469759,0.4734,0.4735,0.47345,0.00009999999999998899,0.0002112378538233819
B-SPX_USDT,1789563472155,0.4734,0.4735,0.47345,0.00009999999999998899,0.0002112378538233819
B-SPX_USDT,1789563474557,0.4734,0.4735,0.47345,0.00009999999999998899,0.0002112378538233819
B-SPX_USDT,1789563476962,0.4734,0.4735,0.47345,0.00009999999999998899,0.0002112378538233819
B-SPX_USDT,1789563479384,0.4734,0.4735,0.47345,0.00009999999999998899,0.0002112378538233819
B-SPX_USDT,1789563481833,0.4734,0.4735,0.47345,0.00009999999999998899,0.0002112378538233819
B-SPX_USDT,1789563484264,0.4734,0.4735,0.47345,0.00009999999999998899,0.0002112378538233819
B-SPX_USDT,1789563486708,0.4738,0.4739,0.47385,0.00009999999999998899,0.00021105951878427394
B-SPX_USDT,1789563489126,0.4738,0.4739,0.47385,0.00009999999999998899,0.00021105951878427394
B-SPX_USDT,1789563491546,0.4739,0.474,0.47395,0.00009999999999998899,0.0002110149820637033
B-SPX_USDT,1789563493990,0.474,0.4741,0.47404999999999997,0.0001000000000000445,0.000210970464135115
B-SPX_USDT,1789563496431,0.474,0.4741,0.47404999999999997,0.0001000000000000445,0.000210970464135115
B-SPX_USDT,1789563498871,0.474,0.4741,0.47404999999999997,0.0001000000000000445,0.000210970464135115
B-SPX_USDT,1789563501292,0.474,0.4741,0.47404999999999997,0.0001000000000000445,0.000210970464135115
B-SPX_USDT,1789563503718,0.474,0.4741,0.47404999999999997,0.0001000000000000445,0.000210970464135115
B-SPX_USDT,1789563506149,0.474,0.4741,0.47404999999999997,0.0001000000000000445,0.000210970464135115
B-SPX_USDT,1789563508565,0.474,0.4741,0.47404999999999997,0.0001000000000000445,0.000210970464135115
B-SPX_USDT,1789563511014,0.474,0.4741,0.47404999999999997,0.0001000000000000445,0.000210970464135115
B-SPX_USDT,1789563513473,0.4738,0.474,0.4739,0.00019999999999997797,0.00042211903756854787
B-SPX_USDT,1789563515925,0.4738,0.474,0.4739,0.00019999999999997797,0.00042211903756854787
B-SPX_USDT,1789563518374,0.4739,0.474,0.47395,0.00009999999999998899,0.0002110149820637033
B-SPX_USDT,1789563520799,0.4739,0.474,0.47395,0.00009999999999998899,0.0002110149820637033
B-SPX_USDT,1789563523251,0.4739,0.474,0.47395,0.00009999999999998899,0.0002110149820637033
B-SPX_USDT,1789563525686,0.4739,0.474,0.47395,0.00009999999999998899,0.0002110149820637033
B-SPX_USDT,1789563528115,0.474,0.4741,0.47404999999999997,0.0001000000000000445,0.000210970464135115
B-SPX_USDT,1789563530537,0.474,0.4743,0.47414999999999996,0.00030000000000002247,0.0006329113924051107
B-SPX_USDT,1789563532985,0.4742,0.4743,0.47425,0.00009999999999998899,0.0002108814846056284
B-SPX_USDT,1789563535408,0.4741,0.4743,0.4742,0.00019999999999997797,0.00042185192997253317
B-SPX_USDT,1789563537851,0.4742,0.4743,0.47425,0.00009999999999998899,0.0002108814846056284
B-SPX_USDT,1789563540276,0.474,0.4741,0.47404999999999997,0.0001000000000000445,0.000210970464135115
B-SPX_USDT,1789563542738,0.474,0.4741,0.47404999999999997,0.0001000000000000445,0.000210970464135115
B-SPX_USDT,1789563545208,0.474,0.4741,0.47404999999999997,0.0001000000000000445,0.000210970464135115
B-SPX_USDT,1789563547643,0.474,0.4741,0.47404999999999997,0.0001000000000000445,0.000210970464135115
B-SPX_USDT,1789563550078,0.4743,0.4744,0.47435,0.00009999999999998899,0.0002108370229812123
B-SPX_USDT,1789563552633,0.4738,0.4739,0.47385,0.00009999999999998899,0.00021105951878427394
B-SPX_USDT,1789563555066,0.474,0.4741,0.47404999999999997,0.0001000000000000445,0.000210970464135115
B-SPX_USDT,1789563557493,0.474,0.4741,0.47404999999999997,0.0001000000000000445,0.000210970464135115
B-SPX_USDT,1789563559938,0.4737,0.4739,0.4738,0.00019999999999997797,0.0004222081486172218
B-SPX_USDT,1789563562373,0.4739,0.4741,0.474,0.00020000000000003348,0.00042202996412752373
B-SPX_USDT,1789563564890,0.4743,0.4744,0.47435,0.00009999999999998899,0.0002108370229812123
B-SPX_USDT,1789563567344,0.4741,0.4743,0.4742,0.00019999999999997797,0.00042185192997253317
B-SPX_USDT,1789563569866,0.4742,0.4743,0.47425,0.00009999999999998899,0.0002108814846056284
B-SPX_USDT,1789563572317,0.4742,0.4743,0.47425,0.00009999999999998899,0.0002108814846056284
B-SPX_USDT,1789563574752,0.4742,0.4743,0.47425,0.00009999999999998899,0.0002108814846056284
B-SPX_USDT,1789563577178,0.4743,0.4744,0.47435,0.00009999999999998899,0.0002108370229812123
B-SPX_USDT,1789563579711,0.4743,0.4744,0.47435,0.00009999999999998899,0.0002108370229812123
B-SPX_USDT,1789563582178,0.4743,0.4744,0.47435,0.00009999999999998899,0.0002108370229812123
B-SPX_USDT,1789563584608,0.4746,0.4747,0.47465,0.00009999999999998899,0.00021070375052673616
B-SPX_USDT,1789563587597,0.475,0.4752,0.47509999999999997,0.00020000000000003348,0.00042105263157901786
B-SPX_USDT,1789563590017,0.4749,0.475,0.47495,0.00009999999999998899,0.00021057064645186143
B-SPX_USDT,1789563592424,0.4749,0.475,0.47495,0.00009999999999998899,0.00021057064645186143
B-SPX_USDT,1789563594858,0.4751,0.4752,0.47515,0.00009999999999998899,0.00021048200378865289
B-SPX_USDT,1789563597310,0.475,0.4751,0.47505,0.0001000000000000445,0.00021052631578956737
B-SPX_USDT,1789563599748,0.4751,0.4752,0.47515,0.00009999999999998899,0.00021048200378865289
B-SPX_USDT,1789563602235,0.4751,0.4752,0.47515,0.00009999999999998899,0.00021048200378865289
B-SPX_USDT,1789563604727,0.4751,0.4753,0.4752,0.00019999999999997797,0.00042096400757730577
B-SPX_USDT,1789563607152,0.4749,0.475,0.47495,0.00009999999999998899,0.00021057064645186143
B-SPX_USDT,1789563609628,0.475,0.4752,0.47509999999999997,0.00020000000000003348,0.00042105263157901786
B-SPX_USDT,1789563612166,0.4747,0.4748,0.47475,0.00009999999999998899,0.0002106593638086981
B-SPX_USDT,1789563614686,0.4744,0.4746,0.47450000000000003,0.00020000000000003348,0.0004215851602024315
B-SPX_USDT,1789563617135,0.4739,0.474,0.47395,0.00009999999999998899,0.0002110149820637033
B-SPX_USDT,1789563619611,0.4739,0.474,0.47395,0.00009999999999998899,0.0002110149820637033
B-SPX_USDT,1789563622082,0.4743,0.4744,0.47435,0.00009999999999998899,0.0002108370229812123
B-SPX_USDT,1789563624535,0.4743,0.4744,0.47435,0.00009999999999998899,0.0002108370229812123
B-SPX_USDT,1789563626961,0.4743,0.4744,0.47435,0.00009999999999998899,0.0002108370229812123
B-SPX_USDT,1789563629403,0.4742,0.4743,0.47425,0.00009999999999998899,0.0002108814846056284
B-SPX_USDT,1789563631880,0.4739,0.4741,0.474,0.00020000000000003348,0.00042202996412752373
B-SPX_USDT,1789563634282,0.4737,0.4738,0.47375,0.00009999999999998899,0.0002111040743086109
B-SPX_USDT,1789563636701,0.4735,0.4736,0.47355,0.0001000000000000445,0.00021119324181635588
B-SPX_USDT,1789563639251,0.4736,0.4737,0.47365,0.00009999999999998899,0.00021114864864862538
B-SPX_USDT,1789563641718,0.4736,0.4738,0.4737,0.00019999999999997797,0.00042229729729725075
B-SPX_USDT,1789563644161,0.4736,0.4737,0.47365,0.00009999999999998899,0.00021114864864862538
B-SPX_USDT,1789563646595,0.4736,0.4737,0.47365,0.00009999999999998899,0.00021114864864862538
B-SPX_USDT,1789563649062,0.4736,0.4737,0.47365,0.00009999999999998899,0.00021114864864862538
B-SPX_USDT,1789563651543,0.4736,0.4737,0.47365,0.00009999999999998899,0.00021114864864862538
B-SPX_USDT,1789563654025,0.4736,0.4737,0.47365,0.00009999999999998899,0.00021114864864862538
B-SPX_USDT,1789563656504,0.4736,0.4737,0.47365,0.00009999999999998899,0.00021114864864862538
B-SPX_USDT,1789563658947,0.4736,0.4737,0.47365,0.00009999999999998899,0.00021114864864862538
B-SPX_USDT,1789563661365,0.4734,0.4735,0.47345,0.00009999999999998899,0.0002112378538233819
B-SPX_USDT,1789563663787,0.4732,0.4733,0.47325,0.00009999999999998899,0.0002113271344040342
B-SPX_USDT,1789563666219,0.4732,0.4733,0.47325,0.00009999999999998899,0.0002113271344040342
B-SPX_USDT,1789563668662,0.4732,0.4733,0.47325,0.00009999999999998899,0.0002113271344040342
B-SPX_USDT,1789563671125,0.4732,0.4733,0.47325,0.00009999999999998899,0.0002113271344040342
B-SPX_USDT,1789563673608,0.4732,0.4733,0.47325,0.00009999999999998899,0.0002113271344040342
B-SPX_USDT,1789563676048,0.4732,0.4733,0.47325,0.00009999999999998899,0.0002113271344040342
B-SPX_USDT,1789563678708,0.4732,0.4733,0.47325,0.00009999999999998899,0.0002113271344040342
B-SPX_USDT,1789563681143,0.4732,0.4733,0.47325,0.00009999999999998899,0.0002113271344040342
B-SPX_USDT,1789563683573,0.4736,0.4738,0.4737,0.00019999999999997797,0.00042229729729725075
B-SPX_USDT,1789563686002,0.4736,0.4738,0.4737,0.00019999999999997797,0.00042229729729725075
B-SPX_USDT,1789563688428,0.4734,0.4737,0.47355,0.00030000000000002247,0.0006337135614702629
B-SPX_USDT,1789563691008,0.4736,0.4737,0.47365,0.00009999999999998899,0.00021114864864862538
B-SPX_USDT,1789563693502,0.4736,0.4738,0.4737,0.00019999999999997797,0.00042229729729725075
B-SPX_USDT,1789563695925,0.4736,0.4739,0.47375,0.00029999999999996696,0.0006334459459458762
B-SPX_USDT,1789563698405,0.4736,0.4737,0.47365,0.00009999999999998899,0.00021114864864862538
B-SPX_USDT,1789563700869,0.4736,0.4737,0.47365,0.00009999999999998899,0.00021114864864862538
B-SPX_USDT,1789563703349,0.4735,0.4738,0.47365,0.00030000000000002247,0.0006335797254488332
B-SPX_USDT,1789563705830,0.4735,0.4737,0.4736,0.00020000000000003348,0.0004223864836325945
B-SPX_USDT,1789563708247,0.4735,0.4737,0.4736,0.00020000000000003348,0.0004223864836325945
B-SPX_USDT,1789563710666,0.4735,0.4737,0.4736,0.00020000000000003348,0.0004223864836325945
B-SPX_USDT,1789563892662,0.4704,0.4705,0.47045,0.00009999999999998899,0.00021258503401358204
B-SPX_USDT,1789563895101,0.4704,0.4705,0.47045,0.00009999999999998899,0.00021258503401358204
B-SPX_USDT,1789563897515,0.4704,0.4705,0.47045,0.00009999999999998899,0.00021258503401358204
B-SPX_USDT,1789563899937,0.4704,0.4705,0.47045,0.00009999999999998899,0.00021258503401358204
B-SPX_USDT,1789563902408,0.4705,0.4706,0.47055,0.0001000000000000445,0.00021253985122219874
B-SPX_USDT,1789563904899,0.4705,0.4706,0.47055,0.0001000000000000445,0.00021253985122219874
B-SPX_USDT,1789563907337,0.4709,0.471,0.47095,0.00009999999999998899,0.00021235931195580588
B-SPX_USDT,1789563909749,0.4709,0.471,0.47095,0.00009999999999998899,0.00021235931195580588
B-SPX_USDT,1789563912199,0.4708,0.471,0.4709,0.00019999999999997797,0.0004248088360237425
B-SPX_USDT,1789563914648,0.4708,0.471,0.4709,0.00019999999999997797,0.0004248088360237425
B-SPX_USDT,1789563917372,0.4708,0.4709,0.47085,0.00009999999999998899,0.00021240441801187126
B-SPX_USDT,1789563919780,0.4708,0.4709,0.47085,0.00009999999999998899,0.00021240441801187126
B-SPX_USDT,1789563922192,0.4708,0.4709,0.47085,0.00009999999999998899,0.00021240441801187126
B-SPX_USDT,1789563924621,0.4708,0.4709,0.47085,0.00009999999999998899,0.00021240441801187126
B-SPX_USDT,1789563927097,0.4708,0.4709,0.47085,0.00009999999999998899,0.00021240441801187126
B-SPX_USDT,1789563929501,0.4708,0.4709,0.47085,0.00009999999999998899,0.00021240441801187126
B-SPX_USDT,1789563931936,0.4705,0.4706,0.47055,0.0001000000000000445,0.00021253985122219874
B-SPX_USDT,1789563934372,0.4705,0.4706,0.47055,0.0001000000000000445,0.00021253985122219874
B-SPX_USDT,1789563936830,0.4706,0.4707,0.47065,0.00009999999999998899,0.00021249468763278576
B-SPX_USDT,1789563939312,0.4706,0.4707,0.47065,0.00009999999999998899,0.00021249468763278576
B-SPX_USDT,1789563941761,0.4708,0.4709,0.47085,0.00009999999999998899,0.00021240441801187126
B-SPX_USDT,1789563944206,0.4708,0.4709,0.47085,0.00009999999999998899,0.00021240441801187126
B-SPX_USDT,1789563946626,0.4707,0.4709,0.4708,0.00019999999999997797,0.0004248990864669173
B-SPX_USDT,1789563949054,0.4707,0.4709,0.4708,0.00019999999999997797,0.0004248990864669173
B-SPX_USDT,1789563951554,0.4707,0.4709,0.4708,0.00019999999999997797,0.0004248990864669173
B-SPX_USDT,1789563954009,0.4705,0.4706,0.47055,0.0001000000000000445,0.00021253985122219874
B-SPX_USDT,1789563956461,0.4704,0.4706,0.47050000000000003,0.00020000000000003348,0.0004251700680272821
B-SPX_USDT,1789563958895,0.4704,0.4705,0.47045,0.00009999999999998899,0.00021258503401358204
B-SPX_USDT,1789563961338,0.4704,0.4705,0.47045,0.00009999999999998899,0.00021258503401358204
B-SPX_USDT,1789563963799,0.47,0.4702,0.47009999999999996,0.00020000000000003348,0.0004255319148936883
B-SPX_USDT,1789563966248,0.47,0.4701,0.47004999999999997,0.0001000000000000445,0.0002127659574469032
B-SPX_USDT,1789563968784,0.47,0.4701,0.47004999999999997,0.0001000000000000445,0.0002127659574469032
B-SPX_USDT,1789563971209,0.47,0.4701,0.47004999999999997,0.0001000000000000445,0.0002127659574469032
B-SPX_USDT,1789563974373,0.47,0.4701,0.47004999999999997,0.0001000000000000445,0.0002127659574469032
B-SPX_USDT,1789563976808,0.47,0.4701,0.47004999999999997,0.0001000000000000445,0.0002127659574469032
B-SPX_USDT,1789563979240,0.47,0.4702,0.47009999999999996,0.00020000000000003348,0.0004255319148936883
B-SPX_USDT,1789563981676,0.47,0.4701,0.47004999999999997,0.0001000000000000445,0.0002127659574469032
B-SPX_USDT,1789563984148,0.4701,0.4702,0.47015,0.00009999999999998899,0.0002127206977238651
B-SPX_USDT,1789563986597,0.4701,0.4702,0.47015,0.00009999999999998899,0.0002127206977238651
B-SPX_USDT,1789563989040,0.4701,0.4702,0.47015,0.00009999999999998899,0.0002127206977238651
B-SPX_USDT,1789563991474,0.4701,0.4702,0.47015,0.00009999999999998899,0.0002127206977238651
B-SPX_USDT,1789563993911,0.4701,0.4702,0.47015,0.00009999999999998899,0.0002127206977238651
B-SPX_USDT,1789563996318,0.4701,0.4702,0.47015,0.00009999999999998899,0.0002127206977238651
B-SPX_USDT,1789563998724,0.4701,0.4702,0.47015,0.00009999999999998899,0.0002127206977238651
B-SPX_USDT,1789564001181,0.47,0.4701,0.47004999999999997,0.0001000000000000445,0.0002127659574469032
B-SPX_USDT,1789564003608,0.47,0.4701,0.47004999999999997,0.0001000000000000445,0.0002127659574469032
B-SPX_USDT,1789564006050,0.47,0.4701,0.47004999999999997,0.0001000000000000445,0.0002127659574469032
B-SPX_USDT,1789564008565,0.47,0.4701,0.47004999999999997,0.0001000000000000445,0.0002127659574469032
B-SPX_USDT,1789564011038,0.47,0.4701,0.47004999999999997,0.0001000000000000445,0.0002127659574469032
B-SPX_USDT,1789564013461,0.47,0.4701,0.47004999999999997,0.0001000000000000445,0.0002127659574469032
B-SPX_USDT,1789564015878,0.47,0.4701,0.47004999999999997,0.0001000000000000445,0.0002127659574469032
B-SPX_USDT,1789564018304,0.47,0.4701,0.47004999999999997,0.0001000000000000445,0.0002127659574469032
B-SPX_USDT,1789564020762,0.47,0.4702,0.47009999999999996,0.00020000000000003348,0.0004255319148936883
B-SPX_USDT,1789564023201,0.4699,0.4701,0.47,0.00020000000000003348,0.00042562247286663865
B-SPX_USDT,1789564025646,0.4699,0.47,0.46995,0.00009999999999998899,0.00021281123643326024
B-SPX_USDT,1789564029662,0.4699,0.47,0.46995,0.00009999999999998899,0.00021281123643326024
B-SPX_USDT,1789564032179,0.4699,0.47,0.46995,0.00009999999999998899,0.00021281123643326024
B-SPX_USDT,1789564034663,0.4699,0.47,0.46995,0.00009999999999998899,0.00021281123643326024
B-SPX_USDT,1789564037141,0.4699,0.47,0.46995,0.00009999999999998899,0.00021281123643326024
B-SPX_USDT,1789564039599,0.4699,0.47,0.46995,0.00009999999999998899,0.00021281123643326024
B-SPX_USDT,1789564042084,0.4699,0.47,0.46995,0.00009999999999998899,0.00021281123643326024
B-SPX_USDT,1789564044563,0.4699,0.47,0.46995,0.00009999999999998899,0.00021281123643326024
B-SPX_USDT,1789564047056,0.4699,0.47,0.46995,0.00009999999999998899,0.00021281123643326024
B-SPX_USDT,1789564049613,0.4699,0.47,0.46995,0.00009999999999998899,0.00021281123643326024
B-SPX_USDT,1789564052039,0.47,0.4701,0.47004999999999997,0.0001000000000000445,0.0002127659574469032
B-SPX_USDT,1789564054456,0.47,0.4701,0.47004999999999997,0.0001000000000000445,0.0002127659574469032
B-SPX_USDT,1789564056898,0.47,0.4701,0.47004999999999997,0.0001000000000000445,0.0002127659574469032
B-SPX_USDT,1789564059330,0.47,0.4701,0.47004999999999997,0.0001000000000000445,0.0002127659574469032
B-SPX_USDT,1789564061741,0.47,0.4701,0.47004999999999997,0.0001000000000000445,0.0002127659574469032
B-SPX_USDT,1789564064189,0.47,0.4701,0.47004999999999997,0.0001000000000000445,0.0002127659574469032
B-SPX_USDT,1789564066609,0.47,0.4701,0.47004999999999997,0.0001000000000000445,0.0002127659574469032
B-SPX_USDT,1789564069058,0.47,0.4701,0.47004999999999997,0.0001000000000000445,0.0002127659574469032
B-SPX_USDT,1789564071531,0.47,0.4701,0.47004999999999997,0.0001000000000000445,0.0002127659574469032
B-SPX_USDT,1789564074060,0.47,0.4701,0.47004999999999997,0.0001000000000000445,0.0002127659574469032
B-SPX_USDT,1789564076490,0.47,0.4701,0.47004999999999997,0.0001000000000000445,0.0002127659574469032
B-SPX_USDT,1789564079004,0.47,0.4701,0.47004999999999997,0.0001000000000000445,0.0002127659574469032
B-SPX_USDT,1789564081513,0.4699,0.47,0.46995,0.00009999999999998899,0.00021281123643326024
B-SPX_USDT,1789564084284,0.4699,0.47,0.46995,0.00009999999999998899,0.00021281123643326024
B-SPX_USDT,1789564086780,0.4698,0.4699,0.46985,0.00009999999999998899,0.00021285653469559171
B-SPX_USDT,1789564089215,0.4698,0.4699,0.46985,0.00009999999999998899,0.00021285653469559171
B-SPX_USDT,1789564091689,0.4695,0.4696,0.46955,0.0001000000000000445,0.00021299254526101067
B-SPX_USDT,1789564094719,0.4696,0.4697,0.46965,0.00009999999999998899,0.00021294718909708045
B-SPX_USDT,1789564097186,0.4697,0.4698,0.46975,0.00009999999999998899,0.0002129018522460911
B-SPX_USDT,1789564099800,0.4697,0.4698,0.46975,0.00009999999999998899,0.0002129018522460911
B-SPX_USDT,1789564102285,0.4697,0.4699,0.4698,0.00019999999999997797,0.0004258037044921822
B-SPX_USDT,1789564104792,0.4697,0.4699,0.4698,0.00019999999999997797,0.0004258037044921822
B-SPX_USDT,1789564107263,0.4697,0.4699,0.4698,0.00019999999999997797,0.0004258037044921822
B-SPX_USDT,1789564109766,0.4697,0.4699,0.4698,0.00019999999999997797,0.0004258037044921822
B-SPX_USDT,1789564112203,0.4697,0.4698,0.46975,0.00009999999999998899,0.0002129018522460911
B-SPX_USDT,1789564114674,0.4697,0.4699,0.4698,0.00019999999999997797,0.0004258037044921822
B-SPX_USDT,1789564117140,0.4697,0.4699,0.4698,0.00019999999999997797,0.0004258037044921822
B-SPX_USDT,1789564119638,0.4697,0.4699,0.4698,0.00019999999999997797,0.0004258037044921822
B-SPX_USDT,1789564122207,0.4697,0.4699,0.4698,0.00019999999999997797,0.0004258037044921822
B-SPX_USDT,1789564124648,0.4697,0.4699,0.4698,0.00019999999999997797,0.0004258037044921822
B-SPX_USDT,1789564127088,0.4697,0.4699,0.4698,0.00019999999999997797,0.0004258037044921822
B-SPX_USDT,1789564129528,0.4697,0.4699,0.4698,0.00019999999999997797,0.0004258037044921822
B-SPX_USDT,1789564131984,0.4697,0.4699,0.4698,0.00019999999999997797,0.0004258037044921822
B-SPX_USDT,1789564134419,0.4697,0.4699,0.4698,0.00019999999999997797,0.0004258037044921822
B-SPX_USDT,1789564136892,0.4697,0.4699,0.4698,0.00019999999999997797,0.0004258037044921822
B-SPX_USDT,1789564139314,0.4697,0.4699,0.4698,0.00019999999999997797,0.0004258037044921822
B-SPX_USDT,1789564141727,0.4697,0.4699,0.4698,0.00019999999999997797,0.0004258037044921822
B-SPX_USDT,1789564144152,0.4692,0.4695,0.46935,0.00029999999999996696,0.0006393861892582416
B-SPX_USDT,1789564146571,0.4693,0.4694,0.46935,0.00009999999999998899,0.0002130833155763669
B-SPX_USDT,1789564149014,0.4692,0.4695,0.46935,0.00029999999999996696,0.0006393861892582416
B-SPX_USDT,1789564151492,0.4693,0.4695,0.4694,0.00019999999999997797,0.0004261666311527338
B-SPX_USDT,1789564154087,0.4693,0.4695,0.4694,0.00019999999999997797,0.0004261666311527338
B-SPX_USDT,1789564156698,0.4693,0.4694,0.46935,0.00009999999999998899,0.0002130833155763669
B-SPX_USDT,1789564159173,0.4693,0.4694,0.46935,0.00009999999999998899,0.0002130833155763669
B-SPX_USDT,1789564161656,0.4693,0.4694,0.46935,0.00009999999999998899,0.0002130833155763669
B-SPX_USDT,1789564164116,0.4693,0.4694,0.46935,0.00009999999999998899,0.0002130833155763669
B-SPX_USDT,1789564166528,0.4693,0.4694,0.46935,0.00009999999999998899,0.0002130833155763669
B-SPX_USDT,1789564168930,0.4693,0.4694,0.46935,0.00009999999999998899,0.0002130833155763669
B-SPX_USDT,1789564171353,0.4693,0.4694,0.46935,0.00009999999999998899,0.0002130833155763669
B-SPX_USDT,1789564173808,0.4693,0.4694,0.46935,0.00009999999999998899,0.0002130833155763669
B-SPX_USDT,1789564176292,0.4693,0.4694,0.46935,0.00009999999999998899,0.0002130833155763669
B-SPX_USDT,1789564178727,0.4693,0.4694,0.46935,0.00009999999999998899,0.0002130833155763669
B-SPX_USDT,1789564181200,0.4693,0.4694,0.46935,0.00009999999999998899,0.0002130833155763669
B-SPX_USDT,1789564183639,0.4693,0.4694,0.46935,0.00009999999999998899,0.0002130833155763669
B-SPX_USDT,1789564186070,0.4693,0.4694,0.46935,0.00009999999999998899,0.0002130833155763669
B-SPX_USDT,1789564188493,0.4692,0.4694,0.4693,0.00019999999999997797,0.0004262574595054944
B-SPX_USDT,1789564190964,0.4692,0.4694,0.4693,0.00019999999999997797,0.0004262574595054944
B-SPX_USDT,1789564193393,0.4692,0.4694,0.4693,0.00019999999999997797,0.0004262574595054944
B-SPX_USDT,1789564195848,0.4692,0.4694,0.4693,0.00019999999999997797,0.0004262574595054944
B-SPX_USDT,1789564198274,0.4692,0.4693,0.46925,0.00009999999999998899,0.0002131287297527472
B-SPX_USDT,1789564200735,0.4692,0.4693,0.46925,0.00009999999999998899,0.0002131287297527472
B-SPX_USDT,1789564203200,0.4692,0.4693,0.46925,0.00009999999999998899,0.0002131287297527472
B-SPX_USDT,1789564205788,0.4691,0.4693,0.4692,0.00019999999999997797,0.0004263483265827712
B-SPX_USDT,1789564208238,0.4691,0.4693,0.4692,0.00019999999999997797,0.0004263483265827712
B-SPX_USDT,1789564210680,0.4689,0.4691,0.469,0.00020000000000003348,0.0004265301770100949
B-SPX_USDT,1789564213181,0.4689,0.4691,0.469,0.00020000000000003348,0.0004265301770100949
B-SPX_USDT,1789564215714,0.4688,0.469,0.4689,0.00019999999999997797,0.0004266211604095093
B-SPX_USDT,1789564218193,0.4688,0.4689,0.46885,0.00009999999999998899,0.00021331058020475466
B-SPX_USDT,1789564221221,0.469,0.4691,0.46904999999999997,0.0001000000000000445,0.00021321961620478572
B-SPX_USDT,1789564223629,0.469,0.4691,0.46904999999999997,0.0001000000000000445,0.00021321961620478572
B-SPX_USDT,1789564226085,0.4689,0.469,0.46895,0.00009999999999998899,0.00021326508850498825
B-SPX_USDT,1789564228498,0.4688,0.4689,0.46885,0.00009999999999998899,0.00021331058020475466
B-SPX_USDT,1789564230914,0.4686,0.4688,0.4687,0.00019999999999997797,0.0004268032437046051
B-SPX_USDT,1789564233357,0.4685,0.4688,0.46865,0.00029999999999996696,0.0006403415154748494
B-SPX_USDT,1789564235896,0.4685,0.4688,0.46865,0.00029999999999996696,0.0006403415154748494
B-SPX_USDT,1789564238465,0.4686,0.4688,0.4687,0.00019999999999997797,0.0004268032437046051
B-SPX_USDT,1789564241011,0.4686,0.4688,0.4687,0.00019999999999997797,0.0004268032437046051
B-SPX_USDT,1789564243501,0.4686,0.4688,0.4687,0.00019999999999997797,0.0004268032437046051
B-SPX_USDT,1789564245957,0.4686,0.4688,0.4687,0.00019999999999997797,0.0004268032437046051
B-SPX_USDT,1789564248399,0.4685,0.4687,0.4686,0.00019999999999997797,0.0004268943436498996
B-SPX_USDT,1789564250867,0.4685,0.4686,0.46855,0.00009999999999998899,0.0002134471718249498
B-SPX_USDT,1789564253348,0.4685,0.4686,0.46855,0.00009999999999998899,0.0002134471718249498
B-SPX_USDT,1789564255808,0.4685,0.4686,0.46855,0.00009999999999998899,0.0002134471718249498
B-SPX_USDT,1789564258244,0.4685,0.4686,0.46855,0.00009999999999998899,0.0002134471718249498
B-SPX_USDT,1789564260673,0.4685,0.4686,0.46855,0.00009999999999998899,0.0002134471718249498
B-SPX_USDT,1789564263093,0.4685,0.4686,0.46855,0.00009999999999998899,0.0002134471718249498
B-SPX_USDT,1789564265616,0.4685,0.4686,0.46855,0.00009999999999998899,0.0002134471718249498
B-SPX_USDT,1789564268151,0.4689,0.469,0.46895,0.00009999999999998899,0.00021326508850498825
B-SPX_USDT,1789564270631,0.4689,0.469,0.46895,0.00009999999999998899,0.00021326508850498825
B-SPX_USDT,1789564273102,0.4689,0.469,0.46895,0.00009999999999998899,0.00021326508850498825
B-SPX_USDT,1789564275586,0.4689,0.469,0.46895,0.00009999999999998899,0.00021326508850498825
B-SPX_USDT,1789564278026,0.4689,0.469,0.46895,0.00009999999999998899,0.00021326508850498825
B-SPX_USDT,1789564280436,0.4689,0.469,0.46895,0.00009999999999998899,0.00021326508850498825
B-SPX_USDT,1789564282931,0.4689,0.469,0.46895,0.00009999999999998899,0.00021326508850498825
B-SPX_USDT,1789564285433,0.469,0.4691,0.46904999999999997,0.0001000000000000445,0.00021321961620478572
B-SPX_USDT,1789564287899,0.469,0.4691,0.46904999999999997,0.0001000000000000445,0.00021321961620478572
B-SPX_USDT,1789564290361,0.469,0.4691,0.46904999999999997,0.0001000000000000445,0.00021321961620478572
B-SPX_USDT,1789564292845,0.4684,0.4687,0.46855,0.00030000000000002247,0.0006404782237404409
B-SPX_USDT,1789564295347,0.4683,0.4685,0.46840000000000004,0.00020000000000003348,0.00042707666026058826
B-SPX_USDT,1789564297757,0.4683,0.4685,0.46840000000000004,0.00020000000000003348,0.00042707666026058826
B-SPX_USDT,1789564300168,0.4684,0.4686,0.4685,0.00020000000000003348,0.0004269854824936667
B-SPX_USDT,1789564302591,0.4686,0.4687,0.46865,0.00009999999999998899,0.00021340162185230256
B-SPX_USDT,1789564305022,0.4686,0.4688,0.4687,0.00019999999999997797,0.0004268032437046051
B-SPX_USDT,1789564307458,0.4686,0.4688,0.4687,0.00019999999999997797,0.0004268032437046051
B-SPX_USDT,1789564309900,0.4686,0.4688,0.4687,0.00019999999999997797,0.0004268032437046051
B-SPX_USDT,1789564312398,0.4686,0.4689,0.46875,0.00029999999999996696,0.0006402048655569077
B-SPX_USDT,1789564314893,0.4686,0.4688,0.4687,0.00019999999999997797,0.0004268032437046051
B-SPX_USDT,1789564317324,0.4686,0.4688,0.4687,0.00019999999999997797,0.0004268032437046051
B-SPX_USDT,1789564319750,0.4686,0.4688,0.4687,0.00019999999999997797,0.0004268032437046051
B-SPX_USDT,1789564322162,0.4685,0.4687,0.4686,0.00019999999999997797,0.0004268943436498996
B-SPX_USDT,1789564324863,0.4683,0.4685,0.46840000000000004,0.00020000000000003348,0.00042707666026058826
B-SPX_USDT,1789564327287,0.4682,0.4684,0.4683,0.00019999999999997797,0.0004271678769756044
B-SPX_USDT,1789564329787,0.4682,0.4684,0.4683,0.00019999999999997797,0.0004271678769756044
B-SPX_USDT,1789564332285,0.4682,0.4684,0.4683,0.00019999999999997797,0.0004271678769756044
B-SPX_USDT,1789564334748,0.4682,0.4684,0.4683,0.00019999999999997797,0.0004271678769756044
B-SPX_USDT,1789564337325,0.4681,0.4683,0.4682,0.00019999999999997797,0.00042725913266391364
B-SPX_USDT,1789564339979,0.4681,0.4683,0.4682,0.00019999999999997797,0.00042725913266391364
B-SPX_USDT,1789564342447,0.4681,0.4683,0.4682,0.00019999999999997797,0.00042725913266391364
B-SPX_USDT,1789564344924,0.4681,0.4683,0.4682,0.00019999999999997797,0.00042725913266391364
B-SPX_USDT,1789564347628,0.4682,0.4683,0.46825,0.00009999999999998899,0.0002135839384878022
B-SPX_USDT,1789564350046,0.4682,0.4684,0.4683,0.00019999999999997797,0.0004271678769756044
B-SPX_USDT,1789564352482,0.4683,0.4684,0.46835,0.00009999999999998899,0.00021353833013023488
B-SPX_USDT,1789564354927,0.4683,0.4684,0.46835,0.00009999999999998899,0.00021353833013023488
B-SPX_USDT,1789564357381,0.4683,0.4684,0.46835,0.00009999999999998899,0.00021353833013023488
B-SPX_USDT,1789564359789,0.4683,0.4684,0.46835,0.00009999999999998899,0.00021353833013023488
B-SPX_USDT,1789564362253,0.4683,0.4684,0.46835,0.00009999999999998899,0.00021353833013023488
B-SPX_USDT,1789564364656,0.4682,0.4684,0.4683,0.00019999999999997797,0.0004271678769756044
B-SPX_USDT,1789564367095,0.4682,0.4684,0.4683,0.00019999999999997797,0.0004271678769756044
B-SPX_USDT,1789564369543,0.4682,0.4683,0.46825,0.00009999999999998899,0.0002135839384878022
B-SPX_USDT,1789564371998,0.4682,0.4683,0.46825,0.00009999999999998899,0.0002135839384878022
B-SPX_USDT,1789564374490,0.4682,0.4683,0.46825,0.00009999999999998899,0.0002135839384878022
B-SPX_USDT,1789564376915,0.4682,0.4683,0.46825,0.00009999999999998899,0.0002135839384878022
B-SPX_USDT,1789564379374,0.4682,0.4683,0.46825,0.00009999999999998899,0.0002135839384878022
B-SPX_USDT,1789564381819,0.4682,0.4683,0.46825,0.00009999999999998899,0.0002135839384878022
B-SPX_USDT,1789564384262,0.4682,0.4683,0.46825,0.00009999999999998899,0.0002135839384878022
B-SPX_USDT,1789564386796,0.4686,0.4688,0.4687,0.00019999999999997797,0.0004268032437046051
B-SPX_USDT,1789564389337,0.4686,0.4688,0.4687,0.00019999999999997797,0.0004268032437046051
B-SPX_USDT,1789564391822,0.4687,0.4689,0.4688,0.00019999999999997797,0.0004267121826327672
B-SPX_USDT,1789564394319,0.4687,0.4689,0.4688,0.00019999999999997797,0.0004267121826327672
B-SPX_USDT,1789564396780,0.4691,0.4693,0.4692,0.00019999999999997797,0.0004263483265827712
B-SPX_USDT,1789564399257,0.4691,0.4693,0.4692,0.00019999999999997797,0.0004263483265827712
B-SPX_USDT,1789564401698,0.4691,0.4694,0.46925,0.00029999999999996696,0.0006395224898741568
B-SPX_USDT,1789564404177,0.4691,0.4693,0.4692,0.00019999999999997797,0.0004263483265827712
B-SPX_USDT,1789564406637,0.4691,0.4693,0.4692,0.00019999999999997797,0.0004263483265827712
B-SPX_USDT,1789564409096,0.4691,0.4693,0.4692,0.00019999999999997797,0.0004263483265827712
B-SPX_USDT,1789564411583,0.4691,0.4693,0.4692,0.00019999999999997797,0.0004263483265827712
B-SPX_USDT,1789564414001,0.4692,0.4694,0.4693,0.00019999999999997797,0.0004262574595054944
B-SPX_USDT,1789564416441,0.4693,0.4694,0.46935,0.00009999999999998899,0.0002130833155763669
B-SPX_USDT,1789564418885,0.4693,0.4694,0.46935,0.00009999999999998899,0.0002130833155763669
B-SPX_USDT,1789564421407,0.4695,0.4696,0.46955,0.0001000000000000445,0.00021299254526101067
B-SPX_USDT,1789564423874,0.4695,0.4696,0.46955,0.0001000000000000445,0.00021299254526101067
B-SPX_USDT,1789564426289,0.4694,0.4696,0.46950000000000003,0.00020000000000003348,0.00042607584149985834
B-SPX_USDT,1789564428712,0.4695,0.4696,0.46955,0.0001000000000000445,0.00021299254526101067
B-SPX_USDT,1789564431146,0.4696,0.4697,0.46965,0.00009999999999998899,0.00021294718909708045
B-SPX_USDT,1789564433594,0.4696,0.4697,0.46965,0.00009999999999998899,0.00021294718909708045
B-SPX_USDT,1789564436054,0.4696,0.4697,0.46965,0.00009999999999998899,0.00021294718909708045
B-SPX_USDT,1789564438493,0.4698,0.4701,0.46995,0.00030000000000002247,0.0006385696040868933
B-SPX_USDT,1789564440908,0.4705,0.4708,0.47065,0.00030000000000002247,0.0006376195536663602
B-SPX_USDT,1789564443337,0.4705,0.4706,0.47055,0.0001000000000000445,0.00021253985122219874
B-SPX_USDT,1789564445763,0.4705,0.4706,0.47055,0.0001000000000000445,0.00021253985122219874
B-SPX_USDT,1789564448173,0.4702,0.4703,0.47025,0.00009999999999998899,0.00021267545725220965
B-SPX_USDT,1789564450612,0.4702,0.4703,0.47025,0.00009999999999998899,0.00021267545725220965
B-SPX_USDT,1789564453085,0.4702,0.4703,0.47025,0.00009999999999998899,0.00021267545725220965
B-SPX_USDT,1789564455564,0.4702,0.4703,0.47025,0.00009999999999998899,0.00021267545725220965
B-SPX_USDT,1789564458553,0.4702,0.4703,0.47025,0.00009999999999998899,0.00021267545725220965
B-SPX_USDT,1789564461040,0.4702,0.4703,0.47025,0.00009999999999998899,0.00021267545725220965
B-SPX_USDT,1789564463554,0.4701,0.4703,0.4702,0.00019999999999997797,0.0004254413954477302
B-SPX_USDT,1789564465971,0.4702,0.4703,0.47025,0.00009999999999998899,0.00021267545725220965
B-SPX_USDT,1789564468408,0.4702,0.4703,0.47025,0.00009999999999998899,0.00021267545725220965
B-SPX_USDT,1789564470832,0.4701,0.4703,0.4702,0.00019999999999997797,0.0004254413954477302
B-SPX_USDT,1789564473274,0.4699,0.4703,0.47009999999999996,0.00040000000000001146,0.0008512449457331591
B-SPX_USDT,1789564475727,0.4701,0.4703,0.4702,0.00019999999999997797,0.0004254413954477302
B-SPX_USDT,1789564478194,0.4701,0.4703,0.4702,0.00019999999999997797,0.0004254413954477302
B-SPX_USDT,1789564480732,0.4702,0.4703,0.47025,0.00009999999999998899,0.00021267545725220965
B-SPX_USDT,1789564483192,0.4702,0.4703,0.47025,0.00009999999999998899,0.00021267545725220965
B-SPX_USDT,1789564485628,0.4702,0.4703,0.47025,0.00009999999999998899,0.00021267545725220965
B-SPX_USDT,1789564488049,0.4702,0.4703,0.47025,0.00009999999999998899,0.00021267545725220965
B-SPX_USDT,1789564490466,0.4702,0.4703,0.47025,0.00009999999999998899,0.00021267545725220965
B-SPX_USDT,1789564492868,0.4702,0.4703,0.47025,0.00009999999999998899,0.00021267545725220965
B-SPX_USDT,1789564495327,0.4715,0.4718,0.47165,0.00030000000000002247,0.0006362672322375875
B-SPX_USDT,1789564497757,0.4711,0.4712,0.47115,0.00009999999999998899,0.00021226915729142217
B-SPX_USDT,1789564500230,0.4711,0.4712,0.47115,0.00009999999999998899,0.00021226915729142217
B-SPX_USDT,1789564502674,0.4711,0.4712,0.47115,0.00009999999999998899,0.00021226915729142217
B-SPX_USDT,1789564505142,0.4711,0.4712,0.47115,0.00009999999999998899,0.00021226915729142217
B-SPX_USDT,1789564507602,0.4712,0.4713,0.47125,0.00009999999999998899,0.00021222410865872027
B-SPX_USDT,1789564510058,0.4712,0.4715,0.47135,0.00029999999999996696,0.0006366723259761608
B-SPX_USDT,1789564512514,0.4709,0.471,0.47095,0.00009999999999998899,0.00021235931195580588
B-SPX_USDT,1789564514980,0.4709,0.471,0.47095,0.00009999999999998899,0.00021235931195580588
B-SPX_USDT,1789564517444,0.4708,0.471,0.4709,0.00019999999999997797,0.0004248088360237425
B-SPX_USDT,1789564519891,0.471,0.4712,0.47109999999999996,0.00020000000000003348,0.00042462845010622825
B-SPX_USDT,1789564522409,0.471,0.4712,0.47109999999999996,0.00020000000000003348,0.00042462845010622825
B-SPX_USDT,1789564524881,0.471,0.4712,0.47109999999999996,0.00020000000000003348,0.00042462845010622825
B-SPX_USDT,1789564527379,0.471,0.4712,0.47109999999999996,0.00020000000000003348,0.00042462845010622825
B-SPX_USDT,1789564529836,0.471,0.4712,0.47109999999999996,0.00020000000000003348,0.00042462845010622825
B-SPX_USDT,1789564532374,0.471,0.4712,0.47109999999999996,0.00020000000000003348,0.00042462845010622825
B-SPX_USDT,1789564534907,0.471,0.4712,0.47109999999999996,0.00020000000000003348,0.00042462845010622825
B-SPX_USDT,1789564537396,0.471,0.4712,0.47109999999999996,0.00020000000000003348,0.00042462845010622825
B-SPX_USDT,1789564540075,0.4718,0.4721,0.47195,0.00030000000000002247,0.0006358626536668556
B-SPX_USDT,1789564542570,0.4718,0.4721,0.47195,0.00030000000000002247,0.0006358626536668556
B-SPX_USDT,1789564545115,0.4718,0.4721,0.47195,0.00030000000000002247,0.0006358626536668556
B-SPX_USDT,1789564547622,0.4718,0.4722,0.472,0.00040000000000001146,0.0008478168715557682
B-SPX_USDT,1789564550179,0.4718,0.4722,0.472,0.00040000000000001146,0.0008478168715557682
B-SPX_USDT,1789564552640,0.4721,0.4722,0.47215,0.00009999999999998899,0.0002118195297606206
B-SPX_USDT,1789564555084,0.4721,0.4722,0.47215,0.00009999999999998899,0.0002118195297606206
B-SPX_USDT,1789564557570,0.4721,0.4722,0.47215,0.00009999999999998899,0.0002118195297606206
B-SPX_USDT,1789564560077,0.4721,0.4722,0.47215,0.00009999999999998899,0.0002118195297606206
B-SPX_USDT,1789564562618,0.4726,0.4728,0.4727,0.00019999999999997797,0.0004231908590773973
B-SPX_USDT,1789564565251,0.4725,0.4727,0.4726,0.00020000000000003348,0.00042328042328049415
B-SPX_USDT,1789564567691,0.4725,0.4727,0.4726,0.00020000000000003348,0.00042328042328049415
B-SPX_USDT,1789564570118,0.4727,0.4729,0.4728,0.00019999999999997797,0.00042310133276915164
B-SPX_USDT,1789564572631,0.4726,0.4728,0.4727,0.00019999999999997797,0.0004231908590773973
B-SPX_USDT,1789564575062,0.4723,0.4725,0.4724,0.00019999999999997797,0.00042345966546681766
B-SPX_USDT,1789564577502,0.4723,0.4725,0.4724,0.00019999999999997797,0.00042345966546681766
B-SPX_USDT,1789564579914,0.4723,0.4725,0.4724,0.00019999999999997797,0.00042345966546681766
B-SPX_USDT,1789564582349,0.4723,0.4724,0.47235,0.00009999999999998899,0.00021172983273340883
B-SPX_USDT,1789564584784,0.4723,0.4724,0.47235,0.00009999999999998899,0.00021172983273340883
B-SPX_USDT,1789564587220,0.4723,0.4725,0.4724,0.00019999999999997797,0.00042345966546681766
B-SPX_USDT,1789564589642,0.4722,0.4723,0.47225,0.00009999999999998899,0.00021177467174923547
B-SPX_USDT,1789564592080,0.4721,0.4722,0.47215,0.00009999999999998899,0.0002118195297606206
B-SPX_USDT,1789564594536,0.4719,0.4721,0.472,0.00020000000000003348,0.00042381860563685844
B-SPX_USDT,1789564596977,0.4719,0.4721,0.472,0.00020000000000003348,0.00042381860563685844
B-SPX_USDT,1789564599457,0.4719,0.472,0.47195,0.00009999999999998899,0.0002119093028183704
B-SPX_USDT,1789564601908,0.4717,0.4719,0.4718,0.00019999999999997797,0.0004239983040067373
B-SPX_USDT,1789564604366,0.4717,0.4718,0.47175,0.00009999999999998899,0.00021199915200336865
B-SPX_USDT,1789564606855,0.4715,0.4716,0.47155,0.0001000000000000445,0.00021208907741260765
B-SPX_USDT,1789564609267,0.4715,0.4716,0.47155,0.0001000000000000445,0.00021208907741260765
B-SPX_USDT,1789564611710,0.4715,0.4716,0.47155,0.0001000000000000445,0.00021208907741260765
B-SPX_USDT,1789564614166,0.4715,0.4716,0.47155,0.0001000000000000445,0.00021208907741260765
B-SPX_USDT,1789564616605,0.4715,0.4716,0.47155,0.0001000000000000445,0.00021208907741260765
B-SPX_USDT,1789564619071,0.4715,0.4716,0.47155,0.0001000000000000445,0.00021208907741260765
B-SPX_USDT,1789564621512,0.4715,0.4716,0.47155,0.0001000000000000445,0.00021208907741260765
B-SPX_USDT,1789564623973,0.4715,0.4716,0.47155,0.0001000000000000445,0.00021208907741260765
B-SPX_USDT,1789564626437,0.4715,0.4716,0.47155,0.0001000000000000445,0.00021208907741260765
B-SPX_USDT,1789564628903,0.4715,0.4716,0.47155,0.0001000000000000445,0.00021208907741260765
B-SPX_USDT,1789564631366,0.4715,0.4716,0.47155,0.0001000000000000445,0.00021208907741260765
B-SPX_USDT,1789564633935,0.4715,0.4716,0.47155,0.0001000000000000445,0.00021208907741260765
B-SPX_USDT,1789564636352,0.4715,0.4716,0.47155,0.0001000000000000445,0.00021208907741260765
B-SPX_USDT,1789564638839,0.4714,0.4716,0.47150000000000003,0.00020000000000003348,0.0004242681374629476
B-SPX_USDT,1789564641272,0.4714,0.4716,0.47150000000000003,0.00020000000000003348,0.0004242681374629476
B-SPX_USDT,1789564643770,0.4714,0.4716,0.47150000000000003,0.00020000000000003348,0.0004242681374629476
B-SPX_USDT,1789564646295,0.4714,0.4716,0.47150000000000003,0.00020000000000003348,0.0004242681374629476
B-SPX_USDT,1789564648862,0.4714,0.4716,0.47150000000000003,0.00020000000000003348,0.0004242681374629476
B-SPX_USDT,1789564651290,0.4714,0.4715,0.47145,0.00009999999999998899,0.0002121340687314149
B-SPX_USDT,1789564653711,0.4714,0.4715,0.47145,0.00009999999999998899,0.0002121340687314149
B-SPX_USDT,1789564656159,0.4714,0.4716,0.47150000000000003,0.00020000000000003348,0.0004242681374629476
B-SPX_USDT,1789564658607,0.4718,0.472,0.4719,0.00019999999999997797,0.0004239084357778253
B-SPX_USDT,1789564661098,0.4718,0.472,0.4719,0.00019999999999997797,0.0004239084357778253
B-SPX_USDT,1789564663549,0.4718,0.472,0.4719,0.00019999999999997797,0.0004239084357778253
B-SPX_USDT,1789564666052,0.4718,0.4719,0.47185,0.00009999999999998899,0.00021195421788891265
B-SPX_USDT,1789564668567,0.4718,0.472,0.4719,0.00019999999999997797,0.0004239084357778253
B-SPX_USDT,1789564671099,0.4718,0.472,0.4719,0.00019999999999997797,0.0004239084357778253
B-SPX_USDT,1789564673535,0.4718,0.472,0.4719,0.00019999999999997797,0.0004239084357778253
B-SPX_USDT,1789564675988,0.4718,0.472,0.4719,0.00019999999999997797,0.0004239084357778253
B-SPX_USDT,1789564678420,0.4718,0.4719,0.47185,0.00009999999999998899,0.00021195421788891265
B-SPX_USDT,1789564680864,0.4718,0.4719,0.47185,0.00009999999999998899,0.00021195421788891265
B-SPX_USDT,1789564683369,0.4718,0.472,0.4719,0.00019999999999997797,0.0004239084357778253
B-SPX_USDT,1789564685834,0.4718,0.472,0.4719,0.00019999999999997797,0.0004239084357778253
B-SPX_USDT,1789564688603,0.4718,0.472,0.4719,0.00019999999999997797,0.0004239084357778253
B-SPX_USDT,1789564691084,0.4718,0.472,0.4719,0.00019999999999997797,0.0004239084357778253
B-SPX_USDT,1789564693561,0.4718,0.472,0.4719,0.00019999999999997797,0.0004239084357778253
B-SPX_USDT,1789564696058,0.4718,0.472,0.4719,0.00019999999999997797,0.0004239084357778253
B-SPX_USDT,1789564698573,0.4718,0.472,0.4719,0.00019999999999997797,0.0004239084357778253
B-SPX_USDT,1789564701039,0.4718,0.4719,0.47185,0.00009999999999998899,0.00021195421788891265
B-SPX_USDT,1789564703520,0.4721,0.4722,0.47215,0.00009999999999998899,0.0002118195297606206
B-SPX_USDT,1789564705971,0.4723,0.4725,0.4724,0.00019999999999997797,0.00042345966546681766
B-SPX_USDT,1789564708383,0.4724,0.4725,0.47245,0.00009999999999998899,0.00021168501270107744
B-SPX_USDT,1789564710893,0.4724,0.4725,0.47245,0.00009999999999998899,0.00021168501270107744
B-SPX_USDT,1789564713409,0.4724,0.4725,0.47245,0.00009999999999998899,0.00021168501270107744
B-SPX_USDT,1789564715932,0.4724,0.4725,0.47245,0.00009999999999998899,0.00021168501270107744
B-SPX_USDT,1789564718417,0.4724,0.4725,0.47245,0.00009999999999998899,0.00021168501270107744
B-SPX_USDT,1789564720889,0.4724,0.4725,0.47245,0.00009999999999998899,0.00021168501270107744
B-SPX_USDT,1789564723357,0.4722,0.4725,0.47235,0.00029999999999996696,0.0006353240152477064
B-SPX_USDT,1789564725815,0.4722,0.4724,0.4723,0.00019999999999997797,0.00042354934349847094
B-SPX_USDT,1789564728249,0.4723,0.4724,0.47235,0.00009999999999998899,0.00021172983273340883
B-SPX_USDT,1789564730734,0.4723,0.4724,0.47235,0.00009999999999998899,0.00021172983273340883
B-SPX_USDT,1789564733175,0.4723,0.4724,0.47235,0.00009999999999998899,0.00021172983273340883
B-SPX_USDT,1789564735615,0.4723,0.4724,0.47235,0.00009999999999998899,0.00021172983273340883
B-SPX_USDT,1789564738120,0.4723,0.4724,0.47235,0.00009999999999998899,0.00021172983273340883
B-SPX_USDT,1789564740570,0.4723,0.4724,0.47235,0.00009999999999998899,0.00021172983273340883
B-SPX_USDT,1789564743022,0.4723,0.4724,0.47235,0.00009999999999998899,0.00021172983273340883
B-SPX_USDT,1789564745487,0.4721,0.4723,0.4722,0.00019999999999997797,0.0004236390595212412
B-SPX_USDT,1789564747927,0.4721,0.4723,0.4722,0.00019999999999997797,0.0004236390595212412
B-SPX_USDT,1789564750394,0.471,0.4712,0.47109999999999996,0.00020000000000003348,0.00042462845010622825
B-SPX_USDT,1789564752840,0.4711,0.4712,0.47115,0.00009999999999998899,0.00021226915729142217
B-SPX_USDT,1789564755404,0.4713,0.4714,0.47135,0.00009999999999998899,0.00021217907914277315
B-SPX_USDT,1789564757825,0.4713,0.4714,0.47135,0.00009999999999998899,0.00021217907914277315
B-SPX_USDT,1789564760307,0.4713,0.4714,0.47135,0.00009999999999998899,0.00021217907914277315
B-SPX_USDT,1789564762816,0.4713,0.4714,0.47135,0.00009999999999998899,0.00021217907914277315
B-SPX_USDT,1789564765229,0.4713,0.4714,0.47135,0.00009999999999998899,0.00021217907914277315
B-SPX_USDT,1789564767956,0.4713,0.4714,0.47135,0.00009999999999998899,0.00021217907914277315
B-SPX_USDT,1789564770428,0.4713,0.4714,0.47135,0.00009999999999998899,0.00021217907914277315
B-SPX_USDT,1789564772870,0.4713,0.4714,0.47135,0.00009999999999998899,0.00021217907914277315
B-SPX_USDT,1789564775372,0.4712,0.4714,0.4713,0.00019999999999997797,0.00042444821731744053
B-SPX_USDT,1789564777904,0.4712,0.4714,0.4713,0.00019999999999997797,0.00042444821731744053
B-SPX_USDT,1789564780319,0.4712,0.4714,0.4713,0.00019999999999997797,0.00042444821731744053
B-SPX_USDT,1789564782735,0.4712,0.4714,0.4713,0.00019999999999997797,0.00042444821731744053
B-SPX_USDT,1789564785200,0.4712,0.4714,0.4713,0.00019999999999997797,0.00042444821731744053
B-SPX_USDT,1789564787652,0.4713,0.4714,0.47135,0.00009999999999998899,0.00021217907914277315
B-SPX_USDT,1789564790099,0.4713,0.4714,0.47135,0.00009999999999998899,0.00021217907914277315
B-SPX_USDT,1789564792547,0.4713,0.4714,0.47135,0.00009999999999998899,0.00021217907914277315
B-SPX_USDT,1789564794950,0.4713,0.4714,0.47135,0.00009999999999998899,0.00021217907914277315
B-SPX_USDT,1789564797401,0.4713,0.4714,0.47135,0.00009999999999998899,0.00021217907914277315
B-SPX_USDT,1789564799844,0.4711,0.4713,0.4712,0.00019999999999997797,0.00042453831458284433
B-SPX_USDT,1789564802293,0.4707,0.4709,0.4708,0.00019999999999997797,0.0004248990864669173
B-SPX_USDT,1789564804750,0.4705,0.4706,0.47055,0.0001000000000000445,0.00021253985122219874
B-SPX_USDT,1789564807179,0.4705,0.4706,0.47055,0.0001000000000000445,0.00021253985122219874
B-SPX_USDT,1789564809589,0.4705,0.4706,0.47055,0.0001000000000000445,0.00021253985122219874
B-SPX_USDT,1789564812034,0.4705,0.4706,0.47055,0.0001000000000000445,0.00021253985122219874
B-SPX_USDT,1789564814463,0.4705,0.4706,0.47055,0.0001000000000000445,0.00021253985122219874
B-SPX_USDT,1789564816891,0.4705,0.4706,0.47055,0.0001000000000000445,0.00021253985122219874
B-SPX_USDT,1789564819337,0.4705,0.4706,0.47055,0.0001000000000000445,0.00021253985122219874
B-SPX_USDT,1789564821879,0.4705,0.4706,0.47055,0.0001000000000000445,0.00021253985122219874
B-SPX_USDT,1789564824446,0.4703,0.4705,0.4704,0.00019999999999997797,0.00042526047203907716
B-SPX_USDT,1789564827094,0.4703,0.4705,0.4704,0.00019999999999997797,0.00042526047203907716
B-SPX_USDT,1789564829599,0.4704,0.4705,0.47045,0.00009999999999998899,0.00021258503401358204
B-SPX_USDT,1789564832183,0.4705,0.4706,0.47055,0.0001000000000000445,0.00021253985122219874
B-SPX_USDT,1789564834803,0.4705,0.4706,0.47055,0.0001000000000000445,0.00021253985122219874
B-SPX_USDT,1789564837393,0.4705,0.4706,0.47055,0.0001000000000000445,0.00021253985122219874
B-SPX_USDT,1789564839914,0.4705,0.4706,0.47055,0.0001000000000000445,0.00021253985122219874
B-SPX_USDT,1789564842371,0.4706,0.4707,0.47065,0.00009999999999998899,0.00021249468763278576
B-SPX_USDT,1789564844841,0.4706,0.4708,0.4707,0.00019999999999997797,0.0004249893752655715
B-SPX_USDT,1789564847297,0.4706,0.4708,0.4707,0.00019999999999997797,0.0004249893752655715
B-SPX_USDT,1789564849738,0.4706,0.4708,0.4707,0.00019999999999997797,0.0004249893752655715
B-SPX_USDT,1789564852207,0.4704,0.4705,0.47045,0.00009999999999998899,0.00021258503401358204
B-SPX_USDT,1789564854798,0.4704,0.4705,0.47045,0.00009999999999998899,0.00021258503401358204
B-SPX_USDT,1789564857270,0.4704,0.4707,0.47055,0.00030000000000002247,0.0006377551020408641
B-SPX_USDT,1789564859729,0.4705,0.4707,0.4706,0.00020000000000003348,0.0004250797024442795
B-SPX_USDT,1789564862296,0.4706,0.4708,0.4707,0.00019999999999997797,0.0004249893752655715
B-SPX_USDT,1789564864766,0.4707,0.4709,0.4708,0.00019999999999997797,0.0004248990864669173
B-SPX_USDT,1789564867206,0.4707,0.4709,0.4708,0.00019999999999997797,0.0004248990864669173
B-SPX_USDT,1789564869690,0.4707,0.4709,0.4708,0.00019999999999997797,0.0004248990864669173
B-SPX_USDT,1789564872122,0.4705,0.4707,0.4706,0.00020000000000003348,0.0004250797024442795
B-SPX_USDT,1789564874589,0.4705,0.4707,0.4706,0.00020000000000003348,0.0004250797024442795
B-SPX_USDT,1789564877066,0.4707,0.4708,0.47075,0.00009999999999998899,0.00021244954323345865
B-SPX_USDT,1789564879546,0.4707,0.4708,0.47075,0.00009999999999998899,0.00021244954323345865
B-SPX_USDT,1789564882051,0.4708,0.4709,0.47085,0.00009999999999998899,0.00021240441801187126
B-SPX_USDT,1789564884547,0.4709,0.471,0.47095,0.00009999999999998899,0.00021235931195580588
B-SPX_USDT,1789564887020,0.4709,0.471,0.47095,0.00009999999999998899,0.00021235931195580588
B-SPX_USDT,1789564889463,0.4709,0.471,0.47095,0.00009999999999998899,0.00021235931195580588
B-SPX_USDT,1789564891950,0.4709,0.471,0.47095,0.00009999999999998899,0.00021235931195580588
B-SPX_USDT,1789564894484,0.4709,0.471,0.47095,0.00009999999999998899,0.00021235931195580588
B-SPX_USDT,1789564896947,0.4711,0.4713,0.4712,0.00019999999999997797,0.00042453831458284433
B-SPX_USDT,1789564899510,0.4711,0.4713,0.4712,0.00019999999999997797,0.00042453831458284433
B-SPX_USDT,1789564901951,0.4711,0.4713,0.4712,0.00019999999999997797,0.00042453831458284433
B-SPX_USDT,1789564904376,0.4711,0.4713,0.4712,0.00019999999999997797,0.00042453831458284433
B-SPX_USDT,1789564906830,0.471,0.4712,0.47109999999999996,0.00020000000000003348,0.00042462845010622825
B-SPX_USDT,1789564909302,0.4709,0.4711,0.471,0.00020000000000003348,0.00042471862391172966
B-SPX_USDT,1789564911836,0.4707,0.471,0.47085,0.00029999999999996696,0.000637348629700376
B-SPX_USDT,1789564914325,0.4707,0.4709,0.4708,0.00019999999999997797,0.0004248990864669173
B-SPX_USDT,1789564916798,0.4707,0.4709,0.4708,0.00019999999999997797,0.0004248990864669173
B-SPX_USDT,1789564919232,0.4708,0.471,0.4709,0.00019999999999997797,0.0004248088360237425
B-SPX_USDT,1789564921672,0.4708,0.471,0.4709,0.00019999999999997797,0.0004248088360237425
B-SPX_USDT,1789564924118,0.4711,0.4713,0.4712,0.00019999999999997797,0.00042453831458284433
B-SPX_USDT,1789564926575,0.4712,0.4713,0.47125,0.00009999999999998899,0.00021222410865872027
B-SPX_USDT,1789564929034,0.4712,0.4713,0.47125,0.00009999999999998899,0.00021222410865872027
B-SPX_USDT,1789564931494,0.4712,0.4713,0.47125,0.00009999999999998899,0.00021222410865872027
B-SPX_USDT,1789564933950,0.4712,0.4713,0.47125,0.00009999999999998899,0.00021222410865872027
B-SPX_USDT,1789564936459,0.4712,0.4713,0.47125,0.00009999999999998899,0.00021222410865872027
B-SPX_USDT,1789564938915,0.4712,0.4713,0.47125,0.00009999999999998899,0.00021222410865872027
B-SPX_USDT,1789564941379,0.4712,0.4713,0.47125,0.00009999999999998899,0.00021222410865872027
B-SPX_USDT,1789564943826,0.4712,0.4713,0.47125,0.00009999999999998899,0.00021222410865872027
B-SPX_USDT,1789564946257,0.4712,0.4713,0.47125,0.00009999999999998899,0.00021222410865872027
B-SPX_USDT,1789564948691,0.4712,0.4713,0.47125,0.00009999999999998899,0.00021222410865872027
B-SPX_USDT,1789564951134,0.4712,0.4713,0.47125,0.00009999999999998899,0.00021222410865872027
B-SPX_USDT,1789564953554,0.4712,0.4713,0.47125,0.00009999999999998899,0.00021222410865872027
B-SPX_USDT,1789564955987,0.4712,0.4713,0.47125,0.00009999999999998899,0.00021222410865872027
B-SPX_USDT,1789564958420,0.4711,0.4713,0.4712,0.00019999999999997797,0.00042453831458284433
B-SPX_USDT,1789564960899,0.4711,0.4713,0.4712,0.00019999999999997797,0.00042453831458284433
B-SPX_USDT,1789564963327,0.4711,0.4713,0.4712,0.00019999999999997797,0.00042453831458284433
B-SPX_USDT,1789564965770,0.4711,0.4713,0.4712,0.00019999999999997797,0.00042453831458284433
B-SPX_USDT,1789564968207,0.4711,0.4713,0.4712,0.00019999999999997797,0.00042453831458284433
B-SPX_USDT,1789564970632,0.4711,0.4713,0.4712,0.00019999999999997797,0.00042453831458284433
B-SPX_USDT,1789564973065,0.4711,0.4713,0.4712,0.00019999999999997797,0.00042453831458284433
B-SPX_USDT,1789564975527,0.4711,0.4713,0.4712,0.00019999999999997797,0.00042453831458284433
B-SPX_USDT,1789564978010,0.4711,0.4713,0.4712,0.00019999999999997797,0.00042453831458284433
B-SPX_USDT,1789564980480,0.4709,0.4711,0.471,0.00020000000000003348,0.00042471862391172966
B-SPX_USDT,1789564982938,0.471,0.4712,0.47109999999999996,0.00020000000000003348,0.00042462845010622825
B-SPX_USDT,1789564985450,0.471,0.4712,0.47109999999999996,0.00020000000000003348,0.00042462845010622825
B-SPX_USDT,1789564987988,0.471,0.4712,0.47109999999999996,0.00020000000000003348,0.00042462845010622825
B-SPX_USDT,1789564990557,0.4709,0.471,0.47095,0.00009999999999998899,0.00021235931195580588
B-SPX_USDT,1789564993007,0.4704,0.4705,0.47045,0.00009999999999998899,0.00021258503401358204
B-SPX_USDT,1789564995497,0.4702,0.4703,0.47025,0.00009999999999998899,0.00021267545725220965
B-SPX_USDT,1789564997992,0.4702,0.4703,0.47025,0.00009999999999998899,0.00021267545725220965
B-SPX_USDT,1789565000439,0.4702,0.4703,0.47025,0.00009999999999998899,0.00021267545725220965
B-SPX_USDT,1789565002878,0.4702,0.4703,0.47025,0.00009999999999998899,0.00021267545725220965
B-SPX_USDT,1789565005362,0.4702,0.4703,0.47025,0.00009999999999998899,0.00021267545725220965
B-SPX_USDT,1789565008092,0.4699,0.47,0.46995,0.00009999999999998899,0.00021281123643326024
B-SPX_USDT,1789565010586,0.4705,0.4707,0.4706,0.00020000000000003348,0.0004250797024442795
B-SPX_USDT,1789565013045,0.4705,0.4708,0.47065,0.00030000000000002247,0.0006376195536663602
B-SPX_USDT,1789565015600,0.4704,0.4707,0.47055,0.00030000000000002247,0.0006377551020408641
B-SPX_USDT,1789565018234,0.4704,0.4706,0.47050000000000003,0.00020000000000003348,0.0004251700680272821
B-SPX_USDT,1789565020761,0.4701,0.4704,0.47025,0.00029999999999996696,0.0006381620931715953
B-SPX_USDT,1789565023286,0.4701,0.4704,0.47025,0.00029999999999996696,0.0006381620931715953
B-SPX_USDT,1789565026238,0.4702,0.4705,0.47035,0.00029999999999996696,0.000638026371756629
B-SPX_USDT,1789565028965,0.4702,0.4705,0.47035,0.00029999999999996696,0.000638026371756629
B-SPX_USDT,1789565031808,0.4701,0.4704,0.47025,0.00029999999999996696,0.0006381620931715953
B-SPX_USDT,1789565034267,0.4701,0.4704,0.47025,0.00029999999999996696,0.0006381620931715953
B-SPX_USDT,1789565036720,0.4701,0.4704,0.47025,0.00029999999999996696,0.0006381620931715953
B-SPX_USDT,1789565039160,0.4702,0.4704,0.4703,0.00019999999999997797,0.0004253509145044193
B-SPX_USDT,1789565041626,0.4704,0.4705,0.47045,0.00009999999999998899,0.00021258503401358204
B-SPX_USDT,1789565044101,0.4704,0.4706,0.47050000000000003,0.00020000000000003348,0.0004251700680272821
B-SPX_USDT,1789565046586,0.4704,0.4706,0.47050000000000003,0.00020000000000003348,0.0004251700680272821
B-SPX_USDT,1789565049022,0.4704,0.4706,0.47050000000000003,0.00020000000000003348,0.0004251700680272821
B-SPX_USDT,1789565051462,0.4704,0.4706,0.47050000000000003,0.00020000000000003348,0.0004251700680272821
B-SPX_USDT,1789565053924,0.4704,0.4706,0.47050000000000003,0.00020000000000003348,0.0004251700680272821
B-SPX_USDT,1789565056358,0.4704,0.4706,0.47050000000000003,0.00020000000000003348,0.0004251700680272821
B-SPX_USDT,1789565058807,0.4704,0.4706,0.47050000000000003,0.00020000000000003348,0.0004251700680272821
B-SPX_USDT,1789565061307,0.4705,0.4706,0.47055,0.0001000000000000445,0.00021253985122219874
B-SPX_USDT,1789565063777,0.4705,0.4706,0.47055,0.0001000000000000445,0.00021253985122219874
B-SPX_USDT,1789565066342,0.4705,0.4706,0.47055,0.0001000000000000445,0.00021253985122219874
B-SPX_USDT,1789565068802,0.4705,0.4706,0.47055,0.0001000000000000445,0.00021253985122219874
B-SPX_USDT,1789565071271,0.4705,0.4706,0.47055,0.0001000000000000445,0.00021253985122219874
B-SPX_USDT,1789565073717,0.4705,0.4706,0.47055,0.0001000000000000445,0.00021253985122219874
B-SPX_USDT,1789565076258,0.4705,0.4706,0.47055,0.0001000000000000445,0.00021253985122219874
B-SPX_USDT,1789565078698,0.4707,0.4708,0.47075,0.00009999999999998899,0.00021244954323345865
B-SPX_USDT,1789565081171,0.4707,0.4708,0.47075,0.00009999999999998899,0.00021244954323345865
B-SPX_USDT,1789565083679,0.4707,0.4708,0.47075,0.00009999999999998899,0.00021244954323345865
B-SPX_USDT,1789565086175,0.4707,0.4708,0.47075,0.00009999999999998899,0.00021244954323345865
B-SPX_USDT,1789565088628,0.4707,0.4708,0.47075,0.00009999999999998899,0.00021244954323345865
B-SPX_USDT,1789565091069,0.4707,0.4708,0.47075,0.00009999999999998899,0.00021244954323345865
B-SPX_USDT,1789565093556,0.4705,0.4707,0.4706,0.00020000000000003348,0.0004250797024442795
B-SPX_USDT,1789565095997,0.4705,0.4707,0.4706,0.00020000000000003348,0.0004250797024442795
B-SPX_USDT,1789565098523,0.4704,0.4705,0.47045,0.00009999999999998899,0.00021258503401358204
B-SPX_USDT,1789565101009,0.4702,0.4703,0.47025,0.00009999999999998899,0.00021267545725220965
B-SPX_USDT,1789565103497,0.4703,0.4704,0.47035,0.00009999999999998899,0.00021263023601953858
B-SPX_USDT,1789565105937,0.4703,0.4704,0.47035,0.00009999999999998899,0.00021263023601953858
B-SPX_USDT,1789565108387,0.4703,0.4704,0.47035,0.00009999999999998899,0.00021263023601953858
B-SPX_USDT,1789565110861,0.4703,0.4704,0.47035,0.00009999999999998899,0.00021263023601953858
B-SPX_USDT,1789565113375,0.4703,0.4704,0.47035,0.00009999999999998899,0.00021263023601953858
B-SPX_USDT,1789565115953,0.4703,0.4704,0.47035,0.00009999999999998899,0.00021263023601953858
B-SPX_USDT,1789565118429,0.4703,0.4704,0.47035,0.00009999999999998899,0.00021263023601953858
B-SPX_USDT,1789565120903,0.4704,0.4705,0.47045,0.00009999999999998899,0.00021258503401358204
B-SPX_USDT,1789565123368,0.4704,0.4705,0.47045,0.00009999999999998899,0.00021258503401358204
B-SPX_USDT,1789565125803,0.4704,0.4705,0.47045,0.00009999999999998899,0.00021258503401358204
B-SPX_USDT,1789565128244,0.4704,0.4705,0.47045,0.00009999999999998899,0.00021258503401358204
B-SPX_USDT,1789565130722,0.4704,0.4705,0.47045,0.00009999999999998899,0.00021258503401358204
B-SPX_USDT,1789565133210,0.4704,0.4705,0.47045,0.00009999999999998899,0.00021258503401358204
B-SPX_USDT,1789565135677,0.4704,0.4705,0.47045,0.00009999999999998899,0.00021258503401358204
B-SPX_USDT,1789565138137,0.4704,0.4705,0.47045,0.00009999999999998899,0.00021258503401358204
B-SPX_USDT,1789565140589,0.4704,0.4705,0.47045,0.00009999999999998899,0.00021258503401358204
B-SPX_USDT,1789565143039,0.471,0.4711,0.47104999999999997,0.0001000000000000445,0.00021231422505317305
B-SPX_USDT,1789565145545,0.471,0.4712,0.47109999999999996,0.00020000000000003348,0.00042462845010622825
B-SPX_USDT,1789565148021,0.471,0.4712,0.47109999999999996,0.00020000000000003348,0.00042462845010622825
B-SPX_USDT,1789565150458,0.471,0.4711,0.47104999999999997,0.0001000000000000445,0.00021231422505317305
B-SPX_USDT,1789565152909,0.471,0.4711,0.47104999999999997,0.0001000000000000445,0.00021231422505317305
B-SPX_USDT,1789565155433,0.471,0.4711,0.47104999999999997,0.0001000000000000445,0.00021231422505317305
B-SPX_USDT,1789565157916,0.471,0.4711,0.47104999999999997,0.0001000000000000445,0.00021231422505317305
B-SPX_USDT,1789565160368,0.471,0.4711,0.47104999999999997,0.0001000000000000445,0.00021231422505317305
B-SPX_USDT,1789565162858,0.471,0.4712,0.47109999999999996,0.00020000000000003348,0.00042462845010622825
B-SPX_USDT,1789565165280,0.4711,0.4713,0.4712,0.00019999999999997797,0.00042453831458284433
B-SPX_USDT,1789565167685,0.4714,0.4715,0.47145,0.00009999999999998899,0.0002121340687314149
B-SPX_USDT,1789565170160,0.4714,0.4717,0.47155,0.00030000000000002247,0.0006364022061943625
B-SPX_USDT,1789565172590,0.4714,0.4716,0.47150000000000003,0.00020000000000003348,0.0004242681374629476
B-SPX_USDT,1789565175012,0.4717,0.4719,0.4718,0.00019999999999997797,0.0004239983040067373
B-SPX_USDT,1789565177440,0.4718,0.4721,0.47195,0.00030000000000002247,0.0006358626536668556
B-SPX_USDT,1789565179912,0.4719,0.4721,0.472,0.00020000000000003348,0.00042381860563685844
B-SPX_USDT,1789565182319,0.4719,0.472,0.47195,0.00009999999999998899,0.0002119093028183704
B-SPX_USDT,1789565184818,0.4719,0.472,0.47195,0.00009999999999998899,0.0002119093028183704
B-SPX_USDT,1789565187250,0.4719,0.4721,0.472,0.00020000000000003348,0.00042381860563685844
B-SPX_USDT,1789565189672,0.4719,0.4721,0.472,0.00020000000000003348,0.00042381860563685844
B-SPX_USDT,1789565192134,0.4719,0.4721,0.472,0.00020000000000003348,0.00042381860563685844
B-SPX_USDT,1789565194554,0.4719,0.4721,0.472,0.00020000000000003348,0.00042381860563685844
B-SPX_USDT,1789565196992,0.4719,0.4721,0.472,0.00020000000000003348,0.00042381860563685844
B-SPX_USDT,1789565199458,0.4719,0.4721,0.472,0.00020000000000003348,0.00042381860563685844
B-SPX_USDT,1789565201918,0.4718,0.472,0.4719,0.00019999999999997797,0.0004239084357778253
B-SPX_USDT,1789565204416,0.4718,0.472,0.4719,0.00019999999999997797,0.0004239084357778253
B-SPX_USDT,1789565206867,0.4718,0.4721,0.47195,0.00030000000000002247,0.0006358626536668556
B-SPX_USDT,1789565209323,0.4719,0.4721,0.472,0.00020000000000003348,0.00042381860563685844
B-SPX_USDT,1789565211808,0.4719,0.472,0.47195,0.00009999999999998899,0.0002119093028183704
B-SPX_USDT,1789565214264,0.4719,0.472,0.47195,0.00009999999999998899,0.0002119093028183704
B-SPX_USDT,1789565216692,0.4719,0.472,0.47195,0.00009999999999998899,0.0002119093028183704
B-SPX_USDT,1789565219143,0.4719,0.472,0.47195,0.00009999999999998899,0.0002119093028183704
B-SPX_USDT,1789565221572,0.4719,0.472,0.47195,0.00009999999999998899,0.0002119093028183704
B-SPX_USDT,1789565224072,0.472,0.4722,0.47209999999999996,0.00020000000000003348,0.000423728813559393
B-SPX_USDT,1789565226508,0.472,0.4722,0.47209999999999996,0.00020000000000003348,0.000423728813559393
B-SPX_USDT,1789565228950,0.4722,0.4725,0.47235,0.00029999999999996696,0.0006353240152477064
B-SPX_USDT,1789565231405,0.4722,0.4725,0.47235,0.00029999999999996696,0.0006353240152477064
B-SPX_USDT,1789565233841,0.4722,0.4723,0.47225,0.00009999999999998899,0.00021177467174923547
B-SPX_USDT,1789565236265,0.4722,0.4723,0.47225,0.00009999999999998899,0.00021177467174923547
B-SPX_USDT,1789565238718,0.4722,0.4723,0.47225,0.00009999999999998899,0.00021177467174923547
B-SPX_USDT,1789565241150,0.4722,0.4723,0.47225,0.00009999999999998899,0.00021177467174923547
B-SPX_USDT,1789565243601,0.4722,0.4723,0.47225,0.00009999999999998899,0.00021177467174923547
B-SPX_USDT,1789565246035,0.4722,0.4723,0.47225,0.00009999999999998899,0.00021177467174923547
B-SPX_USDT,1789565248468,0.4722,0.4723,0.47225,0.00009999999999998899,0.00021177467174923547
B-SPX_USDT,1789565250901,0.4722,0.4723,0.47225,0.00009999999999998899,0.00021177467174923547
B-SPX_USDT,1789565253314,0.4722,0.4723,0.47225,0.00009999999999998899,0.00021177467174923547
B-SPX_USDT,1789565255753,0.4721,0.4722,0.47215,0.00009999999999998899,0.0002118195297606206
B-SPX_USDT,1789565258191,0.4719,0.472,0.47195,0.00009999999999998899,0.0002119093028183704
B-SPX_USDT,1789565260622,0.4718,0.4719,0.47185,0.00009999999999998899,0.00021195421788891265
B-SPX_USDT,1789565263043,0.4718,0.4719,0.47185,0.00009999999999998899,0.00021195421788891265
B-SPX_USDT,1789565265477,0.4717,0.4719,0.4718,0.00019999999999997797,0.0004239983040067373
B-SPX_USDT,1789565267934,0.4717,0.4719,0.4718,0.00019999999999997797,0.0004239983040067373
B-SPX_USDT,1789565270364,0.4718,0.4719,0.47185,0.00009999999999998899,0.00021195421788891265
B-SPX_USDT,1789565272784,0.4718,0.4719,0.47185,0.00009999999999998899,0.00021195421788891265
B-SPX_USDT,1789565275289,0.4718,0.4719,0.47185,0.00009999999999998899,0.00021195421788891265
B-SPX_USDT,1789565278015,0.4718,0.4719,0.47185,0.00009999999999998899,0.00021195421788891265
B-SPX_USDT,1789565280435,0.4719,0.472,0.47195,0.00009999999999998899,0.0002119093028183704
B-SPX_USDT,1789565282892,0.4719,0.472,0.47195,0.00009999999999998899,0.0002119093028183704
B-SPX_USDT,1789565285368,0.4719,0.472,0.47195,0.00009999999999998899,0.0002119093028183704
B-SPX_USDT,1789565287831,0.4719,0.472,0.47195,0.00009999999999998899,0.0002119093028183704
B-SPX_USDT,1789565290254,0.4718,0.472,0.4719,0.00019999999999997797,0.0004239084357778253
B-SPX_USDT,1789565292713,0.4718,0.472,0.4719,0.00019999999999997797,0.0004239084357778253
B-SPX_USDT,1789565295200,0.4718,0.472,0.4719,0.00019999999999997797,0.0004239084357778253
B-SPX_USDT,1789565297764,0.4718,0.472,0.4719,0.00019999999999997797,0.0004239084357778253
B-SPX_USDT,1789565300287,0.4718,0.472,0.4719,0.00019999999999997797,0.0004239084357778253
B-SPX_USDT,1789565302775,0.4718,0.472,0.4719,0.00019999999999997797,0.0004239084357778253
B-SPX_USDT,1789565305245,0.4719,0.472,0.47195,0.00009999999999998899,0.0002119093028183704
B-SPX_USDT,1789565307713,0.4719,0.472,0.47195,0.00009999999999998899,0.0002119093028183704
B-SPX_USDT,1789565310218,0.4719,0.472,0.47195,0.00009999999999998899,0.0002119093028183704
B-SPX_USDT,1789565312775,0.472,0.4723,0.47214999999999996,0.00030000000000002247,0.0006355932203390307
B-SPX_USDT,1789565315627,0.472,0.4723,0.47214999999999996,0.00030000000000002247,0.0006355932203390307
B-SPX_USDT,1789565318278,0.472,0.4723,0.47214999999999996,0.00030000000000002247,0.0006355932203390307
B-SPX_USDT,1789565321125,0.472,0.4723,0.47214999999999996,0.00030000000000002247,0.0006355932203390307
B-SPX_USDT,1789565323612,0.4716,0.4719,0.47175,0.00029999999999996696,0.0006361323155215584
B-SPX_USDT,1789565326071,0.4715,0.4718,0.47165,0.00030000000000002247,0.0006362672322375875
B-SPX_USDT,1789565328554,0.4715,0.4718,0.47165,0.00030000000000002247,0.0006362672322375875
B-SPX_USDT,1789565331371,0.4715,0.4717,0.4716,0.00020000000000003348,0.00042417815482509756
B-SPX_USDT,1789565333875,0.4714,0.4716,0.47150000000000003,0.00020000000000003348,0.0004242681374629476
B-SPX_USDT,1789565336404,0.4714,0.4716,0.47150000000000003,0.00020000000000003348,0.0004242681374629476
B-SPX_USDT,1789565338956,0.4714,0.4716,0.47150000000000003,0.00020000000000003348,0.0004242681374629476
B-SPX_USDT,1789565341579,0.4715,0.4716,0.47155,0.0001000000000000445,0.00021208907741260765
B-SPX_USDT,1789565344030,0.4715,0.4716,0.47155,0.0001000000000000445,0.00021208907741260765
B-SPX_USDT,1789565346465,0.4715,0.4716,0.47155,0.0001000000000000445,0.00021208907741260765
B-SPX_USDT,1789565348933,0.4709,0.4712,0.47104999999999997,0.00030000000000002247,0.0006370779358675355
B-SPX_USDT,1789565351429,0.4709,0.4711,0.471,0.00020000000000003348,0.00042471862391172966
B-SPX_USDT,1789565353932,0.4709,0.471,0.47095,0.00009999999999998899,0.00021235931195580588
B-SPX_USDT,1789565356385,0.4709,0.471,0.47095,0.00009999999999998899,0.00021235931195580588
B-SPX_USDT,1789565358823,0.4709,0.471,0.47095,0.00009999999999998899,0.00021235931195580588
B-SPX_USDT,1789565361255,0.4709,0.471,0.47095,0.00009999999999998899,0.00021235931195580588
B-SPX_USDT,1789565363716,0.4707,0.4709,0.4708,0.00019999999999997797,0.0004248990864669173
B-SPX_USDT,1789565366167,0.4707,0.4708,0.47075,0.00009999999999998899,0.00021244954323345865
B-SPX_USDT,1789565368605,0.4707,0.4708,0.47075,0.00009999999999998899,0.00021244954323345865
B-SPX_USDT,1789565371045,0.4707,0.4708,0.47075,0.00009999999999998899,0.00021244954323345865
B-SPX_USDT,1789565373480,0.4707,0.471,0.47085,0.00029999999999996696,0.000637348629700376
B-SPX_USDT,1789565375955,0.4707,0.4709,0.4708,0.00019999999999997797,0.0004248990864669173
B-SPX_USDT,1789565378423,0.4707,0.4709,0.4708,0.00019999999999997797,0.0004248990864669173
B-SPX_USDT,1789565380948,0.4707,0.4709,0.4708,0.00019999999999997797,0.0004248990864669173
B-SPX_USDT,1789565383391,0.4707,0.4708,0.47075,0.00009999999999998899,0.00021244954323345865
B-SPX_USDT,1789565385823,0.4707,0.4708,0.47075,0.00009999999999998899,0.00021244954323345865
B-SPX_USDT,1789565388293,0.4707,0.4708,0.47075,0.00009999999999998899,0.00021244954323345865
B-SPX_USDT,1789565390742,0.4705,0.4708,0.47065,0.00030000000000002247,0.0006376195536663602
B-SPX_USDT,1789565393224,0.4706,0.4708,0.4707,0.00019999999999997797,0.0004249893752655715
B-SPX_USDT,1789565395661,0.4706,0.4707,0.47065,0.00009999999999998899,0.00021249468763278576
B-SPX_USDT,1789565398169,0.4706,0.4707,0.47065,0.00009999999999998899,0.00021249468763278576
B-SPX_USDT,1789565400662,0.4703,0.4706,0.47045000000000003,0.00030000000000002247,0.0006378907080587337
B-SPX_USDT,1789565403209,0.4708,0.4709,0.47085,0.00009999999999998899,0.00021240441801187126
B-SPX_USDT,1789565405700,0.471,0.4712,0.47109999999999996,0.00020000000000003348,0.00042462845010622825
B-SPX_USDT,1789565408167,0.4712,0.4713,0.47125,0.00009999999999998899,0.00021222410865872027
B-SPX_USDT,1789565410609,0.4712,0.4713,0.47125,0.00009999999999998899,0.00021222410865872027
B-SPX_USDT,1789565413064,0.4712,0.4713,0.47125,0.00009999999999998899,0.00021222410865872027
B-SPX_USDT,1789565415517,0.4711,0.4713,0.4712,0.00019999999999997797,0.00042453831458284433
B-SPX_USDT,1789565417970,0.4711,0.4713,0.4712,0.00019999999999997797,0.00042453831458284433
B-SPX_USDT,1789565420408,0.4711,0.4713,0.4712,0.00019999999999997797,0.00042453831458284433
B-SPX_USDT,1789565422882,0.4709,0.471,0.47095,0.00009999999999998899,0.00021235931195580588
B-SPX_USDT,1789565425355,0.4703,0.4705,0.4704,0.00019999999999997797,0.00042526047203907716
B-SPX_USDT,1789565427843,0.4703,0.4704,0.47035,0.00009999999999998899,0.00021263023601953858
B-SPX_USDT,1789565430278,0.4703,0.4704,0.47035,0.00009999999999998899,0.00021263023601953858
B-SPX_USDT,1789565432708,0.4704,0.4706,0.47050000000000003,0.00020000000000003348,0.0004251700680272821
B-SPX_USDT,1789565435128,0.4705,0.4706,0.47055,0.0001000000000000445,0.00021253985122219874
B-SPX_USDT,1789565437553,0.4705,0.4707,0.4706,0.00020000000000003348,0.0004250797024442795
B-SPX_USDT,1789565439986,0.4705,0.4706,0.47055,0.0001000000000000445,0.00021253985122219874
B-SPX_USDT,1789565442494,0.4705,0.4706,0.47055,0.0001000000000000445,0.00021253985122219874
B-SPX_USDT,1789565444947,0.471,0.4711,0.47104999999999997,0.0001000000000000445,0.00021231422505317305
B-SPX_USDT,1789565447396,0.4707,0.471,0.47085,0.00029999999999996696,0.000637348629700376
B-SPX_USDT,1789565449836,0.4707,0.4708,0.47075,0.00009999999999998899,0.00021244954323345865
B-SPX_USDT,1789565452251,0.4705,0.4706,0.47055,0.0001000000000000445,0.00021253985122219874
B-SPX_USDT,1789565454696,0.4704,0.4705,0.47045,0.00009999999999998899,0.00021258503401358204
B-SPX_USDT,1789565457147,0.4704,0.4705,0.47045,0.00009999999999998899,0.00021258503401358204
B-SPX_USDT,1789565459601,0.4704,0.4705,0.47045,0.00009999999999998899,0.00021258503401358204
B-SPX_USDT,1789565462039,0.4699,0.47,0.46995,0.00009999999999998899,0.00021281123643326024
B-SPX_USDT,1789565464566,0.4697,0.4698,0.46975,0.00009999999999998899,0.0002129018522460911
B-SPX_USDT,1789565467032,0.4697,0.4698,0.46975,0.00009999999999998899,0.0002129018522460911
B-SPX_USDT,1789565469565,0.4702,0.4703,0.47025,0.00009999999999998899,0.00021267545725220965
B-SPX_USDT,1789565472018,0.4703,0.4705,0.4704,0.00019999999999997797,0.00042526047203907716
B-SPX_USDT,1789565474452,0.4707,0.4708,0.47075,0.00009999999999998899,0.00021244954323345865
B-SPX_USDT,1789565476961,0.4707,0.4708,0.47075,0.00009999999999998899,0.00021244954323345865
B-SPX_USDT,1789565479446,0.4709,0.471,0.47095,0.00009999999999998899,0.00021235931195580588
B-SPX_USDT,1789565481938,0.4711,0.4714,0.47125,0.00029999999999996696,0.0006368074718742665
B-SPX_USDT,1789565484390,0.4707,0.4708,0.47075,0.00009999999999998899,0.00021244954323345865
B-SPX_USDT,1789565486925,0.4707,0.4708,0.47075,0.00009999999999998899,0.00021244954323345865
B-SPX_USDT,1789565489378,0.4707,0.4708,0.47075,0.00009999999999998899,0.00021244954323345865
B-SPX_USDT,1789565492078,0.4707,0.4708,0.47075,0.00009999999999998899,0.00021244954323345865
B-SPX_USDT,1789565494538,0.4707,0.4708,0.47075,0.00009999999999998899,0.00021244954323345865
B-SPX_USDT,1789565496960,0.4707,0.4708,0.47075,0.00009999999999998899,0.00021244954323345865
B-SPX_USDT,1789565499400,0.4703,0.4704,0.47035,0.00009999999999998899,0.00021263023601953858
B-SPX_USDT,1789565501854,0.4703,0.4704,0.47035,0.00009999999999998899,0.00021263023601953858
B-SPX_USDT,1789565504293,0.4701,0.4702,0.47015,0.00009999999999998899,0.0002127206977238651
B-SPX_USDT,1789565507022,0.47,0.4701,0.47004999999999997,0.0001000000000000445,0.0002127659574469032
B-SPX_USDT,1789565509444,0.4701,0.4702,0.47015,0.00009999999999998899,0.0002127206977238651
B-SPX_USDT,1789565511903,0.4701,0.4702,0.47015,0.00009999999999998899,0.0002127206977238651
B-SPX_USDT,1789565514354,0.4701,0.4702,0.47015,0.00009999999999998899,0.0002127206977238651
B-SPX_USDT,1789565516768,0.4701,0.4702,0.47015,0.00009999999999998899,0.0002127206977238651
B-SPX_USDT,1789565519222,0.4701,0.4702,0.47015,0.00009999999999998899,0.0002127206977238651
B-SPX_USDT,1789565521670,0.4705,0.4707,0.4706,0.00020000000000003348,0.0004250797024442795
B-SPX_USDT,1789565524117,0.4707,0.4708,0.47075,0.00009999999999998899,0.00021244954323345865
B-SPX_USDT,1789565526574,0.4699,0.4702,0.47004999999999997,0.00030000000000002247,0.0006384337092998989
B-SPX_USDT,1789565529009,0.47,0.4703,0.47014999999999996,0.00030000000000002247,0.0006382978723404734
B-SPX_USDT,1789565531477,0.4702,0.4703,0.47025,0.00009999999999998899,0.00021267545725220965
B-SPX_USDT,1789565533971,0.4699,0.4702,0.47004999999999997,0.00030000000000002247,0.0006384337092998989
B-SPX_USDT,1789565536498,0.4697,0.4699,0.4698,0.00019999999999997797,0.0004258037044921822
B-SPX_USDT,1789565538937,0.4695,0.4696,0.46955,0.0001000000000000445,0.00021299254526101067
B-SPX_USDT,1789565541389,0.4698,0.4699,0.46985,0.00009999999999998899,0.00021285653469559171
B-SPX_USDT,1789565543857,0.4699,0.4702,0.47004999999999997,0.00030000000000002247,0.0006384337092998989
B-SPX_USDT,1789565546315,0.4702,0.4703,0.47025,0.00009999999999998899,0.00021267545725220965
B-SPX_USDT,1789565548810,0.4702,0.4703,0.47025,0.00009999999999998899,0.00021267545725220965
B-SPX_USDT,1789565551257,0.4704,0.4706,0.47050000000000003,0.00020000000000003348,0.0004251700680272821
B-SPX_USDT,1789565553710,0.4705,0.4706,0.47055,0.0001000000000000445,0.00021253985122219874
B-SPX_USDT,1789565556188,0.4703,0.4705,0.4704,0.00019999999999997797,0.00042526047203907716
B-SPX_USDT,1789565558625,0.4703,0.4704,0.47035,0.00009999999999998899,0.00021263023601953858
B-SPX_USDT,1789565561076,0.4701,0.4703,0.4702,0.00019999999999997797,0.0004254413954477302
B-SPX_USDT,1789565563554,0.4703,0.4706,0.47045000000000003,0.00030000000000002247,0.0006378907080587337
B-SPX_USDT,1789565566024,0.4704,0.4705,0.47045,0.00009999999999998899,0.00021258503401358204
B-SPX_USDT,1789565568500,0.4704,0.4705,0.47045,0.00009999999999998899,0.00021258503401358204
B-SPX_USDT,1789565570977,0.4704,0.4706,0.47050000000000003,0.00020000000000003348,0.0004251700680272821
B-SPX_USDT,1789565573432,0.4705,0.4706,0.47055,0.0001000000000000445,0.00021253985122219874
B-SPX_USDT,1789565575888,0.4705,0.4707,0.4706,0.00020000000000003348,0.0004250797024442795
B-SPX_USDT,1789565578316,0.4705,0.4707,0.4706,0.00020000000000003348,0.0004250797024442795
B-SPX_USDT,1789565580729,0.4705,0.4707,0.4706,0.00020000000000003348,0.0004250797024442795
B-SPX_USDT,1789565583155,0.4705,0.4707,0.4706,0.00020000000000003348,0.0004250797024442795
B-SPX_USDT,1789565585647,0.4705,0.4707,0.4706,0.00020000000000003348,0.0004250797024442795
B-SPX_USDT,1789565588100,0.4705,0.4707,0.4706,0.00020000000000003348,0.0004250797024442795
B-SPX_USDT,1789565590570,0.4705,0.4706,0.47055,0.0001000000000000445,0.00021253985122219874
B-SPX_USDT,1789565593094,0.4705,0.4706,0.47055,0.0001000000000000445,0.00021253985122219874
B-SPX_USDT,1789565595558,0.4705,0.4706,0.47055,0.0001000000000000445,0.00021253985122219874
B-SPX_USDT,1789565598018,0.4703,0.4705,0.4704,0.00019999999999997797,0.00042526047203907716
B-SPX_USDT,1789565600491,0.4706,0.4707,0.47065,0.00009999999999998899,0.00021249468763278576
B-SPX_USDT,1789565602948,0.4708,0.471,0.4709,0.00019999999999997797,0.0004248088360237425
B-SPX_USDT,1789565605383,0.4708,0.4709,0.47085,0.00009999999999998899,0.00021240441801187126
B-SPX_USDT,1789565607804,0.4708,0.4709,0.47085,0.00009999999999998899,0.00021240441801187126
B-SPX_USDT,1789565610236,0.4708,0.471,0.4709,0.00019999999999997797,0.0004248088360237425
B-SPX_USDT,1789565612672,0.471,0.4711,0.47104999999999997,0.0001000000000000445,0.00021231422505317305
B-SPX_USDT,1789565615143,0.471,0.4711,0.47104999999999997,0.0001000000000000445,0.00021231422505317305
B-SPX_USDT,1789565617611,0.471,0.4711,0.47104999999999997,0.0001000000000000445,0.00021231422505317305
B-SPX_USDT,1789565620057,0.471,0.4711,0.47104999999999997,0.0001000000000000445,0.00021231422505317305
B-SPX_USDT,1789565622457,0.471,0.4711,0.47104999999999997,0.0001000000000000445,0.00021231422505317305
B-SPX_USDT,1789565624889,0.4709,0.4711,0.471,0.00020000000000003348,0.00042471862391172966
B-SPX_USDT,1789565627316,0.471,0.4711,0.47104999999999997,0.0001000000000000445,0.00021231422505317305
B-SPX_USDT,1789565629787,0.4712,0.4713,0.47125,0.00009999999999998899,0.00021222410865872027
B-SPX_USDT,1789565632251,0.4712,0.4714,0.4713,0.00019999999999997797,0.00042444821731744053
B-SPX_USDT,1789565634730,0.4712,0.4714,0.4713,0.00019999999999997797,0.00042444821731744053
B-SPX_USDT,1789565637199,0.4712,0.4714,0.4713,0.00019999999999997797,0.00042444821731744053
B-SPX_USDT,1789565639621,0.4709,0.471,0.47095,0.00009999999999998899,0.00021235931195580588
B-SPX_USDT,1789565642053,0.4709,0.471,0.47095,0.00009999999999998899,0.00021235931195580588
B-SPX_USDT,1789565644536,0.4707,0.471,0.47085,0.00029999999999996696,0.000637348629700376
B-SPX_USDT,1789565647009,0.4707,0.4709,0.4708,0.00019999999999997797,0.0004248990864669173
B-SPX_USDT,1789565649472,0.4707,0.4709,0.4708,0.00019999999999997797,0.0004248990864669173
B-SPX_USDT,1789565651962,0.4706,0.4707,0.47065,0.00009999999999998899,0.00021249468763278576
B-SPX_USDT,1789565654471,0.4706,0.4707,0.47065,0.00009999999999998899,0.00021249468763278576
B-SPX_USDT,1789565656908,0.4706,0.4707,0.47065,0.00009999999999998899,0.00021249468763278576
B-SPX_USDT,1789565659346,0.4706,0.4707,0.47065,0.00009999999999998899,0.00021249468763278576
B-SPX_USDT,1789565661799,0.4706,0.4707,0.47065,0.00009999999999998899,0.00021249468763278576
B-SPX_USDT,1789565664297,0.4707,0.4709,0.4708,0.00019999999999997797,0.0004248990864669173
B-SPX_USDT,1789565666757,0.4707,0.4708,0.47075,0.00009999999999998899,0.00021244954323345865
B-SPX_USDT,1789565669213,0.4703,0.4704,0.47035,0.00009999999999998899,0.00021263023601953858
B-SPX_USDT,1789565671681,0.4703,0.4705,0.4704,0.00019999999999997797,0.00042526047203907716
B-SPX_USDT,1789565674129,0.4705,0.4708,0.47065,0.00030000000000002247,0.0006376195536663602
B-SPX_USDT,1789565676567,0.4705,0.4708,0.47065,0.00030000000000002247,0.0006376195536663602
B-SPX_USDT,1789565679041,0.4705,0.4708,0.47065,0.00030000000000002247,0.0006376195536663602
B-SPX_USDT,1789565681528,0.4706,0.4709,0.47075,0.00029999999999996696,0.0006374840628983573
B-SPX_USDT,1789565684042,0.4705,0.4707,0.4706,0.00020000000000003348,0.0004250797024442795
B-SPX_USDT,1789565686514,0.4705,0.4707,0.4706,0.00020000000000003348,0.0004250797024442795
B-SPX_USDT,1789565688944,0.4705,0.4707,0.4706,0.00020000000000003348,0.0004250797024442795
B-SPX_USDT,1789565691387,0.4706,0.4707,0.47065,0.00009999999999998899,0.00021249468763278576
B-SPX_USDT,1789565693838,0.4707,0.4708,0.47075,0.00009999999999998899,0.00021244954323345865
B-SPX_USDT,1789565696370,0.4707,0.4708,0.47075,0.00009999999999998899,0.00021244954323345865
B-SPX_USDT,1789565698898,0.4706,0.4709,0.47075,0.00029999999999996696,0.0006374840628983573
B-SPX_USDT,1789565701346,0.4706,0.4708,0.4707,0.00019999999999997797,0.0004249893752655715
B-SPX_USDT,1789565703841,0.4706,0.4708,0.4707,0.00019999999999997797,0.0004249893752655715
B-SPX_USDT,1789565706304,0.4708,0.471,0.4709,0.00019999999999997797,0.0004248088360237425
B-SPX_USDT,1789565708758,0.4706,0.4709,0.47075,0.00029999999999996696,0.0006374840628983573
B-SPX_USDT,1789565711218,0.4709,0.471,0.47095,0.00009999999999998899,0.00021235931195580588
B-SPX_USDT,1789565713691,0.4709,0.471,0.47095,0.00009999999999998899,0.00021235931195580588
B-SPX_USDT,1789565716157,0.4709,0.471,0.47095,0.00009999999999998899,0.00021235931195580588
B-SPX_USDT,1789565718611,0.4712,0.4714,0.4713,0.00019999999999997797,0.00042444821731744053
B-SPX_USDT,1789565721086,0.4712,0.4714,0.4713,0.00019999999999997797,0.00042444821731744053
B-SPX_USDT,1789565723560,0.4714,0.4715,0.47145,0.00009999999999998899,0.0002121340687314149
B-SPX_USDT,1789565726020,0.4713,0.4715,0.4714,0.00019999999999997797,0.0004243581582855463
B-SPX_USDT,1789565728443,0.4711,0.4712,0.47115,0.00009999999999998899,0.00021226915729142217
B-SPX_USDT,1789565730885,0.4711,0.4712,0.47115,0.00009999999999998899,0.00021226915729142217
B-SPX_USDT,1789565733343,0.4706,0.471,0.4708,0.00039999999999995595,0.000849978750531143
B-SPX_USDT,1789565735761,0.4708,0.471,0.4709,0.00019999999999997797,0.0004248088360237425
B-SPX_USDT,1789565738182,0.4709,0.471,0.47095,0.00009999999999998899,0.00021235931195580588
B-SPX_USDT,1789565740627,0.4708,0.471,0.4709,0.00019999999999997797,0.0004248088360237425
B-SPX_USDT,1789565743091,0.4709,0.471,0.47095,0.00009999999999998899,0.00021235931195580588
B-SPX_USDT,1789565745680,0.4707,0.4708,0.47075,0.00009999999999998899,0.00021244954323345865
B-SPX_USDT,1789565748125,0.4707,0.4708,0.47075,0.00009999999999998899,0.00021244954323345865
B-SPX_USDT,1789565750660,0.4707,0.4708,0.47075,0.00009999999999998899,0.00021244954323345865
B-SPX_USDT,1789565753117,0.4707,0.4708,0.47075,0.00009999999999998899,0.00021244954323345865
B-SPX_USDT,1789565755575,0.4708,0.4709,0.47085,0.00009999999999998899,0.00021240441801187126
B-SPX_USDT,1789565758001,0.4707,0.4708,0.47075,0.00009999999999998899,0.00021244954323345865
B-SPX_USDT,1789565760477,0.4706,0.4708,0.4707,0.00019999999999997797,0.0004249893752655715
B-SPX_USDT,1789565762923,0.4706,0.4708,0.4707,0.00019999999999997797,0.0004249893752655715
B-SPX_USDT,1789565765347,0.4699,0.4702,0.47004999999999997,0.00030000000000002247,0.0006384337092998989
B-SPX_USDT,1789565767789,0.4699,0.4702,0.47004999999999997,0.00030000000000002247,0.0006384337092998989
B-SPX_USDT,1789565770275,0.4701,0.4702,0.47015,0.00009999999999998899,0.0002127206977238651
B-SPX_USDT,1789565772695,0.4701,0.4702,0.47015,0.00009999999999998899,0.0002127206977238651
B-SPX_USDT,1789565775168,0.4701,0.4702,0.47015,0.00009999999999998899,0.0002127206977238651
B-SPX_USDT,1789565777652,0.4702,0.4703,0.47025,0.00009999999999998899,0.00021267545725220965
B-SPX_USDT,1789565780111,0.4703,0.4704,0.47035,0.00009999999999998899,0.00021263023601953858
B-SPX_USDT,1789565782560,0.4702,0.4704,0.4703,0.00019999999999997797,0.0004253509145044193
B-SPX_USDT,1789565784992,0.4702,0.4703,0.47025,0.00009999999999998899,0.00021267545725220965
B-SPX_USDT,1789565787435,0.4701,0.4703,0.4702,0.00019999999999997797,0.0004254413954477302
B-SPX_USDT,1789565789895,0.4702,0.4704,0.4703,0.00019999999999997797,0.0004253509145044193
B-SPX_USDT,1789565792380,0.4702,0.4704,0.4703,0.00019999999999997797,0.0004253509145044193
B-SPX_USDT,1789565794868,0.4702,0.4703,0.47025,0.00009999999999998899,0.00021267545725220965
B-SPX_USDT,1789565797305,0.4702,0.4703,0.47025,0.00009999999999998899,0.00021267545725220965
B-SPX_USDT,1789565799727,0.4704,0.4705,0.47045,0.00009999999999998899,0.00021258503401358204
B-SPX_USDT,1789565802190,0.4704,0.4705,0.47045,0.00009999999999998899,0.00021258503401358204
B-SPX_USDT,1789565804628,0.4702,0.4704,0.4703,0.00019999999999997797,0.0004253509145044193
B-SPX_USDT,1789565807052,0.4701,0.4703,0.4702,0.00019999999999997797,0.0004254413954477302
B-SPX_USDT,1789565809467,0.4701,0.4702,0.47015,0.00009999999999998899,0.0002127206977238651
B-SPX_USDT,1789565811906,0.4701,0.4702,0.47015,0.00009999999999998899,0.0002127206977238651
B-SPX_USDT,1789565814333,0.4701,0.4702,0.47015,0.00009999999999998899,0.0002127206977238651
B-SPX_USDT,1789565816768,0.4701,0.4702,0.47015,0.00009999999999998899,0.0002127206977238651
B-SPX_USDT,1789565819217,0.4701,0.4702,0.47015,0.00009999999999998899,0.0002127206977238651
B-SPX_USDT,1789565821623,0.4703,0.4704,0.47035,0.00009999999999998899,0.00021263023601953858
B-SPX_USDT,1789565824263,0.4703,0.4704,0.47035,0.00009999999999998899,0.00021263023601953858
B-SPX_USDT,1789565826697,0.4703,0.4704,0.47035,0.00009999999999998899,0.00021263023601953858
B-SPX_USDT,1789565829123,0.4701,0.4703,0.4702,0.00019999999999997797,0.0004254413954477302
B-SPX_USDT,1789565831651,0.4701,0.4702,0.47015,0.00009999999999998899,0.0002127206977238651
B-SPX_USDT,1789565834156,0.4701,0.4702,0.47015,0.00009999999999998899,0.0002127206977238651
B-SPX_USDT,1789565836618,0.4701,0.4702,0.47015,0.00009999999999998899,0.0002127206977238651
B-SPX_USDT,1789565839095,0.4701,0.4702,0.47015,0.00009999999999998899,0.0002127206977238651
B-SPX_USDT,1789565841566,0.4701,0.4702,0.47015,0.00009999999999998899,0.0002127206977238651
B-SPX_USDT,1789565844061,0.4701,0.4702,0.47015,0.00009999999999998899,0.0002127206977238651
B-SPX_USDT,1789565846547,0.4699,0.47,0.46995,0.00009999999999998899,0.00021281123643326024
B-SPX_USDT,1789565849038,0.4699,0.47,0.46995,0.00009999999999998899,0.00021281123643326024
B-SPX_USDT,1789565851539,0.4697,0.4698,0.46975,0.00009999999999998899,0.0002129018522460911
B-SPX_USDT,1789565854050,0.4698,0.4699,0.46985,0.00009999999999998899,0.00021285653469559171
B-SPX_USDT,1789565856893,0.4698,0.4699,0.46985,0.00009999999999998899,0.00021285653469559171
B-SPX_USDT,1789565859451,0.4698,0.4699,0.46985,0.00009999999999998899,0.00021285653469559171
B-SPX_USDT,1789565862006,0.4697,0.4698,0.46975,0.00009999999999998899,0.0002129018522460911
B-SPX_USDT,1789565864455,0.4696,0.4697,0.46965,0.00009999999999998899,0.00021294718909708045
B-SPX_USDT,1789565866890,0.4696,0.4697,0.46965,0.00009999999999998899,0.00021294718909708045
B-SPX_USDT,1789565869372,0.4696,0.4697,0.46965,0.00009999999999998899,0.00021294718909708045
B-SPX_USDT,1789565871855,0.4696,0.4697,0.46965,0.00009999999999998899,0.00021294718909708045
B-SPX_USDT,1789565874402,0.4695,0.4696,0.46955,0.0001000000000000445,0.00021299254526101067
B-SPX_USDT,1789565876845,0.4694,0.4696,0.46950000000000003,0.00020000000000003348,0.00042607584149985834
B-SPX_USDT,1789565879291,0.4693,0.4694,0.46935,0.00009999999999998899,0.0002130833155763669
B-SPX_USDT,1789565881752,0.4693,0.4694,0.46935,0.00009999999999998899,0.0002130833155763669
B-SPX_USDT,1789565884201,0.4693,0.4694,0.46935,0.00009999999999998899,0.0002130833155763669
B-SPX_USDT,1789565886635,0.4693,0.4694,0.46935,0.00009999999999998899,0.0002130833155763669
B-SPX_USDT,1789565889062,0.4693,0.4694,0.46935,0.00009999999999998899,0.0002130833155763669
B-SPX_USDT,1789565891518,0.4691,0.4693,0.4692,0.00019999999999997797,0.0004263483265827712
B-SPX_USDT,1789565894163,0.4692,0.4693,0.46925,0.00009999999999998899,0.0002131287297527472
B-SPX_USDT,1789565896567,0.4691,0.4692,0.46915,0.00009999999999998899,0.0002131741632913856
B-SPX_USDT,1789565898995,0.4691,0.4692,0.46915,0.00009999999999998899,0.0002131741632913856
B-SPX_USDT,1789565901428,0.4691,0.4692,0.46915,0.00009999999999998899,0.0002131741632913856
B-SPX_USDT,1789565903869,0.4691,0.4692,0.46915,0.00009999999999998899,0.0002131741632913856
B-SPX_USDT,1789565906426,0.4691,0.4692,0.46915,0.00009999999999998899,0.0002131741632913856
B-SPX_USDT,1789565908861,0.4691,0.4692,0.46915,0.00009999999999998899,0.0002131741632913856
B-SPX_USDT,1789565911298,0.4688,0.4691,0.46895,0.00030000000000002247,0.0006399317406143824
B-SPX_USDT,1789565913745,0.4688,0.4689,0.46885,0.00009999999999998899,0.00021331058020475466
B-SPX_USDT,1789565916180,0.4688,0.4689,0.46885,0.00009999999999998899,0.00021331058020475466
B-SPX_USDT,1789565918614,0.4688,0.4689,0.46885,0.00009999999999998899,0.00021331058020475466
B-SPX_USDT,1789565921058,0.4689,0.4691,0.469,0.00020000000000003348,0.0004265301770100949
B-SPX_USDT,1789565923500,0.469,0.4692,0.46909999999999996,0.00020000000000003348,0.0004264392324094531
B-SPX_USDT,1789565925932,0.4691,0.4692,0.46915,0.00009999999999998899,0.0002131741632913856
B-SPX_USDT,1789565928436,0.4691,0.4692,0.46915,0.00009999999999998899,0.0002131741632913856
B-SPX_USDT,1789565930860,0.4691,0.4692,0.46915,0.00009999999999998899,0.0002131741632913856
B-SPX_USDT,1789565933294,0.4691,0.4692,0.46915,0.00009999999999998899,0.0002131741632913856
B-SPX_USDT,1789565935782,0.4691,0.4692,0.46915,0.00009999999999998899,0.0002131741632913856
B-SPX_USDT,1789565938355,0.4693,0.4695,0.4694,0.00019999999999997797,0.0004261666311527338
B-SPX_USDT,1789565940845,0.4696,0.4699,0.46975,0.00029999999999996696,0.0006388415672912413
B-SPX_USDT,1789565943269,0.4697,0.4698,0.46975,0.00009999999999998899,0.0002129018522460911
B-SPX_USDT,1789565945731,0.4698,0.4699,0.46985,0.00009999999999998899,0.00021285653469559171
B-SPX_USDT,1789565948214,0.47,0.4701,0.47004999999999997,0.0001000000000000445,0.0002127659574469032
B-SPX_USDT,1789565950682,0.47,0.4702,0.47009999999999996,0.00020000000000003348,0.0004255319148936883
B-SPX_USDT,1789565953092,0.4702,0.4704,0.4703,0.00019999999999997797,0.0004253509145044193
B-SPX_USDT,1789565955518,0.4702,0.4703,0.47025,0.00009999999999998899,0.00021267545725220965
B-SPX_USDT,1789565957939,0.4701,0.4702,0.47015,0.00009999999999998899,0.0002127206977238651
B-SPX_USDT,1789565960353,0.47,0.4702,0.47009999999999996,0.00020000000000003348,0.0004255319148936883
B-SPX_USDT,1789565962803,0.4695,0.4696,0.46955,0.0001000000000000445,0.00021299254526101067
B-SPX_USDT,1789565965245,0.4695,0.4696,0.46955,0.0001000000000000445,0.00021299254526101067
B-SPX_USDT,1789565967703,0.4695,0.4696,0.46955,0.0001000000000000445,0.00021299254526101067
B-SPX_USDT,1789565970187,0.4695,0.4696,0.46955,0.0001000000000000445,0.00021299254526101067
B-SPX_USDT,1789565972625,0.4695,0.4697,0.4696,0.00020000000000003348,0.0004259850905219031
B-SPX_USDT,1789565975070,0.4695,0.4696,0.46955,0.0001000000000000445,0.00021299254526101067
B-SPX_USDT,1789565977509,0.4695,0.4696,0.46955,0.0001000000000000445,0.00021299254526101067
B-SPX_USDT,1789565979998,0.4695,0.4696,0.46955,0.0001000000000000445,0.00021299254526101067
B-SPX_USDT,1789565982455,0.4695,0.4696,0.46955,0.0001000000000000445,0.00021299254526101067
B-SPX_USDT,1789565984898,0.4695,0.4696,0.46955,0.0001000000000000445,0.00021299254526101067
B-SPX_USDT,1789565987412,0.4695,0.4696,0.46955,0.0001000000000000445,0.00021299254526101067
B-SPX_USDT,1789565989853,0.4695,0.4696,0.46955,0.0001000000000000445,0.00021299254526101067
B-SPX_USDT,1789565992285,0.4695,0.4696,0.46955,0.0001000000000000445,0.00021299254526101067
B-SPX_USDT,1789565994724,0.4692,0.4693,0.46925,0.00009999999999998899,0.0002131287297527472
B-SPX_USDT,1789565997163,0.4692,0.4693,0.46925,0.00009999999999998899,0.0002131287297527472
B-SPX_USDT,1789565999679,0.4692,0.4693,0.46925,0.00009999999999998899,0.0002131287297527472
B-SPX_USDT,1789566002173,0.4692,0.4693,0.46925,0.00009999999999998899,0.0002131287297527472
B-SPX_USDT,1789566004647,0.4691,0.4694,0.46925,0.00029999999999996696,0.0006395224898741568
B-SPX_USDT,1789566007078,0.4694,0.4695,0.46945,0.00009999999999998899,0.00021303792074987002
B-SPX_USDT,1789566009643,0.4694,0.4695,0.46945,0.00009999999999998899,0.00021303792074987002
B-SPX_USDT,1789566012122,0.4696,0.4697,0.46965,0.00009999999999998899,0.00021294718909708045
B-SPX_USDT,1789566014603,0.4696,0.4697,0.46965,0.00009999999999998899,0.00021294718909708045
B-SPX_USDT,1789566017056,0.4696,0.4697,0.46965,0.00009999999999998899,0.00021294718909708045
B-SPX_USDT,1789566019480,0.4696,0.4697,0.46965,0.00009999999999998899,0.00021294718909708045
B-SPX_USDT,1789566021892,0.4698,0.4699,0.46985,0.00009999999999998899,0.00021285653469559171
B-SPX_USDT,1789566024350,0.4697,0.4699,0.4698,0.00019999999999997797,0.0004258037044921822
B-SPX_USDT,1789566026816,0.4698,0.4699,0.46985,0.00009999999999998899,0.00021285653469559171
B-SPX_USDT,1789566029262,0.4699,0.47,0.46995,0.00009999999999998899,0.00021281123643326024
B-SPX_USDT,1789566031705,0.4697,0.4699,0.4698,0.00019999999999997797,0.0004258037044921822
B-SPX_USDT,1789566034178,0.4695,0.4698,0.46965,0.00030000000000002247,0.0006389776357827955
B-SPX_USDT,1789566036671,0.4695,0.4698,0.46965,0.00030000000000002247,0.0006389776357827955
B-SPX_USDT,1789566039218,0.4695,0.4697,0.4696,0.00020000000000003348,0.0004259850905219031
B-SPX_USDT,1789566041706,0.4695,0.4697,0.4696,0.00020000000000003348,0.0004259850905219031
B-SPX_USDT,1789566044163,0.4696,0.4697,0.46965,0.00009999999999998899,0.00021294718909708045
B-SPX_USDT,1789566046606,0.4696,0.4698,0.4697,0.00019999999999997797,0.0004258943781941609
B-SPX_USDT,1789566049063,0.4697,0.4698,0.46975,0.00009999999999998899,0.0002129018522460911
B-SPX_USDT,1789566051566,0.4697,0.4698,0.46975,0.00009999999999998899,0.0002129018522460911
B-SPX_USDT,1789566054031,0.4696,0.4698,0.4697,0.00019999999999997797,0.0004258943781941609
B-SPX_USDT,1789566056462,0.4696,0.4698,0.4697,0.00019999999999997797,0.0004258943781941609
B-SPX_USDT,1789566058939,0.4697,0.4699,0.4698,0.00019999999999997797,0.0004258037044921822
B-SPX_USDT,1789566061404,0.4696,0.4699,0.46975,0.00029999999999996696,0.0006388415672912413
B-SPX_USDT,1789566063851,0.4697,0.4699,0.4698,0.00019999999999997797,0.0004258037044921822
B-SPX_USDT,1789566066284,0.4699,0.4701,0.47,0.00020000000000003348,0.00042562247286663865
B-SPX_USDT,1789566068754,0.4705,0.4707,0.4706,0.00020000000000003348,0.0004250797024442795
B-SPX_USDT,1789566071212,0.4706,0.4707,0.47065,0.00009999999999998899,0.00021249468763278576
B-SPX_USDT,1789566073666,0.4704,0.4707,0.47055,0.00030000000000002247,0.0006377551020408641
B-SPX_USDT,1789566076122,0.4704,0.4706,0.47050000000000003,0.00020000000000003348,0.0004251700680272821
B-SPX_USDT,1789566078562,0.4705,0.4706,0.47055,0.0001000000000000445,0.00021253985122219874
B-SPX_USDT,1789566080991,0.4705,0.4707,0.4706,0.00020000000000003348,0.0004250797024442795
B-SPX_USDT,1789566083411,0.4705,0.4707,0.4706,0.00020000000000003348,0.0004250797024442795
B-SPX_USDT,1789566085858,0.4705,0.4707,0.4706,0.00020000000000003348,0.0004250797024442795
B-SPX_USDT,1789566088299,0.4708,0.4711,0.47095,0.00030000000000002247,0.0006372132540357317
B-SPX_USDT,1789566090704,0.4709,0.4711,0.471,0.00020000000000003348,0.00042471862391172966
B-SPX_USDT,1789566093183,0.4709,0.4711,0.471,0.00020000000000003348,0.00042471862391172966
B-SPX_USDT,1789566095640,0.4709,0.4713,0.47109999999999996,0.00040000000000001146,0.0008494372478233414
B-SPX_USDT,1789566098181,0.4711,0.4713,0.4712,0.00019999999999997797,0.00042453831458284433
B-SPX_USDT,1789566100624,0.4711,0.4713,0.4712,0.00019999999999997797,0.00042453831458284433
B-SPX_USDT,1789566103074,0.4711,0.4712,0.47115,0.00009999999999998899,0.00021226915729142217
B-SPX_USDT,1789566105632,0.4711,0.4713,0.4712,0.00019999999999997797,0.00042453831458284433
B-SPX_USDT,1789566108176,0.4719,0.472,0.47195,0.00009999999999998899,0.0002119093028183704
B-SPX_USDT,1789566110714,0.4718,0.472,0.4719,0.00019999999999997797,0.0004239084357778253
B-SPX_USDT,1789566113172,0.4716,0.4717,0.47165,0.00009999999999998899,0.0002120441051738528
B-SPX_USDT,1789566115637,0.4716,0.4717,0.47165,0.00009999999999998899,0.0002120441051738528
B-SPX_USDT,1789566118135,0.4716,0.4718,0.4717,0.00019999999999997797,0.0004240882103477056
B-SPX_USDT,1789566120625,0.4716,0.4718,0.4717,0.00019999999999997797,0.0004240882103477056
B-SPX_USDT,1789566123084,0.4717,0.4718,0.47175,0.00009999999999998899,0.00021199915200336865
B-SPX_USDT,1789566125532,0.4711,0.4712,0.47115,0.00009999999999998899,0.00021226915729142217
B-SPX_USDT,1789566128396,0.4711,0.4712,0.47115,0.00009999999999998899,0.00021226915729142217
B-SPX_USDT,1789566131108,0.4709,0.4711,0.471,0.00020000000000003348,0.00042471862391172966
B-SPX_USDT,1789566133583,0.4707,0.4709,0.4708,0.00019999999999997797,0.0004248990864669173
B-SPX_USDT,1789566136049,0.4705,0.4706,0.47055,0.0001000000000000445,0.00021253985122219874
B-SPX_USDT,1789566138532,0.4703,0.4704,0.47035,0.00009999999999998899,0.00021263023601953858
B-SPX_USDT,1789566140990,0.4703,0.4704,0.47035,0.00009999999999998899,0.00021263023601953858
B-SPX_USDT,1789566143487,0.4705,0.4706,0.47055,0.0001000000000000445,0.00021253985122219874
B-SPX_USDT,1789566145972,0.4705,0.4707,0.4706,0.00020000000000003348,0.0004250797024442795
B-SPX_USDT,1789566148434,0.4705,0.4707,0.4706,0.00020000000000003348,0.0004250797024442795
B-SPX_USDT,1789566150891,0.4705,0.4707,0.4706,0.00020000000000003348,0.0004250797024442795
B-SPX_USDT,1789566153314,0.4705,0.4707,0.4706,0.00020000000000003348,0.0004250797024442795
B-SPX_USDT,1789566155757,0.4705,0.4707,0.4706,0.00020000000000003348,0.0004250797024442795
B-SPX_USDT,1789566158183,0.4705,0.4707,0.4706,0.00020000000000003348,0.0004250797024442795
B-SPX_USDT,1789566160662,0.4705,0.4707,0.4706,0.00020000000000003348,0.0004250797024442795
B-SPX_USDT,1789566163140,0.4705,0.4707,0.4706,0.00020000000000003348,0.0004250797024442795
B-SPX_USDT,1789566165660,0.4705,0.4707,0.4706,0.00020000000000003348,0.0004250797024442795
B-SPX_USDT,1789566168103,0.4705,0.4707,0.4706,0.00020000000000003348,0.0004250797024442795
B-SPX_USDT,1789566170560,0.4705,0.4707,0.4706,0.00020000000000003348,0.0004250797024442795
B-SPX_USDT,1789566173012,0.4705,0.4707,0.4706,0.00020000000000003348,0.0004250797024442795
B-SPX_USDT,1789566175437,0.4705,0.4707,0.4706,0.00020000000000003348,0.0004250797024442795
B-SPX_USDT,1789566177880,0.4705,0.4707,0.4706,0.00020000000000003348,0.0004250797024442795
B-SPX_USDT,1789566180327,0.4707,0.4709,0.4708,0.00019999999999997797,0.0004248990864669173
B-SPX_USDT,1789566182786,0.4707,0.4709,0.4708,0.00019999999999997797,0.0004248990864669173
B-SPX_USDT,1789566185247,0.4707,0.4709,0.4708,0.00019999999999997797,0.0004248990864669173
B-SPX_USDT,1789566187692,0.4708,0.4709,0.47085,0.00009999999999998899,0.00021240441801187126
B-SPX_USDT,1789566190136,0.4708,0.4709,0.47085,0.00009999999999998899,0.00021240441801187126
B-SPX_USDT,1789566192617,0.4708,0.471,0.4709,0.00019999999999997797,0.0004248088360237425
B-SPX_USDT,1789566195090,0.4706,0.4709,0.47075,0.00029999999999996696,0.0006374840628983573
B-SPX_USDT,1789566197567,0.4706,0.4708,0.4707,0.00019999999999997797,0.0004249893752655715
B-SPX_USDT,1789566200013,0.4708,0.471,0.4709,0.00019999999999997797,0.0004248088360237425
B-SPX_USDT,1789566202570,0.4707,0.471,0.47085,0.00029999999999996696,0.000637348629700376
B-SPX_USDT,1789566205093,0.4708,0.471,0.4709,0.00019999999999997797,0.0004248088360237425
B-SPX_USDT,1789566207566,0.4708,0.471,0.4709,0.00019999999999997797,0.0004248088360237425
B-SPX_USDT,1789566210042,0.4708,0.471,0.4709,0.00019999999999997797,0.0004248088360237425
B-SPX_USDT,1789566212540,0.4708,0.471,0.4709,0.00019999999999997797,0.0004248088360237425
B-SPX_USDT,1789566215013,0.4708,0.471,0.4709,0.00019999999999997797,0.0004248088360237425
B-SPX_USDT,1789566217469,0.4708,0.471,0.4709,0.00019999999999997797,0.0004248088360237425
B-SPX_USDT,1789566220126,0.4708,0.471,0.4709,0.00019999999999997797,0.0004248088360237425
B-SPX_USDT,1789566222576,0.4708,0.471,0.4709,0.00019999999999997797,0.0004248088360237425
B-SPX_USDT,1789566225039,0.4708,0.471,0.4709,0.00019999999999997797,0.0004248088360237425
B-SPX_USDT,1789566227531,0.4708,0.471,0.4709,0.00019999999999997797,0.0004248088360237425
B-SPX_USDT,1789566230038,0.4708,0.471,0.4709,0.00019999999999997797,0.0004248088360237425
B-SPX_USDT,1789566232575,0.4708,0.471,0.4709,0.00019999999999997797,0.0004248088360237425
B-SPX_USDT,1789566235044,0.4708,0.471,0.4709,0.00019999999999997797,0.0004248088360237425
B-SPX_USDT,1789566237485,0.4708,0.471,0.4709,0.00019999999999997797,0.0004248088360237425
B-SPX_USDT,1789566239962,0.4708,0.471,0.4709,0.00019999999999997797,0.0004248088360237425
B-SPX_USDT,1789566242445,0.471,0.4711,0.47104999999999997,0.0001000000000000445,0.00021231422505317305
B-SPX_USDT,1789566244904,0.471,0.4711,0.47104999999999997,0.0001000000000000445,0.00021231422505317305
B-SPX_USDT,1789566247365,0.471,0.4711,0.47104999999999997,0.0001000000000000445,0.00021231422505317305
B-SPX_USDT,1789566249924,0.471,0.4711,0.47104999999999997,0.0001000000000000445,0.00021231422505317305
B-SPX_USDT,1789566252617,0.471,0.4711,0.47104999999999997,0.0001000000000000445,0.00021231422505317305
B-SPX_USDT,1789566255053,0.471,0.4711,0.47104999999999997,0.0001000000000000445,0.00021231422505317305
B-SPX_USDT,1789566257479,0.471,0.4711,0.47104999999999997,0.0001000000000000445,0.00021231422505317305
B-SPX_USDT,1789566259929,0.471,0.4711,0.47104999999999997,0.0001000000000000445,0.00021231422505317305
B-SPX_USDT,1789566262409,0.471,0.4711,0.47104999999999997,0.0001000000000000445,0.00021231422505317305
B-SPX_USDT,1789566264883,0.471,0.4711,0.47104999999999997,0.0001000000000000445,0.00021231422505317305
B-SPX_USDT,1789566267343,0.471,0.4712,0.47109999999999996,0.00020000000000003348,0.00042462845010622825
B-SPX_USDT,1789566269980,0.471,0.4711,0.47104999999999997,0.0001000000000000445,0.00021231422505317305
B-SPX_USDT,1789566272478,0.471,0.4711,0.47104999999999997,0.0001000000000000445,0.00021231422505317305
B-SPX_USDT,1789566274993,0.471,0.4711,0.47104999999999997,0.0001000000000000445,0.00021231422505317305
B-SPX_USDT,1789566277607,0.4711,0.4712,0.47115,0.00009999999999998899,0.00021226915729142217
B-SPX_USDT,1789566280043,0.471,0.4712,0.47109999999999996,0.00020000000000003348,0.00042462845010622825
B-SPX_USDT,1789566282504,0.471,0.4712,0.47109999999999996,0.00020000000000003348,0.00042462845010622825
B-SPX_USDT,1789566285006,0.471,0.4712,0.47109999999999996,0.00020000000000003348,0.00042462845010622825
B-SPX_USDT,1789566287461,0.471,0.4711,0.47104999999999997,0.0001000000000000445,0.00021231422505317305
B-SPX_USDT,1789566289908,0.471,0.4711,0.47104999999999997,0.0001000000000000445,0.00021231422505317305
B-SPX_USDT,1789566292380,0.471,0.4711,0.47104999999999997,0.0001000000000000445,0.00021231422505317305
B-SPX_USDT,1789566294878,0.471,0.4711,0.47104999999999997,0.0001000000000000445,0.00021231422505317305
B-SPX_USDT,1789566297319,0.471,0.4711,0.47104999999999997,0.0001000000000000445,0.00021231422505317305
B-SPX_USDT,1789566299740,0.4708,0.471,0.4709,0.00019999999999997797,0.0004248088360237425
B-SPX_USDT,1789566302164,0.4709,0.471,0.47095,0.00009999999999998899,0.00021235931195580588
B-SPX_USDT,1789566304615,0.4706,0.4707,0.47065,0.00009999999999998899,0.00021249468763278576
B-SPX_USDT,1789566307058,0.4705,0.4706,0.47055,0.0001000000000000445,0.00021253985122219874
B-SPX_USDT,1789566309494,0.4705,0.4706,0.47055,0.0001000000000000445,0.00021253985122219874
B-SPX_USDT,1789566311923,0.4701,0.4703,0.4702,0.00019999999999997797,0.0004254413954477302
B-SPX_USDT,1789566314362,0.4701,0.4703,0.4702,0.00019999999999997797,0.0004254413954477302
B-SPX_USDT,1789566316836,0.4701,0.4703,0.4702,0.00019999999999997797,0.0004254413954477302
B-SPX_USDT,1789566319308,0.4701,0.4703,0.4702,0.00019999999999997797,0.0004254413954477302
B-SPX_USDT,1789566321719,0.4701,0.4703,0.4702,0.00019999999999997797,0.0004254413954477302
B-SPX_USDT,1789566324162,0.4702,0.4703,0.47025,0.00009999999999998899,0.00021267545725220965
B-SPX_USDT,1789566326594,0.4702,0.4703,0.47025,0.00009999999999998899,0.00021267545725220965
B-SPX_USDT,1789566329036,0.4704,0.4705,0.47045,0.00009999999999998899,0.00021258503401358204
B-SPX_USDT,1789566331486,0.4705,0.4706,0.47055,0.0001000000000000445,0.00021253985122219874
B-SPX_USDT,1789566333940,0.4705,0.4706,0.47055,0.0001000000000000445,0.00021253985122219874
B-SPX_USDT,1789566336471,0.4705,0.4706,0.47055,0.0001000000000000445,0.00021253985122219874
B-SPX_USDT,1789566338981,0.4705,0.4706,0.47055,0.0001000000000000445,0.00021253985122219874
B-SPX_USDT,1789566341460,0.4705,0.4706,0.47055,0.0001000000000000445,0.00021253985122219874
B-SPX_USDT,1789566343907,0.4705,0.4706,0.47055,0.0001000000000000445,0.00021253985122219874
B-SPX_USDT,1789566346427,0.4705,0.4706,0.47055,0.0001000000000000445,0.00021253985122219874
B-SPX_USDT,1789566348864,0.4705,0.4706,0.47055,0.0001000000000000445,0.00021253985122219874
B-SPX_USDT,1789566351324,0.4703,0.4704,0.47035,0.00009999999999998899,0.00021263023601953858
B-SPX_USDT,1789566353754,0.4705,0.4707,0.4706,0.00020000000000003348,0.0004250797024442795
B-SPX_USDT,1789566356596,0.4705,0.4706,0.47055,0.0001000000000000445,0.00021253985122219874
B-SPX_USDT,1789566359008,0.4706,0.4707,0.47065,0.00009999999999998899,0.00021249468763278576
B-SPX_USDT,1789566361435,0.4709,0.4711,0.471,0.00020000000000003348,0.00042471862391172966
B-SPX_USDT,1789566363902,0.471,0.4711,0.47104999999999997,0.0001000000000000445,0.00021231422505317305
B-SPX_USDT,1789566366341,0.4709,0.4711,0.471,0.00020000000000003348,0.00042471862391172966
B-SPX_USDT,1789566368964,0.471,0.4711,0.47104999999999997,0.0001000000000000445,0.00021231422505317305
B-SPX_USDT,1789566371398,0.471,0.4711,0.47104999999999997,0.0001000000000000445,0.00021231422505317305
B-SPX_USDT,1789566373868,0.4707,0.4708,0.47075,0.00009999999999998899,0.00021244954323345865
B-SPX_USDT,1789566376337,0.4705,0.4706,0.47055,0.0001000000000000445,0.00021253985122219874
B-SPX_USDT,1789566378829,0.4703,0.4704,0.47035,0.00009999999999998899,0.00021263023601953858
B-SPX_USDT,1789566381337,0.4703,0.4704,0.47035,0.00009999999999998899,0.00021263023601953858
B-SPX_USDT,1789566383818,0.4703,0.4704,0.47035,0.00009999999999998899,0.00021263023601953858
B-SPX_USDT,1789566386317,0.4703,0.4704,0.47035,0.00009999999999998899,0.00021263023601953858
B-SPX_USDT,1789566388794,0.4704,0.4705,0.47045,0.00009999999999998899,0.00021258503401358204
B-SPX_USDT,1789566391250,0.4704,0.4705,0.47045,0.00009999999999998899,0.00021258503401358204
B-SPX_USDT,1789566393718,0.4703,0.4704,0.47035,0.00009999999999998899,0.00021263023601953858
B-SPX_USDT,1789566396176,0.4703,0.4704,0.47035,0.00009999999999998899,0.00021263023601953858
B-SPX_USDT,1789566398641,0.4703,0.4704,0.47035,0.00009999999999998899,0.00021263023601953858
B-SPX_USDT,1789566401112,0.4703,0.4704,0.47035,0.00009999999999998899,0.00021263023601953858
B-SPX_USDT,1789566403555,0.4703,0.4704,0.47035,0.00009999999999998899,0.00021263023601953858
B-SPX_USDT,1789566406485,0.4703,0.4704,0.47035,0.00009999999999998899,0.00021263023601953858
B-SPX_USDT,1789566408923,0.4703,0.4704,0.47035,0.00009999999999998899,0.00021263023601953858
B-SPX_USDT,1789566411321,0.4703,0.4704,0.47035,0.00009999999999998899,0.00021263023601953858
B-SPX_USDT,1789566413739,0.4704,0.4705,0.47045,0.00009999999999998899,0.00021258503401358204
B-SPX_USDT,1789566416214,0.4704,0.4705,0.47045,0.00009999999999998899,0.00021258503401358204
B-SPX_USDT,1789566418692,0.4705,0.4706,0.47055,0.0001000000000000445,0.00021253985122219874
B-SPX_USDT,1789566421190,0.4708,0.471,0.4709,0.00019999999999997797,0.0004248088360237425
B-SPX_USDT,1789566423683,0.4708,0.471,0.4709,0.00019999999999997797,0.0004248088360237425
B-SPX_USDT,1789566426120,0.4709,0.471,0.47095,0.00009999999999998899,0.00021235931195580588
B-SPX_USDT,1789566428587,0.471,0.4711,0.47104999999999997,0.0001000000000000445,0.00021231422505317305
B-SPX_USDT,1789566431079,0.4712,0.4713,0.47125,0.00009999999999998899,0.00021222410865872027
B-SPX_USDT,1789566433553,0.4712,0.4713,0.47125,0.00009999999999998899,0.00021222410865872027
B-SPX_USDT,1789566436005,0.4712,0.4713,0.47125,0.00009999999999998899,0.00021222410865872027
B-SPX_USDT,1789566438464,0.4693,0.4694,0.46935,0.00009999999999998899,0.0002130833155763669
B-SPX_USDT,1789566440917,0.4691,0.4692,0.46915,0.00009999999999998899,0.0002131741632913856
B-SPX_USDT,1789566443328,0.4689,0.469,0.46895,0.00009999999999998899,0.00021326508850498825
B-SPX_USDT,1789566445762,0.4689,0.469,0.46895,0.00009999999999998899,0.00021326508850498825
B-SPX_USDT,1789566448290,0.469,0.4691,0.46904999999999997,0.0001000000000000445,0.00021321961620478572
B-SPX_USDT,1789566450874,0.4692,0.4694,0.4693,0.00019999999999997797,0.0004262574595054944
B-SPX_USDT,1789566453369,0.4692,0.4693,0.46925,0.00009999999999998899,0.0002131287297527472
B-SPX_USDT,1789566455905,0.4698,0.4699,0.46985,0.00009999999999998899,0.00021285653469559171
B-SPX_USDT,1789566458343,0.4702,0.4703,0.47025,0.00009999999999998899,0.00021267545725220965
B-SPX_USDT,1789566460806,0.4703,0.4705,0.4704,0.00019999999999997797,0.00042526047203907716
B-SPX_USDT,1789566463255,0.4705,0.4707,0.4706,0.00020000000000003348,0.0004250797024442795
B-SPX_USDT,1789566465700,0.4706,0.4707,0.47065,0.00009999999999998899,0.00021249468763278576
B-SPX_USDT,1789566468134,0.4708,0.4709,0.47085,0.00009999999999998899,0.00021240441801187126
B-SPX_USDT,1789566470550,0.4712,0.4714,0.4713,0.00019999999999997797,0.00042444821731744053
B-SPX_USDT,1789566473104,0.4712,0.4713,0.47125,0.00009999999999998899,0.00021222410865872027
B-SPX_USDT,1789566475553,0.4712,0.4713,0.47125,0.00009999999999998899,0.00021222410865872027
B-SPX_USDT,1789566478081,0.4712,0.4713,0.47125,0.00009999999999998899,0.00021222410865872027
B-SPX_USDT,1789566480601,0.4717,0.4718,0.47175,0.00009999999999998899,0.00021199915200336865
B-SPX_USDT,1789566483009,0.4715,0.4716,0.47155,0.0001000000000000445,0.00021208907741260765
B-SPX_USDT,1789566485461,0.4712,0.4713,0.47125,0.00009999999999998899,0.00021222410865872027
B-SPX_USDT,1789566487948,0.4713,0.4715,0.4714,0.00019999999999997797,0.0004243581582855463
B-SPX_USDT,1789566490421,0.4713,0.4714,0.47135,0.00009999999999998899,0.00021217907914277315
B-SPX_USDT,1789566492987,0.4713,0.4716,0.47145000000000004,0.00030000000000002247,0.0006365372374284372
B-SPX_USDT,1789566495456,0.4715,0.4716,0.47155,0.0001000000000000445,0.00021208907741260765
B-SPX_USDT,1789566497915,0.4714,0.4715,0.47145,0.00009999999999998899,0.0002121340687314149
B-SPX_USDT,1789566500547,0.4716,0.4717,0.47165,0.00009999999999998899,0.0002120441051738528
B-SPX_USDT,1789566503007,0.4716,0.4717,0.47165,0.00009999999999998899,0.0002120441051738528
B-SPX_USDT,1789566505460,0.4714,0.4716,0.47150000000000003,0.00020000000000003348,0.0004242681374629476
B-SPX_USDT,1789566507924,0.4714,0.4715,0.47145,0.00009999999999998899,0.0002121340687314149
B-SPX_USDT,1789566510351,0.4713,0.4715,0.4714,0.00019999999999997797,0.0004243581582855463
B-SPX_USDT,1789566512800,0.4713,0.4715,0.4714,0.00019999999999997797,0.0004243581582855463
B-SPX_USDT,1789566515351,0.4713,0.4715,0.4714,0.00019999999999997797,0.0004243581582855463
B-SPX_USDT,1789566518363,0.4714,0.4715,0.47145,0.00009999999999998899,0.0002121340687314149
B-SPX_USDT,1789566520849,0.4714,0.4715,0.47145,0.00009999999999998899,0.0002121340687314149
B-SPX_USDT,1789566523347,0.4714,0.4715,0.47145,0.00009999999999998899,0.0002121340687314149
B-SPX_USDT,1789566525850,0.4714,0.4715,0.47145,0.00009999999999998899,0.0002121340687314149
B-SPX_USDT,1789566528298,0.4714,0.4715,0.47145,0.00009999999999998899,0.0002121340687314149
B-SPX_USDT,1789566530709,0.4714,0.4715,0.47145,0.00009999999999998899,0.0002121340687314149
B-SPX_USDT,1789566533179,0.4713,0.4715,0.4714,0.00019999999999997797,0.0004243581582855463
B-SPX_USDT,1789566535687,0.4713,0.4715,0.4714,0.00019999999999997797,0.0004243581582855463
B-SPX_USDT,1789566538243,0.4714,0.4715,0.47145,0.00009999999999998899,0.0002121340687314149
B-SPX_USDT,1789566540768,0.4709,0.471,0.47095,0.00009999999999998899,0.00021235931195580588
B-SPX_USDT,1789566543276,0.4708,0.471,0.4709,0.00019999999999997797,0.0004248088360237425
B-SPX_USDT,1789566545748,0.4708,0.4711,0.47095,0.00030000000000002247,0.0006372132540357317
B-SPX_USDT,1789566548241,0.4708,0.4709,0.47085,0.00009999999999998899,0.00021240441801187126
B-SPX_USDT,1789566550744,0.4707,0.4709,0.4708,0.00019999999999997797,0.0004248990864669173
B-SPX_USDT,1789566553250,0.471,0.4713,0.47114999999999996,0.00030000000000002247,0.0006369426751592834
B-SPX_USDT,1789566555673,0.471,0.4711,0.47104999999999997,0.0001000000000000445,0.00021231422505317305
B-SPX_USDT,1789566558090,0.4709,0.471,0.47095,0.00009999999999998899,0.00021235931195580588
B-SPX_USDT,1789566560527,0.4709,0.471,0.47095,0.00009999999999998899,0.00021235931195580588
B-SPX_USDT,1789566563024,0.4705,0.4707,0.4706,0.00020000000000003348,0.0004250797024442795
B-SPX_USDT,1789566565471,0.4704,0.4706,0.47050000000000003,0.00020000000000003348,0.0004251700680272821
B-SPX_USDT,1789566568001,0.4705,0.4706,0.47055,0.0001000000000000445,0.00021253985122219874
B-SPX_USDT,1789566570515,0.4705,0.4706,0.47055,0.0001000000000000445,0.00021253985122219874
B-SPX_USDT,1789566573061,0.4702,0.4704,0.4703,0.00019999999999997797,0.0004253509145044193
B-SPX_USDT,1789566575573,0.4703,0.4704,0.47035,0.00009999999999998899,0.00021263023601953858
B-SPX_USDT,1789566578133,0.4703,0.4704,0.47035,0.00009999999999998899,0.00021263023601953858
B-SPX_USDT,1789566580648,0.4704,0.4705,0.47045,0.00009999999999998899,0.00021258503401358204
B-SPX_USDT,1789566583108,0.4707,0.4709,0.4708,0.00019999999999997797,0.0004248990864669173
B-SPX_USDT,1789566585542,0.4708,0.4709,0.47085,0.00009999999999998899,0.00021240441801187126
B-SPX_USDT,1789566587996,0.4708,0.4709,0.47085,0.00009999999999998899,0.00021240441801187126
B-SPX_USDT,1789566590725,0.4708,0.4709,0.47085,0.00009999999999998899,0.00021240441801187126
B-SPX_USDT,1789566593154,0.4708,0.4709,0.47085,0.00009999999999998899,0.00021240441801187126
B-SPX_USDT,1789566595942,0.4708,0.4709,0.47085,0.00009999999999998899,0.00021240441801187126
B-SPX_USDT,1789566598406,0.4708,0.4709,0.47085,0.00009999999999998899,0.00021240441801187126
B-SPX_USDT,1789566600851,0.471,0.4713,0.47114999999999996,0.00030000000000002247,0.0006369426751592834
B-SPX_USDT,1789566603350,0.4712,0.4713,0.47125,0.00009999999999998899,0.00021222410865872027
B-SPX_USDT,1789566605816,0.4715,0.4716,0.47155,0.0001000000000000445,0.00021208907741260765
B-SPX_USDT,1789566608248,0.4717,0.4719,0.4718,0.00019999999999997797,0.0004239983040067373
B-SPX_USDT,1789566610710,0.4718,0.4719,0.47185,0.00009999999999998899,0.00021195421788891265
B-SPX_USDT,1789566613247,0.4719,0.472,0.47195,0.00009999999999998899,0.0002119093028183704
B-SPX_USDT,1789566615715,0.4718,0.4719,0.47185,0.00009999999999998899,0.00021195421788891265
B-SPX_USDT,1789566618220,0.4719,0.4721,0.472,0.00020000000000003348,0.00042381860563685844
B-SPX_USDT,1789566620668,0.4719,0.472,0.47195,0.00009999999999998899,0.0002119093028183704
B-SPX_USDT,1789566623210,0.472,0.4721,0.47204999999999997,0.0001000000000000445,0.0002118644067797553
B-SPX_USDT,1789566625692,0.472,0.4721,0.47204999999999997,0.0001000000000000445,0.0002118644067797553
B-SPX_USDT,1789566628122,0.472,0.4721,0.47204999999999997,0.0001000000000000445,0.0002118644067797553
B-SPX_USDT,1789566630605,0.4717,0.4718,0.47175,0.00009999999999998899,0.00021199915200336865
B-SPX_USDT,1789566633074,0.4717,0.4718,0.47175,0.00009999999999998899,0.00021199915200336865
B-SPX_USDT,1789566635564,0.4717,0.4719,0.4718,0.00019999999999997797,0.0004239983040067373
B-SPX_USDT,1789566638010,0.4715,0.4716,0.47155,0.0001000000000000445,0.00021208907741260765
B-SPX_USDT,1789566640490,0.4715,0.4716,0.47155,0.0001000000000000445,0.00021208907741260765
B-SPX_USDT,1789566642985,0.4712,0.4713,0.47125,0.00009999999999998899,0.00021222410865872027
B-SPX_USDT,1789566645617,0.4707,0.4709,0.4708,0.00019999999999997797,0.0004248990864669173
B-SPX_USDT,1789566648057,0.4713,0.4714,0.47135,0.00009999999999998899,0.00021217907914277315
B-SPX_USDT,1789566650472,0.4712,0.4713,0.47125,0.00009999999999998899,0.00021222410865872027
B-SPX_USDT,1789566652936,0.471,0.4711,0.47104999999999997,0.0001000000000000445,0.00021231422505317305
B-SPX_USDT,1789566655357,0.4709,0.471,0.47095,0.00009999999999998899,0.00021235931195580588
B-SPX_USDT,1789566657795,0.4709,0.471,0.47095,0.00009999999999998899,0.00021235931195580588
B-SPX_USDT,1789566660209,0.4709,0.471,0.47095,0.00009999999999998899,0.00021235931195580588
B-SPX_USDT,1789566662666,0.4709,0.471,0.47095,0.00009999999999998899,0.00021235931195580588
B-SPX_USDT,1789566665120,0.4708,0.4709,0.47085,0.00009999999999998899,0.00021240441801187126
B-SPX_USDT,1789566667568,0.4708,0.4711,0.47095,0.00030000000000002247,0.0006372132540357317
B-SPX_USDT,1789566669990,0.4709,0.471,0.47095,0.00009999999999998899,0.00021235931195580588
B-SPX_USDT,1789566672417,0.4706,0.4708,0.4707,0.00019999999999997797,0.0004249893752655715
B-ID_USDT,1789563072994,0.03196,0.03197,0.031965,0.000009999999999996123,0.00031289111389224414
B-ID_USDT,1789563075479,0.03196,0.03197,0.031965,0.000009999999999996123,0.00031289111389224414
B-ID_USDT,1789563077932,0.03196,0.03197,0.031965,0.000009999999999996123,0.00031289111389224414
B-ID_USDT,1789563080350,0.03196,0.03197,0.031965,0.000009999999999996123,0.00031289111389224414
B-ID_USDT,1789563082787,0.03196,0.03197,0.031965,0.000009999999999996123,0.00031289111389224414
B-ID_USDT,1789563085259,0.03195,0.03196,0.031955,0.000010000000000003062,0.0003129890453835074
B-ID_USDT,1789563087702,0.03195,0.03196,0.031955,0.000010000000000003062,0.0003129890453835074
B-ID_USDT,1789563090247,0.03195,0.03196,0.031955,0.000010000000000003062,0.0003129890453835074
B-ID_USDT,1789563092913,0.03195,0.03196,0.031955,0.000010000000000003062,0.0003129890453835074
B-ID_USDT,1789563095390,0.03195,0.03196,0.031955,0.000010000000000003062,0.0003129890453835074
B-ID_USDT,1789563097888,0.03195,0.03196,0.031955,0.000010000000000003062,0.0003129890453835074
B-ID_USDT,1789563100328,0.03195,0.03196,0.031955,0.000010000000000003062,0.0003129890453835074
B-ID_USDT,1789563102762,0.03195,0.03196,0.031955,0.000010000000000003062,0.0003129890453835074
B-ID_USDT,1789563105234,0.03195,0.03196,0.031955,0.000010000000000003062,0.0003129890453835074
B-ID_USDT,1789563107701,0.03195,0.03196,0.031955,0.000010000000000003062,0.0003129890453835074
B-ID_USDT,1789563110158,0.03196,0.03197,0.031965,0.000009999999999996123,0.00031289111389224414
B-ID_USDT,1789563112584,0.03196,0.03197,0.031965,0.000009999999999996123,0.00031289111389224414
B-ID_USDT,1789563114990,0.03196,0.03197,0.031965,0.000009999999999996123,0.00031289111389224414
B-ID_USDT,1789563117417,0.03196,0.03197,0.031965,0.000009999999999996123,0.00031289111389224414
B-ID_USDT,1789563119883,0.03196,0.03197,0.031965,0.000009999999999996123,0.00031289111389224414
B-ID_USDT,1789563122316,0.03196,0.03197,0.031965,0.000009999999999996123,0.00031289111389224414
B-ID_USDT,1789563124796,0.03196,0.03197,0.031965,0.000009999999999996123,0.00031289111389224414
B-ID_USDT,1789563127270,0.03196,0.03197,0.031965,0.000009999999999996123,0.00031289111389224414
B-ID_USDT,1789563129739,0.03196,0.03197,0.031965,0.000009999999999996123,0.00031289111389224414
B-ID_USDT,1789563133010,0.03196,0.03197,0.031965,0.000009999999999996123,0.00031289111389224414
B-ID_USDT,1789563135454,0.03196,0.03197,0.031965,0.000009999999999996123,0.00031289111389224414
B-ID_USDT,1789563137928,0.03196,0.03197,0.031965,0.000009999999999996123,0.00031289111389224414
B-ID_USDT,1789563140396,0.03196,0.03197,0.031965,0.000009999999999996123,0.00031289111389224414
B-ID_USDT,1789563142828,0.03196,0.03197,0.031965,0.000009999999999996123,0.00031289111389224414
B-ID_USDT,1789563145247,0.03196,0.03197,0.031965,0.000009999999999996123,0.00031289111389224414
B-ID_USDT,1789563147670,0.03196,0.03197,0.031965,0.000009999999999996123,0.00031289111389224414
B-ID_USDT,1789563150105,0.03196,0.03197,0.031965,0.000009999999999996123,0.00031289111389224414
B-ID_USDT,1789563152548,0.03196,0.03197,0.031965,0.000009999999999996123,0.00031289111389224414
B-ID_USDT,1789563155042,0.03196,0.03197,0.031965,0.000009999999999996123,0.00031289111389224414
B-ID_USDT,1789563157512,0.03196,0.03197,0.031965,0.000009999999999996123,0.00031289111389224414
B-ID_USDT,1789563159995,0.03196,0.03197,0.031965,0.000009999999999996123,0.00031289111389224414
B-ID_USDT,1789563162512,0.03196,0.03197,0.031965,0.000009999999999996123,0.00031289111389224414
B-ID_USDT,1789563165023,0.03193,0.03195,0.031939999999999996,0.000019999999999999185,0.0006263701847791789
B-ID_USDT,1789563167485,0.03193,0.03194,0.031935000000000005,0.000010000000000003062,0.00031318509238969816
B-ID_USDT,1789563169947,0.0319,0.03191,0.031905,0.000010000000000003062,0.00031347962382454744
B-ID_USDT,1789563172424,0.0319,0.03191,0.031905,0.000010000000000003062,0.00031347962382454744
B-ID_USDT,1789563174889,0.0319,0.03191,0.031905,0.000010000000000003062,0.00031347962382454744
B-ID_USDT,1789563177355,0.0319,0.03191,0.031905,0.000010000000000003062,0.00031347962382454744
B-ID_USDT,1789563179954,0.0319,0.03191,0.031905,0.000010000000000003062,0.00031347962382454744
B-ID_USDT,1789563182580,0.0319,0.03191,0.031905,0.000010000000000003062,0.00031347962382454744
B-ID_USDT,1789563185069,0.0319,0.03191,0.031905,0.000010000000000003062,0.00031347962382454744
B-ID_USDT,1789563187503,0.0319,0.03191,0.031905,0.000010000000000003062,0.00031347962382454744
B-ID_USDT,1789563189926,0.03188,0.0319,0.03189,0.000019999999999999185,0.0006273525721455203
B-ID_USDT,1789563192374,0.03189,0.0319,0.031895,0.000009999999999996123,0.00031357792411402076
B-ID_USDT,1789563195250,0.03189,0.0319,0.031895,0.000009999999999996123,0.00031357792411402076
B-ID_USDT,1789563197707,0.03191,0.03193,0.031920000000000004,0.000019999999999999185,0.0006267627702914191
B-ID_USDT,1789563200139,0.03192,0.03193,0.031924999999999995,0.000010000000000003062,0.00031328320802014606
B-ID_USDT,1789563202598,0.03193,0.03194,0.031935000000000005,0.000010000000000003062,0.00031318509238969816
B-ID_USDT,1789563205065,0.03193,0.03194,0.031935000000000005,0.000010000000000003062,0.00031318509238969816
B-ID_USDT,1789563207478,0.03194,0.03195,0.031945,0.000009999999999996123,0.00031308703819649727
B-ID_USDT,1789563209927,0.03194,0.03195,0.031945,0.000009999999999996123,0.00031308703819649727
B-ID_USDT,1789563212354,0.03193,0.03195,0.031939999999999996,0.000019999999999999185,0.0006263701847791789
B-ID_USDT,1789563214780,0.03193,0.03195,0.031939999999999996,0.000019999999999999185,0.0006263701847791789
B-ID_USDT,1789563217218,0.03193,0.03195,0.031939999999999996,0.000019999999999999185,0.0006263701847791789
B-ID_USDT,1789563219721,0.03193,0.03195,0.031939999999999996,0.000019999999999999185,0.0006263701847791789
B-ID_USDT,1789563222187,0.03193,0.03195,0.031939999999999996,0.000019999999999999185,0.0006263701847791789
B-ID_USDT,1789563224692,0.03193,0.03194,0.031935000000000005,0.000010000000000003062,0.00031318509238969816
B-ID_USDT,1789563227162,0.03193,0.03194,0.031935000000000005,0.000010000000000003062,0.00031318509238969816
B-ID_USDT,1789563229680,0.03193,0.03194,0.031935000000000005,0.000010000000000003062,0.00031318509238969816
B-ID_USDT,1789563232148,0.03193,0.03194,0.031935000000000005,0.000010000000000003062,0.00031318509238969816
B-ID_USDT,1789563234565,0.03192,0.03193,0.031924999999999995,0.000010000000000003062,0.00031328320802014606
B-ID_USDT,1789563237024,0.03192,0.03193,0.031924999999999995,0.000010000000000003062,0.00031328320802014606
B-ID_USDT,1789563239468,0.03192,0.03193,0.031924999999999995,0.000010000000000003062,0.00031328320802014606
B-ID_USDT,1789563241893,0.03192,0.03193,0.031924999999999995,0.000010000000000003062,0.00031328320802014606
B-ID_USDT,1789563244325,0.03192,0.03193,0.031924999999999995,0.000010000000000003062,0.00031328320802014606
B-ID_USDT,1789563247017,0.03192,0.03193,0.031924999999999995,0.000010000000000003062,0.00031328320802014606
B-ID_USDT,1789563249465,0.03192,0.03193,0.031924999999999995,0.000010000000000003062,0.00031328320802014606
B-ID_USDT,1789563251896,0.03192,0.03193,0.031924999999999995,0.000010000000000003062,0.00031328320802014606
B-ID_USDT,1789563254305,0.03192,0.03193,0.031924999999999995,0.000010000000000003062,0.00031328320802014606
B-ID_USDT,1789563256744,0.03192,0.03193,0.031924999999999995,0.000010000000000003062,0.00031328320802014606
B-ID_USDT,1789563259199,0.03192,0.03193,0.031924999999999995,0.000010000000000003062,0.00031328320802014606
B-ID_USDT,1789563261677,0.03192,0.03193,0.031924999999999995,0.000010000000000003062,0.00031328320802014606
B-ID_USDT,1789563264133,0.03192,0.03193,0.031924999999999995,0.000010000000000003062,0.00031328320802014606
B-ID_USDT,1789563266543,0.03192,0.03193,0.031924999999999995,0.000010000000000003062,0.00031328320802014606
B-ID_USDT,1789563269043,0.03192,0.03193,0.031924999999999995,0.000010000000000003062,0.00031328320802014606
B-ID_USDT,1789563271514,0.03192,0.03193,0.031924999999999995,0.000010000000000003062,0.00031328320802014606
B-ID_USDT,1789563274000,0.03192,0.03193,0.031924999999999995,0.000010000000000003062,0.00031328320802014606
B-ID_USDT,1789563276417,0.03192,0.03193,0.031924999999999995,0.000010000000000003062,0.00031328320802014606
B-ID_USDT,1789563278834,0.03192,0.03193,0.031924999999999995,0.000010000000000003062,0.00031328320802014606
B-ID_USDT,1789563281250,0.03192,0.03193,0.031924999999999995,0.000010000000000003062,0.00031328320802014606
B-ID_USDT,1789563283698,0.03192,0.03193,0.031924999999999995,0.000010000000000003062,0.00031328320802014606
B-ID_USDT,1789563286149,0.03192,0.03193,0.031924999999999995,0.000010000000000003062,0.00031328320802014606
B-ID_USDT,1789563288571,0.03192,0.03193,0.031924999999999995,0.000010000000000003062,0.00031328320802014606
B-ID_USDT,1789563290994,0.03192,0.03193,0.031924999999999995,0.000010000000000003062,0.00031328320802014606
B-ID_USDT,1789563293433,0.03192,0.03193,0.031924999999999995,0.000010000000000003062,0.00031328320802014606
B-ID_USDT,1789563295860,0.03192,0.03193,0.031924999999999995,0.000010000000000003062,0.00031328320802014606
B-ID_USDT,1789563298298,0.03192,0.03193,0.031924999999999995,0.000010000000000003062,0.00031328320802014606
B-ID_USDT,1789563300812,0.03191,0.03192,0.031915,0.000009999999999996123,0.00031338138514560085
B-ID_USDT,1789563303311,0.03191,0.03192,0.031915,0.000009999999999996123,0.00031338138514560085
B-ID_USDT,1789563305752,0.0319,0.03191,0.031905,0.000010000000000003062,0.00031347962382454744
B-ID_USDT,1789563308207,0.03189,0.03191,0.0319,0.000019999999999999185,0.0006271558482282591
B-ID_USDT,1789563310663,0.03189,0.03191,0.0319,0.000019999999999999185,0.0006271558482282591
B-ID_USDT,1789563313086,0.03189,0.03191,0.0319,0.000019999999999999185,0.0006271558482282591
B-ID_USDT,1789563315538,0.0319,0.03191,0.031905,0.000010000000000003062,0.00031347962382454744
B-ID_USDT,1789563318010,0.03189,0.03191,0.0319,0.000019999999999999185,0.0006271558482282591
B-ID_USDT,1789563320491,0.03189,0.0319,0.031895,0.000009999999999996123,0.00031357792411402076
B-ID_USDT,1789563322968,0.03189,0.0319,0.031895,0.000009999999999996123,0.00031357792411402076
B-ID_USDT,1789563325436,0.03189,0.0319,0.031895,0.000009999999999996123,0.00031357792411402076
B-ID_USDT,1789563327891,0.03189,0.0319,0.031895,0.000009999999999996123,0.00031357792411402076
B-ID_USDT,1789563330342,0.03189,0.0319,0.031895,0.000009999999999996123,0.00031357792411402076
B-ID_USDT,1789563332804,0.03189,0.0319,0.031895,0.000009999999999996123,0.00031357792411402076
B-ID_USDT,1789563335258,0.03188,0.03189,0.031885,0.000010000000000003062,0.00031367628607286894
B-ID_USDT,1789563337674,0.03188,0.03189,0.031885,0.000010000000000003062,0.00031367628607286894
B-ID_USDT,1789563340104,0.03189,0.0319,0.031895,0.000009999999999996123,0.00031357792411402076
B-ID_USDT,1789563342520,0.03189,0.0319,0.031895,0.000009999999999996123,0.00031357792411402076
B-ID_USDT,1789563344969,0.03189,0.0319,0.031895,0.000009999999999996123,0.00031357792411402076
B-ID_USDT,1789563347414,0.03189,0.0319,0.031895,0.000009999999999996123,0.00031357792411402076
B-ID_USDT,1789563349844,0.03189,0.0319,0.031895,0.000009999999999996123,0.00031357792411402076
B-ID_USDT,1789563352293,0.03189,0.0319,0.031895,0.000009999999999996123,0.00031357792411402076
B-ID_USDT,1789563354718,0.03189,0.0319,0.031895,0.000009999999999996123,0.00031357792411402076
B-ID_USDT,1789563357185,0.03189,0.0319,0.031895,0.000009999999999996123,0.00031357792411402076
B-ID_USDT,1789563359646,0.03189,0.0319,0.031895,0.000009999999999996123,0.00031357792411402076
B-ID_USDT,1789563362104,0.03189,0.0319,0.031895,0.000009999999999996123,0.00031357792411402076
B-ID_USDT,1789563364542,0.03189,0.0319,0.031895,0.000009999999999996123,0.00031357792411402076
B-ID_USDT,1789563366995,0.03191,0.03192,0.031915,0.000009999999999996123,0.00031338138514560085
B-ID_USDT,1789563369464,0.03192,0.03193,0.031924999999999995,0.000010000000000003062,0.00031328320802014606
B-ID_USDT,1789563371926,0.03193,0.03194,0.031935000000000005,0.000010000000000003062,0.00031318509238969816
B-ID_USDT,1789563374377,0.03193,0.03194,0.031935000000000005,0.000010000000000003062,0.00031318509238969816
B-ID_USDT,1789563376831,0.03193,0.03195,0.031939999999999996,0.000019999999999999185,0.0006263701847791789
B-ID_USDT,1789563379261,0.03193,0.03195,0.031939999999999996,0.000019999999999999185,0.0006263701847791789
B-ID_USDT,1789563381686,0.03193,0.03195,0.031939999999999996,0.000019999999999999185,0.0006263701847791789
B-ID_USDT,1789563384110,0.03193,0.03195,0.031939999999999996,0.000019999999999999185,0.0006263701847791789
B-ID_USDT,1789563386539,0.03192,0.03194,0.03193,0.000020000000000006124,0.0006265664160402921
B-ID_USDT,1789563388960,0.03192,0.03194,0.03193,0.000020000000000006124,0.0006265664160402921
B-ID_USDT,1789563391383,0.03193,0.03194,0.031935000000000005,0.000010000000000003062,0.00031318509238969816
B-ID_USDT,1789563393797,0.03193,0.03194,0.031935000000000005,0.000010000000000003062,0.00031318509238969816
B-ID_USDT,1789563396212,0.03193,0.03195,0.031939999999999996,0.000019999999999999185,0.0006263701847791789
B-ID_USDT,1789563398639,0.03193,0.03195,0.031939999999999996,0.000019999999999999185,0.0006263701847791789
B-ID_USDT,1789563401082,0.03193,0.03195,0.031939999999999996,0.000019999999999999185,0.0006263701847791789
B-ID_USDT,1789563403688,0.03194,0.03195,0.031945,0.000009999999999996123,0.00031308703819649727
B-ID_USDT,1789563406199,0.03194,0.03195,0.031945,0.000009999999999996123,0.00031308703819649727
B-ID_USDT,1789563408628,0.03195,0.03196,0.031955,0.000010000000000003062,0.0003129890453835074
B-ID_USDT,1789563411078,0.03195,0.03196,0.031955,0.000010000000000003062,0.0003129890453835074
B-ID_USDT,1789563413472,0.03195,0.03196,0.031955,0.000010000000000003062,0.0003129890453835074
B-ID_USDT,1789563415878,0.03195,0.03196,0.031955,0.000010000000000003062,0.0003129890453835074
B-ID_USDT,1789563418381,0.03195,0.03196,0.031955,0.000010000000000003062,0.0003129890453835074
B-ID_USDT,1789563420817,0.03195,0.03196,0.031955,0.000010000000000003062,0.0003129890453835074
B-ID_USDT,1789563423264,0.03195,0.03196,0.031955,0.000010000000000003062,0.0003129890453835074
B-ID_USDT,1789563425730,0.03195,0.03196,0.031955,0.000010000000000003062,0.0003129890453835074
B-ID_USDT,1789563428203,0.03194,0.03195,0.031945,0.000009999999999996123,0.00031308703819649727
B-ID_USDT,1789563430670,0.03194,0.03195,0.031945,0.000009999999999996123,0.00031308703819649727
B-ID_USDT,1789563433379,0.03194,0.03195,0.031945,0.000009999999999996123,0.00031308703819649727
B-ID_USDT,1789563435840,0.03194,0.03195,0.031945,0.000009999999999996123,0.00031308703819649727
B-ID_USDT,1789563438261,0.03194,0.03195,0.031945,0.000009999999999996123,0.00031308703819649727
B-ID_USDT,1789563440672,0.03194,0.03195,0.031945,0.000009999999999996123,0.00031308703819649727
B-ID_USDT,1789563443111,0.03194,0.03195,0.031945,0.000009999999999996123,0.00031308703819649727
B-ID_USDT,1789563445520,0.03194,0.03195,0.031945,0.000009999999999996123,0.00031308703819649727
B-ID_USDT,1789563447962,0.03194,0.03195,0.031945,0.000009999999999996123,0.00031308703819649727
B-ID_USDT,1789563450405,0.03194,0.03195,0.031945,0.000009999999999996123,0.00031308703819649727
B-ID_USDT,1789563452883,0.03194,0.03195,0.031945,0.000009999999999996123,0.00031308703819649727
B-ID_USDT,1789563455314,0.03194,0.03195,0.031945,0.000009999999999996123,0.00031308703819649727
B-ID_USDT,1789563457733,0.03194,0.03195,0.031945,0.000009999999999996123,0.00031308703819649727
B-ID_USDT,1789563460156,0.03194,0.03195,0.031945,0.000009999999999996123,0.00031308703819649727
B-ID_USDT,1789563462558,0.03194,0.03195,0.031945,0.000009999999999996123,0.00031308703819649727
B-ID_USDT,1789563464992,0.03194,0.03195,0.031945,0.000009999999999996123,0.00031308703819649727
B-ID_USDT,1789563467403,0.03194,0.03195,0.031945,0.000009999999999996123,0.00031308703819649727
B-ID_USDT,1789563469843,0.03194,0.03195,0.031945,0.000009999999999996123,0.00031308703819649727
B-ID_USDT,1789563472237,0.03194,0.03195,0.031945,0.000009999999999996123,0.00031308703819649727
B-ID_USDT,1789563474638,0.03194,0.03195,0.031945,0.000009999999999996123,0.00031308703819649727
B-ID_USDT,1789563477040,0.03194,0.03195,0.031945,0.000009999999999996123,0.00031308703819649727
B-ID_USDT,1789563479462,0.03194,0.03195,0.031945,0.000009999999999996123,0.00031308703819649727
B-ID_USDT,1789563481913,0.03194,0.03195,0.031945,0.000009999999999996123,0.00031308703819649727
B-ID_USDT,1789563484344,0.03194,0.03195,0.031945,0.000009999999999996123,0.00031308703819649727
B-ID_USDT,1789563486802,0.03194,0.03195,0.031945,0.000009999999999996123,0.00031308703819649727
B-ID_USDT,1789563489224,0.03194,0.03195,0.031945,0.000009999999999996123,0.00031308703819649727
B-ID_USDT,1789563491625,0.03194,0.03195,0.031945,0.000009999999999996123,0.00031308703819649727
B-ID_USDT,1789563494070,0.03194,0.03195,0.031945,0.000009999999999996123,0.00031308703819649727
B-ID_USDT,1789563496510,0.03194,0.03195,0.031945,0.000009999999999996123,0.00031308703819649727
B-ID_USDT,1789563498954,0.03194,0.03195,0.031945,0.000009999999999996123,0.00031308703819649727
B-ID_USDT,1789563501375,0.03194,0.03195,0.031945,0.000009999999999996123,0.00031308703819649727
B-ID_USDT,1789563503800,0.03194,0.03195,0.031945,0.000009999999999996123,0.00031308703819649727
B-ID_USDT,1789563506232,0.03194,0.03195,0.031945,0.000009999999999996123,0.00031308703819649727
B-ID_USDT,1789563508645,0.03194,0.03195,0.031945,0.000009999999999996123,0.00031308703819649727
B-ID_USDT,1789563511100,0.03194,0.03195,0.031945,0.000009999999999996123,0.00031308703819649727
B-ID_USDT,1789563513558,0.03194,0.03195,0.031945,0.000009999999999996123,0.00031308703819649727
B-ID_USDT,1789563516013,0.03194,0.03195,0.031945,0.000009999999999996123,0.00031308703819649727
B-ID_USDT,1789563518457,0.03194,0.03195,0.031945,0.000009999999999996123,0.00031308703819649727
B-ID_USDT,1789563520888,0.03194,0.03195,0.031945,0.000009999999999996123,0.00031308703819649727
B-ID_USDT,1789563523334,0.03194,0.03195,0.031945,0.000009999999999996123,0.00031308703819649727
B-ID_USDT,1789563525775,0.03194,0.03195,0.031945,0.000009999999999996123,0.00031308703819649727
B-ID_USDT,1789563528200,0.03194,0.03195,0.031945,0.000009999999999996123,0.00031308703819649727
B-ID_USDT,1789563530627,0.03194,0.03195,0.031945,0.000009999999999996123,0.00031308703819649727
B-ID_USDT,1789563533072,0.03194,0.03195,0.031945,0.000009999999999996123,0.00031308703819649727
B-ID_USDT,1789563535492,0.03194,0.03195,0.031945,0.000009999999999996123,0.00031308703819649727
B-ID_USDT,1789563537933,0.03194,0.03195,0.031945,0.000009999999999996123,0.00031308703819649727
B-ID_USDT,1789563540357,0.03194,0.03195,0.031945,0.000009999999999996123,0.00031308703819649727
B-ID_USDT,1789563542828,0.03194,0.03195,0.031945,0.000009999999999996123,0.00031308703819649727
B-ID_USDT,1789563545297,0.03194,0.03195,0.031945,0.000009999999999996123,0.00031308703819649727
B-ID_USDT,1789563547725,0.03194,0.03195,0.031945,0.000009999999999996123,0.00031308703819649727
B-ID_USDT,1789563550181,0.03194,0.03195,0.031945,0.000009999999999996123,0.00031308703819649727
B-ID_USDT,1789563552721,0.03193,0.03194,0.031935000000000005,0.000010000000000003062,0.00031318509238969816
B-ID_USDT,1789563555146,0.03193,0.03195,0.031939999999999996,0.000019999999999999185,0.0006263701847791789
B-ID_USDT,1789563557586,0.03193,0.03195,0.031939999999999996,0.000019999999999999185,0.0006263701847791789
B-ID_USDT,1789563560017,0.03193,0.03194,0.031935000000000005,0.000010000000000003062,0.00031318509238969816
B-ID_USDT,1789563562466,0.03193,0.03194,0.031935000000000005,0.000010000000000003062,0.00031318509238969816
B-ID_USDT,1789563564981,0.03193,0.03194,0.031935000000000005,0.000010000000000003062,0.00031318509238969816
B-ID_USDT,1789563567433,0.03193,0.03194,0.031935000000000005,0.000010000000000003062,0.00031318509238969816
B-ID_USDT,1789563569954,0.03193,0.03194,0.031935000000000005,0.000010000000000003062,0.00031318509238969816
B-ID_USDT,1789563572401,0.03193,0.03194,0.031935000000000005,0.000010000000000003062,0.00031318509238969816
B-ID_USDT,1789563574834,0.03193,0.03194,0.031935000000000005,0.000010000000000003062,0.00031318509238969816
B-ID_USDT,1789563577370,0.03193,0.03194,0.031935000000000005,0.000010000000000003062,0.00031318509238969816
B-ID_USDT,1789563579793,0.03193,0.03194,0.031935000000000005,0.000010000000000003062,0.00031318509238969816
B-ID_USDT,1789563582262,0.03193,0.03194,0.031935000000000005,0.000010000000000003062,0.00031318509238969816
B-ID_USDT,1789563584698,0.03193,0.03194,0.031935000000000005,0.000010000000000003062,0.00031318509238969816
B-ID_USDT,1789563587690,0.03194,0.03195,0.031945,0.000009999999999996123,0.00031308703819649727
B-ID_USDT,1789563590095,0.03195,0.03196,0.031955,0.000010000000000003062,0.0003129890453835074
B-ID_USDT,1789563592506,0.03195,0.03196,0.031955,0.000010000000000003062,0.0003129890453835074
B-ID_USDT,1789563594948,0.03195,0.03196,0.031955,0.000010000000000003062,0.0003129890453835074
B-ID_USDT,1789563597390,0.03194,0.03196,0.031950000000000006,0.000019999999999999185,0.0006261740763932117
B-ID_USDT,1789563599831,0.03195,0.03196,0.031955,0.000010000000000003062,0.0003129890453835074
B-ID_USDT,1789563602333,0.03193,0.03194,0.031935000000000005,0.000010000000000003062,0.00031318509238969816
B-ID_USDT,1789563604812,0.03193,0.03194,0.031935000000000005,0.000010000000000003062,0.00031318509238969816
B-ID_USDT,1789563607233,0.03194,0.03195,0.031945,0.000009999999999996123,0.00031308703819649727
B-ID_USDT,1789563609730,0.03194,0.03195,0.031945,0.000009999999999996123,0.00031308703819649727
B-ID_USDT,1789563612294,0.03193,0.03195,0.031939999999999996,0.000019999999999999185,0.0006263701847791789
B-ID_USDT,1789563614773,0.03192,0.03193,0.031924999999999995,0.000010000000000003062,0.00031328320802014606
B-ID_USDT,1789563617219,0.03192,0.03193,0.031924999999999995,0.000010000000000003062,0.00031328320802014606
B-ID_USDT,1789563619715,0.03192,0.03193,0.031924999999999995,0.000010000000000003062,0.00031328320802014606
B-ID_USDT,1789563622177,0.03194,0.03195,0.031945,0.000009999999999996123,0.00031308703819649727
B-ID_USDT,1789563624612,0.03194,0.03195,0.031945,0.000009999999999996123,0.00031308703819649727
B-ID_USDT,1789563627051,0.03194,0.03195,0.031945,0.000009999999999996123,0.00031308703819649727
B-ID_USDT,1789563629494,0.03193,0.03195,0.031939999999999996,0.000019999999999999185,0.0006263701847791789
B-ID_USDT,1789563631963,0.03192,0.03193,0.031924999999999995,0.000010000000000003062,0.00031328320802014606
B-ID_USDT,1789563634360,0.03192,0.03193,0.031924999999999995,0.000010000000000003062,0.00031328320802014606
B-ID_USDT,1789563636788,0.03192,0.03193,0.031924999999999995,0.000010000000000003062,0.00031328320802014606
B-ID_USDT,1789563639345,0.03191,0.03192,0.031915,0.000009999999999996123,0.00031338138514560085
B-ID_USDT,1789563641806,0.03191,0.03192,0.031915,0.000009999999999996123,0.00031338138514560085
B-ID_USDT,1789563644242,0.03191,0.03192,0.031915,0.000009999999999996123,0.00031338138514560085
B-ID_USDT,1789563646686,0.03191,0.03192,0.031915,0.000009999999999996123,0.00031338138514560085
B-ID_USDT,1789563649153,0.03191,0.03192,0.031915,0.000009999999999996123,0.00031338138514560085
B-ID_USDT,1789563651650,0.03191,0.03192,0.031915,0.000009999999999996123,0.00031338138514560085
B-ID_USDT,1789563654114,0.03191,0.03192,0.031915,0.000009999999999996123,0.00031338138514560085
B-ID_USDT,1789563656589,0.03191,0.03192,0.031915,0.000009999999999996123,0.00031338138514560085
B-ID_USDT,1789563659023,0.03191,0.03192,0.031915,0.000009999999999996123,0.00031338138514560085
B-ID_USDT,1789563661443,0.03191,0.03192,0.031915,0.000009999999999996123,0.00031338138514560085
B-ID_USDT,1789563663873,0.0319,0.03191,0.031905,0.000010000000000003062,0.00031347962382454744
B-ID_USDT,1789563666316,0.0319,0.03191,0.031905,0.000010000000000003062,0.00031347962382454744
B-ID_USDT,1789563668758,0.0319,0.03191,0.031905,0.000010000000000003062,0.00031347962382454744
B-ID_USDT,1789563671214,0.0319,0.03191,0.031905,0.000010000000000003062,0.00031347962382454744
B-ID_USDT,1789563673694,0.03188,0.03189,0.031885,0.000010000000000003062,0.00031367628607286894
B-ID_USDT,1789563676133,0.03189,0.03191,0.0319,0.000019999999999999185,0.0006271558482282591
B-ID_USDT,1789563678786,0.03189,0.0319,0.031895,0.000009999999999996123,0.00031357792411402076
B-ID_USDT,1789563681229,0.03189,0.0319,0.031895,0.000009999999999996123,0.00031357792411402076
B-ID_USDT,1789563683650,0.03189,0.0319,0.031895,0.000009999999999996123,0.00031357792411402076
B-ID_USDT,1789563686097,0.03189,0.0319,0.031895,0.000009999999999996123,0.00031357792411402076
B-ID_USDT,1789563688508,0.03189,0.0319,0.031895,0.000009999999999996123,0.00031357792411402076
B-ID_USDT,1789563691118,0.03189,0.0319,0.031895,0.000009999999999996123,0.00031357792411402076
B-ID_USDT,1789563693581,0.03189,0.0319,0.031895,0.000009999999999996123,0.00031357792411402076
B-ID_USDT,1789563696015,0.03189,0.0319,0.031895,0.000009999999999996123,0.00031357792411402076
B-ID_USDT,1789563698502,0.03188,0.03189,0.031885,0.000010000000000003062,0.00031367628607286894
B-ID_USDT,1789563700952,0.03188,0.03189,0.031885,0.000010000000000003062,0.00031367628607286894
B-ID_USDT,1789563703436,0.03188,0.03189,0.031885,0.000010000000000003062,0.00031367628607286894
B-ID_USDT,1789563705916,0.03187,0.03189,0.031880000000000006,0.000019999999999999185,0.0006275494195167613
B-ID_USDT,1789563708328,0.03187,0.03189,0.031880000000000006,0.000019999999999999185,0.0006275494195167613
B-ID_USDT,1789563710746,0.03187,0.03188,0.031875,0.000009999999999996123,0.0003137747097582718
B-ID_USDT,1789563892742,0.03186,0.03187,0.031865000000000004,0.000010000000000003062,0.00031387319522922357
B-ID_USDT,1789563895190,0.03186,0.03187,0.031865000000000004,0.000010000000000003062,0.00031387319522922357
B-ID_USDT,1789563897590,0.03186,0.03187,0.031865000000000004,0.000010000000000003062,0.00031387319522922357
B-ID_USDT,1789563900021,0.03186,0.03187,0.031865000000000004,0.000010000000000003062,0.00031387319522922357
B-ID_USDT,1789563902512,0.03186,0.03187,0.031865000000000004,0.000010000000000003062,0.00031387319522922357
B-ID_USDT,1789563904982,0.03186,0.03187,0.031865000000000004,0.000010000000000003062,0.00031387319522922357
B-ID_USDT,1789563907418,0.03186,0.03187,0.031865000000000004,0.000010000000000003062,0.00031387319522922357
B-ID_USDT,1789563909829,0.03186,0.03187,0.031865000000000004,0.000010000000000003062,0.00031387319522922357
B-ID_USDT,1789563912286,0.03186,0.03187,0.031865000000000004,0.000010000000000003062,0.00031387319522922357
B-ID_USDT,1789563914743,0.03185,0.03187,0.03186,0.000019999999999999185,0.0006279434850863165
B-ID_USDT,1789563917451,0.03185,0.03187,0.03186,0.000019999999999999185,0.0006279434850863165
B-ID_USDT,1789563919865,0.03185,0.03187,0.03186,0.000019999999999999185,0.0006279434850863165
B-ID_USDT,1789563922273,0.03185,0.03186,0.031855,0.000009999999999996123,0.00031397174254304937
B-ID_USDT,1789563924703,0.03185,0.03186,0.031855,0.000009999999999996123,0.00031397174254304937
B-ID_USDT,1789563927179,0.03185,0.03186,0.031855,0.000009999999999996123,0.00031397174254304937
B-ID_USDT,1789563929581,0.03185,0.03186,0.031855,0.000009999999999996123,0.00031397174254304937
B-ID_USDT,1789563932016,0.03186,0.03187,0.031865000000000004,0.000010000000000003062,0.00031387319522922357
B-ID_USDT,1789563934478,0.03186,0.03187,0.031865000000000004,0.000010000000000003062,0.00031387319522922357
B-ID_USDT,1789563936925,0.03186,0.03187,0.031865000000000004,0.000010000000000003062,0.00031387319522922357
B-ID_USDT,1789563939391,0.03186,0.03187,0.031865000000000004,0.000010000000000003062,0.00031387319522922357
B-ID_USDT,1789563941860,0.03186,0.03187,0.031865000000000004,0.000010000000000003062,0.00031387319522922357
B-ID_USDT,1789563944289,0.03185,0.03187,0.03186,0.000019999999999999185,0.0006279434850863165
B-ID_USDT,1789563946715,0.03185,0.03187,0.03186,0.000019999999999999185,0.0006279434850863165
B-ID_USDT,1789563949152,0.03185,0.03186,0.031855,0.000009999999999996123,0.00031397174254304937
B-ID_USDT,1789563951642,0.03185,0.03186,0.031855,0.000009999999999996123,0.00031397174254304937
B-ID_USDT,1789563954108,0.03185,0.03186,0.031855,0.000009999999999996123,0.00031397174254304937
B-ID_USDT,1789563956548,0.03185,0.03186,0.031855,0.000009999999999996123,0.00031397174254304937
B-ID_USDT,1789563958974,0.03185,0.03187,0.03186,0.000019999999999999185,0.0006279434850863165
B-ID_USDT,1789563961427,0.03185,0.03187,0.03186,0.000019999999999999185,0.0006279434850863165
B-ID_USDT,1789563963887,0.03185,0.03187,0.03186,0.000019999999999999185,0.0006279434850863165
B-ID_USDT,1789563966336,0.03186,0.03187,0.031865000000000004,0.000010000000000003062,0.00031387319522922357
B-ID_USDT,1789563968874,0.03185,0.03187,0.03186,0.000019999999999999185,0.0006279434850863165
B-ID_USDT,1789563972017,0.03185,0.03187,0.03186,0.000019999999999999185,0.0006279434850863165
B-ID_USDT,1789563974461,0.03185,0.03187,0.03186,0.000019999999999999185,0.0006279434850863165
B-ID_USDT,1789563976891,0.03186,0.03187,0.031865000000000004,0.000010000000000003062,0.00031387319522922357
B-ID_USDT,1789563979326,0.03186,0.03187,0.031865000000000004,0.000010000000000003062,0.00031387319522922357
B-ID_USDT,1789563981769,0.03186,0.03187,0.031865000000000004,0.000010000000000003062,0.00031387319522922357
B-ID_USDT,1789563984248,0.03186,0.03187,0.031865000000000004,0.000010000000000003062,0.00031387319522922357
B-ID_USDT,1789563986705,0.03186,0.03187,0.031865000000000004,0.000010000000000003062,0.00031387319522922357
B-ID_USDT,1789563989119,0.03186,0.03187,0.031865000000000004,0.000010000000000003062,0.00031387319522922357
B-ID_USDT,1789563991573,0.03185,0.03186,0.031855,0.000009999999999996123,0.00031397174254304937
B-ID_USDT,1789563993991,0.03186,0.03187,0.031865000000000004,0.000010000000000003062,0.00031387319522922357
B-ID_USDT,1789563996398,0.03186,0.03187,0.031865000000000004,0.000010000000000003062,0.00031387319522922357
B-ID_USDT,1789563998812,0.03185,0.03187,0.03186,0.000019999999999999185,0.0006279434850863165
B-ID_USDT,1789564001257,0.03184,0.03186,0.03185,0.000019999999999999185,0.0006281407035175624
B-ID_USDT,1789564003690,0.03184,0.03186,0.03185,0.000019999999999999185,0.0006281407035175624
B-ID_USDT,1789564006135,0.03184,0.03185,0.031845,0.000010000000000003062,0.00031407035175889014
B-ID_USDT,1789564008663,0.03183,0.03184,0.031835,0.000010000000000003062,0.0003141690229344349
B-ID_USDT,1789564011121,0.03183,0.03184,0.031835,0.000010000000000003062,0.0003141690229344349
B-ID_USDT,1789564013543,0.03183,0.03184,0.031835,0.000010000000000003062,0.0003141690229344349
B-ID_USDT,1789564015959,0.03183,0.03184,0.031835,0.000010000000000003062,0.0003141690229344349
B-ID_USDT,1789564018387,0.03183,0.03184,0.031835,0.000010000000000003062,0.0003141690229344349
B-ID_USDT,1789564020850,0.03182,0.03184,0.03183,0.000019999999999999185,0.0006285355122564168
B-ID_USDT,1789564023292,0.03181,0.03182,0.031814999999999996,0.000010000000000003062,0.0003143665513990274
B-ID_USDT,1789564027066,0.03181,0.03182,0.031814999999999996,0.000010000000000003062,0.0003143665513990274
B-ID_USDT,1789564029747,0.03181,0.03182,0.031814999999999996,0.000010000000000003062,0.0003143665513990274
B-ID_USDT,1789564032284,0.03181,0.03182,0.031814999999999996,0.000010000000000003062,0.0003143665513990274
B-ID_USDT,1789564034745,0.03181,0.03182,0.031814999999999996,0.000010000000000003062,0.0003143665513990274
B-ID_USDT,1789564037232,0.03181,0.03182,0.031814999999999996,0.000010000000000003062,0.0003143665513990274
B-ID_USDT,1789564039695,0.03181,0.03182,0.031814999999999996,0.000010000000000003062,0.0003143665513990274
B-ID_USDT,1789564042177,0.03181,0.03182,0.031814999999999996,0.000010000000000003062,0.0003143665513990274
B-ID_USDT,1789564044649,0.03181,0.03182,0.031814999999999996,0.000010000000000003062,0.0003143665513990274
B-ID_USDT,1789564047166,0.03181,0.03182,0.031814999999999996,0.000010000000000003062,0.0003143665513990274
B-ID_USDT,1789564049691,0.03181,0.03182,0.031814999999999996,0.000010000000000003062,0.0003143665513990274
B-ID_USDT,1789564052128,0.03181,0.03182,0.031814999999999996,0.000010000000000003062,0.0003143665513990274
B-ID_USDT,1789564054530,0.03181,0.03182,0.031814999999999996,0.000010000000000003062,0.0003143665513990274
B-ID_USDT,1789564056988,0.03181,0.03182,0.031814999999999996,0.000010000000000003062,0.0003143665513990274
B-ID_USDT,1789564059412,0.03181,0.03182,0.031814999999999996,0.000010000000000003062,0.0003143665513990274
B-ID_USDT,1789564061827,0.03181,0.03182,0.031814999999999996,0.000010000000000003062,0.0003143665513990274
B-ID_USDT,1789564064268,0.03181,0.03182,0.031814999999999996,0.000010000000000003062,0.0003143665513990274
B-ID_USDT,1789564066701,0.03181,0.03182,0.031814999999999996,0.000010000000000003062,0.0003143665513990274
B-ID_USDT,1789564069142,0.03181,0.03182,0.031814999999999996,0.000010000000000003062,0.0003143665513990274
B-ID_USDT,1789564071644,0.03181,0.03182,0.031814999999999996,0.000010000000000003062,0.0003143665513990274
B-ID_USDT,1789564074149,0.03181,0.03182,0.031814999999999996,0.000010000000000003062,0.0003143665513990274
B-ID_USDT,1789564076610,0.0318,0.03181,0.031805,0.000009999999999996123,0.0003144654088049095
B-ID_USDT,1789564079098,0.03179,0.03181,0.031799999999999995,0.000019999999999999185,0.0006291286568102921
B-ID_USDT,1789564081616,0.03179,0.03181,0.031799999999999995,0.000019999999999999185,0.0006291286568102921
B-ID_USDT,1789564084380,0.03179,0.0318,0.031795000000000004,0.000010000000000003062,0.00031456432840525517
B-ID_USDT,1789564086860,0.03178,0.0318,0.03179,0.000019999999999999185,0.0006293266205160222
B-ID_USDT,1789564089302,0.03179,0.03181,0.031799999999999995,0.000019999999999999185,0.0006291286568102921
B-ID_USDT,1789564091782,0.03178,0.0318,0.03179,0.000019999999999999185,0.0006293266205160222
B-ID_USDT,1789564094797,0.03178,0.0318,0.03179,0.000019999999999999185,0.0006293266205160222
B-ID_USDT,1789564097338,0.03177,0.03178,0.031775,0.000010000000000003062,0.00031476235442250746
B-ID_USDT,1789564099901,0.03176,0.03177,0.031765,0.000010000000000003062,0.00031486146095727527
B-ID_USDT,1789564102365,0.03176,0.03177,0.031765,0.000010000000000003062,0.00031486146095727527
B-ID_USDT,1789564104881,0.03176,0.03177,0.031765,0.000010000000000003062,0.00031486146095727527
B-ID_USDT,1789564107380,0.03176,0.03177,0.031765,0.000010000000000003062,0.00031486146095727527
B-ID_USDT,1789564109846,0.03176,0.03177,0.031765,0.000010000000000003062,0.00031486146095727527
B-ID_USDT,1789564112303,0.03176,0.03177,0.031765,0.000010000000000003062,0.00031486146095727527
B-ID_USDT,1789564114763,0.03176,0.03177,0.031765,0.000010000000000003062,0.00031486146095727527
B-ID_USDT,1789564117243,0.03176,0.03177,0.031765,0.000010000000000003062,0.00031486146095727527
B-ID_USDT,1789564119749,0.03176,0.03177,0.031765,0.000010000000000003062,0.00031486146095727527
B-ID_USDT,1789564122305,0.03176,0.03177,0.031765,0.000010000000000003062,0.00031486146095727527
B-ID_USDT,1789564124729,0.03176,0.03177,0.031765,0.000010000000000003062,0.00031486146095727527
B-ID_USDT,1789564127184,0.03176,0.03177,0.031765,0.000010000000000003062,0.00031486146095727527
B-ID_USDT,1789564129609,0.03176,0.03177,0.031765,0.000010000000000003062,0.00031486146095727527
B-ID_USDT,1789564132069,0.03176,0.03177,0.031765,0.000010000000000003062,0.00031486146095727527
B-ID_USDT,1789564134528,0.03175,0.03176,0.031755,0.000009999999999996123,0.00031496062992113775
B-ID_USDT,1789564136975,0.03175,0.03176,0.031755,0.000009999999999996123,0.00031496062992113775
B-ID_USDT,1789564139393,0.03175,0.03176,0.031755,0.000009999999999996123,0.00031496062992113775
B-ID_USDT,1789564141810,0.03175,0.03176,0.031755,0.000009999999999996123,0.00031496062992113775
B-ID_USDT,1789564144233,0.03175,0.03176,0.031755,0.000009999999999996123,0.00031496062992113775
B-ID_USDT,1789564146662,0.03175,0.03176,0.031755,0.000009999999999996123,0.00031496062992113775
B-ID_USDT,1789564149094,0.03175,0.03176,0.031755,0.000009999999999996123,0.00031496062992113775
B-ID_USDT,1789564151610,0.03175,0.03176,0.031755,0.000009999999999996123,0.00031496062992113775
B-ID_USDT,1789564154293,0.03176,0.03177,0.031765,0.000010000000000003062,0.00031486146095727527
B-ID_USDT,1789564156803,0.03175,0.03177,0.03176,0.000019999999999999185,0.000629921259842494
B-ID_USDT,1789564159292,0.03174,0.03175,0.031744999999999995,0.000010000000000003062,0.0003150598613737575
B-ID_USDT,1789564161743,0.03174,0.03175,0.031744999999999995,0.000010000000000003062,0.0003150598613737575
B-ID_USDT,1789564164199,0.03174,0.03175,0.031744999999999995,0.000010000000000003062,0.0003150598613737575
B-ID_USDT,1789564166608,0.03174,0.03175,0.031744999999999995,0.000010000000000003062,0.0003150598613737575
B-ID_USDT,1789564169014,0.03174,0.03175,0.031744999999999995,0.000010000000000003062,0.0003150598613737575
B-ID_USDT,1789564171435,0.03174,0.03175,0.031744999999999995,0.000010000000000003062,0.0003150598613737575
B-ID_USDT,1789564173896,0.03172,0.03174,0.031729999999999994,0.000019999999999999185,0.0006305170239596212
B-ID_USDT,1789564176382,0.03171,0.03173,0.03172,0.000019999999999999185,0.0006307158625039163
B-ID_USDT,1789564178817,0.03171,0.03173,0.03172,0.000019999999999999185,0.0006307158625039163
B-ID_USDT,1789564181292,0.03171,0.03173,0.03172,0.000019999999999999185,0.0006307158625039163
B-ID_USDT,1789564183735,0.03171,0.03173,0.03172,0.000019999999999999185,0.0006307158625039163
B-ID_USDT,1789564186150,0.03171,0.03173,0.03172,0.000019999999999999185,0.0006307158625039163
B-ID_USDT,1789564188577,0.03171,0.03173,0.03172,0.000019999999999999185,0.0006307158625039163
B-ID_USDT,1789564191052,0.03171,0.03173,0.03172,0.000019999999999999185,0.0006307158625039163
B-ID_USDT,1789564193484,0.03171,0.03173,0.03172,0.000019999999999999185,0.0006307158625039163
B-ID_USDT,1789564195932,0.03171,0.03173,0.03172,0.000019999999999999185,0.0006307158625039163
B-ID_USDT,1789564198361,0.03171,0.03173,0.03172,0.000019999999999999185,0.0006307158625039163
B-ID_USDT,1789564200825,0.03172,0.03173,0.031725,0.000010000000000003062,0.00031525851197992
B-ID_USDT,1789564203280,0.03172,0.03173,0.031725,0.000010000000000003062,0.00031525851197992
B-ID_USDT,1789564205869,0.03172,0.03173,0.031725,0.000010000000000003062,0.00031525851197992
B-ID_USDT,1789564208316,0.03171,0.03173,0.03172,0.000019999999999999185,0.0006307158625039163
B-ID_USDT,1789564210766,0.03171,0.03173,0.03172,0.000019999999999999185,0.0006307158625039163
B-ID_USDT,1789564213288,0.03171,0.03173,0.03172,0.000019999999999999185,0.0006307158625039163
B-ID_USDT,1789564215830,0.03171,0.03173,0.03172,0.000019999999999999185,0.0006307158625039163
B-ID_USDT,1789564218491,0.03171,0.03173,0.03172,0.000019999999999999185,0.0006307158625039163
B-ID_USDT,1789564221302,0.03171,0.03173,0.03172,0.000019999999999999185,0.0006307158625039163
B-ID_USDT,1789564223713,0.03172,0.03173,0.031725,0.000010000000000003062,0.00031525851197992
B-ID_USDT,1789564226164,0.03172,0.03173,0.031725,0.000010000000000003062,0.00031525851197992
B-ID_USDT,1789564228577,0.03172,0.03173,0.031725,0.000010000000000003062,0.00031525851197992
B-ID_USDT,1789564230998,0.03171,0.03172,0.031715,0.000009999999999996123,0.0003153579312518487
B-ID_USDT,1789564233456,0.03171,0.03172,0.031715,0.000009999999999996123,0.0003153579312518487
B-ID_USDT,1789564236006,0.03171,0.03173,0.03172,0.000019999999999999185,0.0006307158625039163
B-ID_USDT,1789564238569,0.03172,0.03173,0.031725,0.000010000000000003062,0.00031525851197992
B-ID_USDT,1789564241112,0.03172,0.03173,0.031725,0.000010000000000003062,0.00031525851197992
B-ID_USDT,1789564243606,0.03171,0.03173,0.03172,0.000019999999999999185,0.0006307158625039163
B-ID_USDT,1789564246046,0.03171,0.03173,0.03172,0.000019999999999999185,0.0006307158625039163
B-ID_USDT,1789564248486,0.03171,0.03173,0.03172,0.000019999999999999185,0.0006307158625039163
B-ID_USDT,1789564250958,0.03171,0.03173,0.03172,0.000019999999999999185,0.0006307158625039163
B-ID_USDT,1789564253444,0.03171,0.03173,0.03172,0.000019999999999999185,0.0006307158625039163
B-ID_USDT,1789564255888,0.03171,0.03173,0.03172,0.000019999999999999185,0.0006307158625039163
B-ID_USDT,1789564258329,0.03171,0.03173,0.03172,0.000019999999999999185,0.0006307158625039163
B-ID_USDT,1789564260745,0.03171,0.03173,0.03172,0.000019999999999999185,0.0006307158625039163
B-ID_USDT,1789564263177,0.03171,0.03173,0.03172,0.000019999999999999185,0.0006307158625039163
B-ID_USDT,1789564265719,0.03171,0.03173,0.03172,0.000019999999999999185,0.0006307158625039163
B-ID_USDT,1789564268247,0.03171,0.03173,0.03172,0.000019999999999999185,0.0006307158625039163
B-ID_USDT,1789564270707,0.03171,0.03173,0.03172,0.000019999999999999185,0.0006307158625039163
B-ID_USDT,1789564273213,0.03171,0.03173,0.03172,0.000019999999999999185,0.0006307158625039163
B-ID_USDT,1789564275682,0.03171,0.03173,0.03172,0.000019999999999999185,0.0006307158625039163
B-ID_USDT,1789564278105,0.03171,0.03173,0.03172,0.000019999999999999185,0.0006307158625039163
B-ID_USDT,1789564280515,0.03171,0.03173,0.03172,0.000019999999999999185,0.0006307158625039163
B-ID_USDT,1789564283045,0.03171,0.03173,0.03172,0.000019999999999999185,0.0006307158625039163
B-ID_USDT,1789564285519,0.03172,0.03173,0.031725,0.000010000000000003062,0.00031525851197992
B-ID_USDT,1789564288001,0.03172,0.03173,0.031725,0.000010000000000003062,0.00031525851197992
B-ID_USDT,1789564290439,0.03172,0.03173,0.031725,0.000010000000000003062,0.00031525851197992
B-ID_USDT,1789564292946,0.03172,0.03173,0.031725,0.000010000000000003062,0.00031525851197992
B-ID_USDT,1789564295426,0.03172,0.03173,0.031725,0.000010000000000003062,0.00031525851197992
B-ID_USDT,1789564297839,0.03172,0.03173,0.031725,0.000010000000000003062,0.00031525851197992
B-ID_USDT,1789564300248,0.03172,0.03173,0.031725,0.000010000000000003062,0.00031525851197992
B-ID_USDT,1789564302686,0.03172,0.03173,0.031725,0.000010000000000003062,0.00031525851197992
B-ID_USDT,1789564305106,0.03172,0.03173,0.031725,0.000010000000000003062,0.00031525851197992
B-ID_USDT,1789564307537,0.03172,0.03173,0.031725,0.000010000000000003062,0.00031525851197992
B-ID_USDT,1789564309984,0.03172,0.03173,0.031725,0.000010000000000003062,0.00031525851197992
B-ID_USDT,1789564312504,0.03172,0.03173,0.031725,0.000010000000000003062,0.00031525851197992
B-ID_USDT,1789564314970,0.03172,0.03173,0.031725,0.000010000000000003062,0.00031525851197992
B-ID_USDT,1789564317402,0.03172,0.03173,0.031725,0.000010000000000003062,0.00031525851197992
B-ID_USDT,1789564319828,0.03173,0.03174,0.031735,0.000009999999999996123,0.0003151591553733414
B-ID_USDT,1789564322240,0.03173,0.03174,0.031735,0.000009999999999996123,0.0003151591553733414
B-ID_USDT,1789564324948,0.03173,0.03174,0.031735,0.000009999999999996123,0.0003151591553733414
B-ID_USDT,1789564327367,0.03173,0.03174,0.031735,0.000009999999999996123,0.0003151591553733414
B-ID_USDT,1789564329901,0.03172,0.03173,0.031725,0.000010000000000003062,0.00031525851197992
B-ID_USDT,1789564332368,0.03172,0.03173,0.031725,0.000010000000000003062,0.00031525851197992
B-ID_USDT,1789564334857,0.03172,0.03173,0.031725,0.000010000000000003062,0.00031525851197992
B-ID_USDT,1789564337552,0.03172,0.03173,0.031725,0.000010000000000003062,0.00031525851197992
B-ID_USDT,1789564340063,0.03172,0.03173,0.031725,0.000010000000000003062,0.00031525851197992
B-ID_USDT,1789564342554,0.03171,0.03173,0.03172,0.000019999999999999185,0.0006307158625039163
B-ID_USDT,1789564345005,0.03171,0.03173,0.03172,0.000019999999999999185,0.0006307158625039163
B-ID_USDT,1789564347721,0.03171,0.03173,0.03172,0.000019999999999999185,0.0006307158625039163
B-ID_USDT,1789564350128,0.03171,0.03173,0.03172,0.000019999999999999185,0.0006307158625039163
B-ID_USDT,1789564352563,0.03171,0.03173,0.03172,0.000019999999999999185,0.0006307158625039163
B-ID_USDT,1789564355018,0.03171,0.03173,0.03172,0.000019999999999999185,0.0006307158625039163
B-ID_USDT,1789564357460,0.03171,0.03173,0.03172,0.000019999999999999185,0.0006307158625039163
B-ID_USDT,1789564359870,0.03171,0.03173,0.03172,0.000019999999999999185,0.0006307158625039163
B-ID_USDT,1789564362329,0.03171,0.03173,0.03172,0.000019999999999999185,0.0006307158625039163
B-ID_USDT,1789564364746,0.03171,0.03173,0.03172,0.000019999999999999185,0.0006307158625039163
B-ID_USDT,1789564367198,0.03171,0.03173,0.03172,0.000019999999999999185,0.0006307158625039163
B-ID_USDT,1789564369646,0.03171,0.03173,0.03172,0.000019999999999999185,0.0006307158625039163
B-ID_USDT,1789564372082,0.03171,0.03173,0.03172,0.000019999999999999185,0.0006307158625039163
B-ID_USDT,1789564374571,0.03172,0.03173,0.031725,0.000010000000000003062,0.00031525851197992
B-ID_USDT,1789564376993,0.03173,0.03174,0.031735,0.000009999999999996123,0.0003151591553733414
B-ID_USDT,1789564379465,0.03174,0.03175,0.031744999999999995,0.000010000000000003062,0.0003150598613737575
B-ID_USDT,1789564381905,0.03174,0.03175,0.031744999999999995,0.000010000000000003062,0.0003150598613737575
B-ID_USDT,1789564384363,0.03175,0.03177,0.03176,0.000019999999999999185,0.000629921259842494
B-ID_USDT,1789564386900,0.03176,0.03177,0.031765,0.000010000000000003062,0.00031486146095727527
B-ID_USDT,1789564389421,0.03176,0.03177,0.031765,0.000010000000000003062,0.00031486146095727527
B-ID_USDT,1789564391928,0.03176,0.03177,0.031765,0.000010000000000003062,0.00031486146095727527
B-ID_USDT,1789564394407,0.03177,0.03178,0.031775,0.000010000000000003062,0.00031476235442250746
B-ID_USDT,1789564396871,0.03177,0.03178,0.031775,0.000010000000000003062,0.00031476235442250746
B-ID_USDT,1789564399356,0.03177,0.03178,0.031775,0.000010000000000003062,0.00031476235442250746
B-ID_USDT,1789564401786,0.03177,0.03178,0.031775,0.000010000000000003062,0.00031476235442250746
B-ID_USDT,1789564404263,0.03177,0.03178,0.031775,0.000010000000000003062,0.00031476235442250746
B-ID_USDT,1789564406728,0.03177,0.03178,0.031775,0.000010000000000003062,0.00031476235442250746
B-ID_USDT,1789564409201,0.03177,0.03178,0.031775,0.000010000000000003062,0.00031476235442250746
B-ID_USDT,1789564411667,0.03177,0.03178,0.031775,0.000010000000000003062,0.00031476235442250746
B-ID_USDT,1789564414099,0.03177,0.03178,0.031775,0.000010000000000003062,0.00031476235442250746
B-ID_USDT,1789564416523,0.03178,0.03179,0.031785,0.000009999999999996123,0.0003146633102579019
B-ID_USDT,1789564418988,0.03178,0.0318,0.03179,0.000019999999999999185,0.0006293266205160222
B-ID_USDT,1789564421519,0.03178,0.0318,0.03179,0.000019999999999999185,0.0006293266205160222
B-ID_USDT,1789564423956,0.03178,0.03179,0.031785,0.000009999999999996123,0.0003146633102579019
B-ID_USDT,1789564426376,0.03178,0.03179,0.031785,0.000009999999999996123,0.0003146633102579019
B-ID_USDT,1789564428793,0.03178,0.03179,0.031785,0.000009999999999996123,0.0003146633102579019
B-ID_USDT,1789564431230,0.03178,0.03179,0.031785,0.000009999999999996123,0.0003146633102579019
B-ID_USDT,1789564433679,0.03177,0.03178,0.031775,0.000010000000000003062,0.00031476235442250746
B-ID_USDT,1789564436140,0.03177,0.03178,0.031775,0.000010000000000003062,0.00031476235442250746
B-ID_USDT,1789564438575,0.03177,0.03178,0.031775,0.000010000000000003062,0.00031476235442250746
B-ID_USDT,1789564440992,0.03177,0.03179,0.03178,0.000019999999999999185,0.0006295247088447966
B-ID_USDT,1789564443424,0.03177,0.03179,0.03178,0.000019999999999999185,0.0006295247088447966
B-ID_USDT,1789564445847,0.03177,0.03179,0.03178,0.000019999999999999185,0.0006295247088447966
B-ID_USDT,1789564448255,0.03177,0.03179,0.03178,0.000019999999999999185,0.0006295247088447966
B-ID_USDT,1789564450736,0.03178,0.0318,0.03179,0.000019999999999999185,0.0006293266205160222
B-ID_USDT,1789564453202,0.03178,0.0318,0.03179,0.000019999999999999185,0.0006293266205160222
B-ID_USDT,1789564455659,0.03179,0.03181,0.031799999999999995,0.000019999999999999185,0.0006291286568102921
B-ID_USDT,1789564458650,0.03179,0.0318,0.031795000000000004,0.000010000000000003062,0.00031456432840525517
B-ID_USDT,1789564461147,0.03179,0.0318,0.031795000000000004,0.000010000000000003062,0.00031456432840525517
B-ID_USDT,1789564463636,0.03179,0.0318,0.031795000000000004,0.000010000000000003062,0.00031456432840525517
B-ID_USDT,1789564466051,0.03179,0.0318,0.031795000000000004,0.000010000000000003062,0.00031456432840525517
B-ID_USDT,1789564468492,0.03179,0.0318,0.031795000000000004,0.000010000000000003062,0.00031456432840525517
B-ID_USDT,1789564470922,0.03179,0.0318,0.031795000000000004,0.000010000000000003062,0.00031456432840525517
B-ID_USDT,1789564473356,0.03179,0.0318,0.031795000000000004,0.000010000000000003062,0.00031456432840525517
B-ID_USDT,1789564475810,0.03179,0.0318,0.031795000000000004,0.000010000000000003062,0.00031456432840525517
B-ID_USDT,1789564478300,0.03178,0.0318,0.03179,0.000019999999999999185,0.0006293266205160222
B-ID_USDT,1789564480821,0.03178,0.0318,0.03179,0.000019999999999999185,0.0006293266205160222
B-ID_USDT,1789564483279,0.03179,0.0318,0.031795000000000004,0.000010000000000003062,0.00031456432840525517
B-ID_USDT,1789564485716,0.03179,0.03181,0.031799999999999995,0.000019999999999999185,0.0006291286568102921
B-ID_USDT,1789564488130,0.03179,0.03181,0.031799999999999995,0.000019999999999999185,0.0006291286568102921
B-ID_USDT,1789564490547,0.03179,0.03181,0.031799999999999995,0.000019999999999999185,0.0006291286568102921
B-ID_USDT,1789564492951,0.03179,0.03181,0.031799999999999995,0.000019999999999999185,0.0006291286568102921
B-ID_USDT,1789564495406,0.03179,0.0318,0.031795000000000004,0.000010000000000003062,0.00031456432840525517
B-ID_USDT,1789564497865,0.03179,0.0318,0.031795000000000004,0.000010000000000003062,0.00031456432840525517
B-ID_USDT,1789564500312,0.03179,0.0318,0.031795000000000004,0.000010000000000003062,0.00031456432840525517
B-ID_USDT,1789564502760,0.0318,0.03181,0.031805,0.000009999999999996123,0.0003144654088049095
B-ID_USDT,1789564505225,0.0318,0.03181,0.031805,0.000009999999999996123,0.0003144654088049095
B-ID_USDT,1789564507690,0.0318,0.03181,0.031805,0.000009999999999996123,0.0003144654088049095
B-ID_USDT,1789564510151,0.03178,0.03179,0.031785,0.000009999999999996123,0.0003146633102579019
B-ID_USDT,1789564512598,0.03178,0.0318,0.03179,0.000019999999999999185,0.0006293266205160222
B-ID_USDT,1789564515081,0.03178,0.0318,0.03179,0.000019999999999999185,0.0006293266205160222
B-ID_USDT,1789564517526,0.03178,0.0318,0.03179,0.000019999999999999185,0.0006293266205160222
B-ID_USDT,1789564520018,0.03178,0.0318,0.03179,0.000019999999999999185,0.0006293266205160222
B-ID_USDT,1789564522498,0.03178,0.0318,0.03179,0.000019999999999999185,0.0006293266205160222
B-ID_USDT,1789564525005,0.03179,0.03181,0.031799999999999995,0.000019999999999999185,0.0006291286568102921
B-ID_USDT,1789564527486,0.03179,0.0318,0.031795000000000004,0.000010000000000003062,0.00031456432840525517
B-ID_USDT,1789564529974,0.03179,0.0318,0.031795000000000004,0.000010000000000003062,0.00031456432840525517
B-ID_USDT,1789564532464,0.03179,0.0318,0.031795000000000004,0.000010000000000003062,0.00031456432840525517
B-ID_USDT,1789564534998,0.03179,0.0318,0.031795000000000004,0.000010000000000003062,0.00031456432840525517
B-ID_USDT,1789564537711,0.0318,0.03181,0.031805,0.000009999999999996123,0.0003144654088049095
B-ID_USDT,1789564540166,0.03182,0.03183,0.031825,0.000009999999999996123,0.0003142677561280994
B-ID_USDT,1789564542676,0.03183,0.03184,0.031835,0.000010000000000003062,0.0003141690229344349
B-ID_USDT,1789564545213,0.03182,0.03184,0.03183,0.000019999999999999185,0.0006285355122564168
B-ID_USDT,1789564547716,0.03182,0.03184,0.03183,0.000019999999999999185,0.0006285355122564168
B-ID_USDT,1789564550281,0.03183,0.03184,0.031835,0.000010000000000003062,0.0003141690229344349
B-ID_USDT,1789564552722,0.03183,0.03184,0.031835,0.000010000000000003062,0.0003141690229344349
B-ID_USDT,1789564555181,0.03183,0.03184,0.031835,0.000010000000000003062,0.0003141690229344349
B-ID_USDT,1789564557677,0.03183,0.03184,0.031835,0.000010000000000003062,0.0003141690229344349
B-ID_USDT,1789564560168,0.03183,0.03184,0.031835,0.000010000000000003062,0.0003141690229344349
B-ID_USDT,1789564562736,0.03184,0.03186,0.03185,0.000019999999999999185,0.0006281407035175624
B-ID_USDT,1789564565336,0.03183,0.03185,0.03184,0.000020000000000006124,0.0006283380458688698
B-ID_USDT,1789564567771,0.03183,0.03185,0.03184,0.000020000000000006124,0.0006283380458688698
B-ID_USDT,1789564570212,0.03183,0.03185,0.03184,0.000020000000000006124,0.0006283380458688698
B-ID_USDT,1789564572710,0.03183,0.03184,0.031835,0.000010000000000003062,0.0003141690229344349
B-ID_USDT,1789564575144,0.03182,0.03184,0.03183,0.000019999999999999185,0.0006285355122564168
B-ID_USDT,1789564577585,0.03182,0.03183,0.031825,0.000009999999999996123,0.0003142677561280994
B-ID_USDT,1789564580001,0.03182,0.03183,0.031825,0.000009999999999996123,0.0003142677561280994
B-ID_USDT,1789564582433,0.03183,0.03184,0.031835,0.000010000000000003062,0.0003141690229344349
B-ID_USDT,1789564584865,0.03183,0.03184,0.031835,0.000010000000000003062,0.0003141690229344349
B-ID_USDT,1789564587299,0.03182,0.03184,0.03183,0.000019999999999999185,0.0006285355122564168
B-ID_USDT,1789564589727,0.03182,0.03183,0.031825,0.000009999999999996123,0.0003142677561280994
B-ID_USDT,1789564592169,0.03182,0.03183,0.031825,0.000009999999999996123,0.0003142677561280994
B-ID_USDT,1789564594617,0.03182,0.03183,0.031825,0.000009999999999996123,0.0003142677561280994
B-ID_USDT,1789564597063,0.03182,0.03183,0.031825,0.000009999999999996123,0.0003142677561280994
B-ID_USDT,1789564599538,0.03182,0.03183,0.031825,0.000009999999999996123,0.0003142677561280994
B-ID_USDT,1789564602003,0.03182,0.03183,0.031825,0.000009999999999996123,0.0003142677561280994
B-ID_USDT,1789564604451,0.03182,0.03183,0.031825,0.000009999999999996123,0.0003142677561280994
B-ID_USDT,1789564606934,0.03181,0.03183,0.03182,0.000019999999999999185,0.0006287331027978367
B-ID_USDT,1789564609351,0.03181,0.03183,0.03182,0.000019999999999999185,0.0006287331027978367
B-ID_USDT,1789564611794,0.03181,0.03183,0.03182,0.000019999999999999185,0.0006287331027978367
B-ID_USDT,1789564614252,0.03181,0.03182,0.031814999999999996,0.000010000000000003062,0.0003143665513990274
B-ID_USDT,1789564616704,0.03181,0.03182,0.031814999999999996,0.000010000000000003062,0.0003143665513990274
B-ID_USDT,1789564619156,0.03181,0.03182,0.031814999999999996,0.000010000000000003062,0.0003143665513990274
B-ID_USDT,1789564621599,0.03181,0.03183,0.03182,0.000019999999999999185,0.0006287331027978367
B-ID_USDT,1789564624059,0.03181,0.03183,0.03182,0.000019999999999999185,0.0006287331027978367
B-ID_USDT,1789564626536,0.03181,0.03183,0.03182,0.000019999999999999185,0.0006287331027978367
B-ID_USDT,1789564628986,0.03181,0.03182,0.031814999999999996,0.000010000000000003062,0.0003143665513990274
B-ID_USDT,1789564631460,0.03181,0.03182,0.031814999999999996,0.000010000000000003062,0.0003143665513990274
B-ID_USDT,1789564634024,0.03181,0.03182,0.031814999999999996,0.000010000000000003062,0.0003143665513990274
B-ID_USDT,1789564636446,0.03181,0.03182,0.031814999999999996,0.000010000000000003062,0.0003143665513990274
B-ID_USDT,1789564638918,0.03181,0.03182,0.031814999999999996,0.000010000000000003062,0.0003143665513990274
B-ID_USDT,1789564641354,0.03181,0.03182,0.031814999999999996,0.000010000000000003062,0.0003143665513990274
B-ID_USDT,1789564643857,0.03181,0.03182,0.031814999999999996,0.000010000000000003062,0.0003143665513990274
B-ID_USDT,1789564646393,0.03181,0.03182,0.031814999999999996,0.000010000000000003062,0.0003143665513990274
B-ID_USDT,1789564648943,0.03181,0.03182,0.031814999999999996,0.000010000000000003062,0.0003143665513990274
B-ID_USDT,1789564651381,0.03181,0.03182,0.031814999999999996,0.000010000000000003062,0.0003143665513990274
B-ID_USDT,1789564653795,0.03181,0.03182,0.031814999999999996,0.000010000000000003062,0.0003143665513990274
B-ID_USDT,1789564656244,0.03181,0.03182,0.031814999999999996,0.000010000000000003062,0.0003143665513990274
B-ID_USDT,1789564658688,0.0318,0.03182,0.031810000000000005,0.000019999999999999185,0.0006289308176100373
B-ID_USDT,1789564661185,0.0318,0.03182,0.031810000000000005,0.000019999999999999185,0.0006289308176100373
B-ID_USDT,1789564663639,0.0318,0.03182,0.031810000000000005,0.000019999999999999185,0.0006289308176100373
B-ID_USDT,1789564666171,0.0318,0.03182,0.031810000000000005,0.000019999999999999185,0.0006289308176100373
B-ID_USDT,1789564668670,0.0318,0.03182,0.031810000000000005,0.000019999999999999185,0.0006289308176100373
B-ID_USDT,1789564671194,0.0318,0.03182,0.031810000000000005,0.000019999999999999185,0.0006289308176100373
B-ID_USDT,1789564673627,0.03181,0.03182,0.031814999999999996,0.000010000000000003062,0.0003143665513990274
B-ID_USDT,1789564676066,0.03181,0.03182,0.031814999999999996,0.000010000000000003062,0.0003143665513990274
B-ID_USDT,1789564678518,0.03181,0.03182,0.031814999999999996,0.000010000000000003062,0.0003143665513990274
B-ID_USDT,1789564680971,0.03181,0.03182,0.031814999999999996,0.000010000000000003062,0.0003143665513990274
B-ID_USDT,1789564683454,0.03181,0.03182,0.031814999999999996,0.000010000000000003062,0.0003143665513990274
B-ID_USDT,1789564685923,0.0318,0.03181,0.031805,0.000009999999999996123,0.0003144654088049095
B-ID_USDT,1789564688707,0.0318,0.03181,0.031805,0.000009999999999996123,0.0003144654088049095
B-ID_USDT,1789564691169,0.0318,0.03181,0.031805,0.000009999999999996123,0.0003144654088049095
B-ID_USDT,1789564693643,0.0318,0.03181,0.031805,0.000009999999999996123,0.0003144654088049095
B-ID_USDT,1789564696159,0.0318,0.03181,0.031805,0.000009999999999996123,0.0003144654088049095
B-ID_USDT,1789564698658,0.0318,0.03182,0.031810000000000005,0.000019999999999999185,0.0006289308176100373
B-ID_USDT,1789564701137,0.03181,0.03182,0.031814999999999996,0.000010000000000003062,0.0003143665513990274
B-ID_USDT,1789564703600,0.03181,0.03183,0.03182,0.000019999999999999185,0.0006287331027978367
B-ID_USDT,1789564706050,0.03182,0.03183,0.031825,0.000009999999999996123,0.0003142677561280994
B-ID_USDT,1789564708467,0.03182,0.03183,0.031825,0.000009999999999996123,0.0003142677561280994
B-ID_USDT,1789564711002,0.03182,0.03183,0.031825,0.000009999999999996123,0.0003142677561280994
B-ID_USDT,1789564713531,0.03182,0.03183,0.031825,0.000009999999999996123,0.0003142677561280994
B-ID_USDT,1789564716023,0.03182,0.03183,0.031825,0.000009999999999996123,0.0003142677561280994
B-ID_USDT,1789564718504,0.03182,0.03183,0.031825,0.000009999999999996123,0.0003142677561280994
B-ID_USDT,1789564720975,0.03181,0.03182,0.031814999999999996,0.000010000000000003062,0.0003143665513990274
B-ID_USDT,1789564723446,0.0318,0.03181,0.031805,0.000009999999999996123,0.0003144654088049095
B-ID_USDT,1789564725897,0.0318,0.03181,0.031805,0.000009999999999996123,0.0003144654088049095
B-ID_USDT,1789564728330,0.0318,0.03181,0.031805,0.000009999999999996123,0.0003144654088049095
B-ID_USDT,1789564730824,0.0318,0.03181,0.031805,0.000009999999999996123,0.0003144654088049095
B-ID_USDT,1789564733265,0.0318,0.03181,0.031805,0.000009999999999996123,0.0003144654088049095
B-ID_USDT,1789564735734,0.0318,0.03181,0.031805,0.000009999999999996123,0.0003144654088049095
B-ID_USDT,1789564738211,0.0318,0.03181,0.031805,0.000009999999999996123,0.0003144654088049095
B-ID_USDT,1789564740659,0.03181,0.03182,0.031814999999999996,0.000010000000000003062,0.0003143665513990274
B-ID_USDT,1789564743110,0.03181,0.03182,0.031814999999999996,0.000010000000000003062,0.0003143665513990274
B-ID_USDT,1789564745571,0.03181,0.03182,0.031814999999999996,0.000010000000000003062,0.0003143665513990274
B-ID_USDT,1789564748015,0.03179,0.0318,0.031795000000000004,0.000010000000000003062,0.00031456432840525517
B-ID_USDT,1789564750472,0.03176,0.03178,0.03177,0.000020000000000006124,0.0006297229219145505
B-ID_USDT,1789564752932,0.03177,0.03178,0.031775,0.000010000000000003062,0.00031476235442250746
B-ID_USDT,1789564755481,0.03177,0.03178,0.031775,0.000010000000000003062,0.00031476235442250746
B-ID_USDT,1789564757923,0.03177,0.03178,0.031775,0.000010000000000003062,0.00031476235442250746
B-ID_USDT,1789564760466,0.03177,0.03178,0.031775,0.000010000000000003062,0.00031476235442250746
B-ID_USDT,1789564762891,0.03176,0.03178,0.03177,0.000020000000000006124,0.0006297229219145505
B-ID_USDT,1789564765310,0.03176,0.03177,0.031765,0.000010000000000003062,0.00031486146095727527
B-ID_USDT,1789564768042,0.03176,0.03177,0.031765,0.000010000000000003062,0.00031486146095727527
B-ID_USDT,1789564770516,0.03175,0.03177,0.03176,0.000019999999999999185,0.000629921259842494
B-ID_USDT,1789564772968,0.03176,0.03177,0.031765,0.000010000000000003062,0.00031486146095727527
B-ID_USDT,1789564775560,0.03174,0.03175,0.031744999999999995,0.000010000000000003062,0.0003150598613737575
B-ID_USDT,1789564777982,0.03176,0.03177,0.031765,0.000010000000000003062,0.00031486146095727527
B-ID_USDT,1789564780408,0.03176,0.03177,0.031765,0.000010000000000003062,0.00031486146095727527
B-ID_USDT,1789564782817,0.03176,0.03177,0.031765,0.000010000000000003062,0.00031486146095727527
B-ID_USDT,1789564785293,0.03176,0.03177,0.031765,0.000010000000000003062,0.00031486146095727527
B-ID_USDT,1789564787736,0.03176,0.03177,0.031765,0.000010000000000003062,0.00031486146095727527
B-ID_USDT,1789564790182,0.03177,0.03179,0.03178,0.000019999999999999185,0.0006295247088447966
B-ID_USDT,1789564792630,0.03177,0.03179,0.03178,0.000019999999999999185,0.0006295247088447966
B-ID_USDT,1789564795030,0.03177,0.03178,0.031775,0.000010000000000003062,0.00031476235442250746
B-ID_USDT,1789564797490,0.03177,0.03178,0.031775,0.000010000000000003062,0.00031476235442250746
B-ID_USDT,1789564799936,0.03177,0.03178,0.031775,0.000010000000000003062,0.00031476235442250746
B-ID_USDT,1789564802378,0.03177,0.03179,0.03178,0.000019999999999999185,0.0006295247088447966
B-ID_USDT,1789564804834,0.03177,0.03179,0.03178,0.000019999999999999185,0.0006295247088447966
B-ID_USDT,1789564807256,0.03177,0.03179,0.03178,0.000019999999999999185,0.0006295247088447966
B-ID_USDT,1789564809670,0.03177,0.03178,0.031775,0.000010000000000003062,0.00031476235442250746
B-ID_USDT,1789564812118,0.03177,0.03178,0.031775,0.000010000000000003062,0.00031476235442250746
B-ID_USDT,1789564814547,0.03177,0.03178,0.031775,0.000010000000000003062,0.00031476235442250746
B-ID_USDT,1789564816992,0.03175,0.03176,0.031755,0.000009999999999996123,0.00031496062992113775
B-ID_USDT,1789564819426,0.03175,0.03176,0.031755,0.000009999999999996123,0.00031496062992113775
B-ID_USDT,1789564821998,0.03175,0.03176,0.031755,0.000009999999999996123,0.00031496062992113775
B-ID_USDT,1789564824563,0.03175,0.03176,0.031755,0.000009999999999996123,0.00031496062992113775
B-ID_USDT,1789564827204,0.03174,0.03176,0.03175,0.000019999999999999185,0.0006301197227472964
B-ID_USDT,1789564829706,0.03174,0.03175,0.031744999999999995,0.000010000000000003062,0.0003150598613737575
B-ID_USDT,1789564832293,0.03174,0.03175,0.031744999999999995,0.000010000000000003062,0.0003150598613737575
B-ID_USDT,1789564834902,0.03174,0.03175,0.031744999999999995,0.000010000000000003062,0.0003150598613737575
B-ID_USDT,1789564837503,0.03174,0.03175,0.031744999999999995,0.000010000000000003062,0.0003150598613737575
B-ID_USDT,1789564840005,0.03174,0.03175,0.031744999999999995,0.000010000000000003062,0.0003150598613737575
B-ID_USDT,1789564842452,0.03174,0.03175,0.031744999999999995,0.000010000000000003062,0.0003150598613737575
B-ID_USDT,1789564844934,0.03174,0.03175,0.031744999999999995,0.000010000000000003062,0.0003150598613737575
B-ID_USDT,1789564847384,0.03174,0.03175,0.031744999999999995,0.000010000000000003062,0.0003150598613737575
B-ID_USDT,1789564849852,0.03174,0.03175,0.031744999999999995,0.000010000000000003062,0.0003150598613737575
B-ID_USDT,1789564852293,0.03174,0.03175,0.031744999999999995,0.000010000000000003062,0.0003150598613737575
B-ID_USDT,1789564854905,0.03174,0.03175,0.031744999999999995,0.000010000000000003062,0.0003150598613737575
B-ID_USDT,1789564857353,0.03174,0.03175,0.031744999999999995,0.000010000000000003062,0.0003150598613737575
B-ID_USDT,1789564859849,0.03174,0.03175,0.031744999999999995,0.000010000000000003062,0.0003150598613737575
B-ID_USDT,1789564862396,0.03174,0.03175,0.031744999999999995,0.000010000000000003062,0.0003150598613737575
B-ID_USDT,1789564864856,0.03174,0.03175,0.031744999999999995,0.000010000000000003062,0.0003150598613737575
B-ID_USDT,1789564867299,0.03174,0.03175,0.031744999999999995,0.000010000000000003062,0.0003150598613737575
B-ID_USDT,1789564869778,0.03174,0.03175,0.031744999999999995,0.000010000000000003062,0.0003150598613737575
B-ID_USDT,1789564872210,0.03174,0.03175,0.031744999999999995,0.000010000000000003062,0.0003150598613737575
B-ID_USDT,1789564874677,0.03174,0.03175,0.031744999999999995,0.000010000000000003062,0.0003150598613737575
B-ID_USDT,1789564877167,0.03174,0.03175,0.031744999999999995,0.000010000000000003062,0.0003150598613737575
B-ID_USDT,1789564879647,0.03174,0.03175,0.031744999999999995,0.000010000000000003062,0.0003150598613737575
B-ID_USDT,1789564882135,0.03174,0.03175,0.031744999999999995,0.000010000000000003062,0.0003150598613737575
B-ID_USDT,1789564884645,0.03174,0.03175,0.031744999999999995,0.000010000000000003062,0.0003150598613737575
B-ID_USDT,1789564887104,0.03175,0.03177,0.03176,0.000019999999999999185,0.000629921259842494
B-ID_USDT,1789564889557,0.03176,0.03177,0.031765,0.000010000000000003062,0.00031486146095727527
B-ID_USDT,1789564892064,0.03176,0.03177,0.031765,0.000010000000000003062,0.00031486146095727527
B-ID_USDT,1789564894584,0.03176,0.03177,0.031765,0.000010000000000003062,0.00031486146095727527
B-ID_USDT,1789564897036,0.03177,0.03179,0.03178,0.000019999999999999185,0.0006295247088447966
B-ID_USDT,1789564899594,0.03177,0.03179,0.03178,0.000019999999999999185,0.0006295247088447966
B-ID_USDT,1789564902033,0.03177,0.03179,0.03178,0.000019999999999999185,0.0006295247088447966
B-ID_USDT,1789564904476,0.03177,0.03179,0.03178,0.000019999999999999185,0.0006295247088447966
B-ID_USDT,1789564906923,0.03177,0.03179,0.03178,0.000019999999999999185,0.0006295247088447966
B-ID_USDT,1789564909404,0.03177,0.03179,0.03178,0.000019999999999999185,0.0006295247088447966
B-ID_USDT,1789564911930,0.03177,0.03179,0.03178,0.000019999999999999185,0.0006295247088447966
B-ID_USDT,1789564914426,0.03177,0.03179,0.03178,0.000019999999999999185,0.0006295247088447966
B-ID_USDT,1789564916882,0.03177,0.03179,0.03178,0.000019999999999999185,0.0006295247088447966
B-ID_USDT,1789564919338,0.03178,0.03179,0.031785,0.000009999999999996123,0.0003146633102579019
B-ID_USDT,1789564921750,0.03177,0.03179,0.03178,0.000019999999999999185,0.0006295247088447966
B-ID_USDT,1789564924199,0.03177,0.03179,0.03178,0.000019999999999999185,0.0006295247088447966
B-ID_USDT,1789564926657,0.03177,0.03179,0.03178,0.000019999999999999185,0.0006295247088447966
B-ID_USDT,1789564929120,0.03177,0.03179,0.03178,0.000019999999999999185,0.0006295247088447966
B-ID_USDT,1789564931585,0.03177,0.03179,0.03178,0.000019999999999999185,0.0006295247088447966
B-ID_USDT,1789564934031,0.03177,0.03179,0.03178,0.000019999999999999185,0.0006295247088447966
B-ID_USDT,1789564936562,0.03177,0.03179,0.03178,0.000019999999999999185,0.0006295247088447966
B-ID_USDT,1789564938996,0.03177,0.03179,0.03178,0.000019999999999999185,0.0006295247088447966
B-ID_USDT,1789564941462,0.03177,0.03178,0.031775,0.000010000000000003062,0.00031476235442250746
B-ID_USDT,1789564943920,0.03177,0.03178,0.031775,0.000010000000000003062,0.00031476235442250746
B-ID_USDT,1789564946340,0.03177,0.03178,0.031775,0.000010000000000003062,0.00031476235442250746
B-ID_USDT,1789564948776,0.03177,0.03178,0.031775,0.000010000000000003062,0.00031476235442250746
B-ID_USDT,1789564951213,0.03177,0.03178,0.031775,0.000010000000000003062,0.00031476235442250746
B-ID_USDT,1789564953635,0.03177,0.03178,0.031775,0.000010000000000003062,0.00031476235442250746
B-ID_USDT,1789564956069,0.0318,0.03182,0.031810000000000005,0.000019999999999999185,0.0006289308176100373
B-ID_USDT,1789564958510,0.0318,0.03181,0.031805,0.000009999999999996123,0.0003144654088049095
B-ID_USDT,1789564960980,0.0318,0.03181,0.031805,0.000009999999999996123,0.0003144654088049095
B-ID_USDT,1789564963424,0.0318,0.03181,0.031805,0.000009999999999996123,0.0003144654088049095
B-ID_USDT,1789564965852,0.0318,0.03181,0.031805,0.000009999999999996123,0.0003144654088049095
B-ID_USDT,1789564968295,0.0318,0.03181,0.031805,0.000009999999999996123,0.0003144654088049095
B-ID_USDT,1789564970719,0.0318,0.03181,0.031805,0.000009999999999996123,0.0003144654088049095
B-ID_USDT,1789564973146,0.03182,0.03183,0.031825,0.000009999999999996123,0.0003142677561280994
B-ID_USDT,1789564975638,0.03183,0.03185,0.03184,0.000020000000000006124,0.0006283380458688698
B-ID_USDT,1789564978104,0.03183,0.03185,0.03184,0.000020000000000006124,0.0006283380458688698
B-ID_USDT,1789564980572,0.03183,0.03184,0.031835,0.000010000000000003062,0.0003141690229344349
B-ID_USDT,1789564983028,0.03182,0.03184,0.03183,0.000019999999999999185,0.0006285355122564168
B-ID_USDT,1789564985562,0.03182,0.03184,0.03183,0.000019999999999999185,0.0006285355122564168
B-ID_USDT,1789564988099,0.03182,0.03184,0.03183,0.000019999999999999185,0.0006285355122564168
B-ID_USDT,1789564990657,0.03181,0.03182,0.031814999999999996,0.000010000000000003062,0.0003143665513990274
B-ID_USDT,1789564993094,0.0318,0.03181,0.031805,0.000009999999999996123,0.0003144654088049095
B-ID_USDT,1789564995590,0.0318,0.03181,0.031805,0.000009999999999996123,0.0003144654088049095
B-ID_USDT,1789564998079,0.0318,0.03181,0.031805,0.000009999999999996123,0.0003144654088049095
B-ID_USDT,1789565000527,0.0318,0.03181,0.031805,0.000009999999999996123,0.0003144654088049095
B-ID_USDT,1789565002960,0.0318,0.03181,0.031805,0.000009999999999996123,0.0003144654088049095
B-ID_USDT,1789565005729,0.0318,0.03181,0.031805,0.000009999999999996123,0.0003144654088049095
B-ID_USDT,1789565008187,0.0318,0.03181,0.031805,0.000009999999999996123,0.0003144654088049095
B-ID_USDT,1789565010677,0.03181,0.03182,0.031814999999999996,0.000010000000000003062,0.0003143665513990274
B-ID_USDT,1789565013148,0.03181,0.03182,0.031814999999999996,0.000010000000000003062,0.0003143665513990274
B-ID_USDT,1789565015712,0.03181,0.03182,0.031814999999999996,0.000010000000000003062,0.0003143665513990274
B-ID_USDT,1789565018355,0.03181,0.03182,0.031814999999999996,0.000010000000000003062,0.0003143665513990274
B-ID_USDT,1789565020860,0.03181,0.03182,0.031814999999999996,0.000010000000000003062,0.0003143665513990274
B-ID_USDT,1789565023499,0.03181,0.03182,0.031814999999999996,0.000010000000000003062,0.0003143665513990274
B-ID_USDT,1789565026405,0.03181,0.03182,0.031814999999999996,0.000010000000000003062,0.0003143665513990274
B-ID_USDT,1789565029078,0.03181,0.03182,0.031814999999999996,0.000010000000000003062,0.0003143665513990274
B-ID_USDT,1789565031893,0.03181,0.03182,0.031814999999999996,0.000010000000000003062,0.0003143665513990274
B-ID_USDT,1789565034351,0.03181,0.03182,0.031814999999999996,0.000010000000000003062,0.0003143665513990274
B-ID_USDT,1789565036803,0.03181,0.03182,0.031814999999999996,0.000010000000000003062,0.0003143665513990274
B-ID_USDT,1789565039256,0.03181,0.03182,0.031814999999999996,0.000010000000000003062,0.0003143665513990274
B-ID_USDT,1789565041729,0.03181,0.03182,0.031814999999999996,0.000010000000000003062,0.0003143665513990274
B-ID_USDT,1789565044187,0.03181,0.03182,0.031814999999999996,0.000010000000000003062,0.0003143665513990274
B-ID_USDT,1789565046675,0.03181,0.03182,0.031814999999999996,0.000010000000000003062,0.0003143665513990274
B-ID_USDT,1789565049104,0.03181,0.03182,0.031814999999999996,0.000010000000000003062,0.0003143665513990274
B-ID_USDT,1789565051553,0.03181,0.03182,0.031814999999999996,0.000010000000000003062,0.0003143665513990274
B-ID_USDT,1789565054005,0.03181,0.03182,0.031814999999999996,0.000010000000000003062,0.0003143665513990274
B-ID_USDT,1789565056468,0.03181,0.03182,0.031814999999999996,0.000010000000000003062,0.0003143665513990274
B-ID_USDT,1789565058932,0.03181,0.03182,0.031814999999999996,0.000010000000000003062,0.0003143665513990274
B-ID_USDT,1789565061418,0.03181,0.03182,0.031814999999999996,0.000010000000000003062,0.0003143665513990274
B-ID_USDT,1789565063971,0.03181,0.03182,0.031814999999999996,0.000010000000000003062,0.0003143665513990274
B-ID_USDT,1789565066434,0.03181,0.03182,0.031814999999999996,0.000010000000000003062,0.0003143665513990274
B-ID_USDT,1789565068891,0.03181,0.03182,0.031814999999999996,0.000010000000000003062,0.0003143665513990274
B-ID_USDT,1789565071361,0.03181,0.03182,0.031814999999999996,0.000010000000000003062,0.0003143665513990274
B-ID_USDT,1789565073816,0.03181,0.03182,0.031814999999999996,0.000010000000000003062,0.0003143665513990274
B-ID_USDT,1789565076344,0.03181,0.03182,0.031814999999999996,0.000010000000000003062,0.0003143665513990274
B-ID_USDT,1789565078778,0.03181,0.03182,0.031814999999999996,0.000010000000000003062,0.0003143665513990274
B-ID_USDT,1789565081270,0.03181,0.03182,0.031814999999999996,0.000010000000000003062,0.0003143665513990274
B-ID_USDT,1789565083769,0.03181,0.03182,0.031814999999999996,0.000010000000000003062,0.0003143665513990274
B-ID_USDT,1789565086260,0.03181,0.03182,0.031814999999999996,0.000010000000000003062,0.0003143665513990274
B-ID_USDT,1789565088720,0.03182,0.03183,0.031825,0.000009999999999996123,0.0003142677561280994
B-ID_USDT,1789565091166,0.03182,0.03183,0.031825,0.000009999999999996123,0.0003142677561280994
B-ID_USDT,1789565093641,0.03182,0.03183,0.031825,0.000009999999999996123,0.0003142677561280994
B-ID_USDT,1789565096082,0.03182,0.03183,0.031825,0.000009999999999996123,0.0003142677561280994
B-ID_USDT,1789565098616,0.03182,0.03183,0.031825,0.000009999999999996123,0.0003142677561280994
B-ID_USDT,1789565101110,0.03181,0.03182,0.031814999999999996,0.000010000000000003062,0.0003143665513990274
B-ID_USDT,1789565103592,0.03179,0.03181,0.031799999999999995,0.000019999999999999185,0.0006291286568102921
B-ID_USDT,1789565106029,0.03179,0.03181,0.031799999999999995,0.000019999999999999185,0.0006291286568102921
B-ID_USDT,1789565108485,0.03179,0.03181,0.031799999999999995,0.000019999999999999185,0.0006291286568102921
B-ID_USDT,1789565110987,0.03178,0.0318,0.03179,0.000019999999999999185,0.0006293266205160222
B-ID_USDT,1789565113483,0.03178,0.0318,0.03179,0.000019999999999999185,0.0006293266205160222
B-ID_USDT,1789565116059,0.03178,0.0318,0.03179,0.000019999999999999185,0.0006293266205160222
B-ID_USDT,1789565118532,0.03178,0.0318,0.03179,0.000019999999999999185,0.0006293266205160222
B-ID_USDT,1789565120991,0.03179,0.0318,0.031795000000000004,0.000010000000000003062,0.00031456432840525517
B-ID_USDT,1789565123455,0.03179,0.03181,0.031799999999999995,0.000019999999999999185,0.0006291286568102921
B-ID_USDT,1789565125883,0.03179,0.03181,0.031799999999999995,0.000019999999999999185,0.0006291286568102921
B-ID_USDT,1789565128330,0.03179,0.03181,0.031799999999999995,0.000019999999999999185,0.0006291286568102921
B-ID_USDT,1789565130807,0.03179,0.03181,0.031799999999999995,0.000019999999999999185,0.0006291286568102921
B-ID_USDT,1789565133316,0.03179,0.0318,0.031795000000000004,0.000010000000000003062,0.00031456432840525517
B-ID_USDT,1789565135787,0.03179,0.0318,0.031795000000000004,0.000010000000000003062,0.00031456432840525517
B-ID_USDT,1789565138232,0.03179,0.0318,0.031795000000000004,0.000010000000000003062,0.00031456432840525517
B-ID_USDT,1789565140677,0.03177,0.03178,0.031775,0.000010000000000003062,0.00031476235442250746
B-ID_USDT,1789565143140,0.0318,0.03181,0.031805,0.000009999999999996123,0.0003144654088049095
B-ID_USDT,1789565145635,0.0318,0.03181,0.031805,0.000009999999999996123,0.0003144654088049095
B-ID_USDT,1789565148098,0.0318,0.03181,0.031805,0.000009999999999996123,0.0003144654088049095
B-ID_USDT,1789565150539,0.0318,0.03181,0.031805,0.000009999999999996123,0.0003144654088049095
B-ID_USDT,1789565152991,0.0318,0.03181,0.031805,0.000009999999999996123,0.0003144654088049095
B-ID_USDT,1789565155524,0.0318,0.03181,0.031805,0.000009999999999996123,0.0003144654088049095
B-ID_USDT,1789565158001,0.0318,0.03181,0.031805,0.000009999999999996123,0.0003144654088049095
B-ID_USDT,1789565160453,0.0318,0.03181,0.031805,0.000009999999999996123,0.0003144654088049095
B-ID_USDT,1789565162941,0.03181,0.03182,0.031814999999999996,0.000010000000000003062,0.0003143665513990274
B-ID_USDT,1789565165358,0.03181,0.03182,0.031814999999999996,0.000010000000000003062,0.0003143665513990274
B-ID_USDT,1789565167767,0.03181,0.03182,0.031814999999999996,0.000010000000000003062,0.0003143665513990274
B-ID_USDT,1789565170242,0.03181,0.03183,0.03182,0.000019999999999999185,0.0006287331027978367
B-ID_USDT,1789565172673,0.03181,0.03182,0.031814999999999996,0.000010000000000003062,0.0003143665513990274
B-ID_USDT,1789565175111,0.03181,0.03182,0.031814999999999996,0.000010000000000003062,0.0003143665513990274
B-ID_USDT,1789565177530,0.03181,0.03182,0.031814999999999996,0.000010000000000003062,0.0003143665513990274
B-ID_USDT,1789565179993,0.03181,0.03182,0.031814999999999996,0.000010000000000003062,0.0003143665513990274
B-ID_USDT,1789565182418,0.03181,0.03182,0.031814999999999996,0.000010000000000003062,0.0003143665513990274
B-ID_USDT,1789565184908,0.03181,0.03182,0.031814999999999996,0.000010000000000003062,0.0003143665513990274
B-ID_USDT,1789565187334,0.03181,0.03182,0.031814999999999996,0.000010000000000003062,0.0003143665513990274
B-ID_USDT,1789565189748,0.03181,0.03182,0.031814999999999996,0.000010000000000003062,0.0003143665513990274
B-ID_USDT,1789565192215,0.03181,0.03182,0.031814999999999996,0.000010000000000003062,0.0003143665513990274
B-ID_USDT,1789565194633,0.03181,0.03182,0.031814999999999996,0.000010000000000003062,0.0003143665513990274
B-ID_USDT,1789565197110,0.03181,0.03182,0.031814999999999996,0.000010000000000003062,0.0003143665513990274
B-ID_USDT,1789565199547,0.03181,0.03182,0.031814999999999996,0.000010000000000003062,0.0003143665513990274
B-ID_USDT,1789565202023,0.03181,0.03182,0.031814999999999996,0.000010000000000003062,0.0003143665513990274
B-ID_USDT,1789565204502,0.03181,0.03182,0.031814999999999996,0.000010000000000003062,0.0003143665513990274
B-ID_USDT,1789565206965,0.03181,0.03182,0.031814999999999996,0.000010000000000003062,0.0003143665513990274
B-ID_USDT,1789565209413,0.03181,0.03182,0.031814999999999996,0.000010000000000003062,0.0003143665513990274
B-ID_USDT,1789565211905,0.03181,0.03182,0.031814999999999996,0.000010000000000003062,0.0003143665513990274
B-ID_USDT,1789565214345,0.03181,0.03182,0.031814999999999996,0.000010000000000003062,0.0003143665513990274
B-ID_USDT,1789565216778,0.03181,0.03182,0.031814999999999996,0.000010000000000003062,0.0003143665513990274
B-ID_USDT,1789565219229,0.03181,0.03182,0.031814999999999996,0.000010000000000003062,0.0003143665513990274
B-ID_USDT,1789565221655,0.03181,0.03182,0.031814999999999996,0.000010000000000003062,0.0003143665513990274
B-ID_USDT,1789565224159,0.03181,0.03182,0.031814999999999996,0.000010000000000003062,0.0003143665513990274
B-ID_USDT,1789565226590,0.03181,0.03182,0.031814999999999996,0.000010000000000003062,0.0003143665513990274
B-ID_USDT,1789565229039,0.03181,0.03182,0.031814999999999996,0.000010000000000003062,0.0003143665513990274
B-ID_USDT,1789565231488,0.03181,0.03182,0.031814999999999996,0.000010000000000003062,0.0003143665513990274
B-ID_USDT,1789565233921,0.03181,0.03182,0.031814999999999996,0.000010000000000003062,0.0003143665513990274
B-ID_USDT,1789565236348,0.03181,0.03182,0.031814999999999996,0.000010000000000003062,0.0003143665513990274
B-ID_USDT,1789565238802,0.03181,0.03182,0.031814999999999996,0.000010000000000003062,0.0003143665513990274
B-ID_USDT,1789565241242,0.03181,0.03182,0.031814999999999996,0.000010000000000003062,0.0003143665513990274
B-ID_USDT,1789565243683,0.03181,0.03182,0.031814999999999996,0.000010000000000003062,0.0003143665513990274
B-ID_USDT,1789565246117,0.03181,0.03182,0.031814999999999996,0.000010000000000003062,0.0003143665513990274
B-ID_USDT,1789565248546,0.03181,0.03182,0.031814999999999996,0.000010000000000003062,0.0003143665513990274
B-ID_USDT,1789565250979,0.03181,0.03182,0.031814999999999996,0.000010000000000003062,0.0003143665513990274
B-ID_USDT,1789565253393,0.03181,0.03182,0.031814999999999996,0.000010000000000003062,0.0003143665513990274
B-ID_USDT,1789565255840,0.03181,0.03182,0.031814999999999996,0.000010000000000003062,0.0003143665513990274
B-ID_USDT,1789565258277,0.03181,0.03182,0.031814999999999996,0.000010000000000003062,0.0003143665513990274
B-ID_USDT,1789565260701,0.03181,0.03182,0.031814999999999996,0.000010000000000003062,0.0003143665513990274
B-ID_USDT,1789565263140,0.03181,0.03182,0.031814999999999996,0.000010000000000003062,0.0003143665513990274
B-ID_USDT,1789565265560,0.03181,0.03182,0.031814999999999996,0.000010000000000003062,0.0003143665513990274
B-ID_USDT,1789565268022,0.03181,0.03182,0.031814999999999996,0.000010000000000003062,0.0003143665513990274
B-ID_USDT,1789565270442,0.03181,0.03182,0.031814999999999996,0.000010000000000003062,0.0003143665513990274
B-ID_USDT,1789565272871,0.03181,0.03182,0.031814999999999996,0.000010000000000003062,0.0003143665513990274
B-ID_USDT,1789565275659,0.03184,0.03185,0.031845,0.000010000000000003062,0.00031407035175889014
B-ID_USDT,1789565278102,0.03184,0.03185,0.031845,0.000010000000000003062,0.00031407035175889014
B-ID_USDT,1789565280514,0.03183,0.03185,0.03184,0.000020000000000006124,0.0006283380458688698
B-ID_USDT,1789565282973,0.03183,0.03184,0.031835,0.000010000000000003062,0.0003141690229344349
B-ID_USDT,1789565285477,0.03183,0.03184,0.031835,0.000010000000000003062,0.0003141690229344349
B-ID_USDT,1789565287917,0.03183,0.03184,0.031835,0.000010000000000003062,0.0003141690229344349
B-ID_USDT,1789565290340,0.03183,0.03184,0.031835,0.000010000000000003062,0.0003141690229344349
B-ID_USDT,1789565292796,0.03183,0.03184,0.031835,0.000010000000000003062,0.0003141690229344349
B-ID_USDT,1789565295324,0.03183,0.03184,0.031835,0.000010000000000003062,0.0003141690229344349
B-ID_USDT,1789565297880,0.03182,0.03183,0.031825,0.000009999999999996123,0.0003142677561280994
B-ID_USDT,1789565300403,0.03182,0.03183,0.031825,0.000009999999999996123,0.0003142677561280994
B-ID_USDT,1789565302860,0.03182,0.03183,0.031825,0.000009999999999996123,0.0003142677561280994
B-ID_USDT,1789565305351,0.03182,0.03183,0.031825,0.000009999999999996123,0.0003142677561280994
B-ID_USDT,1789565307805,0.03182,0.03183,0.031825,0.000009999999999996123,0.0003142677561280994
B-ID_USDT,1789565310311,0.03182,0.03183,0.031825,0.000009999999999996123,0.0003142677561280994
B-ID_USDT,1789565312879,0.03182,0.03183,0.031825,0.000009999999999996123,0.0003142677561280994
B-ID_USDT,1789565315793,0.03182,0.03183,0.031825,0.000009999999999996123,0.0003142677561280994
B-ID_USDT,1789565318355,0.03182,0.03183,0.031825,0.000009999999999996123,0.0003142677561280994
B-ID_USDT,1789565321207,0.03182,0.03183,0.031825,0.000009999999999996123,0.0003142677561280994
B-ID_USDT,1789565323715,0.03182,0.03183,0.031825,0.000009999999999996123,0.0003142677561280994
B-ID_USDT,1789565326162,0.03182,0.03183,0.031825,0.000009999999999996123,0.0003142677561280994
B-ID_USDT,1789565328655,0.03181,0.03182,0.031814999999999996,0.000010000000000003062,0.0003143665513990274
B-ID_USDT,1789565331464,0.03181,0.03182,0.031814999999999996,0.000010000000000003062,0.0003143665513990274
B-ID_USDT,1789565333994,0.03181,0.03182,0.031814999999999996,0.000010000000000003062,0.0003143665513990274
B-ID_USDT,1789565336507,0.03181,0.03182,0.031814999999999996,0.000010000000000003062,0.0003143665513990274
B-ID_USDT,1789565339136,0.03181,0.03182,0.031814999999999996,0.000010000000000003062,0.0003143665513990274
B-ID_USDT,1789565341665,0.0318,0.03181,0.031805,0.000009999999999996123,0.0003144654088049095
B-ID_USDT,1789565344112,0.0318,0.03181,0.031805,0.000009999999999996123,0.0003144654088049095
B-ID_USDT,1789565346545,0.0318,0.03181,0.031805,0.000009999999999996123,0.0003144654088049095
B-ID_USDT,1789565349027,0.0318,0.03181,0.031805,0.000009999999999996123,0.0003144654088049095
B-ID_USDT,1789565351513,0.0318,0.03181,0.031805,0.000009999999999996123,0.0003144654088049095
B-ID_USDT,1789565354021,0.0318,0.03181,0.031805,0.000009999999999996123,0.0003144654088049095
B-ID_USDT,1789565356478,0.03179,0.0318,0.031795000000000004,0.000010000000000003062,0.00031456432840525517
B-ID_USDT,1789565358901,0.03179,0.0318,0.031795000000000004,0.000010000000000003062,0.00031456432840525517
B-ID_USDT,1789565361343,0.03179,0.0318,0.031795000000000004,0.000010000000000003062,0.00031456432840525517
B-ID_USDT,1789565363803,0.03179,0.0318,0.031795000000000004,0.000010000000000003062,0.00031456432840525517
B-ID_USDT,1789565366250,0.03179,0.0318,0.031795000000000004,0.000010000000000003062,0.00031456432840525517
B-ID_USDT,1789565368698,0.03179,0.0318,0.031795000000000004,0.000010000000000003062,0.00031456432840525517
B-ID_USDT,1789565371124,0.03179,0.0318,0.031795000000000004,0.000010000000000003062,0.00031456432840525517
B-ID_USDT,1789565373561,0.03179,0.0318,0.031795000000000004,0.000010000000000003062,0.00031456432840525517
B-ID_USDT,1789565376054,0.03179,0.0318,0.031795000000000004,0.000010000000000003062,0.00031456432840525517
B-ID_USDT,1789565378508,0.03179,0.0318,0.031795000000000004,0.000010000000000003062,0.00031456432840525517
B-ID_USDT,1789565381025,0.03179,0.0318,0.031795000000000004,0.000010000000000003062,0.00031456432840525517
B-ID_USDT,1789565383474,0.03179,0.0318,0.031795000000000004,0.000010000000000003062,0.00031456432840525517
B-ID_USDT,1789565385907,0.03179,0.0318,0.031795000000000004,0.000010000000000003062,0.00031456432840525517
B-ID_USDT,1789565388384,0.03179,0.0318,0.031795000000000004,0.000010000000000003062,0.00031456432840525517
B-ID_USDT,1789565390826,0.03179,0.0318,0.031795000000000004,0.000010000000000003062,0.00031456432840525517
B-ID_USDT,1789565393314,0.03179,0.0318,0.031795000000000004,0.000010000000000003062,0.00031456432840525517
B-ID_USDT,1789565395751,0.03179,0.0318,0.031795000000000004,0.000010000000000003062,0.00031456432840525517
B-ID_USDT,1789565398272,0.03179,0.0318,0.031795000000000004,0.000010000000000003062,0.00031456432840525517
B-ID_USDT,1789565400799,0.03179,0.0318,0.031795000000000004,0.000010000000000003062,0.00031456432840525517
B-ID_USDT,1789565403304,0.03178,0.03179,0.031785,0.000009999999999996123,0.0003146633102579019
B-ID_USDT,1789565405790,0.03179,0.03181,0.031799999999999995,0.000019999999999999185,0.0006291286568102921
B-ID_USDT,1789565408256,0.03179,0.03181,0.031799999999999995,0.000019999999999999185,0.0006291286568102921
B-ID_USDT,1789565410690,0.03179,0.0318,0.031795000000000004,0.000010000000000003062,0.00031456432840525517
B-ID_USDT,1789565413161,0.03179,0.0318,0.031795000000000004,0.000010000000000003062,0.00031456432840525517
B-ID_USDT,1789565415609,0.03179,0.0318,0.031795000000000004,0.000010000000000003062,0.00031456432840525517
B-ID_USDT,1789565418056,0.03179,0.0318,0.031795000000000004,0.000010000000000003062,0.00031456432840525517
B-ID_USDT,1789565420495,0.03179,0.0318,0.031795000000000004,0.000010000000000003062,0.00031456432840525517
B-ID_USDT,1789565422971,0.03178,0.03179,0.031785,0.000009999999999996123,0.0003146633102579019
B-ID_USDT,1789565425476,0.03177,0.03178,0.031775,0.000010000000000003062,0.00031476235442250746
B-ID_USDT,1789565427929,0.03176,0.03177,0.031765,0.000010000000000003062,0.00031486146095727527
B-ID_USDT,1789565430355,0.03176,0.03177,0.031765,0.000010000000000003062,0.00031486146095727527
B-ID_USDT,1789565432792,0.03176,0.03177,0.031765,0.000010000000000003062,0.00031486146095727527
B-ID_USDT,1789565435209,0.03176,0.03177,0.031765,0.000010000000000003062,0.00031486146095727527
B-ID_USDT,1789565437636,0.03176,0.03177,0.031765,0.000010000000000003062,0.00031486146095727527
B-ID_USDT,1789565440066,0.03176,0.03177,0.031765,0.000010000000000003062,0.00031486146095727527
B-ID_USDT,1789565442577,0.03177,0.03178,0.031775,0.000010000000000003062,0.00031476235442250746
B-ID_USDT,1789565445036,0.03177,0.03179,0.03178,0.000019999999999999185,0.0006295247088447966
B-ID_USDT,1789565447492,0.03176,0.03177,0.031765,0.000010000000000003062,0.00031486146095727527
B-ID_USDT,1789565449917,0.03176,0.03177,0.031765,0.000010000000000003062,0.00031486146095727527
B-ID_USDT,1789565452346,0.03176,0.03177,0.031765,0.000010000000000003062,0.00031486146095727527
B-ID_USDT,1789565454782,0.03176,0.03177,0.031765,0.000010000000000003062,0.00031486146095727527
B-ID_USDT,1789565457240,0.03176,0.03177,0.031765,0.000010000000000003062,0.00031486146095727527
B-ID_USDT,1789565459686,0.03173,0.03175,0.031740000000000004,0.000019999999999999185,0.0006303183107469015
B-ID_USDT,1789565462123,0.03173,0.03174,0.031735,0.000009999999999996123,0.0003151591553733414
B-ID_USDT,1789565464653,0.03172,0.03173,0.031725,0.000010000000000003062,0.00031525851197992
B-ID_USDT,1789565467126,0.03172,0.03173,0.031725,0.000010000000000003062,0.00031525851197992
B-ID_USDT,1789565469654,0.03174,0.03175,0.031744999999999995,0.000010000000000003062,0.0003150598613737575
B-ID_USDT,1789565472109,0.03174,0.03176,0.03175,0.000019999999999999185,0.0006301197227472964
B-ID_USDT,1789565474535,0.03176,0.03177,0.031765,0.000010000000000003062,0.00031486146095727527
B-ID_USDT,1789565477061,0.03176,0.03177,0.031765,0.000010000000000003062,0.00031486146095727527
B-ID_USDT,1789565479548,0.03177,0.03179,0.03178,0.000019999999999999185,0.0006295247088447966
B-ID_USDT,1789565482022,0.03177,0.03179,0.03178,0.000019999999999999185,0.0006295247088447966
B-ID_USDT,1789565484575,0.03177,0.03179,0.03178,0.000019999999999999185,0.0006295247088447966
B-ID_USDT,1789565487009,0.03177,0.03179,0.03178,0.000019999999999999185,0.0006295247088447966
B-ID_USDT,1789565489466,0.03178,0.03179,0.031785,0.000009999999999996123,0.0003146633102579019
B-ID_USDT,1789565492168,0.03177,0.03179,0.03178,0.000019999999999999185,0.0006295247088447966
B-ID_USDT,1789565494618,0.03177,0.03178,0.031775,0.000010000000000003062,0.00031476235442250746
B-ID_USDT,1789565497058,0.03177,0.03178,0.031775,0.000010000000000003062,0.00031476235442250746
B-ID_USDT,1789565499483,0.03176,0.03177,0.031765,0.000010000000000003062,0.00031486146095727527
B-ID_USDT,1789565501946,0.03176,0.03177,0.031765,0.000010000000000003062,0.00031486146095727527
B-ID_USDT,1789565504379,0.03176,0.03177,0.031765,0.000010000000000003062,0.00031486146095727527
B-ID_USDT,1789565507105,0.03176,0.03177,0.031765,0.000010000000000003062,0.00031486146095727527
B-ID_USDT,1789565509526,0.03174,0.03177,0.031755,0.000030000000000002247,0.0009451795841210538
B-ID_USDT,1789565511990,0.03174,0.03176,0.03175,0.000019999999999999185,0.0006301197227472964
B-ID_USDT,1789565514435,0.03175,0.03177,0.03176,0.000019999999999999185,0.000629921259842494
B-ID_USDT,1789565516855,0.03175,0.03176,0.031755,0.000009999999999996123,0.00031496062992113775
B-ID_USDT,1789565519308,0.03175,0.03177,0.03176,0.000019999999999999185,0.000629921259842494
B-ID_USDT,1789565521754,0.03175,0.03177,0.03176,0.000019999999999999185,0.000629921259842494
B-ID_USDT,1789565524206,0.03175,0.03177,0.03176,0.000019999999999999185,0.000629921259842494
B-ID_USDT,1789565526662,0.03175,0.03177,0.03176,0.000019999999999999185,0.000629921259842494
B-ID_USDT,1789565529094,0.03172,0.03174,0.031729999999999994,0.000019999999999999185,0.0006305170239596212
B-ID_USDT,1789565531587,0.03172,0.03174,0.031729999999999994,0.000019999999999999185,0.0006305170239596212
B-ID_USDT,1789565534070,0.03172,0.03174,0.031729999999999994,0.000019999999999999185,0.0006305170239596212
B-ID_USDT,1789565536579,0.03171,0.03172,0.031715,0.000009999999999996123,0.0003153579312518487
B-ID_USDT,1789565539023,0.03171,0.03172,0.031715,0.000009999999999996123,0.0003153579312518487
B-ID_USDT,1789565541507,0.03172,0.03173,0.031725,0.000010000000000003062,0.00031525851197992
B-ID_USDT,1789565543933,0.03172,0.03173,0.031725,0.000010000000000003062,0.00031525851197992
B-ID_USDT,1789565546415,0.03172,0.03173,0.031725,0.000010000000000003062,0.00031525851197992
B-ID_USDT,1789565548894,0.03174,0.03175,0.031744999999999995,0.000010000000000003062,0.0003150598613737575
B-ID_USDT,1789565551361,0.03174,0.03175,0.031744999999999995,0.000010000000000003062,0.0003150598613737575
B-ID_USDT,1789565553801,0.03175,0.03176,0.031755,0.000009999999999996123,0.00031496062992113775
B-ID_USDT,1789565556276,0.03174,0.03175,0.031744999999999995,0.000010000000000003062,0.0003150598613737575
B-ID_USDT,1789565558728,0.03174,0.03175,0.031744999999999995,0.000010000000000003062,0.0003150598613737575
B-ID_USDT,1789565561170,0.03173,0.03175,0.031740000000000004,0.000019999999999999185,0.0006303183107469015
B-ID_USDT,1789565563637,0.03174,0.03175,0.031744999999999995,0.000010000000000003062,0.0003150598613737575
B-ID_USDT,1789565566108,0.03173,0.03175,0.031740000000000004,0.000019999999999999185,0.0006303183107469015
B-ID_USDT,1789565568598,0.03173,0.03175,0.031740000000000004,0.000019999999999999185,0.0006303183107469015
B-ID_USDT,1789565571069,0.03174,0.03175,0.031744999999999995,0.000010000000000003062,0.0003150598613737575
B-ID_USDT,1789565573519,0.03174,0.03175,0.031744999999999995,0.000010000000000003062,0.0003150598613737575
B-ID_USDT,1789565575984,0.03175,0.03177,0.03176,0.000019999999999999185,0.000629921259842494
B-ID_USDT,1789565578390,0.03175,0.03177,0.03176,0.000019999999999999185,0.000629921259842494
B-ID_USDT,1789565580807,0.03176,0.03177,0.031765,0.000010000000000003062,0.00031486146095727527
B-ID_USDT,1789565583240,0.03175,0.03176,0.031755,0.000009999999999996123,0.00031496062992113775
B-ID_USDT,1789565585730,0.03174,0.03175,0.031744999999999995,0.000010000000000003062,0.0003150598613737575
B-ID_USDT,1789565588208,0.03174,0.03175,0.031744999999999995,0.000010000000000003062,0.0003150598613737575
B-ID_USDT,1789565590684,0.03175,0.03176,0.031755,0.000009999999999996123,0.00031496062992113775
B-ID_USDT,1789565593221,0.03174,0.03175,0.031744999999999995,0.000010000000000003062,0.0003150598613737575
B-ID_USDT,1789565595657,0.03174,0.03175,0.031744999999999995,0.000010000000000003062,0.0003150598613737575
B-ID_USDT,1789565598109,0.03173,0.03174,0.031735,0.000009999999999996123,0.0003151591553733414
B-ID_USDT,1789565600588,0.03175,0.03176,0.031755,0.000009999999999996123,0.00031496062992113775
B-ID_USDT,1789565603035,0.03175,0.03177,0.03176,0.000019999999999999185,0.000629921259842494
B-ID_USDT,1789565605470,0.03175,0.03177,0.03176,0.000019999999999999185,0.000629921259842494
B-ID_USDT,1789565607887,0.03175,0.03177,0.03176,0.000019999999999999185,0.000629921259842494
B-ID_USDT,1789565610323,0.03176,0.03177,0.031765,0.000010000000000003062,0.00031486146095727527
B-ID_USDT,1789565612768,0.03177,0.03178,0.031775,0.000010000000000003062,0.00031476235442250746
B-ID_USDT,1789565615243,0.03177,0.03178,0.031775,0.000010000000000003062,0.00031476235442250746
B-ID_USDT,1789565617694,0.03177,0.03178,0.031775,0.000010000000000003062,0.00031476235442250746
B-ID_USDT,1789565620138,0.03177,0.03178,0.031775,0.000010000000000003062,0.00031476235442250746
B-ID_USDT,1789565622561,0.03176,0.03178,0.03177,0.000020000000000006124,0.0006297229219145505
B-ID_USDT,1789565624975,0.03176,0.03177,0.031765,0.000010000000000003062,0.00031486146095727527
B-ID_USDT,1789565627406,0.03176,0.03177,0.031765,0.000010000000000003062,0.00031486146095727527
B-ID_USDT,1789565629868,0.03176,0.03177,0.031765,0.000010000000000003062,0.00031486146095727527
B-ID_USDT,1789565632340,0.03176,0.03178,0.03177,0.000020000000000006124,0.0006297229219145505
B-ID_USDT,1789565634818,0.03176,0.03178,0.03177,0.000020000000000006124,0.0006297229219145505
B-ID_USDT,1789565637280,0.03175,0.03177,0.03176,0.000019999999999999185,0.000629921259842494
B-ID_USDT,1789565639701,0.03175,0.03176,0.031755,0.000009999999999996123,0.00031496062992113775
B-ID_USDT,1789565642142,0.03175,0.03177,0.03176,0.000019999999999999185,0.000629921259842494
B-ID_USDT,1789565644624,0.03175,0.03176,0.031755,0.000009999999999996123,0.00031496062992113775
B-ID_USDT,1789565647097,0.03175,0.03176,0.031755,0.000009999999999996123,0.00031496062992113775
B-ID_USDT,1789565649572,0.03175,0.03176,0.031755,0.000009999999999996123,0.00031496062992113775
B-ID_USDT,1789565652068,0.03174,0.03175,0.031744999999999995,0.000010000000000003062,0.0003150598613737575
B-ID_USDT,1789565654556,0.03174,0.03175,0.031744999999999995,0.000010000000000003062,0.0003150598613737575
B-ID_USDT,1789565656991,0.03174,0.03175,0.031744999999999995,0.000010000000000003062,0.0003150598613737575
B-ID_USDT,1789565659436,0.03174,0.03175,0.031744999999999995,0.000010000000000003062,0.0003150598613737575
B-ID_USDT,1789565661886,0.03174,0.03175,0.031744999999999995,0.000010000000000003062,0.0003150598613737575
B-ID_USDT,1789565664392,0.03174,0.03175,0.031744999999999995,0.000010000000000003062,0.0003150598613737575
B-ID_USDT,1789565666839,0.03174,0.03176,0.03175,0.000019999999999999185,0.0006301197227472964
B-ID_USDT,1789565669300,0.03173,0.03174,0.031735,0.000009999999999996123,0.0003151591553733414
B-ID_USDT,1789565671767,0.03173,0.03174,0.031735,0.000009999999999996123,0.0003151591553733414
B-ID_USDT,1789565674219,0.03174,0.03175,0.031744999999999995,0.000010000000000003062,0.0003150598613737575
B-ID_USDT,1789565676656,0.03174,0.03175,0.031744999999999995,0.000010000000000003062,0.0003150598613737575
B-ID_USDT,1789565679138,0.03174,0.03175,0.031744999999999995,0.000010000000000003062,0.0003150598613737575
B-ID_USDT,1789565681620,0.03174,0.03176,0.03175,0.000019999999999999185,0.0006301197227472964
B-ID_USDT,1789565684152,0.03174,0.03176,0.03175,0.000019999999999999185,0.0006301197227472964
B-ID_USDT,1789565686599,0.03174,0.03176,0.03175,0.000019999999999999185,0.0006301197227472964
B-ID_USDT,1789565689034,0.03174,0.03175,0.031744999999999995,0.000010000000000003062,0.0003150598613737575
B-ID_USDT,1789565691482,0.03174,0.03175,0.031744999999999995,0.000010000000000003062,0.0003150598613737575
B-ID_USDT,1789565693941,0.03174,0.03175,0.031744999999999995,0.000010000000000003062,0.0003150598613737575
B-ID_USDT,1789565696479,0.03174,0.03175,0.031744999999999995,0.000010000000000003062,0.0003150598613737575
B-ID_USDT,1789565698981,0.03173,0.03175,0.031740000000000004,0.000019999999999999185,0.0006303183107469015
B-ID_USDT,1789565701438,0.03173,0.03175,0.031740000000000004,0.000019999999999999185,0.0006303183107469015
B-ID_USDT,1789565703931,0.03173,0.03175,0.031740000000000004,0.000019999999999999185,0.0006303183107469015
B-ID_USDT,1789565706392,0.03173,0.03175,0.031740000000000004,0.000019999999999999185,0.0006303183107469015
B-ID_USDT,1789565708847,0.03174,0.03175,0.031744999999999995,0.000010000000000003062,0.0003150598613737575
B-ID_USDT,1789565711308,0.03175,0.03176,0.031755,0.000009999999999996123,0.00031496062992113775
B-ID_USDT,1789565713791,0.03174,0.03176,0.03175,0.000019999999999999185,0.0006301197227472964
B-ID_USDT,1789565716245,0.03175,0.03176,0.031755,0.000009999999999996123,0.00031496062992113775
B-ID_USDT,1789565718707,0.03176,0.03177,0.031765,0.000010000000000003062,0.00031486146095727527
B-ID_USDT,1789565721180,0.03176,0.03177,0.031765,0.000010000000000003062,0.00031486146095727527
B-ID_USDT,1789565723643,0.03176,0.03177,0.031765,0.000010000000000003062,0.00031486146095727527
B-ID_USDT,1789565726109,0.03175,0.03176,0.031755,0.000009999999999996123,0.00031496062992113775
B-ID_USDT,1789565728533,0.03175,0.03176,0.031755,0.000009999999999996123,0.00031496062992113775
B-ID_USDT,1789565730964,0.03175,0.03176,0.031755,0.000009999999999996123,0.00031496062992113775
B-ID_USDT,1789565733427,0.03173,0.03175,0.031740000000000004,0.000019999999999999185,0.0006303183107469015
B-ID_USDT,1789565735844,0.03173,0.03175,0.031740000000000004,0.000019999999999999185,0.0006303183107469015
B-ID_USDT,1789565738266,0.03173,0.03175,0.031740000000000004,0.000019999999999999185,0.0006303183107469015
B-ID_USDT,1789565740720,0.03173,0.03175,0.031740000000000004,0.000019999999999999185,0.0006303183107469015
B-ID_USDT,1789565743181,0.03173,0.03175,0.031740000000000004,0.000019999999999999185,0.0006303183107469015
B-ID_USDT,1789565745761,0.03173,0.03174,0.031735,0.000009999999999996123,0.0003151591553733414
B-ID_USDT,1789565748238,0.03173,0.03174,0.031735,0.000009999999999996123,0.0003151591553733414
B-ID_USDT,1789565750746,0.03173,0.03174,0.031735,0.000009999999999996123,0.0003151591553733414
B-ID_USDT,1789565753225,0.03173,0.03174,0.031735,0.000009999999999996123,0.0003151591553733414
B-ID_USDT,1789565755658,0.03173,0.03174,0.031735,0.000009999999999996123,0.0003151591553733414
B-ID_USDT,1789565758090,0.03173,0.03174,0.031735,0.000009999999999996123,0.0003151591553733414
B-ID_USDT,1789565760561,0.03173,0.03174,0.031735,0.000009999999999996123,0.0003151591553733414
B-ID_USDT,1789565763006,0.03172,0.03174,0.031729999999999994,0.000019999999999999185,0.0006305170239596212
B-ID_USDT,1789565765439,0.03171,0.03173,0.03172,0.000019999999999999185,0.0006307158625039163
B-ID_USDT,1789565767883,0.03171,0.03173,0.03172,0.000019999999999999185,0.0006307158625039163
B-ID_USDT,1789565770362,0.03171,0.03173,0.03172,0.000019999999999999185,0.0006307158625039163
B-ID_USDT,1789565772779,0.03171,0.03173,0.03172,0.000019999999999999185,0.0006307158625039163
B-ID_USDT,1789565775248,0.03171,0.03172,0.031715,0.000009999999999996123,0.0003153579312518487
B-ID_USDT,1789565777737,0.03171,0.03172,0.031715,0.000009999999999996123,0.0003153579312518487
B-ID_USDT,1789565780202,0.03171,0.03172,0.031715,0.000009999999999996123,0.0003153579312518487
B-ID_USDT,1789565782653,0.03171,0.03172,0.031715,0.000009999999999996123,0.0003153579312518487
B-ID_USDT,1789565785069,0.03171,0.03172,0.031715,0.000009999999999996123,0.0003153579312518487
B-ID_USDT,1789565787519,0.03171,0.03172,0.031715,0.000009999999999996123,0.0003153579312518487
B-ID_USDT,1789565789993,0.03171,0.03172,0.031715,0.000009999999999996123,0.0003153579312518487
B-ID_USDT,1789565792471,0.03171,0.03172,0.031715,0.000009999999999996123,0.0003153579312518487
B-ID_USDT,1789565794956,0.03171,0.03172,0.031715,0.000009999999999996123,0.0003153579312518487
B-ID_USDT,1789565797383,0.03172,0.03173,0.031725,0.000010000000000003062,0.00031525851197992
B-ID_USDT,1789565799811,0.03173,0.03175,0.031740000000000004,0.000019999999999999185,0.0006303183107469015
B-ID_USDT,1789565802276,0.03173,0.03175,0.031740000000000004,0.000019999999999999185,0.0006303183107469015
B-ID_USDT,1789565804708,0.03173,0.03174,0.031735,0.000009999999999996123,0.0003151591553733414
B-ID_USDT,1789565807133,0.03173,0.03174,0.031735,0.000009999999999996123,0.0003151591553733414
B-ID_USDT,1789565809548,0.03172,0.03174,0.031729999999999994,0.000019999999999999185,0.0006305170239596212
B-ID_USDT,1789565811986,0.03172,0.03174,0.031729999999999994,0.000019999999999999185,0.0006305170239596212
B-ID_USDT,1789565814437,0.03172,0.03174,0.031729999999999994,0.000019999999999999185,0.0006305170239596212
B-ID_USDT,1789565816855,0.03172,0.03173,0.031725,0.000010000000000003062,0.00031525851197992
B-ID_USDT,1789565819294,0.03172,0.03173,0.031725,0.000010000000000003062,0.00031525851197992
B-ID_USDT,1789565821720,0.03172,0.03173,0.031725,0.000010000000000003062,0.00031525851197992
B-ID_USDT,1789565824348,0.03172,0.03173,0.031725,0.000010000000000003062,0.00031525851197992
B-ID_USDT,1789565826780,0.03172,0.03173,0.031725,0.000010000000000003062,0.00031525851197992
B-ID_USDT,1789565829204,0.03172,0.03173,0.031725,0.000010000000000003062,0.00031525851197992
B-ID_USDT,1789565831734,0.03172,0.03173,0.031725,0.000010000000000003062,0.00031525851197992
B-ID_USDT,1789565834253,0.03172,0.03173,0.031725,0.000010000000000003062,0.00031525851197992
B-ID_USDT,1789565836708,0.03171,0.03172,0.031715,0.000009999999999996123,0.0003153579312518487
B-ID_USDT,1789565839187,0.03171,0.03172,0.031715,0.000009999999999996123,0.0003153579312518487
B-ID_USDT,1789565841657,0.03171,0.03172,0.031715,0.000009999999999996123,0.0003153579312518487
B-ID_USDT,1789565844155,0.03171,0.03172,0.031715,0.000009999999999996123,0.0003153579312518487
B-ID_USDT,1789565846650,0.03171,0.03172,0.031715,0.000009999999999996123,0.0003153579312518487
B-ID_USDT,1789565849140,0.03171,0.03172,0.031715,0.000009999999999996123,0.0003153579312518487
B-ID_USDT,1789565851631,0.03171,0.03172,0.031715,0.000009999999999996123,0.0003153579312518487
B-ID_USDT,1789565854161,0.03171,0.03172,0.031715,0.000009999999999996123,0.0003153579312518487
B-ID_USDT,1789565857062,0.03171,0.03173,0.03172,0.000019999999999999185,0.0006307158625039163
B-ID_USDT,1789565859535,0.03171,0.03172,0.031715,0.000009999999999996123,0.0003153579312518487
B-ID_USDT,1789565862097,0.0317,0.03172,0.03171,0.000019999999999999185,0.0006309148264983971
B-ID_USDT,1789565864534,0.0317,0.03172,0.03171,0.000019999999999999185,0.0006309148264983971
B-ID_USDT,1789565866974,0.0317,0.03172,0.03171,0.000019999999999999185,0.0006309148264983971
B-ID_USDT,1789565869460,0.0317,0.03171,0.031705,0.000010000000000003062,0.000315457413249308
B-ID_USDT,1789565871944,0.0317,0.03171,0.031705,0.000010000000000003062,0.000315457413249308
B-ID_USDT,1789565874496,0.0317,0.03171,0.031705,0.000010000000000003062,0.000315457413249308
B-ID_USDT,1789565876925,0.0317,0.03171,0.031705,0.000010000000000003062,0.000315457413249308
B-ID_USDT,1789565879378,0.0317,0.03171,0.031705,0.000010000000000003062,0.000315457413249308
B-ID_USDT,1789565881838,0.0317,0.03171,0.031705,0.000010000000000003062,0.000315457413249308
B-ID_USDT,1789565884299,0.0317,0.03171,0.031705,0.000010000000000003062,0.000315457413249308
B-ID_USDT,1789565886714,0.03169,0.03171,0.031700000000000006,0.000019999999999999185,0.0006311139160618234
B-ID_USDT,1789565889141,0.03169,0.0317,0.031695,0.000009999999999996123,0.0003155569580308022
B-ID_USDT,1789565891599,0.03168,0.0317,0.031689999999999996,0.000019999999999999185,0.0006313131313131056
B-ID_USDT,1789565894241,0.03168,0.03169,0.031685000000000005,0.000010000000000003062,0.0003156565656566623
B-ID_USDT,1789565896648,0.03168,0.03169,0.031685000000000005,0.000010000000000003062,0.0003156565656566623
B-ID_USDT,1789565899077,0.03168,0.03169,0.031685000000000005,0.000010000000000003062,0.0003156565656566623
B-ID_USDT,1789565901515,0.03166,0.03167,0.031665,0.000009999999999996123,0.00031585596967770443
B-ID_USDT,1789565903959,0.03166,0.03167,0.031665,0.000009999999999996123,0.00031585596967770443
B-ID_USDT,1789565906511,0.03166,0.03167,0.031665,0.000009999999999996123,0.00031585596967770443
B-ID_USDT,1789565908952,0.03166,0.03167,0.031665,0.000009999999999996123,0.00031585596967770443
B-ID_USDT,1789565911375,0.03167,0.03168,0.031674999999999995,0.000010000000000003062,0.00031575623618576137
B-ID_USDT,1789565913829,0.03167,0.03168,0.031674999999999995,0.000010000000000003062,0.00031575623618576137
B-ID_USDT,1789565916256,0.03167,0.03168,0.031674999999999995,0.000010000000000003062,0.00031575623618576137
B-ID_USDT,1789565918696,0.03167,0.03168,0.031674999999999995,0.000010000000000003062,0.00031575623618576137
B-ID_USDT,1789565921156,0.03167,0.03168,0.031674999999999995,0.000010000000000003062,0.00031575623618576137
B-ID_USDT,1789565923581,0.03169,0.0317,0.031695,0.000009999999999996123,0.0003155569580308022
B-ID_USDT,1789565926027,0.03169,0.0317,0.031695,0.000009999999999996123,0.0003155569580308022
B-ID_USDT,1789565928515,0.03169,0.0317,0.031695,0.000009999999999996123,0.0003155569580308022
B-ID_USDT,1789565930936,0.03169,0.0317,0.031695,0.000009999999999996123,0.0003155569580308022
B-ID_USDT,1789565933376,0.03169,0.0317,0.031695,0.000009999999999996123,0.0003155569580308022
B-ID_USDT,1789565935900,0.03169,0.0317,0.031695,0.000009999999999996123,0.0003155569580308022
B-ID_USDT,1789565938449,0.03169,0.0317,0.031695,0.000009999999999996123,0.0003155569580308022
B-ID_USDT,1789565940924,0.03169,0.0317,0.031695,0.000009999999999996123,0.0003155569580308022
B-ID_USDT,1789565943381,0.03171,0.03172,0.031715,0.000009999999999996123,0.0003153579312518487
B-ID_USDT,1789565945823,0.03171,0.03172,0.031715,0.000009999999999996123,0.0003153579312518487
B-ID_USDT,1789565948307,0.03171,0.03172,0.031715,0.000009999999999996123,0.0003153579312518487
B-ID_USDT,1789565950765,0.03172,0.03174,0.031729999999999994,0.000019999999999999185,0.0006305170239596212
B-ID_USDT,1789565953173,0.03173,0.03174,0.031735,0.000009999999999996123,0.0003151591553733414
B-ID_USDT,1789565955596,0.03172,0.03174,0.031729999999999994,0.000019999999999999185,0.0006305170239596212
B-ID_USDT,1789565958024,0.03172,0.03174,0.031729999999999994,0.000019999999999999185,0.0006305170239596212
B-ID_USDT,1789565960440,0.03172,0.03174,0.031729999999999994,0.000019999999999999185,0.0006305170239596212
B-ID_USDT,1789565962898,0.03171,0.03172,0.031715,0.000009999999999996123,0.0003153579312518487
B-ID_USDT,1789565965332,0.03171,0.03172,0.031715,0.000009999999999996123,0.0003153579312518487
B-ID_USDT,1789565967792,0.03172,0.03173,0.031725,0.000010000000000003062,0.00031525851197992
B-ID_USDT,1789565970281,0.03172,0.03173,0.031725,0.000010000000000003062,0.00031525851197992
B-ID_USDT,1789565972708,0.03173,0.03174,0.031735,0.000009999999999996123,0.0003151591553733414
B-ID_USDT,1789565975151,0.03173,0.03175,0.031740000000000004,0.000019999999999999185,0.0006303183107469015
B-ID_USDT,1789565977587,0.03173,0.03175,0.031740000000000004,0.000019999999999999185,0.0006303183107469015
B-ID_USDT,1789565980091,0.03173,0.03175,0.031740000000000004,0.000019999999999999185,0.0006303183107469015
B-ID_USDT,1789565982537,0.03172,0.03174,0.031729999999999994,0.000019999999999999185,0.0006305170239596212
B-ID_USDT,1789565984986,0.03172,0.03174,0.031729999999999994,0.000019999999999999185,0.0006305170239596212
B-ID_USDT,1789565987498,0.03172,0.03174,0.031729999999999994,0.000019999999999999185,0.0006305170239596212
B-ID_USDT,1789565989932,0.03172,0.03173,0.031725,0.000010000000000003062,0.00031525851197992
B-ID_USDT,1789565992370,0.03171,0.03172,0.031715,0.000009999999999996123,0.0003153579312518487
B-ID_USDT,1789565994813,0.03171,0.03173,0.03172,0.000019999999999999185,0.0006307158625039163
B-ID_USDT,1789565997263,0.03171,0.03173,0.03172,0.000019999999999999185,0.0006307158625039163
B-ID_USDT,1789565999801,0.03171,0.03172,0.031715,0.000009999999999996123,0.0003153579312518487
B-ID_USDT,1789566002253,0.03171,0.03172,0.031715,0.000009999999999996123,0.0003153579312518487
B-ID_USDT,1789566004727,0.03171,0.03172,0.031715,0.000009999999999996123,0.0003153579312518487
B-ID_USDT,1789566007156,0.03171,0.03172,0.031715,0.000009999999999996123,0.0003153579312518487
B-ID_USDT,1789566009739,0.03171,0.03172,0.031715,0.000009999999999996123,0.0003153579312518487
B-ID_USDT,1789566012211,0.03172,0.03174,0.031729999999999994,0.000019999999999999185,0.0006305170239596212
B-ID_USDT,1789566014686,0.03172,0.03173,0.031725,0.000010000000000003062,0.00031525851197992
B-ID_USDT,1789566017144,0.03172,0.03173,0.031725,0.000010000000000003062,0.00031525851197992
B-ID_USDT,1789566019558,0.03172,0.03173,0.031725,0.000010000000000003062,0.00031525851197992
B-ID_USDT,1789566021983,0.03172,0.03173,0.031725,0.000010000000000003062,0.00031525851197992
B-ID_USDT,1789566024460,0.03172,0.03173,0.031725,0.000010000000000003062,0.00031525851197992
B-ID_USDT,1789566026902,0.03172,0.03173,0.031725,0.000010000000000003062,0.00031525851197992
B-ID_USDT,1789566029365,0.03172,0.03173,0.031725,0.000010000000000003062,0.00031525851197992
B-ID_USDT,1789566031785,0.03171,0.03172,0.031715,0.000009999999999996123,0.0003153579312518487
B-ID_USDT,1789566034265,0.03171,0.03172,0.031715,0.000009999999999996123,0.0003153579312518487
B-ID_USDT,1789566036793,0.03171,0.03172,0.031715,0.000009999999999996123,0.0003153579312518487
B-ID_USDT,1789566039323,0.03171,0.03172,0.031715,0.000009999999999996123,0.0003153579312518487
B-ID_USDT,1789566041790,0.0317,0.03171,0.031705,0.000010000000000003062,0.000315457413249308
B-ID_USDT,1789566044243,0.0317,0.03171,0.031705,0.000010000000000003062,0.000315457413249308
B-ID_USDT,1789566046704,0.0317,0.03171,0.031705,0.000010000000000003062,0.000315457413249308
B-ID_USDT,1789566049138,0.03171,0.03172,0.031715,0.000009999999999996123,0.0003153579312518487
B-ID_USDT,1789566051650,0.03171,0.03172,0.031715,0.000009999999999996123,0.0003153579312518487
B-ID_USDT,1789566054109,0.0317,0.03171,0.031705,0.000010000000000003062,0.000315457413249308
B-ID_USDT,1789566056554,0.0317,0.03171,0.031705,0.000010000000000003062,0.000315457413249308
B-ID_USDT,1789566059021,0.0317,0.03171,0.031705,0.000010000000000003062,0.000315457413249308
B-ID_USDT,1789566061498,0.03169,0.03171,0.031700000000000006,0.000019999999999999185,0.0006311139160618234
B-ID_USDT,1789566063939,0.03169,0.03171,0.031700000000000006,0.000019999999999999185,0.0006311139160618234
B-ID_USDT,1789566066363,0.03169,0.03171,0.031700000000000006,0.000019999999999999185,0.0006311139160618234
B-ID_USDT,1789566068841,0.03171,0.03172,0.031715,0.000009999999999996123,0.0003153579312518487
B-ID_USDT,1789566071302,0.03171,0.03172,0.031715,0.000009999999999996123,0.0003153579312518487
B-ID_USDT,1789566073759,0.0317,0.03172,0.03171,0.000019999999999999185,0.0006309148264983971
B-ID_USDT,1789566076207,0.0317,0.03172,0.03171,0.000019999999999999185,0.0006309148264983971
B-ID_USDT,1789566078643,0.0317,0.03172,0.03171,0.000019999999999999185,0.0006309148264983971
B-ID_USDT,1789566081073,0.0317,0.03171,0.031705,0.000010000000000003062,0.000315457413249308
B-ID_USDT,1789566083502,0.0317,0.03171,0.031705,0.000010000000000003062,0.000315457413249308
B-ID_USDT,1789566085953,0.0317,0.03171,0.031705,0.000010000000000003062,0.000315457413249308
B-ID_USDT,1789566088381,0.0317,0.03171,0.031705,0.000010000000000003062,0.000315457413249308
B-ID_USDT,1789566090793,0.0317,0.03171,0.031705,0.000010000000000003062,0.000315457413249308
B-ID_USDT,1789566093264,0.0317,0.03171,0.031705,0.000010000000000003062,0.000315457413249308
B-ID_USDT,1789566095718,0.0317,0.03171,0.031705,0.000010000000000003062,0.000315457413249308
B-ID_USDT,1789566098261,0.0317,0.03171,0.031705,0.000010000000000003062,0.000315457413249308
B-ID_USDT,1789566100712,0.0317,0.03171,0.031705,0.000010000000000003062,0.000315457413249308
B-ID_USDT,1789566103178,0.0317,0.03171,0.031705,0.000010000000000003062,0.000315457413249308
B-ID_USDT,1789566105727,0.0317,0.03171,0.031705,0.000010000000000003062,0.000315457413249308
B-ID_USDT,1789566108276,0.03171,0.03173,0.03172,0.000019999999999999185,0.0006307158625039163
B-ID_USDT,1789566110800,0.03171,0.03173,0.03172,0.000019999999999999185,0.0006307158625039163
B-ID_USDT,1789566113261,0.03171,0.03173,0.03172,0.000019999999999999185,0.0006307158625039163
B-ID_USDT,1789566115730,0.03171,0.03172,0.031715,0.000009999999999996123,0.0003153579312518487
B-ID_USDT,1789566118231,0.03171,0.03172,0.031715,0.000009999999999996123,0.0003153579312518487
B-ID_USDT,1789566120712,0.03171,0.03172,0.031715,0.000009999999999996123,0.0003153579312518487
B-ID_USDT,1789566123166,0.03171,0.03172,0.031715,0.000009999999999996123,0.0003153579312518487
B-ID_USDT,1789566125614,0.03171,0.03172,0.031715,0.000009999999999996123,0.0003153579312518487
B-ID_USDT,1789566128484,0.03171,0.03172,0.031715,0.000009999999999996123,0.0003153579312518487
B-ID_USDT,1789566131207,0.0317,0.03171,0.031705,0.000010000000000003062,0.000315457413249308
B-ID_USDT,1789566133662,0.0317,0.03171,0.031705,0.000010000000000003062,0.000315457413249308
B-ID_USDT,1789566136131,0.03171,0.03172,0.031715,0.000009999999999996123,0.0003153579312518487
B-ID_USDT,1789566138621,0.0317,0.03171,0.031705,0.000010000000000003062,0.000315457413249308
B-ID_USDT,1789566141078,0.0317,0.03172,0.03171,0.000019999999999999185,0.0006309148264983971
B-ID_USDT,1789566143596,0.0317,0.03172,0.03171,0.000019999999999999185,0.0006309148264983971
B-ID_USDT,1789566146057,0.0317,0.03171,0.031705,0.000010000000000003062,0.000315457413249308
B-ID_USDT,1789566148522,0.0317,0.03171,0.031705,0.000010000000000003062,0.000315457413249308
B-ID_USDT,1789566150976,0.03171,0.03172,0.031715,0.000009999999999996123,0.0003153579312518487
B-ID_USDT,1789566153397,0.0317,0.03172,0.03171,0.000019999999999999185,0.0006309148264983971
B-ID_USDT,1789566155836,0.0317,0.03172,0.03171,0.000019999999999999185,0.0006309148264983971
B-ID_USDT,1789566158269,0.0317,0.03172,0.03171,0.000019999999999999185,0.0006309148264983971
B-ID_USDT,1789566160753,0.03171,0.03172,0.031715,0.000009999999999996123,0.0003153579312518487
B-ID_USDT,1789566163223,0.03171,0.03172,0.031715,0.000009999999999996123,0.0003153579312518487
B-ID_USDT,1789566165760,0.03171,0.03172,0.031715,0.000009999999999996123,0.0003153579312518487
B-ID_USDT,1789566168195,0.03171,0.03172,0.031715,0.000009999999999996123,0.0003153579312518487
B-ID_USDT,1789566170650,0.03171,0.03172,0.031715,0.000009999999999996123,0.0003153579312518487
B-ID_USDT,1789566173099,0.03171,0.03172,0.031715,0.000009999999999996123,0.0003153579312518487
B-ID_USDT,1789566175529,0.03171,0.03172,0.031715,0.000009999999999996123,0.0003153579312518487
B-ID_USDT,1789566177971,0.03171,0.03172,0.031715,0.000009999999999996123,0.0003153579312518487
B-ID_USDT,1789566180405,0.03173,0.03174,0.031735,0.000009999999999996123,0.0003151591553733414
B-ID_USDT,1789566182873,0.03173,0.03174,0.031735,0.000009999999999996123,0.0003151591553733414
B-ID_USDT,1789566185325,0.03173,0.03174,0.031735,0.000009999999999996123,0.0003151591553733414
B-ID_USDT,1789566187775,0.03173,0.03174,0.031735,0.000009999999999996123,0.0003151591553733414
B-ID_USDT,1789566190231,0.03175,0.03176,0.031755,0.000009999999999996123,0.00031496062992113775
B-ID_USDT,1789566192717,0.03175,0.03176,0.031755,0.000009999999999996123,0.00031496062992113775
B-ID_USDT,1789566195184,0.03174,0.03175,0.031744999999999995,0.000010000000000003062,0.0003150598613737575
B-ID_USDT,1789566197667,0.03174,0.03175,0.031744999999999995,0.000010000000000003062,0.0003150598613737575
B-ID_USDT,1789566200112,0.03174,0.03176,0.03175,0.000019999999999999185,0.0006301197227472964
B-ID_USDT,1789566202686,0.03174,0.03176,0.03175,0.000019999999999999185,0.0006301197227472964
B-ID_USDT,1789566205196,0.03175,0.03176,0.031755,0.000009999999999996123,0.00031496062992113775
B-ID_USDT,1789566207661,0.03175,0.03176,0.031755,0.000009999999999996123,0.00031496062992113775
B-ID_USDT,1789566210134,0.03176,0.03177,0.031765,0.000010000000000003062,0.00031486146095727527
B-ID_USDT,1789566212665,0.03177,0.03178,0.031775,0.000010000000000003062,0.00031476235442250746
B-ID_USDT,1789566215100,0.03177,0.03179,0.03178,0.000019999999999999185,0.0006295247088447966
B-ID_USDT,1789566217553,0.03177,0.03179,0.03178,0.000019999999999999185,0.0006295247088447966
B-ID_USDT,1789566220210,0.03177,0.03178,0.031775,0.000010000000000003062,0.00031476235442250746
B-ID_USDT,1789566222659,0.03177,0.03178,0.031775,0.000010000000000003062,0.00031476235442250746
B-ID_USDT,1789566225123,0.03176,0.03178,0.03177,0.000020000000000006124,0.0006297229219145505
B-ID_USDT,1789566227633,0.03176,0.03178,0.03177,0.000020000000000006124,0.0006297229219145505
B-ID_USDT,1789566230149,0.03177,0.03178,0.031775,0.000010000000000003062,0.00031476235442250746
B-ID_USDT,1789566232678,0.03177,0.03178,0.031775,0.000010000000000003062,0.00031476235442250746
B-ID_USDT,1789566235121,0.03177,0.03178,0.031775,0.000010000000000003062,0.00031476235442250746
B-ID_USDT,1789566237577,0.03177,0.03178,0.031775,0.000010000000000003062,0.00031476235442250746
B-ID_USDT,1789566240070,0.03179,0.0318,0.031795000000000004,0.000010000000000003062,0.00031456432840525517
B-ID_USDT,1789566242552,0.03179,0.0318,0.031795000000000004,0.000010000000000003062,0.00031456432840525517
B-ID_USDT,1789566245007,0.03179,0.0318,0.031795000000000004,0.000010000000000003062,0.00031456432840525517
B-ID_USDT,1789566247479,0.03179,0.0318,0.031795000000000004,0.000010000000000003062,0.00031456432840525517
B-ID_USDT,1789566250027,0.03179,0.0318,0.031795000000000004,0.000010000000000003062,0.00031456432840525517
B-ID_USDT,1789566252707,0.03179,0.0318,0.031795000000000004,0.000010000000000003062,0.00031456432840525517
B-ID_USDT,1789566255132,0.03179,0.03181,0.031799999999999995,0.000019999999999999185,0.0006291286568102921
B-ID_USDT,1789566257564,0.03179,0.03181,0.031799999999999995,0.000019999999999999185,0.0006291286568102921
B-ID_USDT,1789566260028,0.03179,0.03181,0.031799999999999995,0.000019999999999999185,0.0006291286568102921
B-ID_USDT,1789566262499,0.0318,0.03181,0.031805,0.000009999999999996123,0.0003144654088049095
B-ID_USDT,1789566264974,0.03181,0.03182,0.031814999999999996,0.000010000000000003062,0.0003143665513990274
B-ID_USDT,1789566267429,0.0318,0.03182,0.031810000000000005,0.000019999999999999185,0.0006289308176100373
B-ID_USDT,1789566270077,0.0318,0.03182,0.031810000000000005,0.000019999999999999185,0.0006289308176100373
B-ID_USDT,1789566272583,0.0318,0.03181,0.031805,0.000009999999999996123,0.0003144654088049095
B-ID_USDT,1789566275087,0.0318,0.03181,0.031805,0.000009999999999996123,0.0003144654088049095
B-ID_USDT,1789566277697,0.0318,0.03181,0.031805,0.000009999999999996123,0.0003144654088049095
B-ID_USDT,1789566280135,0.0318,0.03181,0.031805,0.000009999999999996123,0.0003144654088049095
B-ID_USDT,1789566282625,0.0318,0.03182,0.031810000000000005,0.000019999999999999185,0.0006289308176100373
B-ID_USDT,1789566285097,0.0318,0.03182,0.031810000000000005,0.000019999999999999185,0.0006289308176100373
B-ID_USDT,1789566287542,0.0318,0.03182,0.031810000000000005,0.000019999999999999185,0.0006289308176100373
B-ID_USDT,1789566289992,0.0318,0.03182,0.031810000000000005,0.000019999999999999185,0.0006289308176100373
B-ID_USDT,1789566292484,0.0318,0.03181,0.031805,0.000009999999999996123,0.0003144654088049095
B-ID_USDT,1789566294966,0.0318,0.03181,0.031805,0.000009999999999996123,0.0003144654088049095
B-ID_USDT,1789566297399,0.0318,0.03181,0.031805,0.000009999999999996123,0.0003144654088049095
B-ID_USDT,1789566299817,0.0318,0.03181,0.031805,0.000009999999999996123,0.0003144654088049095
B-ID_USDT,1789566302253,0.03179,0.0318,0.031795000000000004,0.000010000000000003062,0.00031456432840525517
B-ID_USDT,1789566304697,0.03179,0.0318,0.031795000000000004,0.000010000000000003062,0.00031456432840525517
B-ID_USDT,1789566307139,0.03179,0.0318,0.031795000000000004,0.000010000000000003062,0.00031456432840525517
B-ID_USDT,1789566309572,0.03179,0.0318,0.031795000000000004,0.000010000000000003062,0.00031456432840525517
B-ID_USDT,1789566312016,0.03178,0.03179,0.031785,0.000009999999999996123,0.0003146633102579019
B-ID_USDT,1789566314448,0.03178,0.03179,0.031785,0.000009999999999996123,0.0003146633102579019
B-ID_USDT,1789566316923,0.03178,0.03179,0.031785,0.000009999999999996123,0.0003146633102579019
B-ID_USDT,1789566319387,0.03178,0.03179,0.031785,0.000009999999999996123,0.0003146633102579019
B-ID_USDT,1789566321806,0.03178,0.03179,0.031785,0.000009999999999996123,0.0003146633102579019
B-ID_USDT,1789566324242,0.03178,0.03179,0.031785,0.000009999999999996123,0.0003146633102579019
B-ID_USDT,1789566326670,0.03178,0.03179,0.031785,0.000009999999999996123,0.0003146633102579019
B-ID_USDT,1789566329118,0.03178,0.03179,0.031785,0.000009999999999996123,0.0003146633102579019
B-ID_USDT,1789566331585,0.03179,0.0318,0.031795000000000004,0.000010000000000003062,0.00031456432840525517
B-ID_USDT,1789566334036,0.03179,0.0318,0.031795000000000004,0.000010000000000003062,0.00031456432840525517
B-ID_USDT,1789566336577,0.03179,0.0318,0.031795000000000004,0.000010000000000003062,0.00031456432840525517
B-ID_USDT,1789566339070,0.03179,0.0318,0.031795000000000004,0.000010000000000003062,0.00031456432840525517
B-ID_USDT,1789566341553,0.03179,0.0318,0.031795000000000004,0.000010000000000003062,0.00031456432840525517
B-ID_USDT,1789566344066,0.03179,0.0318,0.031795000000000004,0.000010000000000003062,0.00031456432840525517
B-ID_USDT,1789566346526,0.03179,0.0318,0.031795000000000004,0.000010000000000003062,0.00031456432840525517
B-ID_USDT,1789566348949,0.03179,0.0318,0.031795000000000004,0.000010000000000003062,0.00031456432840525517
B-ID_USDT,1789566351403,0.03178,0.03179,0.031785,0.000009999999999996123,0.0003146633102579019
B-ID_USDT,1789566353860,0.03178,0.03179,0.031785,0.000009999999999996123,0.0003146633102579019
B-ID_USDT,1789566356678,0.03178,0.03179,0.031785,0.000009999999999996123,0.0003146633102579019
B-ID_USDT,1789566359089,0.03178,0.03179,0.031785,0.000009999999999996123,0.0003146633102579019
B-ID_USDT,1789566361520,0.03178,0.0318,0.03179,0.000019999999999999185,0.0006293266205160222
B-ID_USDT,1789566363995,0.03177,0.03178,0.031775,0.000010000000000003062,0.00031476235442250746
B-ID_USDT,1789566366424,0.03177,0.03179,0.03178,0.000019999999999999185,0.0006295247088447966
B-ID_USDT,1789566369053,0.03177,0.03179,0.03178,0.000019999999999999185,0.0006295247088447966
B-ID_USDT,1789566371491,0.03177,0.03178,0.031775,0.000010000000000003062,0.00031476235442250746
B-ID_USDT,1789566373985,0.03177,0.03178,0.031775,0.000010000000000003062,0.00031476235442250746
B-ID_USDT,1789566376421,0.03175,0.03177,0.03176,0.000019999999999999185,0.000629921259842494
B-ID_USDT,1789566378915,0.03174,0.03176,0.03175,0.000019999999999999185,0.0006301197227472964
B-ID_USDT,1789566381434,0.03174,0.03175,0.031744999999999995,0.000010000000000003062,0.0003150598613737575
B-ID_USDT,1789566383914,0.03174,0.03175,0.031744999999999995,0.000010000000000003062,0.0003150598613737575
B-ID_USDT,1789566386405,0.03176,0.03177,0.031765,0.000010000000000003062,0.00031486146095727527
B-ID_USDT,1789566388884,0.03176,0.03177,0.031765,0.000010000000000003062,0.00031486146095727527
B-ID_USDT,1789566391341,0.03176,0.03177,0.031765,0.000010000000000003062,0.00031486146095727527
B-ID_USDT,1789566393811,0.03176,0.03177,0.031765,0.000010000000000003062,0.00031486146095727527
B-ID_USDT,1789566396263,0.03175,0.03176,0.031755,0.000009999999999996123,0.00031496062992113775
B-ID_USDT,1789566398742,0.03173,0.03175,0.031740000000000004,0.000019999999999999185,0.0006303183107469015
B-ID_USDT,1789566401200,0.03173,0.03175,0.031740000000000004,0.000019999999999999185,0.0006303183107469015
B-ID_USDT,1789566403652,0.03174,0.03175,0.031744999999999995,0.000010000000000003062,0.0003150598613737575
B-ID_USDT,1789566406576,0.03174,0.03175,0.031744999999999995,0.000010000000000003062,0.0003150598613737575
B-ID_USDT,1789566409002,0.03174,0.03175,0.031744999999999995,0.000010000000000003062,0.0003150598613737575
B-ID_USDT,1789566411403,0.03174,0.03175,0.031744999999999995,0.000010000000000003062,0.0003150598613737575
B-ID_USDT,1789566413836,0.03174,0.03175,0.031744999999999995,0.000010000000000003062,0.0003150598613737575
B-ID_USDT,1789566416305,0.03174,0.03175,0.031744999999999995,0.000010000000000003062,0.0003150598613737575
B-ID_USDT,1789566418804,0.03175,0.03176,0.031755,0.000009999999999996123,0.00031496062992113775
B-ID_USDT,1789566421286,0.03176,0.03178,0.03177,0.000020000000000006124,0.0006297229219145505
B-ID_USDT,1789566423775,0.03176,0.03178,0.03177,0.000020000000000006124,0.0006297229219145505
B-ID_USDT,1789566426209,0.03178,0.03179,0.031785,0.000009999999999996123,0.0003146633102579019
B-ID_USDT,1789566428685,0.03178,0.03179,0.031785,0.000009999999999996123,0.0003146633102579019
B-ID_USDT,1789566431175,0.03177,0.03179,0.03178,0.000019999999999999185,0.0006295247088447966
B-ID_USDT,1789566433635,0.03177,0.03179,0.03178,0.000019999999999999185,0.0006295247088447966
B-ID_USDT,1789566436093,0.03177,0.03178,0.031775,0.000010000000000003062,0.00031476235442250746
B-ID_USDT,1789566438547,0.03177,0.03179,0.03178,0.000019999999999999185,0.0006295247088447966
B-ID_USDT,1789566440999,0.03177,0.03179,0.03178,0.000019999999999999185,0.0006295247088447966
B-ID_USDT,1789566443408,0.03177,0.03179,0.03178,0.000019999999999999185,0.0006295247088447966
B-ID_USDT,1789566445897,0.03177,0.03179,0.03178,0.000019999999999999185,0.0006295247088447966
B-ID_USDT,1789566448436,0.03177,0.03178,0.031775,0.000010000000000003062,0.00031476235442250746
B-ID_USDT,1789566450987,0.03177,0.03178,0.031775,0.000010000000000003062,0.00031476235442250746
B-ID_USDT,1789566453456,0.03177,0.03178,0.031775,0.000010000000000003062,0.00031476235442250746
B-ID_USDT,1789566455986,0.03177,0.03178,0.031775,0.000010000000000003062,0.00031476235442250746
B-ID_USDT,1789566458437,0.03178,0.03179,0.031785,0.000009999999999996123,0.0003146633102579019
B-ID_USDT,1789566460896,0.03178,0.03179,0.031785,0.000009999999999996123,0.0003146633102579019
B-ID_USDT,1789566463333,0.03179,0.0318,0.031795000000000004,0.000010000000000003062,0.00031456432840525517
B-ID_USDT,1789566465791,0.03179,0.0318,0.031795000000000004,0.000010000000000003062,0.00031456432840525517
B-ID_USDT,1789566468216,0.03179,0.0318,0.031795000000000004,0.000010000000000003062,0.00031456432840525517
B-ID_USDT,1789566470632,0.03182,0.03184,0.03183,0.000019999999999999185,0.0006285355122564168
B-ID_USDT,1789566473191,0.03184,0.03185,0.031845,0.000010000000000003062,0.00031407035175889014
B-ID_USDT,1789566475636,0.03184,0.03185,0.031845,0.000010000000000003062,0.00031407035175889014
B-ID_USDT,1789566478215,0.03182,0.03184,0.03183,0.000019999999999999185,0.0006285355122564168
B-ID_USDT,1789566480679,0.03188,0.03189,0.031885,0.000010000000000003062,0.00031367628607286894
B-ID_USDT,1789566483091,0.03187,0.03188,0.031875,0.000009999999999996123,0.0003137747097582718
B-ID_USDT,1789566485565,0.03185,0.03187,0.03186,0.000019999999999999185,0.0006279434850863165
B-ID_USDT,1789566488055,0.03185,0.03187,0.03186,0.000019999999999999185,0.0006279434850863165
B-ID_USDT,1789566490577,0.03185,0.03186,0.031855,0.000009999999999996123,0.00031397174254304937
B-ID_USDT,1789566493067,0.03185,0.03186,0.031855,0.000009999999999996123,0.00031397174254304937
B-ID_USDT,1789566495544,0.03185,0.03186,0.031855,0.000009999999999996123,0.00031397174254304937
B-ID_USDT,1789566498011,0.03185,0.03186,0.031855,0.000009999999999996123,0.00031397174254304937
B-ID_USDT,1789566500630,0.03185,0.03186,0.031855,0.000009999999999996123,0.00031397174254304937
B-ID_USDT,1789566503092,0.03185,0.03187,0.03186,0.000019999999999999185,0.0006279434850863165
B-ID_USDT,1789566505545,0.03185,0.03187,0.03186,0.000019999999999999185,0.0006279434850863165
B-ID_USDT,1789566508009,0.03185,0.03186,0.031855,0.000009999999999996123,0.00031397174254304937
B-ID_USDT,1789566510431,0.03185,0.03186,0.031855,0.000009999999999996123,0.00031397174254304937
B-ID_USDT,1789566512895,0.03185,0.03186,0.031855,0.000009999999999996123,0.00031397174254304937
B-ID_USDT,1789566515914,0.03183,0.03185,0.03184,0.000020000000000006124,0.0006283380458688698
B-ID_USDT,1789566518480,0.03183,0.03186,0.031845,0.000030000000000002247,0.0009425070688030867
B-ID_USDT,1789566520950,0.03183,0.03185,0.03184,0.000020000000000006124,0.0006283380458688698
B-ID_USDT,1789566523458,0.03184,0.03186,0.03185,0.000019999999999999185,0.0006281407035175624
B-ID_USDT,1789566525942,0.03183,0.03185,0.03184,0.000020000000000006124,0.0006283380458688698
B-ID_USDT,1789566528377,0.03183,0.03185,0.03184,0.000020000000000006124,0.0006283380458688698
B-ID_USDT,1789566530800,0.03183,0.03185,0.03184,0.000020000000000006124,0.0006283380458688698
B-ID_USDT,1789566533263,0.03183,0.03184,0.031835,0.000010000000000003062,0.0003141690229344349
B-ID_USDT,1789566535789,0.03184,0.03185,0.031845,0.000010000000000003062,0.00031407035175889014
B-ID_USDT,1789566538340,0.03184,0.03186,0.03185,0.000019999999999999185,0.0006281407035175624
B-ID_USDT,1789566540879,0.03183,0.03185,0.03184,0.000020000000000006124,0.0006283380458688698
B-ID_USDT,1789566543372,0.03183,0.03185,0.03184,0.000020000000000006124,0.0006283380458688698
B-ID_USDT,1789566545851,0.03183,0.03184,0.031835,0.000010000000000003062,0.0003141690229344349
B-ID_USDT,1789566548333,0.03183,0.03184,0.031835,0.000010000000000003062,0.0003141690229344349
B-ID_USDT,1789566550876,0.03183,0.03184,0.031835,0.000010000000000003062,0.0003141690229344349
B-ID_USDT,1789566553338,0.03183,0.03184,0.031835,0.000010000000000003062,0.0003141690229344349
B-ID_USDT,1789566555755,0.03182,0.03184,0.03183,0.000019999999999999185,0.0006285355122564168
B-ID_USDT,1789566558175,0.03182,0.03184,0.03183,0.000019999999999999185,0.0006285355122564168
B-ID_USDT,1789566560604,0.03182,0.03184,0.03183,0.000019999999999999185,0.0006285355122564168
B-ID_USDT,1789566563108,0.03182,0.03183,0.031825,0.000009999999999996123,0.0003142677561280994
B-ID_USDT,1789566565569,0.03182,0.03183,0.031825,0.000009999999999996123,0.0003142677561280994
B-ID_USDT,1789566568123,0.03181,0.03182,0.031814999999999996,0.000010000000000003062,0.0003143665513990274
B-ID_USDT,1789566570643,0.03181,0.03182,0.031814999999999996,0.000010000000000003062,0.0003143665513990274
B-ID_USDT,1789566573167,0.03181,0.03182,0.031814999999999996,0.000010000000000003062,0.0003143665513990274
B-ID_USDT,1789566575683,0.03181,0.03182,0.031814999999999996,0.000010000000000003062,0.0003143665513990274
B-ID_USDT,1789566578247,0.03181,0.03182,0.031814999999999996,0.000010000000000003062,0.0003143665513990274
B-ID_USDT,1789566580739,0.03181,0.03182,0.031814999999999996,0.000010000000000003062,0.0003143665513990274
B-ID_USDT,1789566583190,0.03181,0.03182,0.031814999999999996,0.000010000000000003062,0.0003143665513990274
B-ID_USDT,1789566585626,0.03182,0.03184,0.03183,0.000019999999999999185,0.0006285355122564168
B-ID_USDT,1789566588084,0.03182,0.03184,0.03183,0.000019999999999999185,0.0006285355122564168
B-ID_USDT,1789566590809,0.03183,0.03184,0.031835,0.000010000000000003062,0.0003141690229344349
B-ID_USDT,1789566593235,0.03183,0.03184,0.031835,0.000010000000000003062,0.0003141690229344349
B-ID_USDT,1789566596032,0.03183,0.03184,0.031835,0.000010000000000003062,0.0003141690229344349
B-ID_USDT,1789566598499,0.03183,0.03184,0.031835,0.000010000000000003062,0.0003141690229344349
B-ID_USDT,1789566600980,0.03185,0.03186,0.031855,0.000009999999999996123,0.00031397174254304937
B-ID_USDT,1789566603440,0.03184,0.03185,0.031845,0.000010000000000003062,0.00031407035175889014
B-ID_USDT,1789566605896,0.03185,0.03186,0.031855,0.000009999999999996123,0.00031397174254304937
B-ID_USDT,1789566608350,0.03185,0.03186,0.031855,0.000009999999999996123,0.00031397174254304937
B-ID_USDT,1789566610802,0.03185,0.03186,0.031855,0.000009999999999996123,0.00031397174254304937
B-ID_USDT,1789566613342,0.03185,0.03186,0.031855,0.000009999999999996123,0.00031397174254304937
B-ID_USDT,1789566615804,0.03185,0.03186,0.031855,0.000009999999999996123,0.00031397174254304937
B-ID_USDT,1789566618307,0.03185,0.03187,0.03186,0.000019999999999999185,0.0006279434850863165
B-ID_USDT,1789566620800,0.03185,0.03187,0.03186,0.000019999999999999185,0.0006279434850863165
B-ID_USDT,1789566623315,0.03185,0.03187,0.03186,0.000019999999999999185,0.0006279434850863165
B-ID_USDT,1789566625774,0.03185,0.03187,0.03186,0.000019999999999999185,0.0006279434850863165
B-ID_USDT,1789566628216,0.03185,0.03186,0.031855,0.000009999999999996123,0.00031397174254304937
B-ID_USDT,1789566630689,0.03185,0.03186,0.031855,0.000009999999999996123,0.00031397174254304937
B-ID_USDT,1789566633154,0.03185,0.03186,0.031855,0.000009999999999996123,0.00031397174254304937
B-ID_USDT,1789566635659,0.03185,0.03186,0.031855,0.000009999999999996123,0.00031397174254304937
B-ID_USDT,1789566638099,0.03184,0.03185,0.031845,0.000010000000000003062,0.00031407035175889014
B-ID_USDT,1789566640580,0.03184,0.03185,0.031845,0.000010000000000003062,0.00031407035175889014
B-ID_USDT,1789566643088,0.03183,0.03184,0.031835,0.000010000000000003062,0.0003141690229344349
B-ID_USDT,1789566645710,0.03183,0.03184,0.031835,0.000010000000000003062,0.0003141690229344349
B-ID_USDT,1789566648143,0.03183,0.03184,0.031835,0.000010000000000003062,0.0003141690229344349
B-ID_USDT,1789566650568,0.03183,0.03184,0.031835,0.000010000000000003062,0.0003141690229344349
B-ID_USDT,1789566653017,0.03183,0.03184,0.031835,0.000010000000000003062,0.0003141690229344349
B-ID_USDT,1789566655433,0.03183,0.03184,0.031835,0.000010000000000003062,0.0003141690229344349
B-ID_USDT,1789566657878,0.03183,0.03184,0.031835,0.000010000000000003062,0.0003141690229344349
B-ID_USDT,1789566660294,0.03183,0.03184,0.031835,0.000010000000000003062,0.0003141690229344349
B-ID_USDT,1789566662771,0.03183,0.03184,0.031835,0.000010000000000003062,0.0003141690229344349
B-ID_USDT,1789566665204,0.03182,0.03183,0.031825,0.000009999999999996123,0.0003142677561280994
B-ID_USDT,1789566667642,0.03183,0.03184,0.031835,0.000010000000000003062,0.0003141690229344349
B-ID_USDT,1789566670073,0.03184,0.03185,0.031845,0.000010000000000003062,0.00031407035175889014
B-ID_USDT,1789566672493,0.03181,0.03183,0.03182,0.000019999999999999185,0.0006287331027978367
B-ARB_USDT,1789563073109,0.16692,0.16693,0.166925,0.000009999999999982245,0.00005990893841350494
B-ARB_USDT,1789563075570,0.16678,0.1668,0.16679,0.000019999999999992246,0.0001199184554502473
B-ARB_USDT,1789563078012,0.1668,0.16681,0.166805,0.000010000000000010001,0.000059952038369364514
B-ARB_USDT,1789563080430,0.16679,0.16681,0.1668,0.000020000000000020002,0.000119911265663529
B-ARB_USDT,1789563082877,0.16685,0.16686,0.166855,0.000010000000000010001,0.00005993407252028769
B-ARB_USDT,1789563085339,0.16669,0.1667,0.16669499999999998,0.000009999999999982245,0.00005999160117572887
B-ARB_USDT,1789563087790,0.16666,0.16667,0.166665,0.000010000000000010001,0.00006000240009606385
B-ARB_USDT,1789563090331,0.16667,0.16669,0.16668,0.000019999999999992246,0.00011999760004795251
B-ARB_USDT,1789563093011,0.16692,0.16696,0.16694,0.00003999999999998449,0.0002396357536543523
B-ARB_USDT,1789563095482,0.16691,0.16693,0.16692,0.000019999999999992246,0.00011982505541904167
B-ARB_USDT,1789563097991,0.16691,0.16692,0.166915,0.000010000000000010001,0.00005991252770960398
B-ARB_USDT,1789563100413,0.16686,0.16688,0.16687000000000002,0.000019999999999992246,0.00011986096128486302
B-ARB_USDT,1789563102873,0.16682,0.16683,0.166825,0.000010000000000010001,0.00005994485073738162
B-ARB_USDT,1789563105319,0.16683,0.16685,0.16684,0.000019999999999992246,0.00011988251513512106
B-ARB_USDT,1789563107804,0.16685,0.16686,0.166855,0.000010000000000010001,0.00005993407252028769
B-ARB_USDT,1789563110242,0.16696,0.16697,0.166965,0.000010000000000010001,0.000059894585529528034
B-ARB_USDT,1789563112662,0.16696,0.16697,0.166965,0.000010000000000010001,0.000059894585529528034
B-ARB_USDT,1789563115071,0.16687,0.16688,0.166875,0.000010000000000010001,0.00005992688919524181
B-ARB_USDT,1789563117511,0.16689,0.1669,0.16689500000000002,0.000009999999999982245,0.00005991970759172056
B-ARB_USDT,1789563119966,0.16676,0.16679,0.166775,0.000030000000000002247,0.0001798992564164203
B-ARB_USDT,1789563122401,0.16676,0.16677,0.166765,0.000010000000000010001,0.000059966418805528914
B-ARB_USDT,1789563124897,0.1668,0.16681,0.166805,0.000010000000000010001,0.000059952038369364514
B-ARB_USDT,1789563127362,0.16676,0.16679,0.166775,0.000030000000000002247,0.0001798992564164203
B-ARB_USDT,1789563129826,0.16678,0.16679,0.16678500000000002,0.000009999999999982245,0.00005995922772504044
B-ARB_USDT,1789563133105,0.16677,0.16679,0.16677999999999998,0.000019999999999992246,0.00011992564609937187
B-ARB_USDT,1789563135546,0.16673,0.16674,0.166735,0.000010000000000010001,0.00005997720866076892
B-ARB_USDT,1789563138011,0.16671,0.16672,0.166715,0.000010000000000010001,0.0000599844040550057
B-ARB_USDT,1789563140479,0.16668,0.16671,0.16669499999999998,0.000030000000000002247,0.00017998560115192134
B-ARB_USDT,1789563142910,0.16688,0.16689,0.166885,0.000010000000000010001,0.00005992329817839166
B-ARB_USDT,1789563145335,0.16682,0.16684,0.16682999999999998,0.000019999999999992246,0.00011988970147459685
B-ARB_USDT,1789563147753,0.16691,0.16693,0.16692,0.000019999999999992246,0.00011982505541904167
B-ARB_USDT,1789563150187,0.16695,0.16696,0.166955,0.000010000000000010001,0.000059898173105780186
B-ARB_USDT,1789563152634,0.16702,0.16704,0.16703,0.000019999999999992246,0.00011974613818699704
B-ARB_USDT,1789563155153,0.16697,0.16698,0.16697499999999998,0.000009999999999982245,0.00005989099838283671
B-ARB_USDT,1789563157614,0.16691,0.16692,0.166915,0.000010000000000010001,0.00005991252770960398
B-ARB_USDT,1789563160095,0.16697,0.16698,0.16697499999999998,0.000009999999999982245,0.00005989099838283671
B-ARB_USDT,1789563162619,0.16679,0.1668,0.166795,0.000010000000000010001,0.0000599556328317645
B-ARB_USDT,1789563165107,0.16686,0.16687,0.16686499999999999,0.000009999999999982245,0.00005993048064234835
B-ARB_USDT,1789563167569,0.16689,0.1669,0.16689500000000002,0.000009999999999982245,0.00005991970759172056
B-ARB_USDT,1789563170035,0.1669,0.16691,0.166905,0.000010000000000010001,0.0000599161174356501
B-ARB_USDT,1789563172502,0.16679,0.1668,0.166795,0.000010000000000010001,0.0000599556328317645
B-ARB_USDT,1789563174975,0.16681,0.16682,0.166815,0.000009999999999982245,0.00005994844433776299
B-ARB_USDT,1789563177443,0.16683,0.16684,0.166835,0.000009999999999982245,0.000059941257567477344
B-ARB_USDT,1789563180190,0.16681,0.16682,0.166815,0.000009999999999982245,0.00005994844433776299
B-ARB_USDT,1789563182661,0.16713,0.16723,0.16718,0.00009999999999998899,0.0005983366241847004
B-ARB_USDT,1789563185160,0.16741,0.16742,0.167415,0.000010000000000010001,0.00005973358819670271
B-ARB_USDT,1789563187582,0.16734,0.16735,0.167345,0.000010000000000010001,0.00005975857535562329
B-ARB_USDT,1789563190014,0.1674,0.16741,0.167405,0.000010000000000010001,0.000059737156511409804
B-ARB_USDT,1789563192459,0.16735,0.16736,0.167355,0.000010000000000010001,0.000059755004481685096
B-ARB_USDT,1789563195337,0.16738,0.16739,0.167385,0.000010000000000010001,0.00005974429441994265
B-ARB_USDT,1789563197797,0.16923,0.16928,0.169255,0.00005000000000002225,0.000295455888435988
B-ARB_USDT,1789563200231,0.16915,0.16916,0.169155,0.000010000000000010001,0.00005911912503700858
B-ARB_USDT,1789563202685,0.16893,0.16895,0.16893999999999998,0.000019999999999992246,0.0001183922334694385
B-ARB_USDT,1789563205152,0.16889,0.1689,0.16889500000000002,0.000009999999999982245,0.00005921013677531082
B-ARB_USDT,1789563207558,0.16933,0.16934,0.169335,0.000009999999999982245,0.00005905628063534072
B-ARB_USDT,1789563210004,0.16923,0.16926,0.16924499999999998,0.000030000000000002247,0.0001772735330615272
B-ARB_USDT,1789563212433,0.16944,0.16947,0.16945500000000002,0.000030000000000002247,0.0001770538243626195
B-ARB_USDT,1789563214866,0.16976,0.1698,0.16978,0.00004000000000001225,0.00023562676720082615
B-ARB_USDT,1789563217312,0.17004,0.17005,0.170045,0.000010000000000010001,0.00005880969183727359
B-ARB_USDT,1789563219812,0.16996,0.16998,0.16997,0.000019999999999992246,0.00011767474699924833
B-ARB_USDT,1789563222292,0.16996,0.16998,0.16997,0.000019999999999992246,0.00011767474699924833
B-ARB_USDT,1789563224797,0.17,0.17003,0.170015,0.00002999999999997449,0.00017647058823514405
B-ARB_USDT,1789563227243,0.17014,0.17015,0.170145,0.000009999999999982245,0.00005877512636641733
B-ARB_USDT,1789563229787,0.17015,0.17016,0.170155,0.000010000000000010001,0.000058771672054128714
B-ARB_USDT,1789563232228,0.1702,0.17022,0.17021,0.000020000000000020002,0.0001175088131611046
B-ARB_USDT,1789563234652,0.16972,0.16977,0.169745,0.00004999999999999449,0.0002946028753240307
B-ARB_USDT,1789563237107,0.16983,0.16984,0.169835,0.000009999999999982245,0.000058882411823483745
B-ARB_USDT,1789563239548,0.16982,0.16986,0.16984,0.00004000000000001225,0.00023554351666477594
B-ARB_USDT,1789563241979,0.16969,0.16973,0.16971,0.00003999999999998449,0.00023572396723427715
B-ARB_USDT,1789563244661,0.16973,0.16974,0.169735,0.000010000000000010001,0.00005891710363524422
B-ARB_USDT,1789563247107,0.16986,0.1699,0.16988,0.00003999999999998449,0.00023548804898142287
B-ARB_USDT,1789563249545,0.16981,0.16982,0.169815,0.000010000000000010001,0.00005888934691720159
B-ARB_USDT,1789563251973,0.16993,0.16994,0.169935,0.000010000000000010001,0.00005884776084275879
B-ARB_USDT,1789563254391,0.16987,0.16988,0.169875,0.000010000000000010001,0.00005886854653564491
B-ARB_USDT,1789563256824,0.16984,0.16987,0.16985499999999998,0.000030000000000002247,0.00017663683466793598
B-ARB_USDT,1789563259318,0.16985,0.16989,0.16987000000000002,0.00004000000000001225,0.0002355019134531189
B-ARB_USDT,1789563261787,0.16967,0.16969,0.16968,0.000020000000000020002,0.00011787587670195087
B-ARB_USDT,1789563264213,0.16981,0.16982,0.169815,0.000010000000000010001,0.00005888934691720159
B-ARB_USDT,1789563266629,0.16974,0.16978,0.16976,0.00003999999999998449,0.0002356545304582567
B-ARB_USDT,1789563269126,0.1697,0.16973,0.169715,0.000030000000000002247,0.00017678255745434443
B-ARB_USDT,1789563271620,0.16972,0.16973,0.16972500000000001,0.000009999999999982245,0.000058920575064708016
B-ARB_USDT,1789563274085,0.16958,0.16962,0.1696,0.00003999999999998449,0.0002358768722725822
B-ARB_USDT,1789563276499,0.16961,0.16963,0.16962,0.000019999999999992246,0.00011791757561459963
B-ARB_USDT,1789563278910,0.16969,0.16971,0.16970000000000002,0.000019999999999992246,0.00011786198361713857
B-ARB_USDT,1789563281330,0.16993,0.16994,0.169935,0.000010000000000010001,0.00005884776084275879
B-ARB_USDT,1789563283778,0.17016,0.17017,0.170165,0.000009999999999982245,0.00005876821814752142
B-ARB_USDT,1789563286233,0.17001,0.17003,0.17002,0.000019999999999992246,0.0001176401388153182
B-ARB_USDT,1789563288654,0.1699,0.16991,0.169905,0.000010000000000010001,0.00005885815185409065
B-ARB_USDT,1789563291072,0.16984,0.16987,0.16985499999999998,0.000030000000000002247,0.00017663683466793598
B-ARB_USDT,1789563293516,0.16984,0.16985,0.169845,0.000010000000000010001,0.00005887894488936647
B-ARB_USDT,1789563295943,0.16972,0.16974,0.16973,0.000019999999999992246,0.00011784115012957957
B-ARB_USDT,1789563298397,0.16962,0.16963,0.169625,0.000010000000000010001,0.000058955311873658775
B-ARB_USDT,1789563300914,0.16946,0.16947,0.169465,0.000010000000000010001,0.000059010976041602744
B-ARB_USDT,1789563303403,0.16933,0.16934,0.169335,0.000009999999999982245,0.00005905628063534072
B-ARB_USDT,1789563305839,0.16925,0.16929,0.16927,0.00003999999999998449,0.00023633677991128206
B-ARB_USDT,1789563308286,0.1696,0.16963,0.16961500000000002,0.000030000000000002247,0.00017688679245284343
B-ARB_USDT,1789563310745,0.16955,0.16956,0.169555,0.000009999999999982245,0.00005897965201994836
B-ARB_USDT,1789563313176,0.16968,0.16969,0.169685,0.000010000000000010001,0.000058934464875117874
B-ARB_USDT,1789563315625,0.16962,0.16963,0.169625,0.000010000000000010001,0.000058955311873658775
B-ARB_USDT,1789563318097,0.16951,0.16952,0.169515,0.000010000000000010001,0.0000589935697009616
B-ARB_USDT,1789563320586,0.16955,0.16957,0.16956,0.000019999999999992246,0.00011795930404006042
B-ARB_USDT,1789563323067,0.16961,0.16962,0.16961500000000002,0.000009999999999982245,0.000058958787807218
B-ARB_USDT,1789563325532,0.16947,0.16948,0.169475,0.000009999999999982245,0.0000590074939516271
B-ARB_USDT,1789563327986,0.16951,0.16952,0.169515,0.000010000000000010001,0.0000589935697009616
B-ARB_USDT,1789563330439,0.1695,0.16951,0.16950500000000002,0.000009999999999982245,0.000058997050147387874
B-ARB_USDT,1789563332889,0.16946,0.16948,0.16947,0.000019999999999992246,0.0001180219520830417
B-ARB_USDT,1789563335340,0.16966,0.1697,0.16968,0.00003999999999998449,0.0002357656489448573
B-ARB_USDT,1789563337749,0.16961,0.16962,0.16961500000000002,0.000009999999999982245,0.000058958787807218
B-ARB_USDT,1789563340179,0.16978,0.16979,0.169785,0.000010000000000010001,0.0000588997526210979
B-ARB_USDT,1789563342604,0.16967,0.16968,0.169675,0.000010000000000010001,0.000058937938350975435
B-ARB_USDT,1789563345056,0.16973,0.16974,0.169735,0.000010000000000010001,0.00005891710363524422
B-ARB_USDT,1789563347493,0.16982,0.16983,0.169825,0.000010000000000010001,0.000058885879166234845
B-ARB_USDT,1789563349925,0.16987,0.16988,0.169875,0.000010000000000010001,0.00005886854653564491
B-ARB_USDT,1789563352374,0.1698,0.16981,0.16980499999999998,0.000009999999999982245,0.000058892815076456095
B-ARB_USDT,1789563354805,0.16979,0.16982,0.16980499999999998,0.000030000000000002247,0.00017668885093351933
B-ARB_USDT,1789563357280,0.16996,0.16997,0.169965,0.000010000000000010001,0.00005883737349970582
B-ARB_USDT,1789563359739,0.17004,0.17005,0.170045,0.000010000000000010001,0.00005880969183727359
B-ARB_USDT,1789563362192,0.16992,0.16995,0.169935,0.000030000000000002247,0.0001765536723163974
B-ARB_USDT,1789563364622,0.16985,0.16986,0.169855,0.000010000000000010001,0.00005887547836332058
B-ARB_USDT,1789563367075,0.16987,0.16988,0.169875,0.000010000000000010001,0.00005886854653564491
B-ARB_USDT,1789563369555,0.16999,0.17,0.169995,0.000010000000000010001,0.00005882698982298959
B-ARB_USDT,1789563372009,0.16994,0.16995,0.169945,0.000009999999999982245,0.00005884429798742053
B-ARB_USDT,1789563374484,0.16987,0.16988,0.169875,0.000010000000000010001,0.00005886854653564491
B-ARB_USDT,1789563376913,0.16992,0.16994,0.16993,0.000020000000000020002,0.00011770244821104051
B-ARB_USDT,1789563379340,0.16996,0.16997,0.169965,0.000010000000000010001,0.00005883737349970582
B-ARB_USDT,1789563381773,0.16983,0.16986,0.16984500000000002,0.000030000000000002247,0.0001766472354707781
B-ARB_USDT,1789563384195,0.16984,0.16986,0.16985,0.000020000000000020002,0.00011775788977873294
B-ARB_USDT,1789563386619,0.16982,0.16983,0.169825,0.000010000000000010001,0.000058885879166234845
B-ARB_USDT,1789563389042,0.16974,0.16977,0.169755,0.000030000000000002247,0.00017674089784377428
B-ARB_USDT,1789563391466,0.16975,0.16977,0.16976000000000002,0.000019999999999992246,0.00011782032400584533
B-ARB_USDT,1789563393882,0.16973,0.16974,0.169735,0.000010000000000010001,0.00005891710363524422
B-ARB_USDT,1789563396288,0.16974,0.16975,0.169745,0.000010000000000010001,0.00005891363261464593
B-ARB_USDT,1789563398731,0.16985,0.16986,0.169855,0.000010000000000010001,0.00005887547836332058
B-ARB_USDT,1789563401174,0.16972,0.16973,0.16972500000000001,0.000009999999999982245,0.000058920575064708016
B-ARB_USDT,1789563403790,0.16981,0.16983,0.16982,0.000020000000000020002,0.00011777869383440318
B-ARB_USDT,1789563406290,0.1699,0.16991,0.169905,0.000010000000000010001,0.00005885815185409065
B-ARB_USDT,1789563408707,0.16989,0.1699,0.16989500000000002,0.000009999999999982245,0.000058861616339880186
B-ARB_USDT,1789563411158,0.16993,0.16996,0.169945,0.000030000000000002247,0.00017654328252811303
B-ARB_USDT,1789563413551,0.16992,0.16993,0.169925,0.000010000000000010001,0.000058851224105520257
B-ARB_USDT,1789563415955,0.16989,0.16991,0.1699,0.000019999999999992246,0.00011772323267992375
B-ARB_USDT,1789563418466,0.17014,0.17015,0.170145,0.000009999999999982245,0.00005877512636641733
B-ARB_USDT,1789563420905,0.1701,0.17013,0.17011500000000002,0.000030000000000002247,0.0001763668430335229
B-ARB_USDT,1789563423354,0.16992,0.16994,0.16993,0.000020000000000020002,0.00011770244821104051
B-ARB_USDT,1789563425811,0.16993,0.16995,0.16993999999999998,0.000019999999999992246,0.00011769552168535425
B-ARB_USDT,1789563428287,0.16994,0.16995,0.169945,0.000009999999999982245,0.00005884429798742053
B-ARB_USDT,1789563430750,0.16996,0.16997,0.169965,0.000010000000000010001,0.00005883737349970582
B-ARB_USDT,1789563433468,0.16999,0.17,0.169995,0.000010000000000010001,0.00005882698982298959
B-ARB_USDT,1789563435925,0.16979,0.1698,0.169795,0.000010000000000010001,0.00005889628364456094
B-ARB_USDT,1789563438343,0.1697,0.16971,0.169705,0.000010000000000010001,0.00005892751915150266
B-ARB_USDT,1789563440756,0.1697,0.16973,0.169715,0.000030000000000002247,0.00017678255745434443
B-ARB_USDT,1789563443196,0.16971,0.16972,0.169715,0.000010000000000010001,0.00005892404690360027
B-ARB_USDT,1789563445599,0.16973,0.16974,0.169735,0.000010000000000010001,0.00005891710363524422
B-ARB_USDT,1789563448049,0.16976,0.16979,0.169775,0.000030000000000002247,0.00017672007540057874
B-ARB_USDT,1789563450491,0.16971,0.16972,0.169715,0.000010000000000010001,0.00005892404690360027
B-ARB_USDT,1789563452968,0.16967,0.16971,0.16969,0.00004000000000001225,0.00023575175340373813
B-ARB_USDT,1789563455393,0.16957,0.16958,0.169575,0.000010000000000010001,0.00005897269564197677
B-ARB_USDT,1789563457815,0.16941,0.16943,0.16942000000000002,0.000019999999999992246,0.00011805678531369013
B-ARB_USDT,1789563460236,0.16941,0.16943,0.16942000000000002,0.000019999999999992246,0.00011805678531369013
B-ARB_USDT,1789563462641,0.16939,0.16941,0.1694,0.000019999999999992246,0.00011807072436384819
B-ARB_USDT,1789563465068,0.16939,0.16941,0.1694,0.000019999999999992246,0.00011807072436384819
B-ARB_USDT,1789563467481,0.1694,0.16941,0.169405,0.000010000000000010001,0.00005903187721375443
B-ARB_USDT,1789563469922,0.16936,0.16937,0.169365,0.000009999999999982245,0.0000590458195558706
B-ARB_USDT,1789563472319,0.16922,0.16925,0.16923500000000002,0.000030000000000002247,0.00017728400898240306
B-ARB_USDT,1789563474719,0.16926,0.16927,0.169265,0.000010000000000010001,0.000059080704242053654
B-ARB_USDT,1789563477121,0.16928,0.16929,0.16928500000000002,0.000009999999999982245,0.00005907372400745655
B-ARB_USDT,1789563479559,0.16917,0.16918,0.169175,0.000010000000000010001,0.00005911213572152274
B-ARB_USDT,1789563481996,0.1694,0.16942,0.16941,0.000019999999999992246,0.00011806375442734503
B-ARB_USDT,1789563484424,0.16934,0.16935,0.169345,0.000010000000000010001,0.00005905279319717728
B-ARB_USDT,1789563486886,0.16928,0.16929,0.16928500000000002,0.000009999999999982245,0.00005907372400745655
B-ARB_USDT,1789563489299,0.1693,0.16931,0.16930499999999998,0.000009999999999982245,0.000059066745422222354
B-ARB_USDT,1789563491719,0.16924,0.16925,0.169245,0.000010000000000010001,0.00005908768612627039
B-ARB_USDT,1789563494149,0.16924,0.16925,0.169245,0.000010000000000010001,0.00005908768612627039
B-ARB_USDT,1789563496588,0.16924,0.16926,0.16925,0.000019999999999992246,0.00011817537225237678
B-ARB_USDT,1789563499034,0.16921,0.16922,0.169215,0.000010000000000010001,0.000059098162047219436
B-ARB_USDT,1789563501463,0.1692,0.16921,0.169205,0.000010000000000010001,0.00005910165484639481
B-ARB_USDT,1789563503882,0.16911,0.16912,0.16911500000000002,0.000009999999999982245,0.00005913310862741556
B-ARB_USDT,1789563506311,0.16904,0.16906,0.16904999999999998,0.000019999999999992246,0.00011831519167056464
B-ARB_USDT,1789563508732,0.16887,0.16889,0.16888,0.000020000000000020002,0.00011843429857298515
B-ARB_USDT,1789563511184,0.16874,0.16877,0.168755,0.000030000000000002247,0.00017778831338154704
B-ARB_USDT,1789563513642,0.16866,0.16868,0.16867,0.000019999999999992246,0.0001185817621249392
B-ARB_USDT,1789563516097,0.16868,0.16869,0.168685,0.000010000000000010001,0.00005928385107902538
B-ARB_USDT,1789563518538,0.16881,0.16882,0.168815,0.000010000000000010001,0.00005923819678934898
B-ARB_USDT,1789563520980,0.16882,0.16883,0.168825,0.000010000000000010001,0.00005923468783325436
B-ARB_USDT,1789563523423,0.16885,0.16887,0.16886,0.000019999999999992246,0.00011844832691733637
B-ARB_USDT,1789563525859,0.16883,0.16884,0.168835,0.000009999999999982245,0.000059231179292674555
B-ARB_USDT,1789563528283,0.1689,0.16891,0.168905,0.000010000000000010001,0.0000592066311427472
B-ARB_USDT,1789563530714,0.16882,0.16883,0.168825,0.000010000000000010001,0.00005923468783325436
B-ARB_USDT,1789563533153,0.16883,0.16884,0.168835,0.000009999999999982245,0.000059231179292674555
B-ARB_USDT,1789563535581,0.16885,0.16886,0.168855,0.000010000000000010001,0.000059224163458750374
B-ARB_USDT,1789563538021,0.16864,0.16867,0.168655,0.00002999999999997449,0.00017789373814026618
B-ARB_USDT,1789563540439,0.16869,0.16873,0.16871,0.00003999999999998449,0.00023712134684915817
B-ARB_USDT,1789563542924,0.16875,0.16876,0.168755,0.000009999999999982245,0.000059259259259154045
B-ARB_USDT,1789563545376,0.16886,0.16887,0.168865,0.000009999999999982245,0.00005922065616476516
B-ARB_USDT,1789563547809,0.16888,0.16892,0.1689,0.00003999999999998449,0.00023685457129313413
B-ARB_USDT,1789563550351,0.16895,0.16897,0.16896,0.000020000000000020002,0.00011837821840793136
B-ARB_USDT,1789563552807,0.16881,0.16882,0.168815,0.000010000000000010001,0.00005923819678934898
B-ARB_USDT,1789563555226,0.1688,0.16881,0.16880499999999998,0.000009999999999982245,0.000059241706161032255
B-ARB_USDT,1789563557671,0.16873,0.16874,0.168735,0.000010000000000010001,0.00005926628341142655
B-ARB_USDT,1789563560115,0.16866,0.16867,0.168665,0.000009999999999982245,0.00005929088106238732
B-ARB_USDT,1789563562555,0.16868,0.16869,0.168685,0.000010000000000010001,0.00005928385107902538
B-ARB_USDT,1789563565075,0.16874,0.16875,0.168745,0.000010000000000010001,0.000059262771127237175
B-ARB_USDT,1789563567522,0.16878,0.16879,0.16878500000000002,0.000009999999999982245,0.00005924872615228252
B-ARB_USDT,1789563570042,0.16891,0.16892,0.16891499999999998,0.000009999999999982245,0.000059203125924943726
B-ARB_USDT,1789563572487,0.16896,0.16897,0.168965,0.000010000000000010001,0.00005918560606066525
B-ARB_USDT,1789563574919,0.169,0.16901,0.16900500000000002,0.000009999999999982245,0.000059171597633031035
B-ARB_USDT,1789563577453,0.16921,0.16923,0.16921999999999998,0.000019999999999992246,0.00011819632409427485
B-ARB_USDT,1789563579877,0.16914,0.16915,0.169145,0.000009999999999982245,0.00005912262031442737
B-ARB_USDT,1789563582345,0.16902,0.16903,0.169025,0.000010000000000010001,0.00005916459590586913
B-ARB_USDT,1789563585287,0.16914,0.16915,0.169145,0.000009999999999982245,0.00005912262031442737
B-ARB_USDT,1789563587775,0.16925,0.16926,0.169255,0.000009999999999982245,0.00005908419497773852
B-ARB_USDT,1789563590175,0.16937,0.16938,0.169375,0.000010000000000010001,0.00005904233335307316
B-ARB_USDT,1789563592589,0.16946,0.16947,0.169465,0.000010000000000010001,0.000059010976041602744
B-ARB_USDT,1789563595032,0.16942,0.16944,0.16943,0.000020000000000020002,0.00011804981702290168
B-ARB_USDT,1789563597483,0.16937,0.16938,0.169375,0.000010000000000010001,0.00005904233335307316
B-ARB_USDT,1789563599917,0.16939,0.1694,0.16939500000000002,0.000009999999999982245,0.00005903536218184217
B-ARB_USDT,1789563602422,0.16915,0.16916,0.169155,0.000010000000000010001,0.00005911912503700858
B-ARB_USDT,1789563604891,0.16913,0.16914,0.169135,0.000010000000000010001,0.000059126116005498735
B-ARB_USDT,1789563607313,0.16924,0.16925,0.169245,0.000010000000000010001,0.00005908768612627039
B-ARB_USDT,1789563609833,0.16913,0.16915,0.16914,0.000019999999999992246,0.00011825223201083336
B-ARB_USDT,1789563612396,0.16916,0.16917,0.169165,0.000009999999999982245,0.00005911563017251268
B-ARB_USDT,1789563614863,0.169,0.16902,0.16901,0.000019999999999992246,0.0001183431952662263
B-ARB_USDT,1789563617304,0.16912,0.16913,0.169125,0.000010000000000010001,0.000059129612109803696
B-ARB_USDT,1789563619807,0.16909,0.1691,0.169095,0.000010000000000010001,0.0000591401029038382
B-ARB_USDT,1789563622256,0.1692,0.16921,0.169205,0.000010000000000010001,0.00005910165484639481
B-ARB_USDT,1789563624699,0.16917,0.16918,0.169175,0.000010000000000010001,0.00005911213572152274
B-ARB_USDT,1789563627133,0.16928,0.1693,0.16929,0.000019999999999992246,0.00011814744801507706
B-ARB_USDT,1789563629593,0.16911,0.16912,0.16911500000000002,0.000009999999999982245,0.00005913310862741556
B-ARB_USDT,1789563632041,0.16912,0.16913,0.169125,0.000010000000000010001,0.000059129612109803696
B-ARB_USDT,1789563634444,0.16905,0.16906,0.169055,0.000009999999999982245,0.00005915409642107214
B-ARB_USDT,1789563636883,0.16903,0.16907,0.16905,0.00003999999999998449,0.000236644382653875
B-ARB_USDT,1789563639447,0.16901,0.16902,0.169015,0.000010000000000010001,0.000059168096562392766
B-ARB_USDT,1789563641896,0.169,0.16902,0.16901,0.000019999999999992246,0.0001183431952662263
B-ARB_USDT,1789563644322,0.16893,0.16894,0.168935,0.000010000000000010001,0.000059196116734801405
B-ARB_USDT,1789563646772,0.16917,0.16918,0.169175,0.000010000000000010001,0.00005911213572152274
B-ARB_USDT,1789563649243,0.16906,0.16907,0.169065,0.000010000000000010001,0.00005915059742109311
B-ARB_USDT,1789563651731,0.16909,0.1691,0.169095,0.000010000000000010001,0.0000591401029038382
B-ARB_USDT,1789563654204,0.16897,0.16898,0.168975,0.000009999999999982245,0.00005918210333184734
B-ARB_USDT,1789563656678,0.16909,0.1691,0.169095,0.000010000000000010001,0.0000591401029038382
B-ARB_USDT,1789563659103,0.16911,0.16912,0.16911500000000002,0.000009999999999982245,0.00005913310862741556
B-ARB_USDT,1789563661524,0.16899,0.169,0.168995,0.000010000000000010001,0.0000591750991183502
B-ARB_USDT,1789563663960,0.16899,0.16903,0.16901,0.00004000000000001225,0.00023670039647323657
B-ARB_USDT,1789563666403,0.16901,0.16902,0.169015,0.000010000000000010001,0.000059168096562392766
B-ARB_USDT,1789563668850,0.16925,0.16929,0.16927,0.00003999999999998449,0.00023633677991128206
B-ARB_USDT,1789563671312,0.16925,0.16926,0.169255,0.000009999999999982245,0.00005908419497773852
B-ARB_USDT,1789563673786,0.16923,0.16924,0.169235,0.000010000000000010001,0.0000590911776872304
B-ARB_USDT,1789563676437,0.1696,0.16962,0.16960999999999998,0.000019999999999992246,0.00011792452830184107
B-ARB_USDT,1789563678871,0.16962,0.16963,0.169625,0.000010000000000010001,0.000058955311873658775
B-ARB_USDT,1789563681318,0.16949,0.16951,0.16949999999999998,0.000019999999999992246,0.00011800106200951234
B-ARB_USDT,1789563683727,0.16964,0.16965,0.169645,0.000009999999999982245,0.00005894836123545299
B-ARB_USDT,1789563686178,0.16954,0.16955,0.169545,0.000010000000000010001,0.00005898313082464316
B-ARB_USDT,1789563688591,0.16963,0.16965,0.16964,0.000019999999999992246,0.00011790367269935888
B-ARB_USDT,1789563691230,0.16974,0.16976,0.16975,0.000019999999999992246,0.00011782726522912836
B-ARB_USDT,1789563693662,0.16989,0.16991,0.1699,0.000019999999999992246,0.00011772323267992375
B-ARB_USDT,1789563696103,0.16998,0.16999,0.169985,0.000010000000000010001,0.00005883045064131075
B-ARB_USDT,1789563698592,0.16997,0.16998,0.169975,0.000009999999999982245,0.00005883391186669556
B-ARB_USDT,1789563701047,0.16992,0.16996,0.16993999999999998,0.00004000000000001225,0.00023540489642191766
B-ARB_USDT,1789563703548,0.16987,0.1699,0.169885,0.000030000000000002247,0.00017660563960677134
B-ARB_USDT,1789563706010,0.16976,0.16978,0.16976999999999998,0.000019999999999992246,0.00011781338360033133
B-ARB_USDT,1789563708409,0.16963,0.16965,0.16964,0.000019999999999992246,0.00011790367269935888
B-ARB_USDT,1789563710826,0.16951,0.16954,0.16952499999999998,0.000030000000000002247,0.00017698070910272107
B-ARB_USDT,1789563892824,0.16841,0.16842,0.16841499999999998,0.000009999999999982245,0.00005937889673999314
B-ARB_USDT,1789563895268,0.16797,0.16798,0.16797499999999999,0.000009999999999982245,0.00005953444067382416
B-ARB_USDT,1789563897669,0.16805,0.16806,0.168055,0.000009999999999982245,0.000059506099375080304
B-ARB_USDT,1789563900117,0.16793,0.16794,0.167935,0.000010000000000010001,0.000059548621449473004
B-ARB_USDT,1789563902602,0.1681,0.16811,0.168105,0.000010000000000010001,0.000059488399762105895
B-ARB_USDT,1789563905076,0.16833,0.16834,0.168335,0.000009999999999982245,0.00005940711697250784
B-ARB_USDT,1789563907502,0.16836,0.16838,0.16837000000000002,0.000019999999999992246,0.0001187930624851048
B-ARB_USDT,1789563909912,0.16836,0.16837,0.168365,0.000009999999999982245,0.000059396531242469975
B-ARB_USDT,1789563912384,0.16833,0.16834,0.168335,0.000009999999999982245,0.00005940711697250784
B-ARB_USDT,1789563914828,0.16831,0.16832,0.168315,0.000010000000000010001,0.0000594141762225061
B-ARB_USDT,1789563917531,0.1684,0.16843,0.16841499999999998,0.000030000000000002247,0.00017814726840856442
B-ARB_USDT,1789563919943,0.16833,0.16834,0.168335,0.000009999999999982245,0.00005940711697250784
B-ARB_USDT,1789563922354,0.16823,0.16824,0.168235,0.000010000000000010001,0.000059442430006598116
B-ARB_USDT,1789563924798,0.16826,0.16827,0.168265,0.000010000000000010001,0.0000594318316891121
B-ARB_USDT,1789563927253,0.16829,0.1683,0.168295,0.000010000000000010001,0.000059421237150216896
B-ARB_USDT,1789563929660,0.16837,0.16841,0.16838999999999998,0.00004000000000001225,0.00023757201401682158
B-ARB_USDT,1789563932107,0.16846,0.16847,0.168465,0.000010000000000010001,0.00005936127270574618
B-ARB_USDT,1789563934564,0.16847,0.16849,0.16848000000000002,0.000019999999999992246,0.00011871549830825812
B-ARB_USDT,1789563937016,0.16846,0.16847,0.168465,0.000010000000000010001,0.00005936127270574618
B-ARB_USDT,1789563939472,0.16873,0.16874,0.168735,0.000010000000000010001,0.00005926628341142655
B-ARB_USDT,1789563941944,0.16898,0.16901,0.168995,0.000030000000000002247,0.00017753580305362912
B-ARB_USDT,1789563944363,0.16884,0.16886,0.16885,0.000020000000000020002,0.00011845534233605782
B-ARB_USDT,1789563946798,0.16884,0.16886,0.16885,0.000020000000000020002,0.00011845534233605782
B-ARB_USDT,1789563949237,0.16891,0.16892,0.16891499999999998,0.000009999999999982245,0.000059203125924943726
B-ARB_USDT,1789563951731,0.16889,0.16891,0.1689,0.000019999999999992246,0.00011842027355078598
B-ARB_USDT,1789563954191,0.16877,0.16878,0.168775,0.000010000000000010001,0.000059252236771997395
B-ARB_USDT,1789563956631,0.16875,0.16876,0.168755,0.000009999999999982245,0.000059259259259154045
B-ARB_USDT,1789563959063,0.16887,0.16888,0.168875,0.000010000000000010001,0.00005921714928649258
B-ARB_USDT,1789563961516,0.16876,0.16877,0.168765,0.000010000000000010001,0.000059255747807596595
B-ARB_USDT,1789563963975,0.16883,0.16884,0.168835,0.000009999999999982245,0.000059231179292674555
B-ARB_USDT,1789563966437,0.16904,0.16905,0.169045,0.000010000000000010001,0.000059157595835364415
B-ARB_USDT,1789563968952,0.16922,0.16923,0.16922500000000001,0.000009999999999982245,0.00005909466966069167
B-ARB_USDT,1789563972100,0.16919,0.1692,0.16919499999999998,0.000009999999999982245,0.000059105148058290946
B-ARB_USDT,1789563974540,0.16929,0.1693,0.169295,0.000010000000000010001,0.00005907023450889008
B-ARB_USDT,1789563976978,0.16929,0.1693,0.169295,0.000010000000000010001,0.00005907023450889008
B-ARB_USDT,1789563979412,0.16929,0.1693,0.169295,0.000010000000000010001,0.00005907023450889008
B-ARB_USDT,1789563981851,0.1692,0.16921,0.169205,0.000010000000000010001,0.00005910165484639481
B-ARB_USDT,1789563984329,0.16938,0.16939,0.169385,0.000010000000000010001,0.00005903884756175464
B-ARB_USDT,1789563986784,0.16929,0.1693,0.169295,0.000010000000000010001,0.00005907023450889008
B-ARB_USDT,1789563989203,0.16933,0.16934,0.169335,0.000009999999999982245,0.00005905628063534072
B-ARB_USDT,1789563991665,0.16945,0.16947,0.16946,0.000020000000000020002,0.0001180289170848038
B-ARB_USDT,1789563994072,0.16945,0.16946,0.169455,0.000010000000000010001,0.0000590144585424019
B-ARB_USDT,1789563996481,0.1695,0.16953,0.169515,0.00002999999999997449,0.00017699115044232736
B-ARB_USDT,1789563998895,0.16946,0.16952,0.16949,0.000060000000000004494,0.0003540658562492889
B-ARB_USDT,1789564001335,0.16941,0.16942,0.16941499999999998,0.000009999999999982245,0.00005902839265676315
B-ARB_USDT,1789564003783,0.1694,0.16942,0.16941,0.000019999999999992246,0.00011806375442734503
B-ARB_USDT,1789564006240,0.16943,0.16944,0.169435,0.000010000000000010001,0.00005902142477725315
B-ARB_USDT,1789564008764,0.16928,0.16931,0.169295,0.00002999999999997449,0.00017722117202253362
B-ARB_USDT,1789564011200,0.16942,0.16943,0.169425,0.000010000000000010001,0.00005902490851145084
B-ARB_USDT,1789564013628,0.16949,0.1695,0.169495,0.000010000000000010001,0.000059000531004838046
B-ARB_USDT,1789564016045,0.16954,0.16955,0.169545,0.000010000000000010001,0.00005898313082464316
B-ARB_USDT,1789564018469,0.16983,0.16984,0.169835,0.000009999999999982245,0.000058882411823483745
B-ARB_USDT,1789564020938,0.16958,0.16959,0.16958499999999999,0.000009999999999982245,0.00005896921806806371
B-ARB_USDT,1789564023373,0.16957,0.16958,0.169575,0.000010000000000010001,0.00005897269564197677
B-ARB_USDT,1789564027151,0.16966,0.16969,0.16967500000000002,0.000030000000000002247,0.0001768242367087248
B-ARB_USDT,1789564029838,0.16975,0.16976,0.169755,0.000009999999999982245,0.00005891016200284091
B-ARB_USDT,1789564032379,0.16978,0.16979,0.169785,0.000010000000000010001,0.0000588997526210979
B-ARB_USDT,1789564034841,0.16973,0.16974,0.169735,0.000010000000000010001,0.00005891710363524422
B-ARB_USDT,1789564037320,0.16988,0.16989,0.169885,0.000010000000000010001,0.000058865081233870975
B-ARB_USDT,1789564039792,0.1696,0.16961,0.169605,0.000010000000000010001,0.000058962264151002364
B-ARB_USDT,1789564042278,0.16955,0.16957,0.16956,0.000019999999999992246,0.00011795930404006042
B-ARB_USDT,1789564044748,0.16954,0.16955,0.169545,0.000010000000000010001,0.00005898313082464316
B-ARB_USDT,1789564047276,0.16957,0.16958,0.169575,0.000010000000000010001,0.00005897269564197677
B-ARB_USDT,1789564049767,0.16974,0.16975,0.169745,0.000010000000000010001,0.00005891363261464593
B-ARB_USDT,1789564052206,0.16966,0.16968,0.16967,0.000019999999999992246,0.00011788282447242865
B-ARB_USDT,1789564054611,0.1697,0.16973,0.169715,0.000030000000000002247,0.00017678255745434443
B-ARB_USDT,1789564057068,0.16972,0.16973,0.16972500000000001,0.000009999999999982245,0.000058920575064708016
B-ARB_USDT,1789564059494,0.16978,0.1698,0.16979,0.000020000000000020002,0.0001177995052421958
B-ARB_USDT,1789564061912,0.16968,0.1697,0.16969,0.000019999999999992246,0.00011786892975007217
B-ARB_USDT,1789564064349,0.16975,0.16976,0.169755,0.000009999999999982245,0.00005891016200284091
B-ARB_USDT,1789564066782,0.16971,0.16975,0.16973,0.00004000000000001225,0.00023569618761423751
B-ARB_USDT,1789564069229,0.16974,0.16975,0.169745,0.000010000000000010001,0.00005891363261464593
B-ARB_USDT,1789564071731,0.16972,0.16973,0.16972500000000001,0.000009999999999982245,0.000058920575064708016
B-ARB_USDT,1789564074234,0.16968,0.16969,0.169685,0.000010000000000010001,0.000058934464875117874
B-ARB_USDT,1789564076692,0.16979,0.16981,0.1698,0.000019999999999992246,0.0001177925672889584
B-ARB_USDT,1789564079188,0.1698,0.16982,0.16981000000000002,0.000019999999999992246,0.00011778563015307565
B-ARB_USDT,1789564081965,0.16959,0.16961,0.1696,0.000020000000000020002,0.00011793148180918687
B-ARB_USDT,1789564084499,0.16946,0.16947,0.169465,0.000010000000000010001,0.000059010976041602744
B-ARB_USDT,1789564086943,0.16948,0.16949,0.169485,0.000010000000000010001,0.000059004012272893564
B-ARB_USDT,1789564089397,0.1696,0.16961,0.169605,0.000010000000000010001,0.000058962264151002364
B-ARB_USDT,1789564091876,0.16952,0.16953,0.16952499999999998,0.000009999999999982245,0.00005899008966483155
B-ARB_USDT,1789564094880,0.16966,0.16967,0.169665,0.000009999999999982245,0.00005894141223613253
B-ARB_USDT,1789564097427,0.16968,0.16969,0.169685,0.000010000000000010001,0.000058934464875117874
B-ARB_USDT,1789564099996,0.16961,0.16962,0.16961500000000002,0.000009999999999982245,0.000058958787807218
B-ARB_USDT,1789564102531,0.1696,0.16961,0.169605,0.000010000000000010001,0.000058962264151002364
B-ARB_USDT,1789564104975,0.16956,0.16957,0.169565,0.000010000000000010001,0.00005897617362591414
B-ARB_USDT,1789564107468,0.16953,0.16954,0.169535,0.000010000000000010001,0.00005898661003958002
B-ARB_USDT,1789564109935,0.1696,0.16962,0.16960999999999998,0.000019999999999992246,0.00011792452830184107
B-ARB_USDT,1789564112394,0.16954,0.16956,0.16954999999999998,0.000019999999999992246,0.0001179662616491226
B-ARB_USDT,1789564114863,0.16947,0.1695,0.169485,0.000030000000000002247,0.00017702248185520885
B-ARB_USDT,1789564117329,0.16954,0.16955,0.169545,0.000010000000000010001,0.00005898313082464316
B-ARB_USDT,1789564119843,0.1695,0.16951,0.16950500000000002,0.000009999999999982245,0.000058997050147387874
B-ARB_USDT,1789564122400,0.16945,0.16946,0.169455,0.000010000000000010001,0.0000590144585424019
B-ARB_USDT,1789564124809,0.16921,0.16922,0.169215,0.000010000000000010001,0.000059098162047219436
B-ARB_USDT,1789564127278,0.16903,0.16904,0.169035,0.000009999999999982245,0.00005916109566338665
B-ARB_USDT,1789564129696,0.1693,0.16931,0.16930499999999998,0.000009999999999982245,0.000059066745422222354
B-ARB_USDT,1789564132153,0.16924,0.16925,0.169245,0.000010000000000010001,0.00005908768612627039
B-ARB_USDT,1789564134626,0.16923,0.16924,0.169235,0.000010000000000010001,0.0000590911776872304
B-ARB_USDT,1789564137054,0.1693,0.16931,0.16930499999999998,0.000009999999999982245,0.000059066745422222354
B-ARB_USDT,1789564139474,0.16929,0.16933,0.16931000000000002,0.00004000000000001225,0.00023628093803539636
B-ARB_USDT,1789564141890,0.16931,0.16937,0.16934,0.000060000000000004494,0.0003543795404878891
B-ARB_USDT,1789564144315,0.16926,0.16927,0.169265,0.000010000000000010001,0.000059080704242053654
B-ARB_USDT,1789564146754,0.1691,0.16912,0.16910999999999998,0.000019999999999992246,0.000118273211117636
B-ARB_USDT,1789564149200,0.16898,0.16899,0.168985,0.000010000000000010001,0.000059178601017931124
B-ARB_USDT,1789564151726,0.16892,0.16893,0.168925,0.000010000000000010001,0.000059199621122484026
B-ARB_USDT,1789564154401,0.16908,0.16909,0.16908499999999999,0.000009999999999982245,0.000059143600662303316
B-ARB_USDT,1789564156890,0.16912,0.16913,0.169125,0.000010000000000010001,0.000059129612109803696
B-ARB_USDT,1789564159387,0.169,0.16901,0.16900500000000002,0.000009999999999982245,0.000059171597633031035
B-ARB_USDT,1789564161828,0.16887,0.1689,0.168885,0.000030000000000002247,0.00017765144785931338
B-ARB_USDT,1789564164277,0.16902,0.16903,0.169025,0.000010000000000010001,0.00005916459590586913
B-ARB_USDT,1789564166686,0.16909,0.1691,0.169095,0.000010000000000010001,0.0000591401029038382
B-ARB_USDT,1789564169090,0.16907,0.16908,0.169075,0.000010000000000010001,0.000059147098834861303
B-ARB_USDT,1789564171517,0.16904,0.16905,0.169045,0.000010000000000010001,0.000059157595835364415
B-ARB_USDT,1789564173989,0.16899,0.16901,0.16899999999999998,0.000019999999999992246,0.00011835019823653616
B-ARB_USDT,1789564176477,0.16902,0.16903,0.169025,0.000010000000000010001,0.00005916459590586913
B-ARB_USDT,1789564178910,0.16895,0.16896,0.168955,0.000010000000000010001,0.00005918910920396568
B-ARB_USDT,1789564181384,0.16891,0.16892,0.16891499999999998,0.000009999999999982245,0.000059203125924943726
B-ARB_USDT,1789564183812,0.16887,0.16888,0.168875,0.000010000000000010001,0.00005921714928649258
B-ARB_USDT,1789564186241,0.16896,0.16897,0.168965,0.000010000000000010001,0.00005918560606066525
B-ARB_USDT,1789564188657,0.16893,0.16894,0.168935,0.000010000000000010001,0.000059196116734801405
B-ARB_USDT,1789564191137,0.16896,0.16898,0.16897,0.000019999999999992246,0.00011837121212116624
B-ARB_USDT,1789564193574,0.16908,0.16911,0.169095,0.000030000000000002247,0.00017743080198723827
B-ARB_USDT,1789564196026,0.16905,0.16906,0.169055,0.000009999999999982245,0.00005915409642107214
B-ARB_USDT,1789564198448,0.16905,0.16906,0.169055,0.000009999999999982245,0.00005915409642107214
B-ARB_USDT,1789564200912,0.16898,0.16899,0.168985,0.000010000000000010001,0.000059178601017931124
B-ARB_USDT,1789564203367,0.1687,0.16871,0.168705,0.000010000000000010001,0.000059276822762359226
B-ARB_USDT,1789564205957,0.1689,0.16891,0.168905,0.000010000000000010001,0.0000592066311427472
B-ARB_USDT,1789564208399,0.1687,0.16871,0.168705,0.000010000000000010001,0.000059276822762359226
B-ARB_USDT,1789564210860,0.1686,0.16861,0.168605,0.000010000000000010001,0.00005931198102022539
B-ARB_USDT,1789564213401,0.16862,0.16863,0.168625,0.000010000000000010001,0.00005930494603255842
B-ARB_USDT,1789564215926,0.1687,0.16871,0.168705,0.000010000000000010001,0.000059276822762359226
B-ARB_USDT,1789564218578,0.16873,0.16876,0.16874499999999998,0.000030000000000002247,0.00017779885023411514
B-ARB_USDT,1789564221382,0.1687,0.16871,0.168705,0.000010000000000010001,0.000059276822762359226
B-ARB_USDT,1789564223798,0.16865,0.16866,0.168655,0.000010000000000010001,0.000059294396679573085
B-ARB_USDT,1789564226246,0.16865,0.16867,0.16865999999999998,0.000019999999999992246,0.0001185887933589816
B-ARB_USDT,1789564228655,0.16858,0.1686,0.16859000000000002,0.000019999999999992246,0.00011863803535408854
B-ARB_USDT,1789564231082,0.16852,0.16853,0.168525,0.000010000000000010001,0.000059340137669178735
B-ARB_USDT,1789564233557,0.16851,0.16854,0.16852499999999998,0.000030000000000002247,0.00017803097739007922
B-ARB_USDT,1789564236121,0.16852,0.16854,0.16853,0.000019999999999992246,0.00011868027533819277
B-ARB_USDT,1789564238679,0.16839,0.1684,0.16839500000000002,0.000009999999999982245,0.00005938594928429387
B-ARB_USDT,1789564241204,0.1684,0.16841,0.168405,0.000010000000000010001,0.00005938242280290974
B-ARB_USDT,1789564243696,0.16838,0.16841,0.16839500000000002,0.000030000000000002247,0.0001781684285544735
B-ARB_USDT,1789564246137,0.16839,0.1684,0.16839500000000002,0.000009999999999982245,0.00005938594928429387
B-ARB_USDT,1789564248564,0.16864,0.16865,0.168645,0.000009999999999982245,0.0000592979127133672
B-ARB_USDT,1789564251061,0.16849,0.16851,0.16849999999999998,0.000019999999999992246,0.00011870140661162233
B-ARB_USDT,1789564253547,0.16857,0.16858,0.168575,0.000010000000000010001,0.0000593225366317257
B-ARB_USDT,1789564255972,0.16865,0.16866,0.168655,0.000010000000000010001,0.000059294396679573085
B-ARB_USDT,1789564258414,0.16862,0.16866,0.16864,0.00004000000000001225,0.00023721978413006908
B-ARB_USDT,1789564260830,0.16859,0.1686,0.168595,0.000010000000000010001,0.000059315499139984584
B-ARB_USDT,1789564263259,0.16883,0.16885,0.16884,0.000019999999999992246,0.0001184623585855135
B-ARB_USDT,1789564265831,0.16936,0.16937,0.169365,0.000009999999999982245,0.0000590458195558706
B-ARB_USDT,1789564268346,0.16929,0.1693,0.169295,0.000010000000000010001,0.00005907023450889008
B-ARB_USDT,1789564270809,0.16898,0.16899,0.168985,0.000010000000000010001,0.000059178601017931124
B-ARB_USDT,1789564273312,0.16891,0.16892,0.16891499999999998,0.000009999999999982245,0.000059203125924943726
B-ARB_USDT,1789564275763,0.16894,0.16896,0.16895,0.000019999999999992246,0.00011838522552380872
B-ARB_USDT,1789564278187,0.16903,0.16906,0.169045,0.00002999999999997449,0.00017748328699032415
B-ARB_USDT,1789564280596,0.16898,0.16899,0.168985,0.000010000000000010001,0.000059178601017931124
B-ARB_USDT,1789564283156,0.16909,0.1691,0.169095,0.000010000000000010001,0.0000591401029038382
B-ARB_USDT,1789564285611,0.16908,0.16909,0.16908499999999999,0.000009999999999982245,0.000059143600662303316
B-ARB_USDT,1789564288101,0.16907,0.16908,0.169075,0.000010000000000010001,0.000059147098834861303
B-ARB_USDT,1789564290521,0.16911,0.16912,0.16911500000000002,0.000009999999999982245,0.00005913310862741556
B-ARB_USDT,1789564293056,0.16904,0.16905,0.169045,0.000010000000000010001,0.000059157595835364415
B-ARB_USDT,1789564295508,0.16891,0.16892,0.16891499999999998,0.000009999999999982245,0.000059203125924943726
B-ARB_USDT,1789564297925,0.16895,0.16897,0.16896,0.000020000000000020002,0.00011837821840793136
B-ARB_USDT,1789564300326,0.16892,0.16893,0.168925,0.000010000000000010001,0.000059199621122484026
B-ARB_USDT,1789564302772,0.16901,0.16902,0.169015,0.000010000000000010001,0.000059168096562392766
B-ARB_USDT,1789564305188,0.1691,0.16911,0.169105,0.000010000000000010001,0.000059136605558900066
B-ARB_USDT,1789564307619,0.16907,0.1691,0.16908499999999999,0.000030000000000002247,0.00017744129650441976
B-ARB_USDT,1789564310078,0.16901,0.16902,0.169015,0.000010000000000010001,0.000059168096562392766
B-ARB_USDT,1789564312595,0.16911,0.16913,0.16912,0.000019999999999992246,0.00011826621725499524
B-ARB_USDT,1789564315067,0.16908,0.16909,0.16908499999999999,0.000009999999999982245,0.000059143600662303316
B-ARB_USDT,1789564317481,0.16924,0.16926,0.16925,0.000019999999999992246,0.00011817537225237678
B-ARB_USDT,1789564319910,0.16932,0.16933,0.169325,0.000010000000000010001,0.000059059768485766604
B-ARB_USDT,1789564322319,0.16921,0.16922,0.169215,0.000010000000000010001,0.000059098162047219436
B-ARB_USDT,1789564325033,0.1691,0.16911,0.169105,0.000010000000000010001,0.000059136605558900066
B-ARB_USDT,1789564327448,0.16909,0.16913,0.16910999999999998,0.00004000000000001225,0.00023656041161518865
B-ARB_USDT,1789564330017,0.16918,0.1692,0.16919,0.000019999999999992246,0.0001182172833667824
B-ARB_USDT,1789564332457,0.16911,0.16912,0.16911500000000002,0.000009999999999982245,0.00005913310862741556
B-ARB_USDT,1789564334963,0.16913,0.16916,0.169145,0.000030000000000002247,0.0001773783480163321
B-ARB_USDT,1789564337650,0.16904,0.16906,0.16904999999999998,0.000019999999999992246,0.00011831519167056464
B-ARB_USDT,1789564340151,0.16901,0.16904,0.16902499999999998,0.000030000000000002247,0.00017750428968701408
B-ARB_USDT,1789564342649,0.1689,0.16891,0.168905,0.000010000000000010001,0.0000592066311427472
B-ARB_USDT,1789564345362,0.16889,0.16892,0.168905,0.00002999999999997449,0.0001776304103260968
B-ARB_USDT,1789564347799,0.16892,0.16894,0.16893,0.000020000000000020002,0.00011839924224496805
B-ARB_USDT,1789564350216,0.16891,0.16894,0.168925,0.000030000000000002247,0.00017760937777515983
B-ARB_USDT,1789564352658,0.16893,0.16894,0.168935,0.000010000000000010001,0.000059196116734801405
B-ARB_USDT,1789564355110,0.16889,0.1689,0.16889500000000002,0.000009999999999982245,0.00005921013677531082
B-ARB_USDT,1789564357539,0.1689,0.16891,0.168905,0.000010000000000010001,0.0000592066311427472
B-ARB_USDT,1789564359968,0.169,0.16901,0.16900500000000002,0.000009999999999982245,0.000059171597633031035
B-ARB_USDT,1789564362403,0.16899,0.169,0.168995,0.000010000000000010001,0.0000591750991183502
B-ARB_USDT,1789564364827,0.16897,0.16899,0.16898000000000002,0.000019999999999992246,0.00011836420666385894
B-ARB_USDT,1789564367286,0.16898,0.169,0.16899,0.000020000000000020002,0.00011835720203586225
B-ARB_USDT,1789564369739,0.1689,0.16891,0.168905,0.000010000000000010001,0.0000592066311427472
B-ARB_USDT,1789564372161,0.16894,0.16896,0.16895,0.000019999999999992246,0.00011838522552380872
B-ARB_USDT,1789564374654,0.16903,0.16904,0.169035,0.000009999999999982245,0.00005916109566338665
B-ARB_USDT,1789564377076,0.16903,0.16905,0.16904000000000002,0.000019999999999992246,0.0001183221913269375
B-ARB_USDT,1789564379546,0.16913,0.16914,0.169135,0.000010000000000010001,0.000059126116005498735
B-ARB_USDT,1789564381985,0.16973,0.16975,0.16974,0.000020000000000020002,0.00011783420727048844
B-ARB_USDT,1789564384454,0.16978,0.16992,0.16985,0.00014000000000000123,0.0008245965366945532
B-ARB_USDT,1789564386998,0.16987,0.16988,0.169875,0.000010000000000010001,0.00005886854653564491
B-ARB_USDT,1789564389506,0.1698,0.16983,0.169815,0.000030000000000002247,0.0001766784452296952
B-ARB_USDT,1789564392043,0.16989,0.1699,0.16989500000000002,0.000009999999999982245,0.000058861616339880186
B-ARB_USDT,1789564394501,0.16978,0.16979,0.169785,0.000010000000000010001,0.0000588997526210979
B-ARB_USDT,1789564396968,0.16993,0.16995,0.16993999999999998,0.000019999999999992246,0.00011769552168535425
B-ARB_USDT,1789564399441,0.16999,0.17,0.169995,0.000010000000000010001,0.00005882698982298959
B-ARB_USDT,1789564401875,0.17002,0.17004,0.17003000000000001,0.000019999999999992246,0.00011763321962117543
B-ARB_USDT,1789564404344,0.17002,0.17004,0.17003000000000001,0.000019999999999992246,0.00011763321962117543
B-ARB_USDT,1789564406811,0.17017,0.17018,0.170175,0.000010000000000010001,0.00005876476464717636
B-ARB_USDT,1789564409315,0.17032,0.17033,0.170325,0.000010000000000010001,0.00005871301080325271
B-ARB_USDT,1789564411751,0.17029,0.17031,0.1703,0.000019999999999992246,0.00011744670855594719
B-ARB_USDT,1789564414181,0.17033,0.17037,0.17035,0.00003999999999998449,0.00023483825515167316
B-ARB_USDT,1789564416608,0.17044,0.17047,0.17045500000000002,0.000030000000000002247,0.0001760150199483821
B-ARB_USDT,1789564419083,0.17043,0.17045,0.17043999999999998,0.000019999999999992246,0.00011735023176666225
B-ARB_USDT,1789564421608,0.17086,0.17087,0.170865,0.000009999999999982245,0.000058527449373652375
B-ARB_USDT,1789564424037,0.17097,0.17098,0.170975,0.000009999999999982245,0.000058489793530924986
B-ARB_USDT,1789564426461,0.17086,0.17088,0.17087000000000002,0.000019999999999992246,0.00011705489874746719
B-ARB_USDT,1789564428889,0.17093,0.17096,0.170945,0.000030000000000002247,0.000175510442871364
B-ARB_USDT,1789564431313,0.17096,0.17097,0.170965,0.000010000000000010001,0.000058493214787143194
B-ARB_USDT,1789564433774,0.17092,0.17093,0.170925,0.000010000000000010001,0.00005850690381470865
B-ARB_USDT,1789564436228,0.171,0.17101,0.17100500000000002,0.000009999999999982245,0.00005847953216363886
B-ARB_USDT,1789564438654,0.17083,0.17085,0.17084,0.000019999999999992246,0.00011707545513078642
B-ARB_USDT,1789564441072,0.1709,0.17091,0.170905,0.000010000000000010001,0.000058513750731480406
B-ARB_USDT,1789564443507,0.17106,0.17107,0.171065,0.000010000000000010001,0.00005845902022687947
B-ARB_USDT,1789564445929,0.17082,0.17083,0.170825,0.000010000000000010001,0.000058541154431623936
B-ARB_USDT,1789564448349,0.17098,0.17099,0.170985,0.000010000000000010001,0.00005848637267522518
B-ARB_USDT,1789564450820,0.17092,0.17094,0.17093,0.000020000000000020002,0.0001170138076294173
B-ARB_USDT,1789564453287,0.1712,0.17122,0.17121,0.000020000000000020002,0.0001168224299066589
B-ARB_USDT,1789564455748,0.17126,0.17128,0.17126999999999998,0.000019999999999992246,0.000116781501810068
B-ARB_USDT,1789564458748,0.17129,0.1713,0.171295,0.000010000000000010001,0.000058380524257166216
B-ARB_USDT,1789564461270,0.17134,0.17136,0.17135,0.000020000000000020002,0.00011672697560417884
B-ARB_USDT,1789564463719,0.17129,0.1713,0.171295,0.000010000000000010001,0.000058380524257166216
B-ARB_USDT,1789564466136,0.17141,0.17144,0.171425,0.000030000000000002247,0.00017501896038738841
B-ARB_USDT,1789564468584,0.17155,0.17157,0.17156,0.000019999999999992246,0.00011658408627217863
B-ARB_USDT,1789564471007,0.1717,0.17173,0.171715,0.000030000000000002247,0.0001747233546884231
B-ARB_USDT,1789564473449,0.17171,0.17172,0.171715,0.000010000000000010001,0.00005823772639921962
B-ARB_USDT,1789564475914,0.1717,0.17172,0.17171,0.000020000000000020002,0.0001164822364590565
B-ARB_USDT,1789564478396,0.17165,0.17166,0.171655,0.000010000000000010001,0.000058258083309117394
B-ARB_USDT,1789564480928,0.17167,0.17168,0.171675,0.000010000000000010001,0.00005825129609139629
B-ARB_USDT,1789564483360,0.17187,0.17189,0.17187999999999998,0.000019999999999992246,0.00011636702158603739
B-ARB_USDT,1789564485800,0.17238,0.17239,0.172385,0.000009999999999982245,0.0000580113702284618
B-ARB_USDT,1789564488210,0.1721,0.17211,0.172105,0.000010000000000010001,0.00005810575246955259
B-ARB_USDT,1789564490623,0.17195,0.17199,0.17197,0.00004000000000001225,0.00023262576330335707
B-ARB_USDT,1789564493044,0.17183,0.17184,0.17183500000000002,0.000009999999999982245,0.000058197055228902084
B-ARB_USDT,1789564495483,0.17186,0.17187,0.171865,0.000009999999999982245,0.000058186896310847464
B-ARB_USDT,1789564497953,0.17193,0.17194,0.171935,0.000010000000000010001,0.00005816320595597046
B-ARB_USDT,1789564500394,0.17171,0.17176,0.171735,0.00004999999999999449,0.00029118863199577484
B-ARB_USDT,1789564502869,0.17165,0.17171,0.17168,0.000060000000000004494,0.00034954849985438096
B-ARB_USDT,1789564505313,0.17167,0.17168,0.171675,0.000010000000000010001,0.00005825129609139629
B-ARB_USDT,1789564507777,0.17162,0.17163,0.171625,0.000010000000000010001,0.00005826826710179467
B-ARB_USDT,1789564510244,0.17155,0.17156,0.171555,0.000009999999999982245,0.00005829204313600842
B-ARB_USDT,1789564512685,0.17152,0.17156,0.17154,0.00003999999999998449,0.00023320895522379017
B-ARB_USDT,1789564515189,0.17135,0.17137,0.17136,0.000019999999999992246,0.00011672016340818352
B-ARB_USDT,1789564517610,0.17142,0.17154,0.17148,0.00012000000000000899,0.00070003500175014
B-ARB_USDT,1789564520142,0.17161,0.17162,0.17161500000000002,0.000009999999999982245,0.00005827166249042739
B-ARB_USDT,1789564522588,0.17144,0.17145,0.17144500000000001,0.000009999999999982245,0.000058329444703582854
B-ARB_USDT,1789564525111,0.17152,0.17153,0.17152499999999998,0.000009999999999982245,0.000058302238805866634
B-ARB_USDT,1789564527567,0.17173,0.17174,0.171735,0.000010000000000010001,0.00005823094392365924
B-ARB_USDT,1789564530057,0.17177,0.17178,0.171775,0.000009999999999982245,0.000058217383710672673
B-ARB_USDT,1789564532573,0.17174,0.17177,0.171755,0.000030000000000002247,0.00017468265983464683
B-ARB_USDT,1789564535086,0.17199,0.172,0.171995,0.000009999999999982245,0.000058142915285669196
B-ARB_USDT,1789564537792,0.17195,0.17196,0.171955,0.000010000000000010001,0.00005815644082587962
B-ARB_USDT,1789564540254,0.17209,0.1721,0.172095,0.000010000000000010001,0.000058109128944215245
B-ARB_USDT,1789564542767,0.17225,0.17226,0.172255,0.000010000000000010001,0.0000580551523948331
B-ARB_USDT,1789564545319,0.17254,0.17257,0.17255500000000001,0.000030000000000002247,0.0001738727251651921
B-ARB_USDT,1789564547814,0.17252,0.17253,0.17252499999999998,0.000009999999999982245,0.00005796429399479622
B-ARB_USDT,1789564550372,0.17257,0.17258,0.172575,0.000010000000000010001,0.00005794749956545171
B-ARB_USDT,1789564552804,0.17252,0.17253,0.17252499999999998,0.000009999999999982245,0.00005796429399479622
B-ARB_USDT,1789564555262,0.17234,0.17236,0.17235,0.000020000000000020002,0.00011604966925855867
B-ARB_USDT,1789564557793,0.17248,0.17249,0.172485,0.000010000000000010001,0.000057977736549223106
B-ARB_USDT,1789564560262,0.1725,0.17251,0.172505,0.000010000000000010001,0.000057971014492811605
B-ARB_USDT,1789564562959,0.1729,0.17293,0.17291499999999999,0.000030000000000002247,0.0001735106998265023
B-ARB_USDT,1789564565427,0.173,0.17302,0.17301,0.000020000000000020002,0.0001156069364163006
B-ARB_USDT,1789564567857,0.17332,0.17333,0.173325,0.000010000000000010001,0.00005769674590358874
B-ARB_USDT,1789564570337,0.17344,0.17345,0.17344500000000002,0.000009999999999982245,0.00005765682656816331
B-ARB_USDT,1789564572797,0.17307,0.17308,0.173075,0.000010000000000010001,0.000057780088981394815
B-ARB_USDT,1789564575235,0.17297,0.17298,0.172975,0.000009999999999982245,0.000057813493669319796
B-ARB_USDT,1789564577667,0.1731,0.17311,0.173105,0.000010000000000010001,0.00005777007510115541
B-ARB_USDT,1789564580078,0.17295,0.17296,0.172955,0.000010000000000010001,0.00005782017924261348
B-ARB_USDT,1789564582523,0.17288,0.17292,0.1729,0.00003999999999998449,0.00023137436372041006
B-ARB_USDT,1789564584943,0.17306,0.17308,0.17307,0.000020000000000020002,0.00011556685542597944
B-ARB_USDT,1789564587382,0.17281,0.17286,0.17283500000000002,0.00005000000000002225,0.00028933510792212403
B-ARB_USDT,1789564589816,0.17255,0.17258,0.17256500000000002,0.000030000000000002247,0.00017386264850769196
B-ARB_USDT,1789564592255,0.17263,0.17265,0.17264000000000002,0.000019999999999992246,0.0001158547181833531
B-ARB_USDT,1789564594705,0.17249,0.1725,0.172495,0.000009999999999982245,0.00005797437532600293
B-ARB_USDT,1789564597159,0.17251,0.17255,0.17253000000000002,0.00004000000000001225,0.00023187061619623354
B-ARB_USDT,1789564599625,0.17253,0.17254,0.172535,0.000010000000000010001,0.00005796093433031937
B-ARB_USDT,1789564602085,0.17248,0.17249,0.172485,0.000010000000000010001,0.000057977736549223106
B-ARB_USDT,1789564604562,0.1724,0.17241,0.172405,0.000010000000000010001,0.00005800464037128771
B-ARB_USDT,1789564607019,0.17242,0.17244,0.17243,0.000020000000000020002,0.0001159958241504466
B-ARB_USDT,1789564609450,0.17232,0.17237,0.172345,0.00004999999999999449,0.0002901578458681203
B-ARB_USDT,1789564611876,0.17236,0.17239,0.172375,0.00002999999999997449,0.00017405430494299426
B-ARB_USDT,1789564614337,0.17237,0.17238,0.172375,0.000010000000000010001,0.00005801473574293671
B-ARB_USDT,1789564616784,0.17237,0.17238,0.172375,0.000010000000000010001,0.00005801473574293671
B-ARB_USDT,1789564619246,0.17233,0.17234,0.17233500000000002,0.000009999999999982245,0.0000580282017059261
B-ARB_USDT,1789564621695,0.17243,0.17244,0.172435,0.000010000000000010001,0.00005799454851249783
B-ARB_USDT,1789564624151,0.17217,0.17219,0.17218,0.000020000000000020002,0.00011616425625846549
B-ARB_USDT,1789564626620,0.17238,0.17239,0.172385,0.000009999999999982245,0.0000580113702284618
B-ARB_USDT,1789564629072,0.17218,0.1722,0.17219,0.000019999999999992246,0.0001161575095829495
B-ARB_USDT,1789564631566,0.17226,0.17227,0.172265,0.000010000000000010001,0.000058051782189771284
B-ARB_USDT,1789564634106,0.17225,0.17228,0.172265,0.000030000000000002247,0.00017416545718433818
B-ARB_USDT,1789564636547,0.17221,0.17223,0.17221999999999998,0.000019999999999992246,0.00011613727425812813
B-ARB_USDT,1789564639001,0.17213,0.17214,0.17213499999999998,0.000009999999999982245,0.000058095625399304276
B-ARB_USDT,1789564641456,0.17194,0.17195,0.17194500000000001,0.000009999999999982245,0.00005815982319403422
B-ARB_USDT,1789564643955,0.1719,0.17194,0.17192000000000002,0.00004000000000001225,0.00023269342641077514
B-ARB_USDT,1789564646567,0.1718,0.17183,0.171815,0.000030000000000002247,0.0001746216530849956
B-ARB_USDT,1789564649033,0.17181,0.17182,0.171815,0.000010000000000010001,0.000058203829812059844
B-ARB_USDT,1789564651463,0.17177,0.17178,0.171775,0.000009999999999982245,0.000058217383710672673
B-ARB_USDT,1789564653879,0.17171,0.17173,0.17171999999999998,0.000019999999999992246,0.00011647545279827759
B-ARB_USDT,1789564656333,0.17171,0.17172,0.171715,0.000010000000000010001,0.00005823772639921962
B-ARB_USDT,1789564658770,0.17173,0.17174,0.171735,0.000010000000000010001,0.00005823094392365924
B-ARB_USDT,1789564661278,0.17157,0.17159,0.17158,0.000019999999999992246,0.00011657049600741532
B-ARB_USDT,1789564663748,0.1715,0.17153,0.171515,0.00002999999999997449,0.00017492711370247516
B-ARB_USDT,1789564666282,0.1715,0.17152,0.17151,0.000019999999999992246,0.00011661807580170405
B-ARB_USDT,1789564668785,0.17151,0.17155,0.17153000000000002,0.00004000000000001225,0.00023322255262090986
B-ARB_USDT,1789564671286,0.17158,0.17163,0.171605,0.00004999999999999449,0.0002914092551579117
B-ARB_USDT,1789564673714,0.17157,0.17159,0.17158,0.000019999999999992246,0.00011657049600741532
B-ARB_USDT,1789564676151,0.17175,0.17178,0.171765,0.00002999999999997449,0.00017467248908282088
B-ARB_USDT,1789564678611,0.17183,0.17184,0.17183500000000002,0.000009999999999982245,0.000058197055228902084
B-ARB_USDT,1789564681082,0.17183,0.17185,0.17184,0.000019999999999992246,0.00011639411045796569
B-ARB_USDT,1789564683546,0.17146,0.17148,0.17147,0.000019999999999992246,0.00011664528169831008
B-ARB_USDT,1789564686041,0.17164,0.17165,0.171645,0.000010000000000010001,0.00005826147751112795
B-ARB_USDT,1789564688798,0.17166,0.17168,0.17167,0.000019999999999992246,0.00011650937900496473
B-ARB_USDT,1789564691271,0.17173,0.17174,0.171735,0.000010000000000010001,0.00005823094392365924
B-ARB_USDT,1789564693722,0.17184,0.17185,0.171845,0.000010000000000010001,0.00005819366852892226
B-ARB_USDT,1789564696275,0.17206,0.17208,0.17207,0.000020000000000020002,0.00011623852144612346
B-ARB_USDT,1789564698749,0.17229,0.1723,0.172295,0.000010000000000010001,0.00005804167392193395
B-ARB_USDT,1789564701238,0.17233,0.17234,0.17233500000000002,0.000009999999999982245,0.0000580282017059261
B-ARB_USDT,1789564703693,0.17251,0.17252,0.172515,0.000010000000000010001,0.00005796765404909861
B-ARB_USDT,1789564706128,0.17254,0.17255,0.172545,0.000010000000000010001,0.00005795757505511766
B-ARB_USDT,1789564708563,0.17245,0.17246,0.172455,0.000010000000000010001,0.00005798782255732097
B-ARB_USDT,1789564711099,0.17248,0.17249,0.172485,0.000010000000000010001,0.000057977736549223106
B-ARB_USDT,1789564713616,0.17237,0.17238,0.172375,0.000010000000000010001,0.00005801473574293671
B-ARB_USDT,1789564716144,0.17234,0.17235,0.172345,0.000010000000000010001,0.00005802483462927934
B-ARB_USDT,1789564718618,0.17231,0.17233,0.17232,0.000020000000000020002,0.00011606987406430272
B-ARB_USDT,1789564721067,0.17228,0.17231,0.17229499999999998,0.000030000000000002247,0.00017413512886000842
B-ARB_USDT,1789564723544,0.17217,0.17218,0.172175,0.000010000000000010001,0.000058082128129232746
B-ARB_USDT,1789564725984,0.17221,0.17223,0.17221999999999998,0.000019999999999992246,0.00011613727425812813
B-ARB_USDT,1789564728412,0.17221,0.17222,0.172215,0.000010000000000010001,0.000058068637129144657
B-ARB_USDT,1789564730911,0.17227,0.1723,0.17228500000000002,0.000030000000000002247,0.0001741452371277776
B-ARB_USDT,1789564733349,0.1724,0.17242,0.17241,0.000019999999999992246,0.00011600928074241442
B-ARB_USDT,1789564735816,0.17227,0.17229,0.17228,0.000019999999999992246,0.00011609682475179802
B-ARB_USDT,1789564738296,0.17222,0.17223,0.17222500000000002,0.000009999999999982245,0.00005806526535815959
B-ARB_USDT,1789564740754,0.17234,0.17235,0.172345,0.000010000000000010001,0.00005802483462927934
B-ARB_USDT,1789564743206,0.17209,0.17211,0.1721,0.000020000000000020002,0.00011621825788843049
B-ARB_USDT,1789564745654,0.17181,0.17182,0.171815,0.000010000000000010001,0.000058203829812059844
B-ARB_USDT,1789564748097,0.17169,0.17171,0.17170000000000002,0.000019999999999992246,0.00011648902090973408
B-ARB_USDT,1789564750560,0.17129,0.1713,0.171295,0.000010000000000010001,0.000058380524257166216
B-ARB_USDT,1789564753107,0.17121,0.17122,0.171215,0.000010000000000010001,0.000058407803282576956
B-ARB_USDT,1789564755561,0.17091,0.17092,0.17091499999999998,0.000009999999999982245,0.00005851032707262445
B-ARB_USDT,1789564758024,0.17095,0.17097,0.17096,0.000020000000000020002,0.00011699327288692602
B-ARB_USDT,1789564760551,0.1711,0.17111,0.171105,0.000010000000000010001,0.000058445353594447695
B-ARB_USDT,1789564762977,0.17103,0.17104,0.171035,0.000010000000000010001,0.00005846927439636322
B-ARB_USDT,1789564765667,0.17128,0.17131,0.17129499999999998,0.000030000000000002247,0.00017515179822514157
B-ARB_USDT,1789564768150,0.17123,0.17124,0.171235,0.000010000000000010001,0.0000584009811365415
B-ARB_USDT,1789564770597,0.17128,0.1713,0.17129,0.000020000000000020002,0.00011676786548353575
B-ARB_USDT,1789564773049,0.17123,0.17124,0.171235,0.000010000000000010001,0.0000584009811365415
B-ARB_USDT,1789564775648,0.17135,0.17139,0.17137,0.00003999999999998449,0.00023344032681636703
B-ARB_USDT,1789564778063,0.17135,0.17136,0.171355,0.000010000000000010001,0.00005836008170417275
B-ARB_USDT,1789564780483,0.17132,0.17135,0.17133500000000002,0.000030000000000002247,0.00017511090357227554
B-ARB_USDT,1789564782908,0.1713,0.17131,0.17130499999999999,0.000009999999999982245,0.00005837711617035753
B-ARB_USDT,1789564785378,0.17124,0.17128,0.17126,0.00003999999999998449,0.00023359028264415143
B-ARB_USDT,1789564787818,0.17123,0.17125,0.17124,0.000020000000000020002,0.000116801962273083
B-ARB_USDT,1789564790269,0.17113,0.17116,0.171145,0.000030000000000002247,0.00017530532343833487
B-ARB_USDT,1789564792707,0.17108,0.17111,0.171095,0.000030000000000002247,0.00017535655833529487
B-ARB_USDT,1789564795122,0.17118,0.17119,0.171185,0.000010000000000010001,0.00005841803949065312
B-ARB_USDT,1789564797571,0.17117,0.17118,0.171175,0.000010000000000010001,0.00005842145235736403
B-ARB_USDT,1789564800029,0.17121,0.17123,0.17121999999999998,0.000019999999999992246,0.0001168156065649918
B-ARB_USDT,1789564802462,0.1711,0.17111,0.171105,0.000010000000000010001,0.000058445353594447695
B-ARB_USDT,1789564804918,0.17074,0.17075,0.170745,0.000010000000000010001,0.000058568583811702004
B-ARB_USDT,1789564807336,0.17081,0.17083,0.17082,0.000020000000000020002,0.00011708916339804462
B-ARB_USDT,1789564809757,0.17078,0.17081,0.17079499999999997,0.000030000000000002247,0.00017566459772808439
B-ARB_USDT,1789564812204,0.17083,0.17084,0.17083500000000001,0.000009999999999982245,0.00005853772756531198
B-ARB_USDT,1789564814625,0.17068,0.1707,0.17069,0.000019999999999992246,0.00011717834544171693
B-ARB_USDT,1789564817073,0.17072,0.17074,0.17073,0.000019999999999992246,0.00011715089034672121
B-ARB_USDT,1789564819526,0.17065,0.17068,0.170665,0.000030000000000002247,0.00017579841781425285
B-ARB_USDT,1789564822107,0.17066,0.17068,0.17067,0.000019999999999992246,0.00011719207781549423
B-ARB_USDT,1789564824720,0.17042,0.17043,0.170425,0.000010000000000010001,0.00005867855885465322
B-ARB_USDT,1789564827319,0.17022,0.17024,0.17023,0.000019999999999992246,0.0001174950064621798
B-ARB_USDT,1789564829818,0.1704,0.17041,0.170405,0.000010000000000010001,0.000058685446009448366
B-ARB_USDT,1789564832424,0.17057,0.17058,0.170575,0.000010000000000010001,0.00005862695667473765
B-ARB_USDT,1789564835022,0.17081,0.17082,0.170815,0.000010000000000010001,0.00005854458169902231
B-ARB_USDT,1789564837609,0.17074,0.17075,0.170745,0.000010000000000010001,0.000058568583811702004
B-ARB_USDT,1789564840095,0.17075,0.17077,0.17076000000000002,0.000019999999999992246,0.00011713030746701169
B-ARB_USDT,1789564842544,0.17059,0.1706,0.170595,0.000010000000000010001,0.00005862008324057683
B-ARB_USDT,1789564845022,0.17049,0.1705,0.170495,0.000010000000000010001,0.000058654466537685496
B-ARB_USDT,1789564847472,0.17026,0.17027,0.170265,0.000010000000000010001,0.00005873370139792083
B-ARB_USDT,1789564849936,0.17028,0.17029,0.170285,0.000010000000000010001,0.000058726802912908164
B-ARB_USDT,1789564852379,0.17034,0.17035,0.170345,0.000010000000000010001,0.0000587061171774686
B-ARB_USDT,1789564854996,0.17047,0.17048,0.170475,0.000009999999999982245,0.000058661348037673754
B-ARB_USDT,1789564857441,0.1705,0.17051,0.17050500000000002,0.000009999999999982245,0.00005865102639285774
B-ARB_USDT,1789564859964,0.17053,0.17054,0.170535,0.000010000000000010001,0.00005864070837981588
B-ARB_USDT,1789564862492,0.17051,0.17052,0.170515,0.000010000000000010001,0.000058647586651867936
B-ARB_USDT,1789564864940,0.17085,0.17086,0.170855,0.000010000000000010001,0.00005853087503664033
B-ARB_USDT,1789564867389,0.17108,0.1711,0.17109000000000002,0.000019999999999992246,0.00011690437222347583
B-ARB_USDT,1789564869861,0.171,0.17101,0.17100500000000002,0.000009999999999982245,0.00005847953216363886
B-ARB_USDT,1789564872311,0.17086,0.17087,0.170865,0.000009999999999982245,0.000058527449373652375
B-ARB_USDT,1789564874762,0.17076,0.17077,0.170765,0.000010000000000010001,0.00005856172405721481
B-ARB_USDT,1789564877253,0.17096,0.17097,0.170965,0.000010000000000010001,0.000058493214787143194
B-ARB_USDT,1789564879753,0.17089,0.1709,0.170895,0.000010000000000010001,0.000058517174790859625
B-ARB_USDT,1789564882231,0.171,0.17101,0.17100500000000002,0.000009999999999982245,0.00005847953216363886
B-ARB_USDT,1789564884730,0.17102,0.17106,0.17104,0.00003999999999998449,0.00023389077300891412
B-ARB_USDT,1789564887200,0.17099,0.171,0.170995,0.000010000000000010001,0.00005848295221948652
B-ARB_USDT,1789564889645,0.17112,0.17113,0.171125,0.000010000000000010001,0.000058438522674205246
B-ARB_USDT,1789564892181,0.17116,0.17117,0.171165,0.000009999999999982245,0.00005842486562270533
B-ARB_USDT,1789564894671,0.17107,0.17108,0.171075,0.000010000000000010001,0.00005845560296960309
B-ARB_USDT,1789564897130,0.1712,0.17121,0.171205,0.000010000000000010001,0.00005841121495332945
B-ARB_USDT,1789564899680,0.1712,0.17121,0.171205,0.000010000000000010001,0.00005841121495332945
B-ARB_USDT,1789564902119,0.1711,0.17112,0.17110999999999998,0.000019999999999992246,0.00011689070718873318
B-ARB_USDT,1789564904567,0.17119,0.17122,0.171205,0.000030000000000002247,0.0001752438810678325
B-ARB_USDT,1789564907021,0.17117,0.17119,0.17118,0.000020000000000020002,0.00011684290471472806
B-ARB_USDT,1789564909537,0.17116,0.17117,0.171165,0.000009999999999982245,0.00005842486562270533
B-ARB_USDT,1789564912030,0.17116,0.17117,0.171165,0.000009999999999982245,0.00005842486562270533
B-ARB_USDT,1789564914518,0.17113,0.17114,0.17113499999999998,0.000009999999999982245,0.00005843510781267016
B-ARB_USDT,1789564916975,0.17106,0.17107,0.171065,0.000010000000000010001,0.00005845902022687947
B-ARB_USDT,1789564919416,0.1711,0.17111,0.171105,0.000010000000000010001,0.000058445353594447695
B-ARB_USDT,1789564921831,0.171,0.17101,0.17100500000000002,0.000009999999999982245,0.00005847953216363886
B-ARB_USDT,1789564924297,0.1714,0.17141,0.171405,0.000010000000000010001,0.00005834305717625438
B-ARB_USDT,1789564926735,0.17146,0.17147,0.171465,0.000010000000000010001,0.00005832264084923598
B-ARB_USDT,1789564929209,0.17152,0.17153,0.17152499999999998,0.000009999999999982245,0.000058302238805866634
B-ARB_USDT,1789564931680,0.17087,0.17088,0.170875,0.000010000000000010001,0.00005852402411195647
B-ARB_USDT,1789564934118,0.17087,0.17088,0.170875,0.000010000000000010001,0.00005852402411195647
B-ARB_USDT,1789564936640,0.17087,0.17088,0.170875,0.000010000000000010001,0.00005852402411195647
B-ARB_USDT,1789564939083,0.17083,0.17085,0.17084,0.000019999999999992246,0.00011707545513078642
B-ARB_USDT,1789564941552,0.17079,0.1708,0.170795,0.000010000000000010001,0.00005855143743784765
B-ARB_USDT,1789564944004,0.17073,0.17074,0.170735,0.000010000000000010001,0.00005857201429163007
B-ARB_USDT,1789564946424,0.17069,0.17071,0.17070000000000002,0.000019999999999992246,0.0001171714804616102
B-ARB_USDT,1789564948857,0.17064,0.17066,0.17065,0.000020000000000020002,0.00011720581340846228
B-ARB_USDT,1789564951296,0.17014,0.17015,0.170145,0.000009999999999982245,0.00005877512636641733
B-ARB_USDT,1789564953719,0.17027,0.17029,0.17028,0.000019999999999992246,0.00011746050390551621
B-ARB_USDT,1789564956155,0.1702,0.17021,0.170205,0.000010000000000010001,0.0000587544065805523
B-ARB_USDT,1789564958591,0.17021,0.17023,0.17021999999999998,0.000019999999999992246,0.0001175019094059823
B-ARB_USDT,1789564961062,0.17014,0.17015,0.170145,0.000009999999999982245,0.00005877512636641733
B-ARB_USDT,1789564963516,0.1702,0.17021,0.170205,0.000010000000000010001,0.0000587544065805523
B-ARB_USDT,1789564965935,0.17025,0.17026,0.170255,0.000009999999999982245,0.000058737151248060175
B-ARB_USDT,1789564968390,0.17026,0.17027,0.170265,0.000010000000000010001,0.00005873370139792083
B-ARB_USDT,1789564970815,0.17026,0.17027,0.170265,0.000010000000000010001,0.00005873370139792083
B-ARB_USDT,1789564973231,0.17026,0.17027,0.170265,0.000010000000000010001,0.00005873370139792083
B-ARB_USDT,1789564975720,0.16999,0.17001,0.16999999999999998,0.000019999999999992246,0.0001176539796458159
B-ARB_USDT,1789564978202,0.16986,0.16987,0.169865,0.000009999999999982245,0.00005887201224527402
B-ARB_USDT,1789564980663,0.17008,0.1701,0.17009000000000002,0.000019999999999992246,0.00011759172154275779
B-ARB_USDT,1789564983116,0.17017,0.17018,0.170175,0.000010000000000010001,0.00005876476464717636
B-ARB_USDT,1789564985653,0.17006,0.17007,0.170065,0.000010000000000010001,0.00005880277549106199
B-ARB_USDT,1789564988201,0.16987,0.16989,0.16988,0.000020000000000020002,0.00011773709307128983
B-ARB_USDT,1789564990756,0.16965,0.16966,0.169655,0.000010000000000010001,0.00005894488653115238
B-ARB_USDT,1789564993175,0.1696,0.16962,0.16960999999999998,0.000019999999999992246,0.00011792452830184107
B-ARB_USDT,1789564995674,0.16958,0.16959,0.16958499999999999,0.000009999999999982245,0.00005896921806806371
B-ARB_USDT,1789564998175,0.1695,0.16952,0.16951,0.000019999999999992246,0.0001179941002949395
B-ARB_USDT,1789565000605,0.16957,0.16959,0.16958,0.000019999999999992246,0.00011794539128378986
B-ARB_USDT,1789565003048,0.16953,0.16955,0.16954,0.000020000000000020002,0.00011797322007916005
B-ARB_USDT,1789565005809,0.16952,0.16955,0.169535,0.000030000000000002247,0.0001769702689948221
B-ARB_USDT,1789565008272,0.16952,0.16953,0.16952499999999998,0.000009999999999982245,0.00005899008966483155
B-ARB_USDT,1789565010764,0.16952,0.16955,0.169535,0.000030000000000002247,0.0001769702689948221
B-ARB_USDT,1789565013241,0.16953,0.16954,0.169535,0.000010000000000010001,0.00005898661003958002
B-ARB_USDT,1789565015809,0.16947,0.16948,0.169475,0.000009999999999982245,0.0000590074939516271
B-ARB_USDT,1789565018451,0.16951,0.16952,0.169515,0.000010000000000010001,0.0000589935697009616
B-ARB_USDT,1789565020950,0.16951,0.16952,0.169515,0.000010000000000010001,0.0000589935697009616
B-ARB_USDT,1789565023693,0.16942,0.16943,0.169425,0.000010000000000010001,0.00005902490851145084
B-ARB_USDT,1789565026572,0.16952,0.16953,0.16952499999999998,0.000009999999999982245,0.00005899008966483155
B-ARB_USDT,1789565029163,0.1698,0.16981,0.16980499999999998,0.000009999999999982245,0.000058892815076456095
B-ARB_USDT,1789565031991,0.16972,0.16975,0.16973500000000002,0.000030000000000002247,0.00017676172519445112
B-ARB_USDT,1789565034429,0.16979,0.16981,0.1698,0.000019999999999992246,0.0001177925672889584
B-ARB_USDT,1789565036885,0.16971,0.16972,0.169715,0.000010000000000010001,0.00005892404690360027
B-ARB_USDT,1789565039342,0.16967,0.16969,0.16968,0.000020000000000020002,0.00011787587670195087
B-ARB_USDT,1789565041819,0.16995,0.16996,0.169955,0.000010000000000010001,0.00005884083553992352
B-ARB_USDT,1789565044270,0.16976,0.16978,0.16976999999999998,0.000019999999999992246,0.00011781338360033133
B-ARB_USDT,1789565046759,0.16949,0.16951,0.16949999999999998,0.000019999999999992246,0.00011800106200951234
B-ARB_USDT,1789565049187,0.16943,0.16944,0.169435,0.000010000000000010001,0.00005902142477725315
B-ARB_USDT,1789565051635,0.16935,0.16936,0.169355,0.000010000000000010001,0.00005904930617071155
B-ARB_USDT,1789565054093,0.16923,0.16925,0.16924,0.000020000000000020002,0.0001181823553744608
B-ARB_USDT,1789565056553,0.16933,0.16934,0.169335,0.000009999999999982245,0.00005905628063534072
B-ARB_USDT,1789565059036,0.1695,0.16953,0.169515,0.00002999999999997449,0.00017699115044232736
B-ARB_USDT,1789565061512,0.16938,0.1694,0.16938999999999999,0.000019999999999992246,0.00011807769512334541
B-ARB_USDT,1789565064052,0.16935,0.16936,0.169355,0.000010000000000010001,0.00005904930617071155
B-ARB_USDT,1789565066544,0.16932,0.16934,0.16932999999999998,0.000019999999999992246,0.00011811953697136928
B-ARB_USDT,1789565068994,0.16929,0.16931,0.1693,0.000019999999999992246,0.0001181404690176162
B-ARB_USDT,1789565071451,0.16931,0.16933,0.16932,0.000020000000000020002,0.00011812651349607231
B-ARB_USDT,1789565073959,0.16933,0.16934,0.169335,0.000009999999999982245,0.00005905628063534072
B-ARB_USDT,1789565076429,0.16943,0.16944,0.169435,0.000010000000000010001,0.00005902142477725315
B-ARB_USDT,1789565078868,0.16946,0.16948,0.16947,0.000019999999999992246,0.0001180219520830417
B-ARB_USDT,1789565081358,0.16936,0.16937,0.169365,0.000009999999999982245,0.0000590458195558706
B-ARB_USDT,1789565083869,0.16966,0.16967,0.169665,0.000009999999999982245,0.00005894141223613253
B-ARB_USDT,1789565086359,0.16966,0.16967,0.169665,0.000009999999999982245,0.00005894141223613253
B-ARB_USDT,1789565088807,0.16969,0.1697,0.16969499999999998,0.000009999999999982245,0.000058930991808487504
B-ARB_USDT,1789565091287,0.1697,0.16971,0.169705,0.000010000000000010001,0.00005892751915150266
B-ARB_USDT,1789565093724,0.16959,0.1696,0.169595,0.000010000000000010001,0.00005896574090459344
B-ARB_USDT,1789565096162,0.16962,0.16963,0.169625,0.000010000000000010001,0.000058955311873658775
B-ARB_USDT,1789565098706,0.1695,0.16951,0.16950500000000002,0.000009999999999982245,0.000058997050147387874
B-ARB_USDT,1789565101205,0.1696,0.16963,0.16961500000000002,0.000030000000000002247,0.00017688679245284343
B-ARB_USDT,1789565103679,0.16951,0.16953,0.16952,0.000019999999999992246,0.00011798713940175947
B-ARB_USDT,1789565106124,0.16926,0.16927,0.169265,0.000010000000000010001,0.000059080704242053654
B-ARB_USDT,1789565108579,0.16916,0.16917,0.169165,0.000009999999999982245,0.00005911563017251268
B-ARB_USDT,1789565111075,0.16901,0.16902,0.169015,0.000010000000000010001,0.000059168096562392766
B-ARB_USDT,1789565113579,0.16936,0.16938,0.16937000000000002,0.000019999999999992246,0.00011809163911190509
B-ARB_USDT,1789565116145,0.16928,0.16929,0.16928500000000002,0.000009999999999982245,0.00005907372400745655
B-ARB_USDT,1789565118628,0.16922,0.16923,0.16922500000000001,0.000009999999999982245,0.00005909466966069167
B-ARB_USDT,1789565121089,0.16922,0.16925,0.16923500000000002,0.000030000000000002247,0.00017728400898240306
B-ARB_USDT,1789565123543,0.16928,0.16929,0.16928500000000002,0.000009999999999982245,0.00005907372400745655
B-ARB_USDT,1789565125966,0.16924,0.16927,0.169255,0.000030000000000002247,0.00017726305837864717
B-ARB_USDT,1789565128419,0.16916,0.16917,0.169165,0.000009999999999982245,0.00005911563017251268
B-ARB_USDT,1789565130900,0.16907,0.16908,0.169075,0.000010000000000010001,0.000059147098834861303
B-ARB_USDT,1789565133413,0.1689,0.16893,0.16891499999999998,0.000030000000000002247,0.00017761989342807724
B-ARB_USDT,1789565135865,0.16907,0.16908,0.169075,0.000010000000000010001,0.000059147098834861303
B-ARB_USDT,1789565138320,0.16902,0.16905,0.169035,0.000030000000000002247,0.00017749378771744317
B-ARB_USDT,1789565140760,0.16892,0.16893,0.168925,0.000010000000000010001,0.000059199621122484026
B-ARB_USDT,1789565143247,0.16911,0.16912,0.16911500000000002,0.000009999999999982245,0.00005913310862741556
B-ARB_USDT,1789565145734,0.16903,0.16904,0.169035,0.000009999999999982245,0.00005916109566338665
B-ARB_USDT,1789565148189,0.16905,0.16906,0.169055,0.000009999999999982245,0.00005915409642107214
B-ARB_USDT,1789565150626,0.16894,0.16896,0.16895,0.000019999999999992246,0.00011838522552380872
B-ARB_USDT,1789565153106,0.16897,0.169,0.168985,0.000030000000000002247,0.00017754630999587055
B-ARB_USDT,1789565155615,0.16886,0.16887,0.168865,0.000009999999999982245,0.00005922065616476516
B-ARB_USDT,1789565158084,0.16911,0.16914,0.16912500000000003,0.000030000000000002247,0.00017739932588257493
B-ARB_USDT,1789565160547,0.1692,0.16921,0.169205,0.000010000000000010001,0.00005910165484639481
B-ARB_USDT,1789565163023,0.16935,0.16938,0.169365,0.000030000000000002247,0.00017714791851197075
B-ARB_USDT,1789565165438,0.16952,0.16956,0.16954,0.00003999999999998449,0.0002359603586596537
B-ARB_USDT,1789565167866,0.16977,0.16978,0.169775,0.000009999999999982245,0.00005890322200613916
B-ARB_USDT,1789565170331,0.16976,0.16977,0.169765,0.000010000000000010001,0.00005890669180024741
B-ARB_USDT,1789565172753,0.16963,0.16964,0.169635,0.000010000000000010001,0.00005895183634976125
B-ARB_USDT,1789565175187,0.16968,0.16969,0.169685,0.000010000000000010001,0.000058934464875117874
B-ARB_USDT,1789565177637,0.16978,0.1698,0.16979,0.000020000000000020002,0.0001177995052421958
B-ARB_USDT,1789565180070,0.1699,0.16991,0.169905,0.000010000000000010001,0.00005885815185409065
B-ARB_USDT,1789565182511,0.17,0.17002,0.17001,0.000019999999999992246,0.0001176470588234838
B-ARB_USDT,1789565184994,0.16989,0.16992,0.169905,0.00002999999999997449,0.00017658484901980393
B-ARB_USDT,1789565187416,0.16981,0.16982,0.169815,0.000010000000000010001,0.00005888934691720159
B-ARB_USDT,1789565189832,0.16985,0.16986,0.169855,0.000010000000000010001,0.00005887547836332058
B-ARB_USDT,1789565192295,0.16967,0.16969,0.16968,0.000020000000000020002,0.00011787587670195087
B-ARB_USDT,1789565194737,0.1696,0.16964,0.16962,0.00004000000000001225,0.0002358490566038458
B-ARB_USDT,1789565197203,0.16969,0.16972,0.169705,0.000030000000000002247,0.00017679297542578964
B-ARB_USDT,1789565199629,0.16989,0.16991,0.1699,0.000019999999999992246,0.00011772323267992375
B-ARB_USDT,1789565202115,0.16985,0.16986,0.169855,0.000010000000000010001,0.00005887547836332058
B-ARB_USDT,1789565204597,0.17005,0.17006,0.170055,0.000009999999999982245,0.000058806233460642426
B-ARB_USDT,1789565207042,0.1702,0.17022,0.17021,0.000020000000000020002,0.0001175088131611046
B-ARB_USDT,1789565209505,0.17021,0.17024,0.17022500000000002,0.000030000000000002247,0.00017625286410905499
B-ARB_USDT,1789565211990,0.17026,0.17028,0.17026999999999998,0.000019999999999992246,0.00011746740279567865
B-ARB_USDT,1789565214422,0.17022,0.17024,0.17023,0.000019999999999992246,0.0001174950064621798
B-ARB_USDT,1789565216869,0.17008,0.17009,0.170085,0.000009999999999982245,0.0000587958607712973
B-ARB_USDT,1789565219307,0.17001,0.17002,0.170015,0.000010000000000010001,0.00005882006940774073
B-ARB_USDT,1789565221787,0.17002,0.17004,0.17003000000000001,0.000019999999999992246,0.00011763321962117543
B-ARB_USDT,1789565224245,0.17062,0.17063,0.170625,0.000010000000000010001,0.00005860977611071388
B-ARB_USDT,1789565226679,0.17045,0.17047,0.17046,0.000020000000000020002,0.00011733646230577884
B-ARB_USDT,1789565229120,0.17052,0.17053,0.17052499999999998,0.000009999999999982245,0.00005864414731399393
B-ARB_USDT,1789565231581,0.1705,0.17051,0.17050500000000002,0.000009999999999982245,0.00005865102639285774
B-ARB_USDT,1789565234000,0.17037,0.1704,0.170385,0.000030000000000002247,0.00017608733932031608
B-ARB_USDT,1789565236431,0.1705,0.17052,0.17051,0.000019999999999992246,0.00011730205278587827
B-ARB_USDT,1789565238879,0.17058,0.17059,0.170585,0.000009999999999982245,0.00005862351975602207
B-ARB_USDT,1789565241349,0.17055,0.17056,0.170555,0.000009999999999982245,0.000058633831720798854
B-ARB_USDT,1789565243762,0.17073,0.17074,0.170735,0.000010000000000010001,0.00005857201429163007
B-ARB_USDT,1789565246211,0.1707,0.17071,0.170705,0.000010000000000010001,0.00005858230814299942
B-ARB_USDT,1789565248625,0.17073,0.17076,0.17074499999999998,0.000030000000000002247,0.00017571604287472764
B-ARB_USDT,1789565251059,0.17069,0.1707,0.17069499999999999,0.000009999999999982245,0.0000585857402307238
B-ARB_USDT,1789565253478,0.17061,0.17062,0.17061500000000002,0.000009999999999982245,0.000058613211417749514
B-ARB_USDT,1789565255926,0.17054,0.17055,0.170545,0.000010000000000010001,0.000058637269848774485
B-ARB_USDT,1789565258355,0.1705,0.17051,0.17050500000000002,0.000009999999999982245,0.00005865102639285774
B-ARB_USDT,1789565260780,0.17054,0.17055,0.170545,0.000010000000000010001,0.000058637269848774485
B-ARB_USDT,1789565263229,0.17064,0.17066,0.17065,0.000020000000000020002,0.00011720581340846228
B-ARB_USDT,1789565265643,0.17058,0.1706,0.17059000000000002,0.000019999999999992246,0.00011724703951220686
B-ARB_USDT,1789565268111,0.17057,0.17058,0.170575,0.000010000000000010001,0.00005862695667473765
B-ARB_USDT,1789565270533,0.17064,0.17065,0.170645,0.000010000000000010001,0.00005860290670423114
B-ARB_USDT,1789565272956,0.17071,0.17072,0.170715,0.000010000000000010001,0.000058578876457208134
B-ARB_USDT,1789565275741,0.17062,0.17063,0.170625,0.000010000000000010001,0.00005860977611071388
B-ARB_USDT,1789565278184,0.1705,0.17053,0.170515,0.00002999999999997449,0.000175953079178736
B-ARB_USDT,1789565280598,0.17028,0.17029,0.170285,0.000010000000000010001,0.000058726802912908164
B-ARB_USDT,1789565283093,0.17057,0.17058,0.170575,0.000010000000000010001,0.00005862695667473765
B-ARB_USDT,1789565285559,0.17057,0.17059,0.17058,0.000019999999999992246,0.00011725391334931257
B-ARB_USDT,1789565287999,0.17049,0.1705,0.170495,0.000010000000000010001,0.000058654466537685496
B-ARB_USDT,1789565290446,0.17046,0.17049,0.170475,0.000030000000000002247,0.0001759943681802314
B-ARB_USDT,1789565292875,0.17051,0.17052,0.170515,0.000010000000000010001,0.000058647586651867936
B-ARB_USDT,1789565295445,0.17045,0.17046,0.170455,0.000010000000000010001,0.00005866823115288942
B-ARB_USDT,1789565297989,0.17052,0.17054,0.17053000000000001,0.000019999999999992246,0.00011728829462815063
B-ARB_USDT,1789565300516,0.17051,0.17052,0.170515,0.000010000000000010001,0.000058647586651867936
B-ARB_USDT,1789565302947,0.17001,0.17005,0.17003000000000001,0.00004000000000001225,0.00023528027763079965
B-ARB_USDT,1789565305437,0.16978,0.16979,0.169785,0.000010000000000010001,0.0000588997526210979
B-ARB_USDT,1789565307933,0.16981,0.16984,0.169825,0.000030000000000002247,0.0001766680407514413
B-ARB_USDT,1789565310398,0.16986,0.1699,0.16988,0.00003999999999998449,0.00023548804898142287
B-ARB_USDT,1789565313046,0.16993,0.16994,0.169935,0.000010000000000010001,0.00005884776084275879
B-ARB_USDT,1789565315960,0.17015,0.17016,0.170155,0.000010000000000010001,0.000058771672054128714
B-ARB_USDT,1789565318434,0.17025,0.17026,0.170255,0.000009999999999982245,0.000058737151248060175
B-ARB_USDT,1789565321299,0.17004,0.17005,0.170045,0.000010000000000010001,0.00005880969183727359
B-ARB_USDT,1789565323807,0.17019,0.1702,0.17019499999999999,0.000009999999999982245,0.00005875785886351868
B-ARB_USDT,1789565326245,0.1701,0.17011,0.170105,0.000010000000000010001,0.00005878894767789536
B-ARB_USDT,1789565328770,0.17008,0.17009,0.170085,0.000009999999999982245,0.0000587958607712973
B-ARB_USDT,1789565331564,0.17009,0.17011,0.1701,0.000020000000000020002,0.00011758480804291847
B-ARB_USDT,1789565334071,0.17013,0.17014,0.170135,0.000010000000000010001,0.00005877858108511139
B-ARB_USDT,1789565336620,0.16999,0.17,0.169995,0.000010000000000010001,0.00005882698982298959
B-ARB_USDT,1789565339247,0.16994,0.16995,0.169945,0.000009999999999982245,0.00005884429798742053
B-ARB_USDT,1789565341747,0.17011,0.17015,0.17013,0.00003999999999998449,0.00023514196696246246
B-ARB_USDT,1789565344201,0.16994,0.16996,0.16995,0.000019999999999992246,0.00011768859597500439
B-ARB_USDT,1789565346636,0.17014,0.17016,0.17015000000000002,0.000019999999999992246,0.00011755025273299779
B-ARB_USDT,1789565349135,0.16991,0.16993,0.16992000000000002,0.000019999999999992246,0.00011770937555171706
B-ARB_USDT,1789565351598,0.17028,0.17029,0.170285,0.000010000000000010001,0.000058726802912908164
B-ARB_USDT,1789565354102,0.17024,0.17025,0.170245,0.000010000000000010001,0.000058740601503818145
B-ARB_USDT,1789565356559,0.17019,0.17021,0.17020000000000002,0.000019999999999992246,0.00011751571772720046
B-ARB_USDT,1789565358991,0.17016,0.17017,0.170165,0.000009999999999982245,0.00005876821814752142
B-ARB_USDT,1789565361437,0.17028,0.17029,0.170285,0.000010000000000010001,0.000058726802912908164
B-ARB_USDT,1789565363887,0.17012,0.17014,0.17013,0.000020000000000020002,0.00011756407241958618
B-ARB_USDT,1789565366342,0.17013,0.17016,0.170145,0.000030000000000002247,0.00017633574325517102
B-ARB_USDT,1789565368787,0.16998,0.16999,0.169985,0.000010000000000010001,0.00005883045064131075
B-ARB_USDT,1789565371213,0.17006,0.17007,0.170065,0.000010000000000010001,0.00005880277549106199
B-ARB_USDT,1789565373646,0.17007,0.17008,0.170075,0.000010000000000010001,0.00005879931792797084
B-ARB_USDT,1789565376146,0.17004,0.17005,0.170045,0.000010000000000010001,0.00005880969183727359
B-ARB_USDT,1789565378595,0.17006,0.17008,0.17007,0.000020000000000020002,0.00011760555098212398
B-ARB_USDT,1789565381109,0.17007,0.17008,0.170075,0.000010000000000010001,0.00005879931792797084
B-ARB_USDT,1789565383566,0.17007,0.17008,0.170075,0.000010000000000010001,0.00005879931792797084
B-ARB_USDT,1789565386002,0.17007,0.17008,0.170075,0.000010000000000010001,0.00005879931792797084
B-ARB_USDT,1789565388481,0.17016,0.17019,0.17017500000000002,0.000030000000000002247,0.0001763046544428905
B-ARB_USDT,1789565390915,0.17025,0.17027,0.17026000000000002,0.000019999999999992246,0.00011747430249628337
B-ARB_USDT,1789565393396,0.17028,0.1703,0.17029,0.000020000000000020002,0.00011745360582581633
B-ARB_USDT,1789565395846,0.17028,0.17031,0.17029499999999997,0.000030000000000002247,0.00017618040873856148
B-ARB_USDT,1789565398364,0.17036,0.17037,0.170365,0.000009999999999982245,0.00005869922517012353
B-ARB_USDT,1789565400902,0.17033,0.17036,0.17034500000000002,0.000030000000000002247,0.00017612869136383636
B-ARB_USDT,1789565403403,0.17022,0.17026,0.17024,0.00003999999999998449,0.0002349900129243596
B-ARB_USDT,1789565405879,0.17026,0.17027,0.170265,0.000010000000000010001,0.00005873370139792083
B-ARB_USDT,1789565408340,0.17031,0.17034,0.170325,0.000030000000000002247,0.00017614937466973313
B-ARB_USDT,1789565410791,0.17046,0.17048,0.17047,0.000019999999999992246,0.00011732957878676667
B-ARB_USDT,1789565413245,0.17039,0.17044,0.170415,0.00004999999999999449,0.0002934444509653999
B-ARB_USDT,1789565415693,0.1703,0.17032,0.17031000000000002,0.000019999999999992246,0.00011743981209625511
B-ARB_USDT,1789565418137,0.17034,0.17035,0.170345,0.000010000000000010001,0.0000587061171774686
B-ARB_USDT,1789565420595,0.17023,0.17026,0.17024499999999998,0.000030000000000002247,0.00017623215649416817
B-ARB_USDT,1789565423061,0.17019,0.17022,0.170205,0.000030000000000002247,0.00017627357659088223
B-ARB_USDT,1789565425562,0.17006,0.17007,0.170065,0.000010000000000010001,0.00005880277549106199
B-ARB_USDT,1789565428013,0.17006,0.17011,0.170085,0.00005000000000002225,0.0002940138774551467
B-ARB_USDT,1789565430436,0.1702,0.17021,0.170205,0.000010000000000010001,0.0000587544065805523
B-ARB_USDT,1789565432878,0.17034,0.17035,0.170345,0.000010000000000010001,0.0000587061171774686
B-ARB_USDT,1789565435291,0.17022,0.17024,0.17023,0.000019999999999992246,0.0001174950064621798
B-ARB_USDT,1789565437720,0.17024,0.17025,0.170245,0.000010000000000010001,0.000058740601503818145
B-ARB_USDT,1789565440197,0.17025,0.17027,0.17026000000000002,0.000019999999999992246,0.00011747430249628337
B-ARB_USDT,1789565442662,0.17035,0.17036,0.170355,0.000010000000000010001,0.00005870267097158791
B-ARB_USDT,1789565445120,0.17041,0.17042,0.17041499999999998,0.000009999999999982245,0.000058682002229811894
B-ARB_USDT,1789565447581,0.1703,0.17031,0.17030499999999998,0.000009999999999982245,0.00005871990604804606
B-ARB_USDT,1789565450005,0.17032,0.17034,0.17032999999999998,0.000019999999999992246,0.00011742602160634246
B-ARB_USDT,1789565452435,0.17024,0.17025,0.170245,0.000010000000000010001,0.000058740601503818145
B-ARB_USDT,1789565454867,0.17023,0.17024,0.170235,0.000010000000000010001,0.000058744052164777074
B-ARB_USDT,1789565457332,0.17025,0.17026,0.170255,0.000009999999999982245,0.000058737151248060175
B-ARB_USDT,1789565459779,0.17038,0.17039,0.170385,0.000010000000000010001,0.000058692334781136285
B-ARB_USDT,1789565462210,0.17023,0.17025,0.17024,0.000020000000000020002,0.00011748810432955415
B-ARB_USDT,1789565464733,0.17022,0.17023,0.17022500000000002,0.000009999999999982245,0.00005874750323100837
B-ARB_USDT,1789565467256,0.17032,0.17033,0.170325,0.000010000000000010001,0.00005871301080325271
B-ARB_USDT,1789565469742,0.1705,0.17054,0.17052,0.00003999999999998449,0.00023460410557175654
B-ARB_USDT,1789565472192,0.17048,0.1705,0.17049,0.000020000000000020002,0.00011731581417186769
B-ARB_USDT,1789565474646,0.17058,0.17059,0.170585,0.000009999999999982245,0.00005862351975602207
B-ARB_USDT,1789565477156,0.17055,0.17056,0.170555,0.000009999999999982245,0.000058633831720798854
B-ARB_USDT,1789565479647,0.17052,0.17054,0.17053000000000001,0.000019999999999992246,0.00011728829462815063
B-ARB_USDT,1789565482120,0.17041,0.17042,0.17041499999999998,0.000009999999999982245,0.000058682002229811894
B-ARB_USDT,1789565484653,0.17028,0.1703,0.17029,0.000020000000000020002,0.00011745360582581633
B-ARB_USDT,1789565487089,0.17025,0.17027,0.17026000000000002,0.000019999999999992246,0.00011747430249628337
B-ARB_USDT,1789565489809,0.17036,0.17037,0.170365,0.000009999999999982245,0.00005869922517012353
B-ARB_USDT,1789565492268,0.17026,0.17028,0.17026999999999998,0.000019999999999992246,0.00011746740279567865
B-ARB_USDT,1789565494700,0.17032,0.17033,0.170325,0.000010000000000010001,0.00005871301080325271
B-ARB_USDT,1789565497136,0.17036,0.17038,0.17037000000000002,0.000019999999999992246,0.00011739845034040999
B-ARB_USDT,1789565499571,0.17045,0.17046,0.170455,0.000010000000000010001,0.00005866823115288942
B-ARB_USDT,1789565502032,0.1703,0.17032,0.17031000000000002,0.000019999999999992246,0.00011743981209625511
B-ARB_USDT,1789565504471,0.1703,0.17031,0.17030499999999998,0.000009999999999982245,0.00005871990604804606
B-ARB_USDT,1789565507185,0.17042,0.17043,0.170425,0.000010000000000010001,0.00005867855885465322
B-ARB_USDT,1789565509605,0.17047,0.17048,0.170475,0.000009999999999982245,0.000058661348037673754
B-ARB_USDT,1789565512079,0.17052,0.17053,0.17052499999999998,0.000009999999999982245,0.00005864414731399393
B-ARB_USDT,1789565514519,0.17049,0.1705,0.170495,0.000010000000000010001,0.000058654466537685496
B-ARB_USDT,1789565516937,0.17044,0.17045,0.170445,0.000009999999999982245,0.000058671673316018806
B-ARB_USDT,1789565519397,0.17046,0.17047,0.170465,0.000010000000000010001,0.000058664789393464745
B-ARB_USDT,1789565521839,0.17083,0.17084,0.17083500000000001,0.000009999999999982245,0.00005853772756531198
B-ARB_USDT,1789565524291,0.17095,0.17096,0.170955,0.000010000000000010001,0.00005849663644346301
B-ARB_USDT,1789565526747,0.17043,0.17044,0.170435,0.000010000000000010001,0.00005867511588341255
B-ARB_USDT,1789565529176,0.17025,0.17027,0.17026000000000002,0.000019999999999992246,0.00011747430249628337
B-ARB_USDT,1789565531679,0.17006,0.17007,0.170065,0.000010000000000010001,0.00005880277549106199
B-ARB_USDT,1789565534166,0.16996,0.16998,0.16997,0.000019999999999992246,0.00011767474699924833
B-ARB_USDT,1789565536657,0.16987,0.16988,0.169875,0.000010000000000010001,0.00005886854653564491
B-ARB_USDT,1789565539104,0.16964,0.16966,0.16965000000000002,0.000019999999999992246,0.00011789672247106958
B-ARB_USDT,1789565541593,0.16973,0.16974,0.169735,0.000010000000000010001,0.00005891710363524422
B-ARB_USDT,1789565544024,0.16974,0.16975,0.169745,0.000010000000000010001,0.00005891363261464593
B-ARB_USDT,1789565546515,0.16985,0.16986,0.169855,0.000010000000000010001,0.00005887547836332058
B-ARB_USDT,1789565549005,0.16991,0.16992,0.16991499999999998,0.000009999999999982245,0.00005885468777577685
B-ARB_USDT,1789565551455,0.17013,0.17015,0.17014,0.000019999999999992246,0.00011755716217005963
B-ARB_USDT,1789565553905,0.17004,0.17005,0.170045,0.000010000000000010001,0.00005880969183727359
B-ARB_USDT,1789565556359,0.17005,0.17009,0.17007,0.00003999999999998449,0.00023522493384289616
B-ARB_USDT,1789565558818,0.17001,0.17004,0.17002499999999998,0.000030000000000002247,0.0001764602082230589
B-ARB_USDT,1789565561254,0.17016,0.17017,0.170165,0.000009999999999982245,0.00005876821814752142
B-ARB_USDT,1789565563725,0.17031,0.17032,0.170315,0.000010000000000010001,0.0000587164582232987
B-ARB_USDT,1789565566198,0.17015,0.17016,0.170155,0.000010000000000010001,0.000058771672054128714
B-ARB_USDT,1789565568700,0.17024,0.17025,0.170245,0.000010000000000010001,0.000058740601503818145
B-ARB_USDT,1789565571160,0.17046,0.17047,0.170465,0.000010000000000010001,0.000058664789393464745
B-ARB_USDT,1789565573608,0.17031,0.17032,0.170315,0.000010000000000010001,0.0000587164582232987
B-ARB_USDT,1789565576069,0.1704,0.17041,0.170405,0.000010000000000010001,0.000058685446009448366
B-ARB_USDT,1789565578483,0.17043,0.17044,0.170435,0.000010000000000010001,0.00005867511588341255
B-ARB_USDT,1789565580881,0.17066,0.17068,0.17067,0.000019999999999992246,0.00011719207781549423
B-ARB_USDT,1789565583356,0.17059,0.1706,0.170595,0.000010000000000010001,0.00005862008324057683
B-ARB_USDT,1789565585815,0.17058,0.17059,0.170585,0.000009999999999982245,0.00005862351975602207
B-ARB_USDT,1789565588302,0.17072,0.17075,0.17073500000000003,0.000030000000000002247,0.0001757263355201631
B-ARB_USDT,1789565590769,0.17077,0.17078,0.170775,0.000009999999999982245,0.00005855829478235197
B-ARB_USDT,1789565593307,0.17068,0.17069,0.170685,0.000010000000000010001,0.000058589172720939775
B-ARB_USDT,1789565595756,0.17067,0.17069,0.17068,0.000020000000000020002,0.00011718521122646043
B-ARB_USDT,1789565598202,0.17069,0.1707,0.17069499999999999,0.000009999999999982245,0.0000585857402307238
B-ARB_USDT,1789565600675,0.17086,0.17087,0.170865,0.000009999999999982245,0.000058527449373652375
B-ARB_USDT,1789565603129,0.17101,0.17102,0.171015,0.000010000000000010001,0.00005847611250809895
B-ARB_USDT,1789565605551,0.17093,0.17094,0.170935,0.000010000000000010001,0.00005850348095717546
B-ARB_USDT,1789565607974,0.17099,0.171,0.170995,0.000010000000000010001,0.00005848295221948652
B-ARB_USDT,1789565610404,0.17106,0.17107,0.171065,0.000010000000000010001,0.00005845902022687947
B-ARB_USDT,1789565612859,0.1711,0.17111,0.171105,0.000010000000000010001,0.000058445353594447695
B-ARB_USDT,1789565615341,0.17122,0.17125,0.17123500000000003,0.000030000000000002247,0.00017521317603085064
B-ARB_USDT,1789565617775,0.17127,0.17128,0.171275,0.000009999999999982245,0.00005838734162423218
B-ARB_USDT,1789565620216,0.17135,0.17136,0.171355,0.000010000000000010001,0.00005836008170417275
B-ARB_USDT,1789565622643,0.17129,0.1713,0.171295,0.000010000000000010001,0.000058380524257166216
B-ARB_USDT,1789565625061,0.17128,0.17129,0.171285,0.000010000000000010001,0.000058383932741767876
B-ARB_USDT,1789565627518,0.17131,0.17132,0.171315,0.000010000000000010001,0.000058373708481758224
B-ARB_USDT,1789565629959,0.17122,0.17123,0.17122500000000002,0.000009999999999982245,0.00005840439201017547
B-ARB_USDT,1789565632459,0.17122,0.17123,0.17122500000000002,0.000009999999999982245,0.00005840439201017547
B-ARB_USDT,1789565634930,0.17129,0.17131,0.1713,0.000019999999999992246,0.0001167610485141704
B-ARB_USDT,1789565637358,0.1712,0.17122,0.17121,0.000020000000000020002,0.0001168224299066589
B-ARB_USDT,1789565639799,0.17116,0.17117,0.171165,0.000009999999999982245,0.00005842486562270533
B-ARB_USDT,1789565642237,0.17125,0.17126,0.171255,0.000009999999999982245,0.000058394160583837925
B-ARB_USDT,1789565644713,0.17124,0.17125,0.171245,0.000010000000000010001,0.0000583975706611189
B-ARB_USDT,1789565647194,0.17114,0.17115,0.171145,0.000010000000000010001,0.000058431693350531737
B-ARB_USDT,1789565649674,0.17134,0.17135,0.171345,0.000010000000000010001,0.00005836348780208942
B-ARB_USDT,1789565652175,0.17105,0.17107,0.17106,0.000019999999999992246,0.00011692487576727416
B-ARB_USDT,1789565654652,0.17117,0.17118,0.171175,0.000010000000000010001,0.00005842145235736403
B-ARB_USDT,1789565657096,0.17123,0.17124,0.171235,0.000010000000000010001,0.0000584009811365415
B-ARB_USDT,1789565659523,0.17122,0.17123,0.17122500000000002,0.000009999999999982245,0.00005840439201017547
B-ARB_USDT,1789565661983,0.17123,0.17124,0.171235,0.000010000000000010001,0.0000584009811365415
B-ARB_USDT,1789565664483,0.17146,0.17147,0.171465,0.000010000000000010001,0.00005832264084923598
B-ARB_USDT,1789565666929,0.17136,0.17137,0.171365,0.000009999999999982245,0.000058356676003631214
B-ARB_USDT,1789565669383,0.17122,0.17123,0.17122500000000002,0.000009999999999982245,0.00005840439201017547
B-ARB_USDT,1789565671855,0.17119,0.17121,0.17120000000000002,0.000019999999999992246,0.00011682925404516762
B-ARB_USDT,1789565674312,0.17133,0.17134,0.17133500000000002,0.000009999999999982245,0.000058366894297450794
B-ARB_USDT,1789565676747,0.1714,0.17141,0.171405,0.000010000000000010001,0.00005834305717625438
B-ARB_USDT,1789565679247,0.17142,0.17143,0.171425,0.000010000000000010001,0.00005833625014589897
B-ARB_USDT,1789565681715,0.17142,0.17143,0.171425,0.000010000000000010001,0.00005833625014589897
B-ARB_USDT,1789565684252,0.17131,0.17132,0.171315,0.000010000000000010001,0.000058373708481758224
B-ARB_USDT,1789565686680,0.17147,0.17148,0.171475,0.000009999999999982245,0.00005831923951701315
B-ARB_USDT,1789565689117,0.17152,0.17153,0.17152499999999998,0.000009999999999982245,0.000058302238805866634
B-ARB_USDT,1789565691569,0.17163,0.17164,0.17163499999999998,0.000009999999999982245,0.00005826487210850227
B-ARB_USDT,1789565694039,0.17164,0.17166,0.17165,0.000020000000000020002,0.0001165229550222559
B-ARB_USDT,1789565696597,0.17169,0.1717,0.171695,0.000009999999999982245,0.000058244510454786215
B-ARB_USDT,1789565699069,0.17176,0.17177,0.171765,0.000010000000000010001,0.00005822077317192595
B-ARB_USDT,1789565701532,0.17161,0.17162,0.17161500000000002,0.000009999999999982245,0.00005827166249042739
B-ARB_USDT,1789565704013,0.17164,0.17165,0.171645,0.000010000000000010001,0.00005826147751112795
B-ARB_USDT,1789565706483,0.17146,0.17147,0.171465,0.000010000000000010001,0.00005832264084923598
B-ARB_USDT,1789565708947,0.17145,0.17149,0.17147,0.00004000000000001225,0.00023330417031211577
B-ARB_USDT,1789565711409,0.17156,0.17157,0.171565,0.000010000000000010001,0.00005828864537193986
B-ARB_USDT,1789565713882,0.17163,0.17164,0.17163499999999998,0.000009999999999982245,0.00005826487210850227
B-ARB_USDT,1789565716326,0.17184,0.17185,0.171845,0.000010000000000010001,0.00005819366852892226
B-ARB_USDT,1789565718799,0.17188,0.17189,0.171885,0.000009999999999982245,0.00005818012566896815
B-ARB_USDT,1789565721282,0.17183,0.17184,0.17183500000000002,0.000009999999999982245,0.000058197055228902084
B-ARB_USDT,1789565723737,0.17172,0.17173,0.17172500000000002,0.000009999999999982245,0.000058234334963791315
B-ARB_USDT,1789565726188,0.17154,0.17155,0.171545,0.000010000000000010001,0.000058295441296548915
B-ARB_USDT,1789565728624,0.17158,0.1716,0.17159000000000002,0.000019999999999992246,0.00011656370206313232
B-ARB_USDT,1789565731046,0.17156,0.17158,0.17157,0.000020000000000020002,0.00011657729074387972
B-ARB_USDT,1789565733511,0.17151,0.17152,0.171515,0.000010000000000010001,0.00005830563815526792
B-ARB_USDT,1789565735926,0.17158,0.17159,0.171585,0.000009999999999982245,0.00005828185103148528
B-ARB_USDT,1789565738358,0.17161,0.17162,0.17161500000000002,0.000009999999999982245,0.00005827166249042739
B-ARB_USDT,1789565740811,0.17158,0.17159,0.171585,0.000009999999999982245,0.00005828185103148528
B-ARB_USDT,1789565743266,0.17154,0.17155,0.171545,0.000010000000000010001,0.000058295441296548915
B-ARB_USDT,1789565745849,0.17152,0.17153,0.17152499999999998,0.000009999999999982245,0.000058302238805866634
B-ARB_USDT,1789565748334,0.17149,0.1715,0.171495,0.000010000000000010001,0.000058312438043092894
B-ARB_USDT,1789565750834,0.17138,0.1714,0.17139,0.000019999999999992246,0.0001166997315905721
B-ARB_USDT,1789565753309,0.17129,0.17132,0.17130499999999999,0.000030000000000002247,0.0001751415727713366
B-ARB_USDT,1789565755743,0.17139,0.1714,0.171395,0.000010000000000010001,0.00005834646128718129
B-ARB_USDT,1789565758186,0.17136,0.17138,0.17137000000000002,0.000019999999999992246,0.0001167133520074244
B-ARB_USDT,1789565760647,0.17123,0.17124,0.171235,0.000010000000000010001,0.0000584009811365415
B-ARB_USDT,1789565763085,0.17125,0.17127,0.17126000000000002,0.000019999999999992246,0.00011678832116783792
B-ARB_USDT,1789565765527,0.17097,0.17099,0.17098000000000002,0.000019999999999992246,0.00011697958706201232
B-ARB_USDT,1789565767990,0.17101,0.17102,0.171015,0.000010000000000010001,0.00005847611250809895
B-ARB_USDT,1789565770451,0.17112,0.17113,0.171125,0.000010000000000010001,0.000058438522674205246
B-ARB_USDT,1789565772865,0.17106,0.17107,0.171065,0.000010000000000010001,0.00005845902022687947
B-ARB_USDT,1789565775356,0.17111,0.17112,0.17111500000000002,0.000009999999999982245,0.00005844193793455815
B-ARB_USDT,1789565777831,0.1712,0.17122,0.17121,0.000020000000000020002,0.0001168224299066589
B-ARB_USDT,1789565780307,0.1713,0.17132,0.17131000000000002,0.000019999999999992246,0.00011675423234087709
B-ARB_USDT,1789565782739,0.17119,0.1712,0.17119499999999999,0.000009999999999982245,0.00005841462702250275
B-ARB_USDT,1789565785150,0.17111,0.17112,0.17111500000000002,0.000009999999999982245,0.00005844193793455815
B-ARB_USDT,1789565787610,0.17109,0.1711,0.171095,0.000010000000000010001,0.00005844876965345725
B-ARB_USDT,1789565790076,0.17115,0.17116,0.171155,0.000010000000000010001,0.000058428279287233426
B-ARB_USDT,1789565792551,0.17123,0.17124,0.171235,0.000010000000000010001,0.0000584009811365415
B-ARB_USDT,1789565795038,0.17125,0.17127,0.17126000000000002,0.000019999999999992246,0.00011678832116783792
B-ARB_USDT,1789565797477,0.17138,0.17139,0.171385,0.000009999999999982245,0.000058349865795205074
B-ARB_USDT,1789565799922,0.17153,0.17154,0.171535,0.000010000000000010001,0.00005829883985314523
B-ARB_USDT,1789565802364,0.17149,0.1715,0.171495,0.000010000000000010001,0.000058312438043092894
B-ARB_USDT,1789565804788,0.17151,0.17152,0.171515,0.000010000000000010001,0.00005830563815526792
B-ARB_USDT,1789565807217,0.17155,0.17156,0.171555,0.000009999999999982245,0.00005829204313600842
B-ARB_USDT,1789565809627,0.17146,0.17148,0.17147,0.000019999999999992246,0.00011664528169831008
B-ARB_USDT,1789565812085,0.1715,0.17151,0.17150500000000002,0.000009999999999982245,0.000058309037900771104
B-ARB_USDT,1789565814532,0.17145,0.17146,0.171455,0.000010000000000010001,0.00005832604257806942
B-ARB_USDT,1789565816946,0.17147,0.17149,0.17148000000000002,0.000019999999999992246,0.00011663847903418816
B-ARB_USDT,1789565819374,0.17148,0.17149,0.171485,0.000010000000000010001,0.00005831583858181713
B-ARB_USDT,1789565821952,0.17156,0.17157,0.171565,0.000010000000000010001,0.00005828864537193986
B-ARB_USDT,1789565824440,0.17198,0.172,0.17198999999999998,0.000019999999999992246,0.0001162925921618342
B-ARB_USDT,1789565826860,0.17174,0.17175,0.171745,0.000010000000000010001,0.00005822755327826948
B-ARB_USDT,1789565829304,0.17166,0.17167,0.171665,0.000009999999999982245,0.00005825468950240152
B-ARB_USDT,1789565831820,0.17162,0.17163,0.171625,0.000010000000000010001,0.00005826826710179467
B-ARB_USDT,1789565834342,0.17149,0.1715,0.171495,0.000010000000000010001,0.000058312438043092894
B-ARB_USDT,1789565836820,0.17143,0.17144,0.171435,0.000010000000000010001,0.00005833284722633145
B-ARB_USDT,1789565839274,0.17173,0.17175,0.17174,0.000020000000000020002,0.00011646188784731847
B-ARB_USDT,1789565841741,0.1717,0.17171,0.171705,0.000010000000000010001,0.00005824111822952825
B-ARB_USDT,1789565844251,0.17167,0.1717,0.17168499999999998,0.000030000000000002247,0.0001747538882740272
B-ARB_USDT,1789565846739,0.17147,0.17149,0.17148000000000002,0.000019999999999992246,0.00011663847903418816
B-ARB_USDT,1789565849237,0.17141,0.17142,0.17141499999999998,0.000009999999999982245,0.00005833965346235485
B-ARB_USDT,1789565851735,0.1713,0.17133,0.171315,0.000030000000000002247,0.00017513134851139664
B-ARB_USDT,1789565854300,0.1714,0.17141,0.171405,0.000010000000000010001,0.00005834305717625438
B-ARB_USDT,1789565857177,0.17147,0.17148,0.171475,0.000009999999999982245,0.00005831923951701315
B-ARB_USDT,1789565859618,0.17148,0.17149,0.171485,0.000010000000000010001,0.00005831583858181713
B-ARB_USDT,1789565862195,0.17139,0.17141,0.1714,0.000020000000000020002,0.00011669292257436258
B-ARB_USDT,1789565864611,0.17144,0.17146,0.17145,0.000019999999999992246,0.0001166588894073276
B-ARB_USDT,1789565867062,0.17134,0.17137,0.17135499999999998,0.000030000000000002247,0.00017509046340610627
B-ARB_USDT,1789565869557,0.17097,0.17098,0.170975,0.000009999999999982245,0.000058489793530924986
B-ARB_USDT,1789565872043,0.17104,0.17106,0.17104999999999998,0.000019999999999992246,0.0001169317118802166
B-ARB_USDT,1789565874577,0.17088,0.17089,0.170885,0.000009999999999982245,0.00005852059925083243
B-ARB_USDT,1789565877011,0.17067,0.17068,0.170675,0.000010000000000010001,0.000058592605613230216
B-ARB_USDT,1789565879465,0.17069,0.1707,0.17069499999999999,0.000009999999999982245,0.0000585857402307238
B-ARB_USDT,1789565881928,0.17027,0.17028,0.170275,0.000009999999999982245,0.0000587302519526766
B-ARB_USDT,1789565884383,0.17016,0.17017,0.170165,0.000009999999999982245,0.00005876821814752142
B-ARB_USDT,1789565886799,0.16973,0.16974,0.169735,0.000010000000000010001,0.00005891710363524422
B-ARB_USDT,1789565889223,0.16978,0.16979,0.169785,0.000010000000000010001,0.0000588997526210979
B-ARB_USDT,1789565891681,0.1699,0.16991,0.169905,0.000010000000000010001,0.00005885815185409065
B-ARB_USDT,1789565894327,0.16963,0.16966,0.169645,0.000030000000000002247,0.00017685550904912012
B-ARB_USDT,1789565896721,0.16983,0.16985,0.16984,0.000019999999999992246,0.00011776482364713092
B-ARB_USDT,1789565899175,0.16988,0.16989,0.169885,0.000010000000000010001,0.000058865081233870975
B-ARB_USDT,1789565901599,0.16978,0.16979,0.169785,0.000010000000000010001,0.0000588997526210979
B-ARB_USDT,1789565904044,0.16984,0.16986,0.16985,0.000020000000000020002,0.00011775788977873294
B-ARB_USDT,1789565906599,0.16989,0.16992,0.169905,0.00002999999999997449,0.00017658484901980393
B-ARB_USDT,1789565909035,0.16997,0.16998,0.169975,0.000009999999999982245,0.00005883391186669556
B-ARB_USDT,1789565911460,0.16999,0.17,0.169995,0.000010000000000010001,0.00005882698982298959
B-ARB_USDT,1789565913924,0.17001,0.17002,0.170015,0.000010000000000010001,0.00005882006940774073
B-ARB_USDT,1789565916340,0.17,0.17001,0.17000500000000002,0.000009999999999982245,0.000058823529411660265
B-ARB_USDT,1789565918786,0.16991,0.16994,0.169925,0.000030000000000002247,0.00017656406332765726
B-ARB_USDT,1789565921251,0.16994,0.16996,0.16995,0.000019999999999992246,0.00011768859597500439
B-ARB_USDT,1789565923660,0.16996,0.16997,0.169965,0.000010000000000010001,0.00005883737349970582
B-ARB_USDT,1789565926132,0.17,0.17002,0.17001,0.000019999999999992246,0.0001176470588234838
B-ARB_USDT,1789565928595,0.17016,0.17018,0.17017,0.000019999999999992246,0.00011753643629520596
B-ARB_USDT,1789565931017,0.17016,0.17017,0.170165,0.000009999999999982245,0.00005876821814752142
B-ARB_USDT,1789565933480,0.17022,0.17023,0.17022500000000002,0.000009999999999982245,0.00005874750323100837
B-ARB_USDT,1789565936031,0.17013,0.17014,0.170135,0.000010000000000010001,0.00005877858108511139
B-ARB_USDT,1789565938537,0.1703,0.17031,0.17030499999999998,0.000009999999999982245,0.00005871990604804606
B-ARB_USDT,1789565941012,0.17006,0.17007,0.170065,0.000010000000000010001,0.00005880277549106199
B-ARB_USDT,1789565943468,0.16997,0.16999,0.16998000000000002,0.000019999999999992246,0.00011766782373355443
B-ARB_USDT,1789565945913,0.17055,0.17057,0.17056,0.000019999999999992246,0.00011726766344176046
B-ARB_USDT,1789565948399,0.17057,0.17058,0.170575,0.000010000000000010001,0.00005862695667473765
B-ARB_USDT,1789565950848,0.17079,0.1708,0.170795,0.000010000000000010001,0.00005855143743784765
B-ARB_USDT,1789565953250,0.17078,0.17079,0.170785,0.000010000000000010001,0.00005855486590941563
B-ARB_USDT,1789565955687,0.17064,0.17065,0.170645,0.000010000000000010001,0.00005860290670423114
B-ARB_USDT,1789565958108,0.17066,0.17067,0.170665,0.000009999999999982245,0.0000585960389076658
B-ARB_USDT,1789565960545,0.17059,0.17061,0.1706,0.000020000000000020002,0.00011724016648115366
B-ARB_USDT,1789565962977,0.16997,0.16998,0.169975,0.000009999999999982245,0.00005883391186669556
B-ARB_USDT,1789565965438,0.1699,0.16993,0.16991499999999998,0.000030000000000002247,0.00017657445556210858
B-ARB_USDT,1789565967897,0.16994,0.16997,0.16995500000000002,0.000030000000000002247,0.00017653289396258825
B-ARB_USDT,1789565970380,0.16996,0.16998,0.16997,0.000019999999999992246,0.00011767474699924833
B-ARB_USDT,1789565972798,0.17009,0.17011,0.1701,0.000020000000000020002,0.00011758480804291847
B-ARB_USDT,1789565975234,0.16999,0.17,0.169995,0.000010000000000010001,0.00005882698982298959
B-ARB_USDT,1789565977686,0.17003,0.17004,0.170035,0.000010000000000010001,0.00005881315062053756
B-ARB_USDT,1789565980187,0.16987,0.16988,0.169875,0.000010000000000010001,0.00005886854653564491
B-ARB_USDT,1789565982627,0.16982,0.16985,0.169835,0.000030000000000002247,0.00017665763749854108
B-ARB_USDT,1789565985071,0.16981,0.16982,0.169815,0.000010000000000010001,0.00005888934691720159
B-ARB_USDT,1789565987581,0.16967,0.16968,0.169675,0.000010000000000010001,0.000058937938350975435
B-ARB_USDT,1789565990009,0.16972,0.16973,0.16972500000000001,0.000009999999999982245,0.000058920575064708016
B-ARB_USDT,1789565992448,0.16968,0.16969,0.169685,0.000010000000000010001,0.000058934464875117874
B-ARB_USDT,1789565994895,0.16974,0.16977,0.169755,0.000030000000000002247,0.00017674089784377428
B-ARB_USDT,1789565997354,0.16973,0.16977,0.16975,0.00004000000000001225,0.00023566841454081335
B-ARB_USDT,1789565999886,0.16968,0.16972,0.16970000000000002,0.00004000000000001225,0.00023573785950030792
B-ARB_USDT,1789566002355,0.16903,0.16904,0.169035,0.000009999999999982245,0.00005916109566338665
B-ARB_USDT,1789566004811,0.16924,0.16926,0.16925,0.000019999999999992246,0.00011817537225237678
B-ARB_USDT,1789566007370,0.1694,0.16941,0.169405,0.000010000000000010001,0.00005903187721375443
B-ARB_USDT,1789566009846,0.16944,0.16946,0.16945,0.000019999999999992246,0.0001180358829083584
B-ARB_USDT,1789566012294,0.16964,0.16965,0.169645,0.000009999999999982245,0.00005894836123545299
B-ARB_USDT,1789566014770,0.16968,0.16969,0.169685,0.000010000000000010001,0.000058934464875117874
B-ARB_USDT,1789566017228,0.16981,0.16982,0.169815,0.000010000000000010001,0.00005888934691720159
B-ARB_USDT,1789566019636,0.16978,0.16979,0.169785,0.000010000000000010001,0.0000588997526210979
B-ARB_USDT,1789566022068,0.16965,0.16967,0.16965999999999998,0.000019999999999992246,0.00011788977306214115
B-ARB_USDT,1789566024551,0.16954,0.16955,0.169545,0.000010000000000010001,0.00005898313082464316
B-ARB_USDT,1789566026982,0.16965,0.16966,0.169655,0.000010000000000010001,0.00005894488653115238
B-ARB_USDT,1789566029452,0.16971,0.16972,0.169715,0.000010000000000010001,0.00005892404690360027
B-ARB_USDT,1789566031878,0.16971,0.16972,0.169715,0.000010000000000010001,0.00005892404690360027
B-ARB_USDT,1789566034350,0.16987,0.16988,0.169875,0.000010000000000010001,0.00005886854653564491
B-ARB_USDT,1789566036893,0.16987,0.16988,0.169875,0.000010000000000010001,0.00005886854653564491
B-ARB_USDT,1789566039422,0.16998,0.16999,0.169985,0.000010000000000010001,0.00005883045064131075
B-ARB_USDT,1789566041900,0.16972,0.16973,0.16972500000000001,0.000009999999999982245,0.000058920575064708016
B-ARB_USDT,1789566044349,0.16982,0.16983,0.169825,0.000010000000000010001,0.000058885879166234845
B-ARB_USDT,1789566046796,0.17001,0.17002,0.170015,0.000010000000000010001,0.00005882006940774073
B-ARB_USDT,1789566049237,0.16999,0.17,0.169995,0.000010000000000010001,0.00005882698982298959
B-ARB_USDT,1789566051730,0.16993,0.16994,0.169935,0.000010000000000010001,0.00005884776084275879
B-ARB_USDT,1789566054197,0.16989,0.1699,0.16989500000000002,0.000009999999999982245,0.000058861616339880186
B-ARB_USDT,1789566056637,0.16992,0.16993,0.169925,0.000010000000000010001,0.000058851224105520257
B-ARB_USDT,1789566059116,0.17005,0.17006,0.170055,0.000009999999999982245,0.000058806233460642426
B-ARB_USDT,1789566061583,0.16966,0.16967,0.169665,0.000009999999999982245,0.00005894141223613253
B-ARB_USDT,1789566064025,0.1699,0.16991,0.169905,0.000010000000000010001,0.00005885815185409065
B-ARB_USDT,1789566066473,0.17018,0.17019,0.170185,0.000010000000000010001,0.00005876131155253262
B-ARB_USDT,1789566068930,0.17036,0.17037,0.170365,0.000009999999999982245,0.00005869922517012353
B-ARB_USDT,1789566071391,0.17002,0.17003,0.17002499999999998,0.000009999999999982245,0.00005881660981050609
B-ARB_USDT,1789566073848,0.16989,0.1699,0.16989500000000002,0.000009999999999982245,0.000058861616339880186
B-ARB_USDT,1789566076297,0.16985,0.16986,0.169855,0.000010000000000010001,0.00005887547836332058
B-ARB_USDT,1789566078729,0.17011,0.17012,0.17011500000000002,0.000009999999999982245,0.000058785491740534035
B-ARB_USDT,1789566081165,0.17034,0.17035,0.170345,0.000010000000000010001,0.0000587061171774686
B-ARB_USDT,1789566083597,0.1703,0.17031,0.17030499999999998,0.000009999999999982245,0.00005871990604804606
B-ARB_USDT,1789566086038,0.17018,0.17019,0.170185,0.000010000000000010001,0.00005876131155253262
B-ARB_USDT,1789566088461,0.17014,0.17015,0.170145,0.000009999999999982245,0.00005877512636641733
B-ARB_USDT,1789566090892,0.17021,0.17022,0.170215,0.000010000000000010001,0.00005875095470307268
B-ARB_USDT,1789566093361,0.17011,0.17014,0.17012500000000003,0.000030000000000002247,0.00017635647522192842
B-ARB_USDT,1789566095798,0.17048,0.17049,0.170485,0.000010000000000010001,0.00005865790708593384
B-ARB_USDT,1789566098345,0.17059,0.1706,0.170595,0.000010000000000010001,0.00005862008324057683
B-ARB_USDT,1789566100810,0.17051,0.17052,0.170515,0.000010000000000010001,0.000058647586651867936
B-ARB_USDT,1789566103266,0.17054,0.17055,0.170545,0.000010000000000010001,0.000058637269848774485
B-ARB_USDT,1789566105843,0.17055,0.17056,0.170555,0.000009999999999982245,0.000058633831720798854
B-ARB_USDT,1789566108397,0.17057,0.17058,0.170575,0.000010000000000010001,0.00005862695667473765
B-ARB_USDT,1789566110884,0.17047,0.17049,0.17048000000000002,0.000019999999999992246,0.00011732269607551033
B-ARB_USDT,1789566113345,0.17039,0.17041,0.1704,0.000019999999999992246,0.00011737778038612738
B-ARB_USDT,1789566115831,0.17059,0.1706,0.170595,0.000010000000000010001,0.00005862008324057683
B-ARB_USDT,1789566118346,0.17059,0.17061,0.1706,0.000020000000000020002,0.00011724016648115366
B-ARB_USDT,1789566120805,0.1704,0.17041,0.170405,0.000010000000000010001,0.000058685446009448366
B-ARB_USDT,1789566123245,0.17058,0.17059,0.170585,0.000009999999999982245,0.00005862351975602207
B-ARB_USDT,1789566125703,0.17032,0.17033,0.170325,0.000010000000000010001,0.00005871301080325271
B-ARB_USDT,1789566128590,0.17049,0.1705,0.170495,0.000010000000000010001,0.000058654466537685496
B-ARB_USDT,1789566131307,0.1704,0.17041,0.170405,0.000010000000000010001,0.000058685446009448366
B-ARB_USDT,1789566133768,0.17024,0.17025,0.170245,0.000010000000000010001,0.000058740601503818145
B-ARB_USDT,1789566136221,0.16996,0.16997,0.169965,0.000010000000000010001,0.00005883737349970582
B-ARB_USDT,1789566138711,0.1698,0.16981,0.16980499999999998,0.000009999999999982245,0.000058892815076456095
B-ARB_USDT,1789566141174,0.16994,0.16995,0.169945,0.000009999999999982245,0.00005884429798742053
B-ARB_USDT,1789566143703,0.16999,0.17,0.169995,0.000010000000000010001,0.00005882698982298959
B-ARB_USDT,1789566146172,0.16981,0.16982,0.169815,0.000010000000000010001,0.00005888934691720159
B-ARB_USDT,1789566148617,0.16986,0.16987,0.169865,0.000009999999999982245,0.00005887201224527402
B-ARB_USDT,1789566151057,0.16982,0.16983,0.169825,0.000010000000000010001,0.000058885879166234845
B-ARB_USDT,1789566153477,0.16978,0.16979,0.169785,0.000010000000000010001,0.0000588997526210979
B-ARB_USDT,1789566155918,0.16987,0.16988,0.169875,0.000010000000000010001,0.00005886854653564491
B-ARB_USDT,1789566158354,0.16984,0.16985,0.169845,0.000010000000000010001,0.00005887894488936647
B-ARB_USDT,1789566160859,0.16985,0.16986,0.169855,0.000010000000000010001,0.00005887547836332058
B-ARB_USDT,1789566163319,0.16986,0.16987,0.169865,0.000009999999999982245,0.00005887201224527402
B-ARB_USDT,1789566165836,0.16991,0.16992,0.16991499999999998,0.000009999999999982245,0.00005885468777577685
B-ARB_USDT,1789566168273,0.16986,0.1699,0.16988,0.00003999999999998449,0.00023548804898142287
B-ARB_USDT,1789566170749,0.16986,0.16987,0.169865,0.000009999999999982245,0.00005887201224527402
B-ARB_USDT,1789566173181,0.16988,0.16989,0.169885,0.000010000000000010001,0.000058865081233870975
B-ARB_USDT,1789566175611,0.16987,0.16988,0.169875,0.000010000000000010001,0.00005886854653564491
B-ARB_USDT,1789566178057,0.1698,0.16981,0.16980499999999998,0.000009999999999982245,0.000058892815076456095
B-ARB_USDT,1789566180492,0.16978,0.16979,0.169785,0.000010000000000010001,0.0000588997526210979
B-ARB_USDT,1789566182963,0.16991,0.16992,0.16991499999999998,0.000009999999999982245,0.00005885468777577685
B-ARB_USDT,1789566185416,0.17013,0.17014,0.170135,0.000010000000000010001,0.00005877858108511139
B-ARB_USDT,1789566187858,0.16978,0.16979,0.169785,0.000010000000000010001,0.0000588997526210979
B-ARB_USDT,1789566190315,0.16977,0.16978,0.169775,0.000009999999999982245,0.00005890322200613916
B-ARB_USDT,1789566192813,0.16967,0.16968,0.169675,0.000010000000000010001,0.000058937938350975435
B-ARB_USDT,1789566195285,0.16956,0.16957,0.169565,0.000010000000000010001,0.00005897617362591414
B-ARB_USDT,1789566197758,0.16964,0.16966,0.16965000000000002,0.000019999999999992246,0.00011789672247106958
B-ARB_USDT,1789566200212,0.1697,0.16972,0.16971,0.000020000000000020002,0.00011785503830300531
B-ARB_USDT,1789566202804,0.16954,0.16956,0.16954999999999998,0.000019999999999992246,0.0001179662616491226
B-ARB_USDT,1789566205294,0.16959,0.1696,0.169595,0.000010000000000010001,0.00005896574090459344
B-ARB_USDT,1789566207754,0.16956,0.16957,0.169565,0.000010000000000010001,0.00005897617362591414
B-ARB_USDT,1789566210246,0.16964,0.16965,0.169645,0.000009999999999982245,0.00005894836123545299
B-ARB_USDT,1789566212756,0.16959,0.1696,0.169595,0.000010000000000010001,0.00005896574090459344
B-ARB_USDT,1789566215195,0.16959,0.16962,0.169605,0.000030000000000002247,0.00017689722271361664
B-ARB_USDT,1789566217626,0.16954,0.16955,0.169545,0.000010000000000010001,0.00005898313082464316
B-ARB_USDT,1789566220297,0.1695,0.16952,0.16951,0.000019999999999992246,0.0001179941002949395
B-ARB_USDT,1789566222759,0.16956,0.16959,0.16957499999999998,0.000030000000000002247,0.00017692852087757872
B-ARB_USDT,1789566225211,0.16946,0.16948,0.16947,0.000019999999999992246,0.0001180219520830417
B-ARB_USDT,1789566227721,0.16945,0.16946,0.169455,0.000010000000000010001,0.0000590144585424019
B-ARB_USDT,1789566230254,0.16953,0.16954,0.169535,0.000010000000000010001,0.00005898661003958002
B-ARB_USDT,1789566232761,0.16939,0.1694,0.16939500000000002,0.000009999999999982245,0.00005903536218184217
B-ARB_USDT,1789566235203,0.16934,0.16935,0.169345,0.000010000000000010001,0.00005905279319717728
B-ARB_USDT,1789566237662,0.16953,0.16955,0.16954,0.000020000000000020002,0.00011797322007916005
B-ARB_USDT,1789566240184,0.16962,0.16963,0.169625,0.000010000000000010001,0.000058955311873658775
B-ARB_USDT,1789566242650,0.16979,0.1698,0.169795,0.000010000000000010001,0.00005889628364456094
B-ARB_USDT,1789566245087,0.1697,0.16971,0.169705,0.000010000000000010001,0.00005892751915150266
B-ARB_USDT,1789566247568,0.16937,0.16938,0.169375,0.000010000000000010001,0.00005904233335307316
B-ARB_USDT,1789566250117,0.16947,0.16948,0.169475,0.000009999999999982245,0.0000590074939516271
B-ARB_USDT,1789566252786,0.16938,0.16939,0.169385,0.000010000000000010001,0.00005903884756175464
B-ARB_USDT,1789566255215,0.16933,0.16934,0.169335,0.000009999999999982245,0.00005905628063534072
B-ARB_USDT,1789566257648,0.16938,0.16939,0.169385,0.000010000000000010001,0.00005903884756175464
B-ARB_USDT,1789566260122,0.16927,0.16928,0.169275,0.000010000000000010001,0.00005907721391865068
B-ARB_USDT,1789566262602,0.16935,0.16936,0.169355,0.000010000000000010001,0.00005904930617071155
B-ARB_USDT,1789566265069,0.16935,0.16936,0.169355,0.000010000000000010001,0.00005904930617071155
B-ARB_USDT,1789566267519,0.16949,0.1695,0.169495,0.000010000000000010001,0.000059000531004838046
B-ARB_USDT,1789566270168,0.16946,0.16947,0.169465,0.000010000000000010001,0.000059010976041602744
B-ARB_USDT,1789566272687,0.16953,0.16954,0.169535,0.000010000000000010001,0.00005898661003958002
B-ARB_USDT,1789566275325,0.16967,0.16968,0.169675,0.000010000000000010001,0.000058937938350975435
B-ARB_USDT,1789566277786,0.16962,0.16963,0.169625,0.000010000000000010001,0.000058955311873658775
B-ARB_USDT,1789566280216,0.16943,0.16944,0.169435,0.000010000000000010001,0.00005902142477725315
B-ARB_USDT,1789566282730,0.16939,0.1694,0.16939500000000002,0.000009999999999982245,0.00005903536218184217
B-ARB_USDT,1789566285179,0.16947,0.16948,0.169475,0.000009999999999982245,0.0000590074939516271
B-ARB_USDT,1789566287621,0.16942,0.16943,0.169425,0.000010000000000010001,0.00005902490851145084
B-ARB_USDT,1789566290091,0.16934,0.16935,0.169345,0.000010000000000010001,0.00005905279319717728
B-ARB_USDT,1789566292600,0.1693,0.16933,0.169315,0.000030000000000002247,0.00017720023626699495
B-ARB_USDT,1789566295052,0.16926,0.16927,0.169265,0.000010000000000010001,0.000059080704242053654
B-ARB_USDT,1789566297485,0.16933,0.16934,0.169335,0.000009999999999982245,0.00005905628063534072
B-ARB_USDT,1789566299894,0.16935,0.16936,0.169355,0.000010000000000010001,0.00005904930617071155
B-ARB_USDT,1789566302343,0.1695,0.16952,0.16951,0.000019999999999992246,0.0001179941002949395
B-ARB_USDT,1789566304781,0.16961,0.16962,0.16961500000000002,0.000009999999999982245,0.000058958787807218
B-ARB_USDT,1789566307226,0.16929,0.1693,0.169295,0.000010000000000010001,0.00005907023450889008
B-ARB_USDT,1789566309650,0.16904,0.16905,0.169045,0.000010000000000010001,0.000059157595835364415
B-ARB_USDT,1789566312097,0.16875,0.16876,0.168755,0.000009999999999982245,0.000059259259259154045
B-ARB_USDT,1789566314537,0.16875,0.16878,0.168765,0.000030000000000002247,0.0001777777777777911
B-ARB_USDT,1789566317013,0.16912,0.16916,0.16914,0.00004000000000001225,0.00023651844843905066
B-ARB_USDT,1789566319474,0.16909,0.1691,0.169095,0.000010000000000010001,0.0000591401029038382
B-ARB_USDT,1789566321888,0.16904,0.16905,0.169045,0.000010000000000010001,0.000059157595835364415
B-ARB_USDT,1789566324337,0.16899,0.169,0.168995,0.000010000000000010001,0.0000591750991183502
B-ARB_USDT,1789566326763,0.16904,0.16905,0.169045,0.000010000000000010001,0.000059157595835364415
B-ARB_USDT,1789566329197,0.16911,0.16912,0.16911500000000002,0.000009999999999982245,0.00005913310862741556
B-ARB_USDT,1789566331674,0.16933,0.16936,0.16934500000000002,0.000030000000000002247,0.00017716884190635
B-ARB_USDT,1789566334131,0.1694,0.16942,0.16941,0.000019999999999992246,0.00011806375442734503
B-ARB_USDT,1789566336700,0.16957,0.16958,0.169575,0.000010000000000010001,0.00005897269564197677
B-ARB_USDT,1789566339155,0.16967,0.16968,0.169675,0.000010000000000010001,0.000058937938350975435
B-ARB_USDT,1789566341637,0.16966,0.16967,0.169665,0.000009999999999982245,0.00005894141223613253
B-ARB_USDT,1789566344151,0.16977,0.16979,0.16978,0.000019999999999992246,0.00011780644401244181
B-ARB_USDT,1789566346610,0.16985,0.16986,0.169855,0.000010000000000010001,0.00005887547836332058
B-ARB_USDT,1789566349064,0.16984,0.16985,0.169845,0.000010000000000010001,0.00005887894488936647
B-ARB_USDT,1789566351477,0.16984,0.16986,0.16985,0.000020000000000020002,0.00011775788977873294
B-ARB_USDT,1789566354347,0.17,0.17002,0.17001,0.000019999999999992246,0.0001176470588234838
B-ARB_USDT,1789566356758,0.16998,0.16999,0.169985,0.000010000000000010001,0.00005883045064131075
B-ARB_USDT,1789566359170,0.17007,0.17008,0.170075,0.000010000000000010001,0.00005879931792797084
B-ARB_USDT,1789566361598,0.1702,0.17021,0.170205,0.000010000000000010001,0.0000587544065805523
B-ARB_USDT,1789566364083,0.17021,0.17023,0.17021999999999998,0.000019999999999992246,0.0001175019094059823
B-ARB_USDT,1789566366527,0.17021,0.17022,0.170215,0.000010000000000010001,0.00005875095470307268
B-ARB_USDT,1789566369138,0.17016,0.17018,0.17017,0.000019999999999992246,0.00011753643629520596
B-ARB_USDT,1789566371588,0.17012,0.17014,0.17013,0.000020000000000020002,0.00011756407241958618
B-ARB_USDT,1789566374068,0.16994,0.16995,0.169945,0.000009999999999982245,0.00005884429798742053
B-ARB_USDT,1789566376506,0.16999,0.17,0.169995,0.000010000000000010001,0.00005882698982298959
B-ARB_USDT,1789566379006,0.16998,0.16999,0.169985,0.000010000000000010001,0.00005883045064131075
B-ARB_USDT,1789566381536,0.16991,0.16992,0.16991499999999998,0.000009999999999982245,0.00005885468777577685
B-ARB_USDT,1789566384015,0.16972,0.16973,0.16972500000000001,0.000009999999999982245,0.000058920575064708016
B-ARB_USDT,1789566386513,0.1698,0.16981,0.16980499999999998,0.000009999999999982245,0.000058892815076456095
B-ARB_USDT,1789566388972,0.16989,0.16991,0.1699,0.000019999999999992246,0.00011772323267992375
B-ARB_USDT,1789566391427,0.16993,0.16994,0.169935,0.000010000000000010001,0.00005884776084275879
B-ARB_USDT,1789566393903,0.16984,0.16985,0.169845,0.000010000000000010001,0.00005887894488936647
B-ARB_USDT,1789566396348,0.16983,0.16984,0.169835,0.000009999999999982245,0.000058882411823483745
B-ARB_USDT,1789566398839,0.16989,0.16991,0.1699,0.000019999999999992246,0.00011772323267992375
B-ARB_USDT,1789566401312,0.16979,0.1698,0.169795,0.000010000000000010001,0.00005889628364456094
B-ARB_USDT,1789566403749,0.16982,0.16983,0.169825,0.000010000000000010001,0.000058885879166234845
B-ARB_USDT,1789566406665,0.16983,0.16984,0.169835,0.000009999999999982245,0.000058882411823483745
B-ARB_USDT,1789566409082,0.16981,0.16982,0.169815,0.000010000000000010001,0.00005888934691720159
B-ARB_USDT,1789566411485,0.1697,0.16971,0.169705,0.000010000000000010001,0.00005892751915150266
B-ARB_USDT,1789566413937,0.16909,0.1691,0.169095,0.000010000000000010001,0.0000591401029038382
B-ARB_USDT,1789566416396,0.169,0.16901,0.16900500000000002,0.000009999999999982245,0.000059171597633031035
B-ARB_USDT,1789566418904,0.16888,0.16889,0.168885,0.000010000000000010001,0.00005921364282336571
B-ARB_USDT,1789566421389,0.16907,0.16908,0.169075,0.000010000000000010001,0.000059147098834861303
B-ARB_USDT,1789566423864,0.16879,0.16882,0.16880499999999998,0.000030000000000002247,0.0001777356478464497
B-ARB_USDT,1789566426296,0.16882,0.16885,0.168835,0.000030000000000002247,0.00017770406349959866
B-ARB_USDT,1789566428778,0.16881,0.16882,0.168815,0.000010000000000010001,0.00005923819678934898
B-ARB_USDT,1789566431265,0.16879,0.16881,0.1688,0.000019999999999992246,0.00011849043189757833
B-ARB_USDT,1789566433727,0.16889,0.16891,0.1689,0.000019999999999992246,0.00011842027355078598
B-ARB_USDT,1789566436192,0.16888,0.16889,0.168885,0.000010000000000010001,0.00005921364282336571
B-ARB_USDT,1789566438626,0.16882,0.16883,0.168825,0.000010000000000010001,0.00005923468783325436
B-ARB_USDT,1789566441078,0.16882,0.16883,0.168825,0.000010000000000010001,0.00005923468783325436
B-ARB_USDT,1789566443488,0.16878,0.16879,0.16878500000000002,0.000009999999999982245,0.00005924872615228252
B-ARB_USDT,1789566445997,0.16875,0.16876,0.168755,0.000009999999999982245,0.000059259259259154045
B-ARB_USDT,1789566448526,0.16875,0.16876,0.168755,0.000009999999999982245,0.000059259259259154045
B-ARB_USDT,1789566451100,0.16866,0.16867,0.168665,0.000009999999999982245,0.00005929088106238732
B-ARB_USDT,1789566453536,0.16847,0.1685,0.168485,0.000030000000000002247,0.00017807324746246954
B-ARB_USDT,1789566456068,0.16837,0.1684,0.168385,0.000030000000000002247,0.00017817901051257498
B-ARB_USDT,1789566458531,0.16839,0.1684,0.16839500000000002,0.000009999999999982245,0.00005938594928429387
B-ARB_USDT,1789566460987,0.16857,0.16858,0.168575,0.000010000000000010001,0.0000593225366317257
B-ARB_USDT,1789566463412,0.16887,0.16889,0.16888,0.000020000000000020002,0.00011843429857298515
B-ARB_USDT,1789566465864,0.16889,0.1689,0.16889500000000002,0.000009999999999982245,0.00005921013677531082
B-ARB_USDT,1789566468297,0.16849,0.1685,0.168495,0.000010000000000010001,0.00005935070330589353
B-ARB_USDT,1789566470719,0.16872,0.16873,0.168725,0.000009999999999982245,0.00005926979611179614
B-ARB_USDT,1789566473298,0.16879,0.1688,0.168795,0.000010000000000010001,0.00005924521594887139
B-ARB_USDT,1789566475718,0.16883,0.16884,0.168835,0.000009999999999982245,0.000059231179292674555
B-ARB_USDT,1789566478340,0.16886,0.16887,0.168865,0.000009999999999982245,0.00005922065616476516
B-ARB_USDT,1789566480757,0.16923,0.16924,0.169235,0.000010000000000010001,0.0000590911776872304
B-ARB_USDT,1789566483183,0.16922,0.16929,0.169255,0.00006999999999998674,0.0004136626876254978
B-ARB_USDT,1789566485662,0.1694,0.16941,0.169405,0.000010000000000010001,0.00005903187721375443
B-ARB_USDT,1789566488142,0.1696,0.16961,0.169605,0.000010000000000010001,0.000058962264151002364
B-ARB_USDT,1789566490690,0.16968,0.16969,0.169685,0.000010000000000010001,0.000058934464875117874
B-ARB_USDT,1789566493149,0.16985,0.16986,0.169855,0.000010000000000010001,0.00005887547836332058
B-ARB_USDT,1789566495637,0.16967,0.1697,0.16968499999999997,0.000030000000000002247,0.00017681381505276272
B-ARB_USDT,1789566498102,0.16986,0.16987,0.169865,0.000009999999999982245,0.00005887201224527402
B-ARB_USDT,1789566500725,0.16991,0.16992,0.16991499999999998,0.000009999999999982245,0.00005885468777577685
B-ARB_USDT,1789566503183,0.1698,0.16981,0.16980499999999998,0.000009999999999982245,0.000058892815076456095
B-ARB_USDT,1789566505648,0.16969,0.1697,0.16969499999999998,0.000009999999999982245,0.000058930991808487504
B-ARB_USDT,1789566508098,0.16968,0.16969,0.169685,0.000010000000000010001,0.000058934464875117874
B-ARB_USDT,1789566510515,0.16978,0.16979,0.169785,0.000010000000000010001,0.0000588997526210979
B-ARB_USDT,1789566513072,0.16968,0.16969,0.169685,0.000010000000000010001,0.000058934464875117874
B-ARB_USDT,1789566516071,0.16966,0.16967,0.169665,0.000009999999999982245,0.00005894141223613253
B-ARB_USDT,1789566518567,0.16967,0.1697,0.16968499999999997,0.000030000000000002247,0.00017681381505276272
B-ARB_USDT,1789566521058,0.16972,0.16973,0.16972500000000001,0.000009999999999982245,0.000058920575064708016
B-ARB_USDT,1789566523555,0.16974,0.16976,0.16975,0.000019999999999992246,0.00011782726522912836
B-ARB_USDT,1789566526029,0.16955,0.16956,0.169555,0.000009999999999982245,0.00005897965201994836
B-ARB_USDT,1789566528460,0.16959,0.1696,0.169595,0.000010000000000010001,0.00005896574090459344
B-ARB_USDT,1789566530879,0.1695,0.16952,0.16951,0.000019999999999992246,0.0001179941002949395
B-ARB_USDT,1789566533362,0.16952,0.16953,0.16952499999999998,0.000009999999999982245,0.00005899008966483155
B-ARB_USDT,1789566535936,0.1696,0.16961,0.169605,0.000010000000000010001,0.000058962264151002364
B-ARB_USDT,1789566538443,0.16964,0.16966,0.16965000000000002,0.000019999999999992246,0.00011789672247106958
B-ARB_USDT,1789566540984,0.16932,0.16933,0.169325,0.000010000000000010001,0.000059059768485766604
B-ARB_USDT,1789566543477,0.16939,0.1694,0.16939500000000002,0.000009999999999982245,0.00005903536218184217
B-ARB_USDT,1789566545954,0.16924,0.16927,0.169255,0.000030000000000002247,0.00017726305837864717
B-ARB_USDT,1789566548429,0.16923,0.16926,0.16924499999999998,0.000030000000000002247,0.0001772735330615272
B-ARB_USDT,1789566550969,0.16927,0.16928,0.169275,0.000010000000000010001,0.00005907721391865068
B-ARB_USDT,1789566553420,0.1691,0.16911,0.169105,0.000010000000000010001,0.000059136605558900066
B-ARB_USDT,1789566555833,0.16896,0.16897,0.168965,0.000010000000000010001,0.00005918560606066525
B-ARB_USDT,1789566558259,0.16897,0.16898,0.168975,0.000009999999999982245,0.00005918210333184734
B-ARB_USDT,1789566560683,0.16887,0.1689,0.168885,0.000030000000000002247,0.00017765144785931338
B-ARB_USDT,1789566563194,0.16876,0.16877,0.168765,0.000010000000000010001,0.000059255747807596595
B-ARB_USDT,1789566565680,0.16858,0.16859,0.16858499999999998,0.000009999999999982245,0.000059319017676961944
B-ARB_USDT,1789566568230,0.16874,0.16875,0.168745,0.000010000000000010001,0.000059262771127237175
B-ARB_USDT,1789566570739,0.16883,0.16884,0.168835,0.000009999999999982245,0.000059231179292674555
B-ARB_USDT,1789566573275,0.16886,0.16887,0.168865,0.000009999999999982245,0.00005922065616476516
B-ARB_USDT,1789566575779,0.16885,0.16886,0.168855,0.000010000000000010001,0.000059224163458750374
B-ARB_USDT,1789566578358,0.16892,0.16893,0.168925,0.000010000000000010001,0.000059199621122484026
B-ARB_USDT,1789566580836,0.16908,0.16909,0.16908499999999999,0.000009999999999982245,0.000059143600662303316
B-ARB_USDT,1789566583271,0.16918,0.16919,0.169185,0.000010000000000010001,0.00005910864168347323
B-ARB_USDT,1789566585722,0.16912,0.16913,0.169125,0.000010000000000010001,0.000059129612109803696
B-ARB_USDT,1789566588177,0.16922,0.16923,0.16922500000000001,0.000009999999999982245,0.00005909466966069167
B-ARB_USDT,1789566590890,0.16936,0.16938,0.16937000000000002,0.000019999999999992246,0.00011809163911190509
B-ARB_USDT,1789566593317,0.16929,0.16931,0.1693,0.000019999999999992246,0.0001181404690176162
B-ARB_USDT,1789566596138,0.16926,0.16927,0.169265,0.000010000000000010001,0.000059080704242053654
B-ARB_USDT,1789566598583,0.16923,0.16924,0.169235,0.000010000000000010001,0.0000590911776872304
B-ARB_USDT,1789566601075,0.16928,0.16929,0.16928500000000002,0.000009999999999982245,0.00005907372400745655
B-ARB_USDT,1789566603521,0.16968,0.16969,0.169685,0.000010000000000010001,0.000058934464875117874
B-ARB_USDT,1789566605985,0.16978,0.16979,0.169785,0.000010000000000010001,0.0000588997526210979
B-ARB_USDT,1789566608443,0.1698,0.16981,0.16980499999999998,0.000009999999999982245,0.000058892815076456095
B-ARB_USDT,1789566610911,0.16983,0.16985,0.16984,0.000019999999999992246,0.00011776482364713092
B-ARB_USDT,1789566613442,0.16992,0.16993,0.169925,0.000010000000000010001,0.000058851224105520257
B-ARB_USDT,1789566615899,0.16984,0.16985,0.169845,0.000010000000000010001,0.00005887894488936647
B-ARB_USDT,1789566618392,0.17007,0.17008,0.170075,0.000010000000000010001,0.00005879931792797084
B-ARB_USDT,1789566620896,0.17018,0.17021,0.17019499999999999,0.000030000000000002247,0.00017628393465743476
B-ARB_USDT,1789566623411,0.17015,0.17016,0.170155,0.000010000000000010001,0.000058771672054128714
B-ARB_USDT,1789566625864,0.17018,0.1702,0.17019,0.000019999999999992246,0.00011752262310490214
B-ARB_USDT,1789566628333,0.17015,0.17016,0.170155,0.000010000000000010001,0.000058771672054128714
B-ARB_USDT,1789566630782,0.17009,0.1701,0.170095,0.000010000000000010001,0.000058792404021459235
B-ARB_USDT,1789566633244,0.17012,0.17013,0.170125,0.000010000000000010001,0.00005878203620979309
B-ARB_USDT,1789566635741,0.17015,0.17016,0.170155,0.000010000000000010001,0.000058771672054128714
B-ARB_USDT,1789566638198,0.17013,0.17014,0.170135,0.000010000000000010001,0.00005877858108511139
B-ARB_USDT,1789566640697,0.16985,0.16986,0.169855,0.000010000000000010001,0.00005887547836332058
B-ARB_USDT,1789566643187,0.16981,0.16982,0.169815,0.000010000000000010001,0.00005888934691720159
B-ARB_USDT,1789566645802,0.16977,0.16978,0.169775,0.000009999999999982245,0.00005890322200613916
B-ARB_USDT,1789566648222,0.1697,0.16971,0.169705,0.000010000000000010001,0.00005892751915150266
B-ARB_USDT,1789566650696,0.16969,0.1697,0.16969499999999998,0.000009999999999982245,0.000058930991808487504
B-ARB_USDT,1789566653101,0.1695,0.16951,0.16950500000000002,0.000009999999999982245,0.000058997050147387874
B-ARB_USDT,1789566655511,0.16949,0.16951,0.16949999999999998,0.000019999999999992246,0.00011800106200951234
B-ARB_USDT,1789566657961,0.16936,0.16937,0.169365,0.000009999999999982245,0.0000590458195558706
B-ARB_USDT,1789566660381,0.16938,0.16939,0.169385,0.000010000000000010001,0.00005903884756175464
B-ARB_USDT,1789566662872,0.16926,0.16927,0.169265,0.000010000000000010001,0.000059080704242053654
B-ARB_USDT,1789566665291,0.16921,0.16922,0.169215,0.000010000000000010001,0.000059098162047219436
B-ARB_USDT,1789566667723,0.16925,0.16926,0.169255,0.000009999999999982245,0.00005908419497773852
B-ARB_USDT,1789566670156,0.16926,0.16927,0.169265,0.000010000000000010001,0.000059080704242053654
B-ARB_USDT,1789566672575,0.1691,0.16911,0.169105,0.000010000000000010001,0.000059136605558900066
